{
"type": "FeatureCollection",
"name": "tribal_areas",
"crs": { "type": "name", "properties": { "name": "urn:ogc:def:crs:EPSG::4269" } },
"features": [
{ "type": "Feature", "properties": { "AIANNHCE": "1505", "NAMELSAD": "Hopi Reservation and Off-Reservation Trust Land", "NAME": "Hopi", "AREA_TYPE": "Reservation", "STATE_NAMES": "Arizona", "DECLARATIONS": 1, "OWN_REQUEST": 0, "UNDER_STATE": 1, "FIRST_YEAR": 2011.0, "LATEST_YEAR": 2011.0, "INCIDENT_LIST": "Severe Storm", "POPULATION": 7486, "LAND_SQ_MI": 2532.2, "N_COUNTIES": 3, "COUNTY_NAMES": "Navajo County; Coconino County; Apache County", "COUNTY_DISASTER_MAX": 1 }, "geometry": { "type": "MultiPolygon", "coordinates": [ [ [ [ -110.754335, 35.038341 ], [ -110.74653, 35.038578 ], [ -110.746518, 35.035298 ], [ -110.741654, 35.035215 ], [ -110.741653, 35.031481 ], [ -110.752689, 35.031745 ], [ -110.754335, 35.038341 ] ] ], [ [ [ -111.007042, 36.00689 ], [ -111.000545, 36.035493 ], [ -110.999945, 36.279722 ], [ -110.953036, 36.281594 ], [ -110.940851, 36.301977 ], [ -110.933874, 36.30015 ], [ -110.923196, 36.302978 ], [ -110.91861, 36.298133 ], [ -110.918033, 36.280072 ], [ -110.875688, 36.277823 ], [ -110.874306, 36.310023 ], [ -110.855295, 36.326262 ], [ -110.853982, 36.332429 ], [ -110.861354, 36.333514 ], [ -110.83627, 36.35341 ], [ -110.831315, 36.363129 ], [ -110.832464, 36.36604 ], [ -110.840953, 36.362515 ], [ -110.843683, 36.365815 ], [ -110.847309, 36.358093 ], [ -110.852886, 36.364811 ], [ -110.833512, 36.384613 ], [ -110.752725, 36.410324 ], [ -110.746631, 36.398428 ], [ -110.742681, 36.398439 ], [ -110.742665, 36.39344 ], [ -110.721975, 36.393485 ], [ -110.721744, 36.375738 ], [ -110.577295, 36.374996 ], [ -110.552932, 36.396507 ], [ -110.520536, 36.403274 ], [ -110.502907, 36.388131 ], [ -110.456599, 36.414008 ], [ -110.416509, 36.400009 ], [ -110.388724, 36.405244 ], [ -110.364878, 36.424273 ], [ -110.313072, 36.430566 ], [ -110.307981, 36.420482 ], [ -110.324334, 36.390423 ], [ -110.323428, 36.383189 ], [ -110.332167, 36.374955 ], [ -110.360511, 36.36058 ], [ -110.358366, 36.358827 ], [ -110.372221, 36.349305 ], [ -110.381304, 36.302222 ], [ -110.383699, 36.299087 ], [ -110.389386, 36.301306 ], [ -110.399782, 36.298468 ], [ -110.417126, 36.281592 ], [ -110.428625, 36.249997 ], [ -110.433903, 36.221358 ], [ -110.431549, 36.204799 ], [ -110.444333, 36.163867 ], [ -110.469861, 36.134246 ], [ -110.498658, 36.156892 ], [ -110.518846, 36.156492 ], [ -110.569244, 36.142595 ], [ -110.616623, 36.099581 ], [ -110.61674, 36.041476 ], [ -110.54536, 36.041476 ], [ -110.545412, 36.013867 ], [ -110.536717, 36.021745 ], [ -110.529162, 36.015753 ], [ -110.500618, 36.015749 ], [ -110.500691, 36.070512 ], [ -110.470325, 36.070243 ], [ -110.464827, 36.079343 ], [ -110.464984, 36.099368 ], [ -110.42503, 36.099153 ], [ -110.425467, 36.069936 ], [ -110.403045, 36.070548 ], [ -110.402844, 36.043076 ], [ -110.293479, 36.043307 ], [ -110.286266, 36.034882 ], [ -110.290032, 36.02658 ], [ -110.298643, 36.01428 ], [ -110.304077, 36.014437 ], [ -110.310364, 36.005192 ], [ -110.319615, 36.000417 ], [ -110.250767, 35.99962 ], [ -110.160577, 35.96521 ], [ -110.145884, 35.974884 ], [ -110.140504, 35.991402 ], [ -110.124147, 35.99373 ], [ -110.124635, 35.927124 ], [ -110.119884, 35.923948 ], [ -110.11909, 35.911784 ], [ -110.110096, 35.911519 ], [ -110.104085, 35.914905 ], [ -110.100372, 35.909234 ], [ -110.08822, 35.915324 ], [ -110.075657, 35.913288 ], [ -110.076072, 35.918299 ], [ -110.085849, 35.927594 ], [ -110.076442, 35.930111 ], [ -110.062114, 35.930872 ], [ -110.05877, 35.921448 ], [ -110.053303, 35.924253 ], [ -110.046562, 35.91109 ], [ -110.04292, 35.91502 ], [ -110.042133, 35.92362 ], [ -110.034622, 35.923737 ], [ -110.029961, 35.927433 ], [ -110.02041, 35.925153 ], [ -110.026349, 35.91493 ], [ -110.025168, 35.908816 ], [ -110.041229, 35.889659 ], [ -110.041386, 35.880799 ], [ -110.054425, 35.866221 ], [ -110.054834, 35.843773 ], [ -110.000673, 35.844269 ], [ -110.000683, 35.648362 ], [ -110.146418, 35.64903 ], [ -110.147024, 35.605395 ], [ -110.124105, 35.605375 ], [ -110.124895, 35.577712 ], [ -110.182474, 35.57913 ], [ -110.182985, 35.590643 ], [ -110.277906, 35.590313 ], [ -110.277728, 35.539555 ], [ -110.250683, 35.533271 ], [ -110.250546, 35.518653 ], [ -110.723068, 35.519881 ], [ -110.723063, 35.500008 ], [ -110.886219, 35.50009 ], [ -110.853124, 35.529753 ], [ -110.838731, 35.548387 ], [ -110.803499, 35.548504 ], [ -110.803557, 35.578406 ], [ -110.839173, 35.578174 ], [ -110.839106, 35.562878 ], [ -110.856084, 35.562852 ], [ -110.855996, 35.548582 ], [ -111.000709, 35.54888 ], [ -110.999353, 35.90377 ], [ -111.001037, 35.99084 ], [ -111.007042, 36.00689 ] ], [ [ -110.235693, 35.708218 ], [ -110.230829, 35.697283 ], [ -110.220531, 35.70063 ], [ -110.220761, 35.696133 ], [ -110.214199, 35.694584 ], [ -110.213907, 35.692029 ], [ -110.199466, 35.692426 ], [ -110.145762, 35.708655 ], [ -110.127829, 35.695995 ], [ -110.081687, 35.700282 ], [ -110.092409, 35.735203 ], [ -110.084352, 35.750043 ], [ -110.08342, 35.792776 ], [ -110.090414, 35.791452 ], [ -110.102959, 35.782589 ], [ -110.109664, 35.78866 ], [ -110.100284, 35.79977 ], [ -110.10088, 35.809326 ], [ -110.146202, 35.809635 ], [ -110.236209, 35.719731 ], [ -110.235693, 35.708218 ] ] ], [ [ [ -111.295235, 36.052661 ], [ -111.28943, 36.063249 ], [ -111.294191, 36.07711 ], [ -111.287023, 36.08368 ], [ -111.28818, 36.086503 ], [ -111.27835, 36.090593 ], [ -111.277869, 36.096966 ], [ -111.270385, 36.101605 ], [ -111.254212, 36.099783 ], [ -111.248481, 36.104936 ], [ -111.245345, 36.105093 ], [ -111.246584, 36.09999 ], [ -111.23419, 36.103494 ], [ -111.231621, 36.11244 ], [ -111.233806, 36.112486 ], [ -111.229252, 36.119349 ], [ -111.211703, 36.122908 ], [ -111.217134, 36.137311 ], [ -111.205258, 36.162805 ], [ -111.205793, 36.151215 ], [ -111.214559, 36.136208 ], [ -111.209196, 36.123268 ], [ -111.157673, 36.123096 ], [ -111.157615, 36.108697 ], [ -111.155144, 36.111664 ], [ -111.126308, 36.115875 ], [ -111.122164, 36.118609 ], [ -111.121243, 36.126575 ], [ -111.11678, 36.130986 ], [ -111.097798, 36.135769 ], [ -111.09407, 36.140587 ], [ -111.082727, 36.144548 ], [ -111.082548, 36.057074 ], [ -111.115141, 36.025741 ], [ -111.115441, 36.019552 ], [ -111.139018, 36.023274 ], [ -111.139017, 35.965544 ], [ -111.246922, 35.96488 ], [ -111.248039, 35.971197 ], [ -111.24088, 35.974157 ], [ -111.248468, 35.980269 ], [ -111.252221, 35.97779 ], [ -111.252745, 35.982186 ], [ -111.248328, 35.985511 ], [ -111.252681, 35.996073 ], [ -111.245003, 36.004869 ], [ -111.251081, 36.003106 ], [ -111.249814, 36.009063 ], [ -111.256336, 36.011123 ], [ -111.264488, 36.008254 ], [ -111.260908, 36.012642 ], [ -111.264519, 36.017392 ], [ -111.262654, 36.020165 ], [ -111.255099, 36.020771 ], [ -111.259321, 36.02676 ], [ -111.255591, 36.030703 ], [ -111.257164, 36.033366 ], [ -111.268823, 36.026558 ], [ -111.268399, 36.031249 ], [ -111.273105, 36.032737 ], [ -111.27382, 36.037004 ], [ -111.278236, 36.037234 ], [ -111.275703, 36.040285 ], [ -111.27868, 36.050063 ], [ -111.281654, 36.049513 ], [ -111.285582, 36.054492 ], [ -111.293296, 36.050548 ], [ -111.295235, 36.052661 ] ] ] ] } },
{ "type": "Feature", "properties": { "AIANNHCE": "2810", "NAMELSAD": "Pine Ridge Reservation", "NAME": "Pine Ridge", "AREA_TYPE": "Reservation", "STATE_NAMES": "Nebraska; South Dakota", "DECLARATIONS": 8, "OWN_REQUEST": 3, "UNDER_STATE": 5, "FIRST_YEAR": 2013.0, "LATEST_YEAR": 2023.0, "INCIDENT_LIST": "Flood; Severe Storm; Winter Storm", "POPULATION": 18744, "LAND_SQ_MI": 4342.7, "N_COUNTIES": 11, "COUNTY_NAMES": "Oglala Lakota County; Bennett County; Jackson County and others", "COUNTY_DISASTER_MAX": 9 }, "geometry": { "type": "Polygon", "coordinates": [ [ [ -103.001017, 43.605816 ], [ -102.989508, 43.611785 ], [ -102.98147, 43.611288 ], [ -102.976785, 43.618525 ], [ -102.958788, 43.61355 ], [ -102.932566, 43.618706 ], [ -102.926864, 43.626139 ], [ -102.932725, 43.630919 ], [ -102.920727, 43.643442 ], [ -102.924192, 43.650681 ], [ -102.91809, 43.656603 ], [ -102.919549, 43.661217 ], [ -102.908645, 43.666235 ], [ -102.910913, 43.673849 ], [ -102.9025, 43.674888 ], [ -102.871727, 43.666985 ], [ -102.863415, 43.668865 ], [ -102.8605, 43.658803 ], [ -102.852466, 43.658337 ], [ -102.846772, 43.665352 ], [ -102.827856, 43.657439 ], [ -102.823997, 43.664119 ], [ -102.813752, 43.667592 ], [ -102.816099, 43.673521 ], [ -102.80928, 43.682561 ], [ -102.809398, 43.68756 ], [ -102.178723, 43.687296 ], [ -102.166499, 43.691776 ], [ -102.168386, 43.69687 ], [ -102.156101, 43.697703 ], [ -102.15705, 43.703062 ], [ -102.153253, 43.706182 ], [ -102.140199, 43.700637 ], [ -102.129428, 43.705239 ], [ -102.122475, 43.704406 ], [ -102.116297, 43.712826 ], [ -102.107435, 43.701853 ], [ -102.112294, 43.69232 ], [ -102.109564, 43.686932 ], [ -102.09889, 43.685181 ], [ -102.095203, 43.688275 ], [ -102.095811, 43.695313 ], [ -102.055572, 43.688795 ], [ -102.043649, 43.695676 ], [ -102.036403, 43.68827 ], [ -102.033477, 43.689342 ], [ -102.037122, 43.698785 ], [ -102.027562, 43.706742 ], [ -102.024455, 43.713408 ], [ -102.015497, 43.704262 ], [ -101.997279, 43.709077 ], [ -101.995387, 43.707877 ], [ -101.998306, 43.701601 ], [ -101.983851, 43.701033 ], [ -101.977353, 43.706915 ], [ -101.972555, 43.700116 ], [ -101.977315, 43.695364 ], [ -101.974593, 43.694597 ], [ -101.96435, 43.695094 ], [ -101.956361, 43.699796 ], [ -101.95157, 43.707207 ], [ -101.945537, 43.707269 ], [ -101.939298, 43.703468 ], [ -101.938632, 43.694533 ], [ -101.926582, 43.69241 ], [ -101.925411, 43.687627 ], [ -101.912407, 43.696884 ], [ -101.896376, 43.692075 ], [ -101.89112, 43.683939 ], [ -101.881782, 43.686908 ], [ -101.881489, 43.694702 ], [ -101.877232, 43.695578 ], [ -101.870938, 43.692197 ], [ -101.873592, 43.686074 ], [ -101.857531, 43.687629 ], [ -101.85421, 43.69413 ], [ -101.848035, 43.696272 ], [ -101.843127, 43.6929 ], [ -101.843978, 43.688424 ], [ -101.839231, 43.687756 ], [ -101.831675, 43.696051 ], [ -101.830419, 43.692311 ], [ -101.824455, 43.693716 ], [ -101.826527, 43.698833 ], [ -101.820684, 43.702043 ], [ -101.826801, 43.704072 ], [ -101.825017, 43.705389 ], [ -101.817077, 43.703283 ], [ -101.814808, 43.695878 ], [ -101.810424, 43.698314 ], [ -101.809743, 43.704808 ], [ -101.806303, 43.704721 ], [ -101.803513, 43.697524 ], [ -101.80752, 43.693816 ], [ -101.805479, 43.691896 ], [ -101.784135, 43.701103 ], [ -101.777648, 43.70029 ], [ -101.776943, 43.703049 ], [ -101.780451, 43.704964 ], [ -101.777213, 43.70724 ], [ -101.763665, 43.703489 ], [ -101.775667, 43.699274 ], [ -101.775276, 43.695177 ], [ -101.760269, 43.695868 ], [ -101.754385, 43.689809 ], [ -101.749272, 43.692602 ], [ -101.750515, 43.697147 ], [ -101.7458, 43.698018 ], [ -101.740404, 43.692196 ], [ -101.734707, 43.695978 ], [ -101.727429, 43.688147 ], [ -101.713358, 43.698437 ], [ -101.706174, 43.695641 ], [ -101.699712, 43.700853 ], [ -101.695833, 43.700936 ], [ -101.697874, 43.697667 ], [ -101.694131, 43.693942 ], [ -101.690412, 43.700712 ], [ -101.691728, 43.704288 ], [ -101.677996, 43.703641 ], [ -101.684143, 43.699565 ], [ -101.683017, 43.69713 ], [ -101.674442, 43.704063 ], [ -101.676188, 43.710158 ], [ -101.66477, 43.70709 ], [ -101.655385, 43.708344 ], [ -101.650547, 43.717998 ], [ -101.659374, 43.718077 ], [ -101.651904, 43.726523 ], [ -101.641603, 43.724913 ], [ -101.643459, 43.731644 ], [ -101.638956, 43.734177 ], [ -101.642304, 43.739477 ], [ -101.627987, 43.741057 ], [ -101.625103, 43.738024 ], [ -101.62664, 43.733184 ], [ -101.622138, 43.731421 ], [ -101.617317, 43.736904 ], [ -101.620586, 43.745049 ], [ -101.616844, 43.749061 ], [ -101.609821, 43.748154 ], [ -101.610351, 43.740402 ], [ -101.596014, 43.750763 ], [ -101.59088, 43.748885 ], [ -101.59136, 43.740464 ], [ -101.582025, 43.745036 ], [ -101.575781, 43.742218 ], [ -101.568737, 43.743672 ], [ -101.562389, 43.748769 ], [ -101.546582, 43.741928 ], [ -101.545802, 43.744221 ], [ -101.554959, 43.750433 ], [ -101.542249, 43.744688 ], [ -101.532383, 43.75354 ], [ -101.524659, 43.752316 ], [ -101.520997, 43.744172 ], [ -101.507857, 43.739213 ], [ -101.50291, 43.746392 ], [ -101.485176, 43.742646 ], [ -101.487303, 43.748443 ], [ -101.483657, 43.751445 ], [ -101.485608, 43.753471 ], [ -101.481761, 43.754815 ], [ -101.476861, 43.750613 ], [ -101.468356, 43.750155 ], [ -101.478121, 43.758144 ], [ -101.472998, 43.763056 ], [ -101.466058, 43.763935 ], [ -101.46365, 43.759258 ], [ -101.471128, 43.756524 ], [ -101.462236, 43.756062 ], [ -101.458401, 43.762851 ], [ -101.458373, 43.771613 ], [ -101.446517, 43.771519 ], [ -101.445265, 43.769525 ], [ -101.451146, 43.7634 ], [ -101.443594, 43.764943 ], [ -101.434247, 43.773268 ], [ -101.434371, 43.777656 ], [ -101.420706, 43.780019 ], [ -101.423271, 43.786436 ], [ -101.41147, 43.787482 ], [ -101.410172, 43.784177 ], [ -101.414115, 43.780604 ], [ -101.412027, 43.778208 ], [ -101.398626, 43.787805 ], [ -101.396964, 43.781263 ], [ -101.393293, 43.780482 ], [ -101.383719, 43.786656 ], [ -101.384126, 43.793251 ], [ -101.378075, 43.796403 ], [ -101.363228, 43.79407 ], [ -101.362823, 43.789625 ], [ -101.369505, 43.786568 ], [ -101.365426, 43.784411 ], [ -101.352528, 43.783213 ], [ -101.349548, 43.789152 ], [ -101.33885, 43.782363 ], [ -101.336464, 43.787148 ], [ -101.331144, 43.787438 ], [ -101.328673, 43.783389 ], [ -101.331899, 43.777809 ], [ -101.323055, 43.779767 ], [ -101.322297, 43.789365 ], [ -101.307449, 43.782405 ], [ -101.309618, 43.778464 ], [ -101.30415, 43.778342 ], [ -101.29412, 43.783391 ], [ -101.294455, 43.788151 ], [ -101.283912, 43.785262 ], [ -101.280543, 43.77932 ], [ -101.271577, 43.780509 ], [ -101.266575, 43.786253 ], [ -101.269028, 43.792142 ], [ -101.266981, 43.793688 ], [ -101.262771, 43.792216 ], [ -101.263381, 43.786014 ], [ -101.252819, 43.784455 ], [ -101.248098, 43.791961 ], [ -101.252165, 43.794278 ], [ -101.260675, 43.792602 ], [ -101.258822, 43.796242 ], [ -101.239569, 43.794861 ], [ -101.233693, 43.785295 ], [ -101.227362, 43.791299 ], [ -101.228008341597999, 42.997875351341598 ], [ -101.625424, 42.996238 ], [ -101.849982, 42.999329 ], [ -102.556079351755997, 42.999653965903804 ], [ -102.556185, 42.987417 ], [ -102.575955, 42.987359 ], [ -102.575975885147002, 42.999681449287202 ], [ -103.000609657376003, 43.000472962679503 ], [ -103.001017, 43.605816 ] ] ] } },
{ "type": "Feature", "properties": { "AIANNHCE": "1860", "NAMELSAD": "Lake Traverse Reservation and Off-Reservation Trust Land", "NAME": "Lake Traverse", "AREA_TYPE": "Reservation", "STATE_NAMES": "Minnesota; North Dakota; South Dakota", "DECLARATIONS": 4, "OWN_REQUEST": 0, "UNDER_STATE": 4, "FIRST_YEAR": 2017.0, "LATEST_YEAR": 2023.0, "INCIDENT_LIST": "Flood; Severe Storm", "POPULATION": 11102, "LAND_SQ_MI": 1449.4, "N_COUNTIES": 8, "COUNTY_NAMES": "Roberts County; Marshall County; Day County and others", "COUNTY_DISASTER_MAX": 8 }, "geometry": { "type": "Polygon", "coordinates": [ [ [ -97.509144, 46.030329 ], [ -96.837293, 45.940524 ], [ -96.837491, 45.944893 ], [ -96.825652, 45.944898 ], [ -96.825712, 45.939232 ], [ -96.566759954550506, 45.9061368423285 ], [ -96.574667, 45.866816 ], [ -96.574517, 45.843098 ], [ -96.57974, 45.82582 ], [ -96.612512, 45.794442 ], [ -96.627778, 45.786239 ], [ -96.652226, 45.746809 ], [ -96.672665, 45.732336 ], [ -96.75035, 45.698782 ], [ -96.760866, 45.687518 ], [ -96.840746, 45.645294 ], [ -96.856933580653603, 45.6052341881337 ], [ -97.050981, 45.20937 ], [ -97.144352, 45.012369 ], [ -97.146895, 45.001517 ], [ -97.149295, 45.00146 ], [ -97.176749, 44.945327 ], [ -97.509144, 46.030329 ] ] ] } },
{ "type": "Feature", "properties": { "AIANNHCE": "3235", "NAMELSAD": "Rosebud Indian Reservation and Off-Reservation Trust Land", "NAME": "Rosebud", "AREA_TYPE": "Reservation", "STATE_NAMES": "Nebraska; South Dakota", "DECLARATIONS": 3, "OWN_REQUEST": 1, "UNDER_STATE": 2, "FIRST_YEAR": 2019.0, "LATEST_YEAR": 2023.0, "INCIDENT_LIST": "Flood; Winter Storm", "POPULATION": 10302, "LAND_SQ_MI": 2091.1, "N_COUNTIES": 10, "COUNTY_NAMES": "Todd County; Mellette County; Tripp County and others", "COUNTY_DISASTER_MAX": 9 }, "geometry": { "type": "MultiPolygon", "coordinates": [ [ [ [ -99.971511, 43.55076 ], [ -99.951596, 43.550756 ], [ -99.951583, 43.543481 ], [ -99.941738, 43.543486 ], [ -99.941707, 43.529026 ], [ -99.951552, 43.529036 ], [ -99.951538, 43.521794 ], [ -99.971441, 43.521796 ], [ -99.971468, 43.528958 ], [ -99.961567, 43.528951 ], [ -99.961546, 43.543475 ], [ -99.971498, 43.543469 ], [ -99.971511, 43.55076 ] ] ], [ [ [ -99.97369, 43.125901 ], [ -99.963797, 43.125815 ], [ -99.963875, 43.118659 ], [ -99.973688, 43.118665 ], [ -99.97369, 43.125901 ] ] ], [ [ [ -99.979167, 43.444271 ], [ -99.969283, 43.444276 ], [ -99.969272, 43.437158 ], [ -99.979141, 43.437162 ], [ -99.979167, 43.444271 ] ] ], [ [ [ -99.981386, 43.536281 ], [ -99.97148, 43.536277 ], [ -99.971468, 43.528958 ], [ -99.981388, 43.528964 ], [ -99.981386, 43.536281 ] ] ], [ [ [ -99.981383, 43.572504 ], [ -99.971564, 43.572477 ], [ -99.971544, 43.565239 ], [ -99.981397, 43.565257 ], [ -99.981383, 43.572504 ] ] ], [ [ [ -99.988597, 43.053481 ], [ -99.968756, 43.053432 ], [ -99.968733, 43.046301 ], [ -99.988573, 43.046277 ], [ -99.988597, 43.053481 ] ] ], [ [ [ -99.993473, 43.162096 ], [ -99.988531, 43.162081 ], [ -99.988509, 43.158464 ], [ -99.993454, 43.158477 ], [ -99.993473, 43.162096 ] ] ], [ [ [ -99.998374, 43.082481 ], [ -99.968742, 43.082415 ], [ -99.968733, 43.07523 ], [ -99.978623, 43.075236 ], [ -99.978628, 43.067913 ], [ -99.968728, 43.067864 ], [ -99.968741, 43.060771 ], [ -99.988588, 43.060773 ], [ -99.988511, 43.075241 ], [ -99.998392, 43.075243 ], [ -99.998374, 43.082481 ] ] ], [ [ [ -99.998601, 43.220048 ], [ -99.988812, 43.220059 ], [ -99.988716, 43.198264 ], [ -99.998542, 43.19827 ], [ -99.998601, 43.220048 ] ] ], [ [ [ -99.999031, 43.45163 ], [ -99.989159, 43.451649 ], [ -99.989153, 43.444267 ], [ -99.999026, 43.444284 ], [ -99.999031, 43.45163 ] ] ], [ [ [ -100.001093, 43.659289 ], [ -99.981136, 43.659278 ], [ -99.981148, 43.644816 ], [ -100.0011, 43.644839 ], [ -100.001093, 43.659289 ] ] ], [ [ [ -100.001122, 43.615906 ], [ -99.991159, 43.615894 ], [ -99.991207, 43.586956 ], [ -100.001174, 43.586951 ], [ -100.001122, 43.615906 ] ] ], [ [ [ -100.001208, 43.514565 ], [ -100.001205, 43.521803 ], [ -99.991261, 43.521797 ], [ -99.991266, 43.514562 ], [ -100.001208, 43.514565 ] ] ], [ [ [ -100.008017, 43.444298 ], [ -99.999026, 43.444284 ], [ -99.999007, 43.437164 ], [ -100.007975, 43.437181 ], [ -100.008017, 43.444298 ] ] ], [ [ [ -100.008175, 43.400278 ], [ -99.998812, 43.400857 ], [ -99.998931, 43.393772 ], [ -100.007978, 43.393772 ], [ -100.008175, 43.400278 ] ] ], [ [ [ -100.008308, 43.089741 ], [ -99.998372, 43.089724 ], [ -99.998374, 43.082481 ], [ -100.008265, 43.082498 ], [ -100.008308, 43.089741 ] ] ], [ [ [ -100.011137, 43.570655 ], [ -100.001176, 43.572392 ], [ -100.001181, 43.565231 ], [ -100.011138, 43.565232 ], [ -100.011137, 43.570655 ] ] ], [ [ [ -100.011142, 43.536279 ], [ -100.001196, 43.53628 ], [ -100.001201, 43.529041 ], [ -100.011144, 43.52904 ], [ -100.011142, 43.536279 ] ] ], [ [ [ -100.018044, 43.249016 ], [ -100.008091, 43.249022 ], [ -100.008118, 43.256184 ], [ -99.998685, 43.256182 ], [ -99.998627, 43.24177 ], [ -100.018058, 43.241778 ], [ -100.018044, 43.249016 ] ] ], [ [ [ -100.018204, 43.082528 ], [ -100.008265, 43.082498 ], [ -100.008395, 43.075251 ], [ -99.998392, 43.075243 ], [ -99.998395, 43.067927 ], [ -100.018206, 43.067955 ], [ -100.018204, 43.082528 ] ] ], [ [ [ -100.021091, 43.557901 ], [ -100.011138, 43.557991 ], [ -100.01114, 43.550755 ], [ -100.021091, 43.550754 ], [ -100.021091, 43.557901 ] ] ], [ [ [ -100.02784, 43.400878 ], [ -100.027832, 43.415319 ], [ -100.017822, 43.415328 ], [ -100.0178, 43.400839 ], [ -100.02784, 43.400878 ] ] ], [ [ [ -100.0281, 43.104198 ], [ -100.018214, 43.104207 ], [ -100.018207, 43.096971 ], [ -100.028093, 43.096966 ], [ -100.0281, 43.104198 ] ] ], [ [ [ -100.031011, 43.697572 ], [ -100.016037, 43.702675 ], [ -100.016057, 43.706989 ], [ -100.013329, 43.707841 ], [ -100.00693, 43.704733 ], [ -100.010617, 43.696598 ], [ -100.00993, 43.688216 ], [ -99.981349, 43.687126 ], [ -99.97585, 43.691024 ], [ -99.961952, 43.688608 ], [ -99.955411, 43.692775 ], [ -99.955596, 43.697775 ], [ -99.935493, 43.695872 ], [ -99.929977, 43.685569 ], [ -99.906797, 43.697183 ], [ -99.906832, 43.666527 ], [ -99.916829, 43.66293 ], [ -99.91685, 43.659305 ], [ -99.911859, 43.659297 ], [ -99.911858, 43.652052 ], [ -99.921833, 43.652056 ], [ -99.921749, 43.677382 ], [ -99.931739, 43.677379 ], [ -99.931742, 43.680997 ], [ -99.941724, 43.680993 ], [ -99.941748, 43.66655 ], [ -99.961744, 43.666526 ], [ -99.960921, 43.652013 ], [ -99.951817, 43.652015 ], [ -99.951802, 43.659258 ], [ -99.941779, 43.659267 ], [ -99.941813, 43.652018 ], [ -99.931815, 43.652038 ], [ -99.931813, 43.644747 ], [ -99.941822, 43.644766 ], [ -99.941815, 43.623098 ], [ -99.961752, 43.623089 ], [ -99.961653, 43.594176 ], [ -99.981262, 43.594189 ], [ -99.981162, 43.630341 ], [ -99.961788, 43.630306 ], [ -99.96179, 43.63754 ], [ -99.981089, 43.637577 ], [ -99.981148, 43.644816 ], [ -99.971775, 43.644774 ], [ -99.971718, 43.666519 ], [ -100.021088, 43.666528 ], [ -100.021039, 43.67376 ], [ -100.011066, 43.673765 ], [ -100.011052, 43.688212 ], [ -100.02602, 43.688229 ], [ -100.026018, 43.695469 ], [ -100.031011, 43.697572 ] ], [ [ -99.981323, 43.682796 ], [ -99.979157, 43.680987 ], [ -99.979157, 43.682796 ], [ -99.981323, 43.682796 ] ], [ [ -99.966685, 43.673761 ], [ -99.961695, 43.673766 ], [ -99.961696, 43.677382 ], [ -99.966685, 43.677378 ], [ -99.966685, 43.673761 ] ], [ [ -99.946732, 43.688268 ], [ -99.94173, 43.688226 ], [ -99.941728, 43.691834 ], [ -99.946722, 43.691838 ], [ -99.946732, 43.688268 ] ] ], [ [ [ -100.03103, 43.514564 ], [ -100.011148, 43.514561 ], [ -100.011151, 43.507322 ], [ -100.021092, 43.50732 ], [ -100.021096, 43.500026 ], [ -100.031037, 43.500029 ], [ -100.03103, 43.514564 ] ] ], [ [ [ -100.037933, 43.205575 ], [ -100.02811, 43.205599 ], [ -100.028113, 43.212715 ], [ -100.008243, 43.212754 ], [ -100.00833, 43.198338 ], [ -100.037947, 43.198339 ], [ -100.037933, 43.205575 ] ] ], [ [ [ -100.04096, 43.673636 ], [ -100.031007, 43.673642 ], [ -100.031023, 43.659286 ], [ -100.040966, 43.65929 ], [ -100.04096, 43.673636 ] ] ], [ [ [ -100.040975, 43.652057 ], [ -100.021079, 43.652045 ], [ -100.021076, 43.644807 ], [ -100.031022, 43.64481 ], [ -100.031021, 43.637575 ], [ -100.040998, 43.637574 ], [ -100.040975, 43.652057 ] ] ], [ [ [ -100.041015, 43.63024 ], [ -100.031021, 43.630241 ], [ -100.031021, 43.637575 ], [ -100.021071, 43.637575 ], [ -100.021076, 43.644807 ], [ -100.0011, 43.644839 ], [ -100.001101, 43.637609 ], [ -100.011086, 43.637593 ], [ -100.011083, 43.630361 ], [ -100.021065, 43.630343 ], [ -100.02108, 43.615885 ], [ -100.041027, 43.615867 ], [ -100.041015, 43.63024 ] ] ], [ [ [ -100.041083, 43.565245 ], [ -100.03104, 43.56523 ], [ -100.031037, 43.557991 ], [ -100.041063, 43.557999 ], [ -100.041083, 43.565245 ] ] ], [ [ [ -100.047608, 43.451609 ], [ -100.037667, 43.451611 ], [ -100.037672, 43.444275 ], [ -100.047728, 43.444277 ], [ -100.047608, 43.451609 ] ] ], [ [ [ -100.047824, 43.220287 ], [ -100.047808, 43.227211 ], [ -100.037888, 43.22723 ], [ -100.037904, 43.220054 ], [ -100.047824, 43.220287 ] ] ], [ [ [ -100.047845, 43.082436 ], [ -100.042906, 43.082437 ], [ -100.04291, 43.086102 ], [ -100.037969, 43.086104 ], [ -100.037973, 43.089723 ], [ -100.02809, 43.089726 ], [ -100.028089, 43.086105 ], [ -100.037966, 43.082484 ], [ -100.037959, 43.075252 ], [ -100.047831, 43.075255 ], [ -100.047845, 43.082436 ] ] ], [ [ [ -100.057546, 43.437145 ], [ -100.047715, 43.437142 ], [ -100.047689, 43.422727 ], [ -100.057531, 43.422724 ], [ -100.057546, 43.437145 ] ] ], [ [ [ -100.057661, 43.234531 ], [ -100.047805, 43.234533 ], [ -100.047808, 43.227211 ], [ -100.057679, 43.227216 ], [ -100.057661, 43.234531 ] ] ], [ [ [ -100.060971, 43.691967 ], [ -100.047767, 43.69318 ], [ -100.04709, 43.703063 ], [ -100.040846, 43.704471 ], [ -100.040973, 43.681 ], [ -100.04597, 43.681005 ], [ -100.045975, 43.684626 ], [ -100.055951, 43.684637 ], [ -100.055945, 43.681014 ], [ -100.060932, 43.681019 ], [ -100.060971, 43.691967 ] ] ], [ [ [ -100.067469, 43.466078 ], [ -100.057529, 43.466077 ], [ -100.057536, 43.458842 ], [ -100.067469, 43.458842 ], [ -100.067469, 43.466078 ] ] ], [ [ [ -100.06751, 43.451609 ], [ -100.057539, 43.451611 ], [ -100.057577, 43.444286 ], [ -100.06751, 43.444295 ], [ -100.06751, 43.451609 ] ] ], [ [ [ -100.06758, 43.227221 ], [ -100.057679, 43.227216 ], [ -100.05769, 43.220056 ], [ -100.067583, 43.220062 ], [ -100.06758, 43.227221 ] ] ], [ [ [ -100.067608, 43.205584 ], [ -100.067595, 43.212725 ], [ -100.05771, 43.212694 ], [ -100.057718, 43.205578 ], [ -100.067608, 43.205584 ] ] ], [ [ [ -100.067607, 43.060793 ], [ -100.057709, 43.060798 ], [ -100.057706, 43.053569 ], [ -100.067618, 43.053563 ], [ -100.067607, 43.060793 ] ] ], [ [ [ -100.070874, 43.658449 ], [ -100.060918, 43.659248 ], [ -100.060917, 43.652099 ], [ -100.070875, 43.652095 ], [ -100.070874, 43.658449 ] ] ], [ [ [ -100.070886, 43.572346 ], [ -100.060903, 43.572345 ], [ -100.060894, 43.565228 ], [ -100.070844, 43.565227 ], [ -100.070886, 43.572346 ] ] ], [ [ [ -100.077379, 43.415389 ], [ -100.067463, 43.415398 ], [ -100.067433, 43.408234 ], [ -100.077347, 43.408227 ], [ -100.077379, 43.415389 ] ] ], [ [ [ -100.077412, 43.429923 ], [ -100.067479, 43.429912 ], [ -100.06746, 43.42272 ], [ -100.077382, 43.422708 ], [ -100.077412, 43.429923 ] ] ], [ [ [ -100.077461, 43.035514 ], [ -100.067636, 43.0355 ], [ -100.067612, 43.028278 ], [ -100.077459, 43.02829 ], [ -100.077461, 43.035514 ] ] ], [ [ [ -100.07747, 43.075265 ], [ -100.067601, 43.075254 ], [ -100.067605, 43.068023 ], [ -100.077468, 43.068035 ], [ -100.07747, 43.075265 ] ] ], [ [ [ -100.077488, 43.104198 ], [ -100.057735, 43.104189 ], [ -100.057733, 43.096952 ], [ -100.077482, 43.096962 ], [ -100.077488, 43.104198 ] ] ], [ [ [ -100.077506, 43.205585 ], [ -100.067608, 43.205584 ], [ -100.067604, 43.198244 ], [ -100.077515, 43.198254 ], [ -100.077506, 43.205585 ] ] ], [ [ [ -100.08733, 43.068047 ], [ -100.077468, 43.068035 ], [ -100.077465, 43.060807 ], [ -100.087324, 43.060821 ], [ -100.08733, 43.068047 ] ] ], [ [ [ -100.087362, 43.096974 ], [ -100.077482, 43.096962 ], [ -100.077478, 43.089729 ], [ -100.087356, 43.089739 ], [ -100.087362, 43.096974 ] ] ], [ [ [ -100.087398, 43.12591 ], [ -100.077507, 43.125908 ], [ -100.077495, 43.111432 ], [ -100.087382, 43.111443 ], [ -100.087398, 43.12591 ] ] ], [ [ [ -100.09719, 43.400991 ], [ -100.077343, 43.400987 ], [ -100.077321, 43.38639 ], [ -100.087284, 43.38638 ], [ -100.087271, 43.379264 ], [ -100.09717, 43.379276 ], [ -100.09719, 43.400991 ] ] ], [ [ [ -100.097284, 43.220052 ], [ -100.087407, 43.22006 ], [ -100.087384, 43.21277 ], [ -100.097299, 43.212751 ], [ -100.097284, 43.220052 ] ] ], [ [ [ -100.107146, 43.097003 ], [ -100.097245, 43.096988 ], [ -100.09724, 43.089752 ], [ -100.107142, 43.089764 ], [ -100.107146, 43.097003 ] ] ], [ [ [ -100.110551, 43.685846 ], [ -100.100584, 43.688308 ], [ -100.100685, 43.666579 ], [ -100.110483, 43.66658 ], [ -100.110551, 43.685846 ] ] ], [ [ [ -100.117139, 43.451662 ], [ -100.097273, 43.451648 ], [ -100.097288, 43.458894 ], [ -100.087423, 43.4588 ], [ -100.087415, 43.44437 ], [ -100.107254, 43.444326 ], [ -100.107195, 43.448945 ], [ -100.117134, 43.448963 ], [ -100.117139, 43.451662 ] ] ], [ [ [ -100.117144, 43.500173 ], [ -100.110574, 43.500152 ], [ -100.110569, 43.507324 ], [ -100.100631, 43.507324 ], [ -100.102225, 43.495082 ], [ -100.117129, 43.495093 ], [ -100.117144, 43.500173 ] ] ], [ [ [ -100.120392, 43.644861 ], [ -100.110472, 43.644855 ], [ -100.110472, 43.652095 ], [ -100.100554, 43.652087 ], [ -100.100556, 43.659327 ], [ -100.090794, 43.659336 ], [ -100.090806, 43.644843 ], [ -100.100552, 43.644848 ], [ -100.100537, 43.630376 ], [ -100.120404, 43.63037 ], [ -100.120392, 43.644861 ] ] ], [ [ [ -100.120574, 43.529028 ], [ -100.120476, 43.543514 ], [ -100.110553, 43.543516 ], [ -100.110547, 43.550752 ], [ -100.100604, 43.55075 ], [ -100.100618, 43.529026 ], [ -100.120574, 43.529028 ] ] ], [ [ [ -100.121942, 43.013861 ], [ -100.102165, 43.013836 ], [ -100.102165, 43.010222 ], [ -100.121952, 43.010246 ], [ -100.121942, 43.013861 ] ] ], [ [ [ -100.126186, 43.480616 ], [ -100.117152, 43.480616 ], [ -100.117159, 43.473332 ], [ -100.126203, 43.473331 ], [ -100.126186, 43.480616 ] ] ], [ [ [ -100.126912, 43.089776 ], [ -100.107142, 43.089764 ], [ -100.107138, 43.082492 ], [ -100.097253, 43.082469 ], [ -100.09724, 43.089752 ], [ -100.087356, 43.089739 ], [ -100.08733, 43.068047 ], [ -100.097228, 43.068051 ], [ -100.097232, 43.075284 ], [ -100.117005, 43.075296 ], [ -100.117009, 43.082508 ], [ -100.127004, 43.0826 ], [ -100.126912, 43.089776 ] ] ], [ [ [ -100.130408, 43.565232 ], [ -100.120472, 43.56523 ], [ -100.120476, 43.543514 ], [ -100.130427, 43.543518 ], [ -100.130408, 43.565232 ] ] ], [ [ [ -100.136239, 43.386439 ], [ -100.126379, 43.386403 ], [ -100.126398, 43.379251 ], [ -100.136263, 43.37928 ], [ -100.136239, 43.386439 ] ] ], [ [ [ -100.13687, 43.082555 ], [ -100.126968, 43.082427 ], [ -100.127048, 43.075306 ], [ -100.136856, 43.075311 ], [ -100.13687, 43.082555 ] ] ], [ [ [ -100.136897, 43.1549 ], [ -100.126957, 43.154892 ], [ -100.126946, 43.140359 ], [ -100.136855, 43.140446 ], [ -100.136897, 43.1549 ] ] ], [ [ [ -100.146267, 43.343104 ], [ -100.136352, 43.343031 ], [ -100.136363, 43.335854 ], [ -100.126483, 43.335847 ], [ -100.126527, 43.328561 ], [ -100.146385, 43.32857 ], [ -100.146267, 43.343104 ] ] ], [ [ [ -100.146729, 43.220069 ], [ -100.126815, 43.220034 ], [ -100.126878, 43.212737 ], [ -100.146729, 43.212782 ], [ -100.146729, 43.220069 ] ] ], [ [ [ -100.150229, 43.615901 ], [ -100.150229, 43.623138 ], [ -100.140274, 43.623142 ], [ -100.14027, 43.61591 ], [ -100.150229, 43.615901 ] ] ], [ [ [ -100.15023, 43.608663 ], [ -100.130349, 43.608661 ], [ -100.130346, 43.615896 ], [ -100.115454, 43.615883 ], [ -100.115453, 43.612267 ], [ -100.110483, 43.612267 ], [ -100.110512, 43.572461 ], [ -100.130401, 43.572469 ], [ -100.13036, 43.586957 ], [ -100.120413, 43.586951 ], [ -100.120417, 43.594184 ], [ -100.140295, 43.594197 ], [ -100.140281, 43.601431 ], [ -100.150232, 43.601425 ], [ -100.15023, 43.608663 ] ] ], [ [ [ -100.150325, 43.694215 ], [ -100.140362, 43.694516 ], [ -100.14041, 43.700626 ], [ -100.136942, 43.703653 ], [ -100.129285, 43.701247 ], [ -100.120553, 43.68833 ], [ -100.125514, 43.688319 ], [ -100.125487, 43.684697 ], [ -100.120525, 43.684704 ], [ -100.120437, 43.673627 ], [ -100.140323, 43.673835 ], [ -100.140358, 43.681061 ], [ -100.150284, 43.681073 ], [ -100.150325, 43.694215 ] ] ], [ [ [ -100.155929, 43.500042 ], [ -100.141002, 43.500045 ], [ -100.140995, 43.495108 ], [ -100.155921, 43.495115 ], [ -100.155929, 43.500042 ] ] ], [ [ [ -100.15663, 43.075322 ], [ -100.146658, 43.075343 ], [ -100.146681, 43.068088 ], [ -100.156623, 43.06808 ], [ -100.15663, 43.075322 ] ] ], [ [ [ -100.166203, 43.292483 ], [ -100.156307, 43.292469 ], [ -100.156323, 43.285233 ], [ -100.166218, 43.285248 ], [ -100.166203, 43.292483 ] ] ], [ [ [ -100.166367, 43.241797 ], [ -100.146517, 43.241788 ], [ -100.146574, 43.227238 ], [ -100.156477, 43.22724 ], [ -100.156437, 43.234552 ], [ -100.166391, 43.234537 ], [ -100.166367, 43.241797 ] ] ], [ [ [ -100.170122, 43.608657 ], [ -100.160186, 43.608655 ], [ -100.160183, 43.601419 ], [ -100.170123, 43.601416 ], [ -100.170122, 43.608657 ] ] ], [ [ [ -100.175787, 43.487834 ], [ -100.165955, 43.487824 ], [ -100.165905, 43.480634 ], [ -100.175788, 43.480636 ], [ -100.175787, 43.487834 ] ] ], [ [ [ -100.175898, 43.386447 ], [ -100.166056, 43.386433 ], [ -100.16611, 43.372003 ], [ -100.175926, 43.372028 ], [ -100.175898, 43.386447 ] ] ], [ [ [ -100.175987, 43.343049 ], [ -100.166135, 43.34302 ], [ -100.166145, 43.335907 ], [ -100.176004, 43.33592 ], [ -100.175987, 43.343049 ] ] ], [ [ [ -100.186114, 43.30699 ], [ -100.17608, 43.306972 ], [ -100.17611, 43.299735 ], [ -100.186131, 43.299758 ], [ -100.186114, 43.30699 ] ] ], [ [ [ -100.189995, 43.601356 ], [ -100.180151, 43.601344 ], [ -100.180124, 43.58689 ], [ -100.190004, 43.586897 ], [ -100.189995, 43.601356 ] ] ], [ [ [ -100.190024, 43.507352 ], [ -100.180182, 43.507344 ], [ -100.180178, 43.500041 ], [ -100.190058, 43.499997 ], [ -100.190024, 43.507352 ] ] ], [ [ [ -100.196206, 43.147652 ], [ -100.186305, 43.147654 ], [ -100.1863, 43.140422 ], [ -100.196194, 43.140421 ], [ -100.196206, 43.147652 ] ] ], [ [ [ -100.199943, 43.691952 ], [ -100.190035, 43.691961 ], [ -100.190056, 43.702843 ], [ -100.170234, 43.705446 ], [ -100.170135, 43.673851 ], [ -100.199946, 43.673868 ], [ -100.199943, 43.691952 ] ] ], [ [ [ -100.19993, 43.514598 ], [ -100.190007, 43.514545 ], [ -100.190024, 43.507352 ], [ -100.199953, 43.507358 ], [ -100.19993, 43.514598 ] ] ], [ [ [ -100.200074, 43.615919 ], [ -100.189982, 43.615898 ], [ -100.189987, 43.608648 ], [ -100.200069, 43.608631 ], [ -100.200074, 43.615919 ] ] ], [ [ [ -100.200076, 43.630396 ], [ -100.180047, 43.630391 ], [ -100.180158, 43.615902 ], [ -100.189982, 43.615898 ], [ -100.189977, 43.623146 ], [ -100.200075, 43.623139 ], [ -100.200076, 43.630396 ] ] ], [ [ [ -100.211015, 43.198365 ], [ -100.206067, 43.198368 ], [ -100.206092, 43.191122 ], [ -100.211041, 43.191121 ], [ -100.211015, 43.198365 ] ] ], [ [ [ -100.219545, 43.666625 ], [ -100.209878, 43.666619 ], [ -100.209852, 43.65939 ], [ -100.219551, 43.659394 ], [ -100.219545, 43.666625 ] ] ], [ [ [ -100.219589, 43.644919 ], [ -100.199975, 43.644895 ], [ -100.200076, 43.630396 ], [ -100.219623, 43.630405 ], [ -100.219589, 43.644919 ] ] ], [ [ [ -100.219628, 43.688338 ], [ -100.21579, 43.688337 ], [ -100.209919, 43.677485 ], [ -100.219563, 43.67748 ], [ -100.219628, 43.688338 ] ] ], [ [ [ -100.234201, 43.448348 ], [ -100.224169, 43.448386 ], [ -100.224135, 43.433939 ], [ -100.23414, 43.433841 ], [ -100.234201, 43.448348 ] ] ], [ [ [ -100.238108, 43.710586 ], [ -100.232223, 43.713698 ], [ -100.230845, 43.713856 ], [ -100.23085, 43.710211 ], [ -100.238108, 43.710586 ] ] ], [ [ [ -100.244044, 43.706917 ], [ -100.240673, 43.708926 ], [ -100.240673, 43.70659 ], [ -100.244044, 43.706917 ] ] ], [ [ [ -100.250649, 43.681245 ], [ -100.23091, 43.681253 ], [ -100.230924, 43.674017 ], [ -100.25065, 43.674006 ], [ -100.250649, 43.681245 ] ] ], [ [ [ -100.250663, 43.695723 ], [ -100.23088, 43.695728 ], [ -100.230895, 43.688491 ], [ -100.250656, 43.688484 ], [ -100.250663, 43.695723 ] ] ], [ [ [ -100.250661, 43.659534 ], [ -100.240673, 43.659541 ], [ -100.240678, 43.6516 ], [ -100.250671, 43.651646 ], [ -100.250661, 43.659534 ] ] ], [ [ [ -100.250618, 43.549555 ], [ -100.240657, 43.550322 ], [ -100.240657, 43.543088 ], [ -100.2508, 43.543134 ], [ -100.250618, 43.549555 ] ] ], [ [ [ -100.253956, 43.412164 ], [ -100.243966, 43.412204 ], [ -100.243915, 43.397738 ], [ -100.253901, 43.397702 ], [ -100.253956, 43.412164 ] ] ], [ [ [ -100.254011, 43.426634 ], [ -100.214132, 43.426752 ], [ -100.214239, 43.419521 ], [ -100.253983, 43.419315 ], [ -100.254011, 43.426634 ] ] ], [ [ [ -100.260624, 43.673985 ], [ -100.25065, 43.674006 ], [ -100.250729, 43.666767 ], [ -100.26063, 43.666747 ], [ -100.260624, 43.673985 ] ] ], [ [ [ -100.268814, 43.415725 ], [ -100.263849, 43.415745 ], [ -100.26386, 43.419312 ], [ -100.253983, 43.419315 ], [ -100.253956, 43.412164 ], [ -100.268801, 43.412106 ], [ -100.268814, 43.415725 ] ] ], [ [ [ -100.27061, 43.666728 ], [ -100.26063, 43.666747 ], [ -100.260637, 43.659511 ], [ -100.270616, 43.659488 ], [ -100.27061, 43.666728 ] ] ], [ [ [ -100.270618, 43.65174 ], [ -100.250671, 43.651646 ], [ -100.250654, 43.637086 ], [ -100.270579, 43.6372 ], [ -100.270618, 43.65174 ] ] ], [ [ [ -100.280641, 43.673943 ], [ -100.270615, 43.673964 ], [ -100.27061, 43.666728 ], [ -100.280724, 43.666696 ], [ -100.280641, 43.673943 ] ] ], [ [ [ -100.305518, 43.710093 ], [ -100.298175, 43.710102 ], [ -100.287013, 43.697143 ], [ -100.280028, 43.696795 ], [ -100.265334, 43.708877 ], [ -100.253807, 43.7029 ], [ -100.245675, 43.706115 ], [ -100.245675, 43.702969 ], [ -100.250677, 43.702969 ], [ -100.250663, 43.695723 ], [ -100.260627, 43.695716 ], [ -100.260623, 43.68847 ], [ -100.270674, 43.688455 ], [ -100.270585, 43.6812 ], [ -100.275581, 43.681189 ], [ -100.275583, 43.684813 ], [ -100.280579, 43.684798 ], [ -100.28058, 43.688419 ], [ -100.290551, 43.688381 ], [ -100.29064, 43.695608 ], [ -100.300544, 43.695617 ], [ -100.300532, 43.702858 ], [ -100.305523, 43.702858 ], [ -100.305518, 43.710093 ] ] ], [ [ [ -100.310505, 43.681146 ], [ -100.300537, 43.681151 ], [ -100.300481, 43.670299 ], [ -100.295537, 43.670303 ], [ -100.295524, 43.663069 ], [ -100.290672, 43.66281 ], [ -100.29069, 43.659454 ], [ -100.270616, 43.659488 ], [ -100.270618, 43.65174 ], [ -100.28558, 43.651823 ], [ -100.285575, 43.655842 ], [ -100.290576, 43.655832 ], [ -100.290756, 43.641086 ], [ -100.300505, 43.644606 ], [ -100.300593, 43.659437 ], [ -100.310541, 43.659422 ], [ -100.310505, 43.681146 ] ] ], [ [ [ -100.330125, 43.485536 ], [ -100.320194, 43.485494 ], [ -100.320185, 43.478264 ], [ -100.330123, 43.478302 ], [ -100.330125, 43.485536 ] ] ], [ [ [ -100.330275, 43.586878 ], [ -100.310398, 43.586773 ], [ -100.310485, 43.579544 ], [ -100.33026, 43.579637 ], [ -100.330275, 43.586878 ] ] ], [ [ [ -100.330329, 43.615821 ], [ -100.31043, 43.615709 ], [ -100.310438, 43.622942 ], [ -100.300468, 43.622888 ], [ -100.300463, 43.615651 ], [ -100.290587, 43.615594 ], [ -100.290358, 43.637313 ], [ -100.270579, 43.6372 ], [ -100.270577, 43.629985 ], [ -100.230972, 43.629856 ], [ -100.230683, 43.608085 ], [ -100.240647, 43.608245 ], [ -100.240659, 43.622663 ], [ -100.250647, 43.622701 ], [ -100.250638, 43.615465 ], [ -100.260544, 43.615488 ], [ -100.260643, 43.608251 ], [ -100.270578, 43.608276 ], [ -100.270564, 43.601042 ], [ -100.260584, 43.601019 ], [ -100.260628, 43.593784 ], [ -100.27055, 43.593809 ], [ -100.270513, 43.572125 ], [ -100.290447, 43.572199 ], [ -100.290474, 43.58665 ], [ -100.300375, 43.586713 ], [ -100.300511, 43.593947 ], [ -100.310414, 43.594013 ], [ -100.310422, 43.608476 ], [ -100.330321, 43.608577 ], [ -100.330329, 43.615821 ] ], [ [ -100.300511, 43.593947 ], [ -100.290477, 43.593877 ], [ -100.290486, 43.601114 ], [ -100.300573, 43.601182 ], [ -100.300511, 43.593947 ] ] ], [ [ [ -100.330469, 43.710101 ], [ -100.315505, 43.710095 ], [ -100.315503, 43.706477 ], [ -100.320562, 43.706474 ], [ -100.320556, 43.702206 ], [ -100.310517, 43.70252 ], [ -100.310509, 43.688385 ], [ -100.320571, 43.688372 ], [ -100.320563, 43.69562 ], [ -100.330444, 43.695612 ], [ -100.330469, 43.710101 ] ] ], [ [ [ -100.340266, 43.601399 ], [ -100.330305, 43.601347 ], [ -100.330289, 43.594117 ], [ -100.340246, 43.594158 ], [ -100.340266, 43.601399 ] ] ], [ [ [ -100.340411, 43.695613 ], [ -100.330444, 43.695612 ], [ -100.330437, 43.688368 ], [ -100.340411, 43.688373 ], [ -100.340411, 43.695613 ] ] ], [ [ [ -100.352396, 43.426288 ], [ -100.342456, 43.426281 ], [ -100.342454, 43.41904 ], [ -100.352396, 43.419051 ], [ -100.352396, 43.426288 ] ] ], [ [ [ -100.380204, 43.637776 ], [ -100.370272, 43.637752 ], [ -100.370271, 43.630508 ], [ -100.380196, 43.630537 ], [ -100.380204, 43.637776 ] ] ], [ [ [ -100.380228, 43.659498 ], [ -100.370365, 43.659467 ], [ -100.370341, 43.652224 ], [ -100.380225, 43.652257 ], [ -100.380228, 43.659498 ] ] ], [ [ [ -100.380251, 43.529197 ], [ -100.370328, 43.529151 ], [ -100.370323, 43.521916 ], [ -100.380253, 43.521958 ], [ -100.380251, 43.529197 ] ] ], [ [ [ -100.382201, 43.419056 ], [ -100.37227, 43.419063 ], [ -100.372269, 43.426307 ], [ -100.362358, 43.426298 ], [ -100.36234, 43.411809 ], [ -100.38221, 43.41181 ], [ -100.382201, 43.419056 ] ] ], [ [ [ -100.382237, 43.473341 ], [ -100.380245, 43.49306 ], [ -100.370349, 43.493018 ], [ -100.370335, 43.507435 ], [ -100.360339, 43.507375 ], [ -100.360331, 43.514616 ], [ -100.370328, 43.514676 ], [ -100.370323, 43.521916 ], [ -100.340142, 43.521754 ], [ -100.340178, 43.514517 ], [ -100.320244, 43.514252 ], [ -100.320256, 43.528901 ], [ -100.350364, 43.529038 ], [ -100.350364, 43.536274 ], [ -100.34016, 43.536236 ], [ -100.340176, 43.543475 ], [ -100.330223, 43.543432 ], [ -100.330235, 43.550672 ], [ -100.360304, 43.550808 ], [ -100.36031, 43.565282 ], [ -100.350424, 43.565225 ], [ -100.350348, 43.557997 ], [ -100.330607, 43.557917 ], [ -100.330453, 43.565169 ], [ -100.320308, 43.565103 ], [ -100.320291, 43.550614 ], [ -100.290463, 43.550479 ], [ -100.290423, 43.564975 ], [ -100.260555, 43.564857 ], [ -100.260561, 43.572088 ], [ -100.250608, 43.57205 ], [ -100.250604, 43.564817 ], [ -100.240646, 43.564781 ], [ -100.240651, 43.557559 ], [ -100.25061, 43.557608 ], [ -100.250618, 43.550369 ], [ -100.270533, 43.550429 ], [ -100.270526, 43.543196 ], [ -100.2508, 43.543117 ], [ -100.250772, 43.535923 ], [ -100.270609, 43.535992 ], [ -100.270656, 43.51426 ], [ -100.260553, 43.514228 ], [ -100.260567, 43.521479 ], [ -100.240655, 43.521385 ], [ -100.240656, 43.52862 ], [ -100.230901, 43.528573 ], [ -100.230654, 43.506872 ], [ -100.240656, 43.506916 ], [ -100.240657, 43.499682 ], [ -100.250605, 43.499724 ], [ -100.250605, 43.47801 ], [ -100.234204, 43.47795 ], [ -100.234178, 43.470163 ], [ -100.273887, 43.469986 ], [ -100.273885, 43.462752 ], [ -100.244082, 43.46288 ], [ -100.244066, 43.455638 ], [ -100.27388, 43.455512 ], [ -100.273794, 43.419343 ], [ -100.283728, 43.419318 ], [ -100.283798, 43.440955 ], [ -100.293857, 43.440972 ], [ -100.293834, 43.433698 ], [ -100.313598, 43.433602 ], [ -100.313569, 43.42636 ], [ -100.332582, 43.426271 ], [ -100.332603, 43.433508 ], [ -100.342459, 43.433522 ], [ -100.342469, 43.448007 ], [ -100.352486, 43.448008 ], [ -100.352494, 43.455234 ], [ -100.362351, 43.455219 ], [ -100.362367, 43.469726 ], [ -100.377268, 43.469716 ], [ -100.377271, 43.473334 ], [ -100.382237, 43.473341 ] ], [ [ -100.372388, 43.473332 ], [ -100.367338, 43.473337 ], [ -100.367286, 43.478553 ], [ -100.372407, 43.477904 ], [ -100.372388, 43.473332 ] ], [ [ -100.260553, 43.514228 ], [ -100.260435, 43.506994 ], [ -100.250605, 43.50696 ], [ -100.250605, 43.514196 ], [ -100.260553, 43.514228 ] ], [ [ -100.293857, 43.440972 ], [ -100.293878, 43.448164 ], [ -100.303696, 43.44813 ], [ -100.303732, 43.45536 ], [ -100.313671, 43.455309 ], [ -100.313621, 43.440835 ], [ -100.293857, 43.440972 ] ], [ [ -100.293979, 43.466275 ], [ -100.293894, 43.455396 ], [ -100.278859, 43.455489 ], [ -100.278863, 43.459107 ], [ -100.283844, 43.459083 ], [ -100.28385, 43.462747 ], [ -100.293979, 43.466275 ] ], [ [ -100.330223, 43.543432 ], [ -100.330211, 43.536193 ], [ -100.310324, 43.536081 ], [ -100.310335, 43.543319 ], [ -100.330223, 43.543432 ] ], [ [ -100.332603, 43.433508 ], [ -100.323535, 43.433557 ], [ -100.323609, 43.455269 ], [ -100.332399, 43.455267 ], [ -100.332603, 43.433508 ] ], [ [ -100.360339, 43.507375 ], [ -100.360344, 43.478423 ], [ -100.35244, 43.478385 ], [ -100.352425, 43.462477 ], [ -100.342492, 43.462598 ], [ -100.342506, 43.478347 ], [ -100.332478, 43.478311 ], [ -100.33253, 43.469699 ], [ -100.328638, 43.469705 ], [ -100.3286, 43.462482 ], [ -100.303757, 43.462602 ], [ -100.303773, 43.466223 ], [ -100.293979, 43.466275 ], [ -100.293915, 43.47754 ], [ -100.290369, 43.478208 ], [ -100.290369, 43.485387 ], [ -100.320194, 43.485494 ], [ -100.32021, 43.499959 ], [ -100.310139, 43.499912 ], [ -100.310276, 43.507113 ], [ -100.330231, 43.50698 ], [ -100.330524, 43.492805 ], [ -100.340077, 43.492862 ], [ -100.340087, 43.500043 ], [ -100.350398, 43.500081 ], [ -100.350395, 43.507316 ], [ -100.360339, 43.507375 ] ] ], [ [ [ -100.390169, 43.58718 ], [ -100.38017, 43.587082 ], [ -100.380172, 43.579851 ], [ -100.39018, 43.579887 ], [ -100.390169, 43.58718 ] ] ], [ [ [ -100.390188, 43.65229 ], [ -100.380225, 43.652257 ], [ -100.380204, 43.637776 ], [ -100.390178, 43.637801 ], [ -100.390188, 43.65229 ] ] ], [ [ [ -100.390223, 43.543726 ], [ -100.380245, 43.543675 ], [ -100.380252, 43.536386 ], [ -100.39023, 43.536468 ], [ -100.390223, 43.543726 ] ] ], [ [ [ -100.392136, 43.44077 ], [ -100.382188, 43.440766 ], [ -100.382214, 43.433548 ], [ -100.392135, 43.433523 ], [ -100.392136, 43.44077 ] ] ], [ [ [ -100.400092, 43.616126 ], [ -100.380172, 43.616057 ], [ -100.380165, 43.612503 ], [ -100.370256, 43.612442 ], [ -100.370271, 43.623222 ], [ -100.350309, 43.623118 ], [ -100.350315, 43.630435 ], [ -100.330421, 43.630313 ], [ -100.330234, 43.637519 ], [ -100.34033, 43.637727 ], [ -100.340261, 43.644802 ], [ -100.360286, 43.644859 ], [ -100.360308, 43.666682 ], [ -100.370337, 43.666671 ], [ -100.370365, 43.702924 ], [ -100.38024, 43.702948 ], [ -100.38024, 43.710189 ], [ -100.370371, 43.710169 ], [ -100.370372, 43.72071 ], [ -100.390199, 43.721077 ], [ -100.390271, 43.724509 ], [ -100.377276, 43.728284 ], [ -100.378383, 43.731511 ], [ -100.373125, 43.73859 ], [ -100.368296, 43.739031 ], [ -100.347443, 43.72767 ], [ -100.345363, 43.720025 ], [ -100.340066, 43.717356 ], [ -100.350337, 43.717343 ], [ -100.350456, 43.702809 ], [ -100.34043, 43.702865 ], [ -100.340411, 43.695613 ], [ -100.360318, 43.695647 ], [ -100.360314, 43.681165 ], [ -100.350349, 43.681139 ], [ -100.350348, 43.666653 ], [ -100.330405, 43.666651 ], [ -100.330437, 43.688368 ], [ -100.320571, 43.688372 ], [ -100.320441, 43.659416 ], [ -100.310541, 43.659422 ], [ -100.310544, 43.644669 ], [ -100.320418, 43.64474 ], [ -100.320394, 43.637487 ], [ -100.310524, 43.637433 ], [ -100.310689, 43.630179 ], [ -100.320406, 43.630186 ], [ -100.320545, 43.622965 ], [ -100.330344, 43.623015 ], [ -100.330329, 43.615821 ], [ -100.350308, 43.615949 ], [ -100.350315, 43.60145 ], [ -100.360261, 43.601494 ], [ -100.360323, 43.583387 ], [ -100.370242, 43.583435 ], [ -100.370242, 43.594266 ], [ -100.390169, 43.594365 ], [ -100.390178, 43.601615 ], [ -100.380161, 43.601575 ], [ -100.380156, 43.608736 ], [ -100.400073, 43.608888 ], [ -100.400092, 43.616126 ] ] ], [ [ [ -100.400159, 43.500332 ], [ -100.390237, 43.500288 ], [ -100.390177, 43.507524 ], [ -100.38025, 43.50748 ], [ -100.380245, 43.49306 ], [ -100.40015, 43.493143 ], [ -100.400159, 43.500332 ] ] ], [ [ [ -100.400493, 43.702999 ], [ -100.38024, 43.702948 ], [ -100.380239, 43.695704 ], [ -100.400523, 43.695757 ], [ -100.400493, 43.702999 ] ] ], [ [ [ -100.410037, 43.608924 ], [ -100.400073, 43.608888 ], [ -100.400071, 43.594414 ], [ -100.410022, 43.594441 ], [ -100.410037, 43.608924 ] ] ], [ [ [ -100.410212, 43.543833 ], [ -100.400179, 43.543779 ], [ -100.400177, 43.536535 ], [ -100.410218, 43.536603 ], [ -100.410212, 43.543833 ] ] ], [ [ [ -100.412071, 43.455257 ], [ -100.40211, 43.455257 ], [ -100.4021, 43.444389 ], [ -100.412073, 43.448006 ], [ -100.412071, 43.455257 ] ] ], [ [ [ -100.419976, 43.580021 ], [ -100.410071, 43.579978 ], [ -100.410101, 43.57273 ], [ -100.419975, 43.572771 ], [ -100.419976, 43.580021 ] ] ], [ [ [ -100.419986, 43.565534 ], [ -100.400101, 43.565448 ], [ -100.400181, 43.551055 ], [ -100.410205, 43.551124 ], [ -100.41017, 43.558324 ], [ -100.420033, 43.558361 ], [ -100.419986, 43.565534 ] ] ], [ [ [ -100.42003, 43.63067 ], [ -100.410079, 43.630634 ], [ -100.410088, 43.63787 ], [ -100.400133, 43.637836 ], [ -100.400122, 43.6306 ], [ -100.390164, 43.630564 ], [ -100.390151, 43.623318 ], [ -100.400111, 43.623342 ], [ -100.400092, 43.616126 ], [ -100.410054, 43.616161 ], [ -100.410054, 43.623359 ], [ -100.420054, 43.623311 ], [ -100.42003, 43.63067 ] ] ], [ [ [ -100.422008, 43.469759 ], [ -100.40212, 43.469747 ], [ -100.402284, 43.462568 ], [ -100.422001, 43.462701 ], [ -100.422008, 43.469759 ] ] ], [ [ [ -100.430025, 43.558392 ], [ -100.420033, 43.558361 ], [ -100.420078, 43.551148 ], [ -100.430043, 43.551148 ], [ -100.430025, 43.558392 ] ] ], [ [ [ -100.430102, 43.681367 ], [ -100.420124, 43.681337 ], [ -100.420136, 43.688574 ], [ -100.410156, 43.688546 ], [ -100.410166, 43.695786 ], [ -100.400523, 43.695757 ], [ -100.400173, 43.688518 ], [ -100.390395, 43.688372 ], [ -100.390195, 43.666736 ], [ -100.410121, 43.666828 ], [ -100.410135, 43.674067 ], [ -100.430092, 43.674138 ], [ -100.430102, 43.681367 ] ] ], [ [ [ -100.43166, 43.478719 ], [ -100.422017, 43.478709 ], [ -100.422008, 43.469759 ], [ -100.431946, 43.473382 ], [ -100.43166, 43.478719 ] ] ], [ [ [ -100.439887, 43.594561 ], [ -100.429928, 43.594516 ], [ -100.429916, 43.580046 ], [ -100.439881, 43.580096 ], [ -100.439887, 43.594561 ] ] ], [ [ [ -100.445151, 43.717596 ], [ -100.440163, 43.717581 ], [ -100.440155, 43.71396 ], [ -100.445143, 43.713974 ], [ -100.445151, 43.717596 ] ] ], [ [ [ -100.449923, 43.637998 ], [ -100.444939, 43.637998 ], [ -100.444934, 43.634368 ], [ -100.449916, 43.634382 ], [ -100.449923, 43.637998 ] ] ], [ [ [ -100.451775, 43.478854 ], [ -100.441969, 43.47888 ], [ -100.441876, 43.469723 ], [ -100.451806, 43.473306 ], [ -100.451775, 43.478854 ] ] ], [ [ [ -100.470178, 43.616373 ], [ -100.449888, 43.616302 ], [ -100.44988, 43.609071 ], [ -100.470201, 43.60915 ], [ -100.470178, 43.616373 ] ] ], [ [ [ -100.470285, 43.630823 ], [ -100.44991, 43.630766 ], [ -100.449897, 43.623534 ], [ -100.470278, 43.623598 ], [ -100.470285, 43.630823 ] ] ], [ [ [ -100.470301, 43.652453 ], [ -100.449952, 43.652451 ], [ -100.449923, 43.637998 ], [ -100.459882, 43.638019 ], [ -100.459891, 43.641639 ], [ -100.470294, 43.638048 ], [ -100.470301, 43.652453 ] ] ], [ [ [ -100.480127, 43.493438 ], [ -100.470202, 43.493471 ], [ -100.470314, 43.486171 ], [ -100.480128, 43.48617 ], [ -100.480127, 43.493438 ] ] ], [ [ [ -100.480232, 43.609143 ], [ -100.470201, 43.60915 ], [ -100.470225, 43.601926 ], [ -100.480226, 43.601917 ], [ -100.480232, 43.609143 ] ] ], [ [ [ -100.491743, 43.455321 ], [ -100.471831, 43.45528 ], [ -100.471813, 43.440804 ], [ -100.48171, 43.440809 ], [ -100.481727, 43.448048 ], [ -100.491717, 43.44806 ], [ -100.491743, 43.455321 ] ] ], [ [ [ -100.491731, 43.47704 ], [ -100.471838, 43.477014 ], [ -100.471841, 43.469776 ], [ -100.491747, 43.469803 ], [ -100.491731, 43.47704 ] ] ], [ [ [ -100.519938, 43.565755 ], [ -100.509994, 43.565716 ], [ -100.509973, 43.558535 ], [ -100.519955, 43.558508 ], [ -100.519938, 43.565755 ] ] ], [ [ [ -100.519971, 43.544026 ], [ -100.490071, 43.544098 ], [ -100.490066, 43.536847 ], [ -100.500026, 43.536901 ], [ -100.500019, 43.529609 ], [ -100.509976, 43.529581 ], [ -100.510057, 43.536886 ], [ -100.519968, 43.536847 ], [ -100.519971, 43.544026 ] ] ], [ [ [ -100.521461, 43.448088 ], [ -100.511533, 43.448089 ], [ -100.511522, 43.444467 ], [ -100.521436, 43.440849 ], [ -100.521461, 43.448088 ] ] ], [ [ [ -100.524912, 43.511444 ], [ -100.519946, 43.511459 ], [ -100.51995, 43.515079 ], [ -100.490169, 43.515155 ], [ -100.490172, 43.500692 ], [ -100.499997, 43.500698 ], [ -100.499993, 43.493403 ], [ -100.509944, 43.493393 ], [ -100.509912, 43.500662 ], [ -100.520042, 43.500625 ], [ -100.519873, 43.507787 ], [ -100.524831, 43.507813 ], [ -100.524912, 43.511444 ] ] ], [ [ [ -100.530022, 43.638059 ], [ -100.510078, 43.638116 ], [ -100.51014, 43.623636 ], [ -100.520072, 43.623613 ], [ -100.520068, 43.630851 ], [ -100.530016, 43.630825 ], [ -100.530022, 43.638059 ] ] ], [ [ [ -100.530101, 43.710438 ], [ -100.510254, 43.710376 ], [ -100.510254, 43.703148 ], [ -100.530085, 43.703136 ], [ -100.530101, 43.710438 ] ] ], [ [ [ -100.531164, 43.411913 ], [ -100.521344, 43.411898 ], [ -100.521323, 43.404723 ], [ -100.531207, 43.404721 ], [ -100.531164, 43.411913 ] ] ], [ [ [ -100.531501, 43.462667 ], [ -100.52153, 43.462663 ], [ -100.521494, 43.455324 ], [ -100.531395, 43.455324 ], [ -100.531501, 43.462667 ] ] ], [ [ [ -100.539971, 43.623526 ], [ -100.530084, 43.623527 ], [ -100.529975, 43.616355 ], [ -100.539962, 43.616335 ], [ -100.539971, 43.623526 ] ] ], [ [ [ -100.540027, 43.674123 ], [ -100.530101, 43.674131 ], [ -100.530062, 43.666942 ], [ -100.540021, 43.666933 ], [ -100.540027, 43.674123 ] ] ], [ [ [ -100.549667, 43.54384 ], [ -100.539822, 43.543979 ], [ -100.539932, 43.551219 ], [ -100.529956, 43.551236 ], [ -100.529917, 43.558481 ], [ -100.519955, 43.558508 ], [ -100.519971, 43.544026 ], [ -100.529955, 43.543999 ], [ -100.529955, 43.536799 ], [ -100.549706, 43.536744 ], [ -100.549667, 43.54384 ] ] ], [ [ [ -100.549813, 43.594594 ], [ -100.539903, 43.594613 ], [ -100.539927, 43.601865 ], [ -100.530026, 43.601872 ], [ -100.530057, 43.594633 ], [ -100.50011, 43.594599 ], [ -100.500127, 43.601913 ], [ -100.490182, 43.601909 ], [ -100.490177, 43.594702 ], [ -100.47025, 43.5947 ], [ -100.470225, 43.601926 ], [ -100.449864, 43.601839 ], [ -100.449847, 43.580205 ], [ -100.470276, 43.580278 ], [ -100.470259, 43.573022 ], [ -100.459778, 43.572964 ], [ -100.459844, 43.558517 ], [ -100.449891, 43.558488 ], [ -100.449974, 43.551252 ], [ -100.459931, 43.551281 ], [ -100.459913, 43.544047 ], [ -100.420075, 43.54387 ], [ -100.420078, 43.536638 ], [ -100.439915, 43.536723 ], [ -100.440043, 43.529493 ], [ -100.430006, 43.529438 ], [ -100.429952, 43.522207 ], [ -100.420063, 43.522148 ], [ -100.420067, 43.529388 ], [ -100.400178, 43.52929 ], [ -100.400176, 43.522045 ], [ -100.380253, 43.521958 ], [ -100.380252, 43.514719 ], [ -100.400172, 43.514808 ], [ -100.400159, 43.500332 ], [ -100.420037, 43.500427 ], [ -100.420028, 43.493242 ], [ -100.429969, 43.493299 ], [ -100.42999, 43.514963 ], [ -100.450007, 43.515067 ], [ -100.450067, 43.529537 ], [ -100.470219, 43.529619 ], [ -100.470212, 43.522379 ], [ -100.490124, 43.522399 ], [ -100.490066, 43.536847 ], [ -100.47037, 43.536928 ], [ -100.47029, 43.558546 ], [ -100.48016, 43.558547 ], [ -100.480116, 43.572978 ], [ -100.490126, 43.572958 ], [ -100.490101, 43.565771 ], [ -100.500077, 43.565791 ], [ -100.500162, 43.572886 ], [ -100.549596, 43.573077 ], [ -100.549813, 43.594594 ] ], [ [ -100.529925, 43.580172 ], [ -100.510023, 43.580201 ], [ -100.510032, 43.587443 ], [ -100.529937, 43.587409 ], [ -100.529925, 43.580172 ] ] ], [ [ [ -100.549967, 43.652355 ], [ -100.530056, 43.652383 ], [ -100.530022, 43.638059 ], [ -100.539972, 43.638044 ], [ -100.539988, 43.645283 ], [ -100.549941, 43.645272 ], [ -100.549967, 43.652355 ] ] ], [ [ [ -100.551172, 43.4264 ], [ -100.541241, 43.426394 ], [ -100.541229, 43.422777 ], [ -100.55116, 43.422782 ], [ -100.551172, 43.4264 ] ] ], [ [ [ -100.559714, 43.558408 ], [ -100.549781, 43.558433 ], [ -100.54976, 43.565646 ], [ -100.539843, 43.56569 ], [ -100.539932, 43.551219 ], [ -100.559737, 43.551179 ], [ -100.559714, 43.558408 ] ] ], [ [ [ -100.559886, 43.630768 ], [ -100.549927, 43.630788 ], [ -100.549813, 43.62351 ], [ -100.55989, 43.623494 ], [ -100.559886, 43.630768 ] ] ], [ [ [ -100.559996, 43.710334 ], [ -100.550022, 43.710349 ], [ -100.549905, 43.717729 ], [ -100.540051, 43.717747 ], [ -100.540053, 43.724828 ], [ -100.52013, 43.72479 ], [ -100.520132, 43.732082 ], [ -100.504639, 43.728804 ], [ -100.490208, 43.737194 ], [ -100.490221, 43.724863 ], [ -100.510161, 43.724865 ], [ -100.510163, 43.717629 ], [ -100.530019, 43.717611 ], [ -100.530101, 43.710438 ], [ -100.540052, 43.7104 ], [ -100.540051, 43.703121 ], [ -100.560094, 43.703095 ], [ -100.559996, 43.710334 ] ] ], [ [ [ -100.569822, 43.616313 ], [ -100.539962, 43.616335 ], [ -100.539952, 43.609099 ], [ -100.549683, 43.609077 ], [ -100.549813, 43.594594 ], [ -100.569744, 43.594555 ], [ -100.569822, 43.616313 ] ] ], [ [ [ -100.569898, 43.703088 ], [ -100.560094, 43.703095 ], [ -100.559974, 43.695874 ], [ -100.510169, 43.695906 ], [ -100.510167, 43.688669 ], [ -100.500208, 43.688675 ], [ -100.500208, 43.681444 ], [ -100.48029, 43.681482 ], [ -100.480295, 43.695812 ], [ -100.500209, 43.695905 ], [ -100.500206, 43.703139 ], [ -100.490244, 43.703132 ], [ -100.490238, 43.710358 ], [ -100.480296, 43.710375 ], [ -100.480276, 43.717618 ], [ -100.49023, 43.717611 ], [ -100.490221, 43.724863 ], [ -100.475268, 43.72487 ], [ -100.470464, 43.728231 ], [ -100.477065, 43.722328 ], [ -100.460115, 43.72105 ], [ -100.460111, 43.717617 ], [ -100.470361, 43.717624 ], [ -100.470355, 43.710392 ], [ -100.430119, 43.710314 ], [ -100.430427, 43.72391 ], [ -100.419494, 43.718033 ], [ -100.413999, 43.723148 ], [ -100.412986, 43.7278 ], [ -100.418328, 43.735361 ], [ -100.415428, 43.735582 ], [ -100.410059, 43.733456 ], [ -100.410172, 43.713885 ], [ -100.420173, 43.710288 ], [ -100.420146, 43.695809 ], [ -100.430128, 43.695833 ], [ -100.430102, 43.681367 ], [ -100.44008, 43.681383 ], [ -100.440039, 43.666907 ], [ -100.410121, 43.666828 ], [ -100.410115, 43.652449 ], [ -100.439998, 43.65245 ], [ -100.440017, 43.659671 ], [ -100.470309, 43.659751 ], [ -100.470317, 43.666986 ], [ -100.490203, 43.666988 ], [ -100.490219, 43.674221 ], [ -100.500295, 43.674211 ], [ -100.50021, 43.666977 ], [ -100.510122, 43.666969 ], [ -100.510167, 43.681356 ], [ -100.540034, 43.681405 ], [ -100.540027, 43.674123 ], [ -100.559971, 43.674094 ], [ -100.559972, 43.681382 ], [ -100.549997, 43.68139 ], [ -100.550004, 43.688646 ], [ -100.569956, 43.688611 ], [ -100.569898, 43.703088 ] ] ], [ [ [ -100.573123, 43.422781 ], [ -100.561082, 43.422781 ], [ -100.56121, 43.41917 ], [ -100.566034, 43.419163 ], [ -100.566024, 43.415544 ], [ -100.573137, 43.415544 ], [ -100.573123, 43.422781 ] ] ], [ [ [ -100.59018, 43.493278 ], [ -100.579521, 43.493292 ], [ -100.579558, 43.50775 ], [ -100.569603, 43.507762 ], [ -100.569591, 43.500601 ], [ -100.559661, 43.500598 ], [ -100.559636, 43.486083 ], [ -100.5497, 43.486098 ], [ -100.549712, 43.49334 ], [ -100.519917, 43.493364 ], [ -100.519877, 43.478888 ], [ -100.569566, 43.478831 ], [ -100.569577, 43.493304 ], [ -100.574549, 43.493298 ], [ -100.574535, 43.478825 ], [ -100.59018, 43.478808 ], [ -100.59018, 43.493278 ] ] ], [ [ [ -100.59028, 43.724742 ], [ -100.579937, 43.724804 ], [ -100.579962, 43.717557 ], [ -100.590279, 43.717549 ], [ -100.59028, 43.724742 ] ] ], [ [ [ -100.590453, 43.767793 ], [ -100.580093, 43.763429 ], [ -100.577822, 43.754298 ], [ -100.569967, 43.752514 ], [ -100.553536, 43.756059 ], [ -100.550303, 43.744898 ], [ -100.554747, 43.741082 ], [ -100.561367, 43.743749 ], [ -100.560518, 43.74071 ], [ -100.554687, 43.737247 ], [ -100.530108, 43.739336 ], [ -100.530106, 43.732078 ], [ -100.549978, 43.732074 ], [ -100.549989, 43.728452 ], [ -100.560001, 43.72844 ], [ -100.560011, 43.739267 ], [ -100.584961, 43.739269 ], [ -100.584964, 43.74289 ], [ -100.590278, 43.742891 ], [ -100.590453, 43.767793 ] ] ], [ [ [ -100.600222, 43.695492 ], [ -100.579958, 43.695841 ], [ -100.57994, 43.688602 ], [ -100.590189, 43.68859 ], [ -100.590239, 43.682439 ], [ -100.600235, 43.681246 ], [ -100.600222, 43.695492 ] ] ], [ [ [ -100.600248, 43.652352 ], [ -100.569926, 43.652411 ], [ -100.569914, 43.645215 ], [ -100.600244, 43.64511 ], [ -100.600248, 43.652352 ] ] ], [ [ [ -100.602867, 43.455086 ], [ -100.592923, 43.455161 ], [ -100.592981, 43.447952 ], [ -100.602878, 43.447876 ], [ -100.602867, 43.455086 ] ] ], [ [ [ -100.610224, 43.713795 ], [ -100.590279, 43.717549 ], [ -100.59028, 43.71031 ], [ -100.579951, 43.710313 ], [ -100.579962, 43.717557 ], [ -100.569984, 43.717563 ], [ -100.569898, 43.703088 ], [ -100.600236, 43.702994 ], [ -100.600249, 43.710239 ], [ -100.610234, 43.710168 ], [ -100.610224, 43.713795 ] ] ], [ [ [ -100.612845, 43.440584 ], [ -100.592966, 43.440732 ], [ -100.592973, 43.437122 ], [ -100.561235, 43.437254 ], [ -100.561261, 43.462641 ], [ -100.573031, 43.462632 ], [ -100.573065, 43.451755 ], [ -100.566142, 43.451741 ], [ -100.566128, 43.448105 ], [ -100.583015, 43.448027 ], [ -100.583, 43.455248 ], [ -100.592923, 43.455161 ], [ -100.592852, 43.462369 ], [ -100.602728, 43.462333 ], [ -100.602856, 43.476731 ], [ -100.592941, 43.476782 ], [ -100.592939, 43.469564 ], [ -100.582979, 43.469691 ], [ -100.582973, 43.476924 ], [ -100.573004, 43.477063 ], [ -100.573013, 43.469842 ], [ -100.561254, 43.469813 ], [ -100.561286, 43.477028 ], [ -100.551352, 43.476992 ], [ -100.551241, 43.448113 ], [ -100.531389, 43.448086 ], [ -100.531362, 43.440852 ], [ -100.551206, 43.437255 ], [ -100.551183, 43.430018 ], [ -100.612875, 43.429755 ], [ -100.612845, 43.440584 ] ] ], [ [ [ -100.620255, 43.724634 ], [ -100.610179, 43.72467 ], [ -100.610173, 43.731924 ], [ -100.600411, 43.731982 ], [ -100.600316, 43.739285 ], [ -100.590283, 43.739276 ], [ -100.59028, 43.724742 ], [ -100.600284, 43.724708 ], [ -100.600262, 43.717485 ], [ -100.620201, 43.717364 ], [ -100.620255, 43.724634 ] ] ], [ [ [ -100.629863, 43.507623 ], [ -100.619946, 43.507706 ], [ -100.619967, 43.500422 ], [ -100.629862, 43.500399 ], [ -100.629863, 43.507623 ] ] ], [ [ [ -100.62986, 43.493175 ], [ -100.619987, 43.493204 ], [ -100.619967, 43.500422 ], [ -100.59017, 43.50051 ], [ -100.59018, 43.493278 ], [ -100.600103, 43.493249 ], [ -100.600109, 43.486017 ], [ -100.620007, 43.485968 ], [ -100.619997, 43.489582 ], [ -100.629869, 43.48956 ], [ -100.62986, 43.493175 ] ] ], [ [ [ -100.630035, 43.702801 ], [ -100.610254, 43.702914 ], [ -100.610274, 43.69567 ], [ -100.629589, 43.69555 ], [ -100.630035, 43.702801 ] ] ], [ [ [ -100.632642, 43.440504 ], [ -100.622725, 43.440545 ], [ -100.622728, 43.433329 ], [ -100.632639, 43.43329 ], [ -100.632642, 43.440504 ] ] ], [ [ [ -100.639812, 43.485918 ], [ -100.629878, 43.485944 ], [ -100.629906, 43.478772 ], [ -100.639824, 43.478749 ], [ -100.639812, 43.485918 ] ] ], [ [ [ -100.647542, 43.425991 ], [ -100.63761, 43.426049 ], [ -100.637615, 43.418837 ], [ -100.647544, 43.418774 ], [ -100.647542, 43.425991 ] ] ], [ [ [ -100.652537, 43.469224 ], [ -100.642596, 43.469286 ], [ -100.642585, 43.462055 ], [ -100.652534, 43.461992 ], [ -100.652537, 43.469224 ] ] ], [ [ [ -100.669606, 43.514762 ], [ -100.659679, 43.514793 ], [ -100.659673, 43.507557 ], [ -100.669597, 43.50753 ], [ -100.669606, 43.514762 ] ] ], [ [ [ -100.669651, 43.550926 ], [ -100.659714, 43.550949 ], [ -100.659705, 43.54372 ], [ -100.669646, 43.543697 ], [ -100.669651, 43.550926 ] ] ], [ [ [ -100.679651, 43.572555 ], [ -100.659768, 43.572627 ], [ -100.659738, 43.565412 ], [ -100.679623, 43.565344 ], [ -100.679651, 43.572555 ] ] ], [ [ [ -100.68228, 43.469044 ], [ -100.672373, 43.469096 ], [ -100.672353, 43.461865 ], [ -100.66244, 43.461928 ], [ -100.662434, 43.454732 ], [ -100.652614, 43.45479 ], [ -100.652561, 43.451191 ], [ -100.647542, 43.451223 ], [ -100.647552, 43.458423 ], [ -100.642582, 43.458455 ], [ -100.642573, 43.447654 ], [ -100.632644, 43.447718 ], [ -100.632642, 43.440504 ], [ -100.637607, 43.440473 ], [ -100.637639, 43.436868 ], [ -100.64754, 43.43681 ], [ -100.64754, 43.433205 ], [ -100.652508, 43.433177 ], [ -100.652564, 43.440384 ], [ -100.662431, 43.440329 ], [ -100.662434, 43.433122 ], [ -100.67236, 43.433067 ], [ -100.672355, 43.447481 ], [ -100.682278, 43.447426 ], [ -100.68228, 43.469044 ] ] ], [ [ [ -100.686075, 43.630325 ], [ -100.679762, 43.630335 ], [ -100.679692, 43.623054 ], [ -100.682643, 43.62305 ], [ -100.686075, 43.630325 ] ] ], [ [ [ -100.68948, 43.514683 ], [ -100.689474, 43.521913 ], [ -100.679545, 43.521954 ], [ -100.679543, 43.514723 ], [ -100.68948, 43.514683 ] ] ], [ [ [ -100.689558, 43.557974 ], [ -100.669671, 43.558105 ], [ -100.669651, 43.550926 ], [ -100.679595, 43.550884 ], [ -100.679588, 43.543652 ], [ -100.68953, 43.543607 ], [ -100.689558, 43.557974 ] ] ], [ [ [ -100.689792, 43.62306 ], [ -100.68389, 43.62304 ], [ -100.689717, 43.618426 ], [ -100.689792, 43.62306 ] ] ], [ [ [ -100.700871, 43.454475 ], [ -100.690954, 43.454581 ], [ -100.690866, 43.447376 ], [ -100.700882, 43.447372 ], [ -100.700871, 43.454475 ] ] ], [ [ [ -100.71024, 43.651967 ], [ -100.689849, 43.652021 ], [ -100.689822, 43.644803 ], [ -100.669928, 43.64486 ], [ -100.669936, 43.652079 ], [ -100.63009, 43.652209 ], [ -100.630075, 43.637753 ], [ -100.61017, 43.637821 ], [ -100.610156, 43.630599 ], [ -100.57981, 43.630709 ], [ -100.579813, 43.623477 ], [ -100.620101, 43.623332 ], [ -100.620112, 43.63056 ], [ -100.630068, 43.630521 ], [ -100.630165, 43.616058 ], [ -100.63999, 43.616005 ], [ -100.639975, 43.60879 ], [ -100.649916, 43.608749 ], [ -100.649952, 43.623152 ], [ -100.669791, 43.62309 ], [ -100.669895, 43.637607 ], [ -100.710237, 43.637506 ], [ -100.71024, 43.651967 ] ] ], [ [ [ -100.710797, 43.476266 ], [ -100.690911, 43.476174 ], [ -100.689431, 43.485794 ], [ -100.669571, 43.485844 ], [ -100.669586, 43.5003 ], [ -100.659668, 43.500327 ], [ -100.659663, 43.493095 ], [ -100.64975, 43.49312 ], [ -100.649754, 43.478723 ], [ -100.682311, 43.47859 ], [ -100.68228, 43.469044 ], [ -100.710774, 43.469031 ], [ -100.710797, 43.476266 ] ] ], [ [ [ -100.720234, 43.547115 ], [ -100.710263, 43.547148 ], [ -100.710264, 43.550762 ], [ -100.699489, 43.550804 ], [ -100.69948, 43.543572 ], [ -100.720236, 43.543501 ], [ -100.720234, 43.547115 ] ] ], [ [ [ -100.740109, 43.507306 ], [ -100.730584, 43.507322 ], [ -100.730152, 43.500099 ], [ -100.7401, 43.500075 ], [ -100.740109, 43.507306 ] ] ], [ [ [ -100.740132, 43.666288 ], [ -100.720198, 43.666378 ], [ -100.720205, 43.651925 ], [ -100.73017, 43.651883 ], [ -100.73017, 43.644673 ], [ -100.740131, 43.64464 ], [ -100.740132, 43.666288 ] ] ], [ [ [ -100.740189, 43.565042 ], [ -100.740131, 43.579573 ], [ -100.730182, 43.579611 ], [ -100.730112, 43.565114 ], [ -100.740189, 43.565042 ] ] ], [ [ [ -100.750081, 43.593993 ], [ -100.740128, 43.594026 ], [ -100.740129, 43.5868 ], [ -100.75008, 43.586765 ], [ -100.750081, 43.593993 ] ] ], [ [ [ -100.750091, 43.644606 ], [ -100.740131, 43.64464 ], [ -100.740192, 43.637405 ], [ -100.75009, 43.637291 ], [ -100.750091, 43.644606 ] ] ], [ [ [ -100.759965, 43.500008 ], [ -100.750236, 43.499999 ], [ -100.750059, 43.492813 ], [ -100.759951, 43.492776 ], [ -100.759965, 43.500008 ] ] ], [ [ [ -100.760017, 43.579493 ], [ -100.755048, 43.579514 ], [ -100.755032, 43.574833 ], [ -100.758774, 43.574848 ], [ -100.760017, 43.579493 ] ] ], [ [ [ -100.760083, 43.680652 ], [ -100.750115, 43.680696 ], [ -100.750112, 43.695161 ], [ -100.740141, 43.695199 ], [ -100.740141, 43.698814 ], [ -100.735155, 43.698831 ], [ -100.735155, 43.702444 ], [ -100.730169, 43.702458 ], [ -100.72738, 43.714003 ], [ -100.738854, 43.717301 ], [ -100.73797, 43.720691 ], [ -100.727023, 43.721483 ], [ -100.722708, 43.711415 ], [ -100.716076, 43.72039 ], [ -100.706768, 43.718064 ], [ -100.701476, 43.724832 ], [ -100.696721, 43.724792 ], [ -100.697554, 43.716359 ], [ -100.67985, 43.711636 ], [ -100.676659, 43.713752 ], [ -100.677477, 43.722706 ], [ -100.650238, 43.731736 ], [ -100.650258, 43.739248 ], [ -100.646095, 43.73925 ], [ -100.645234, 43.735383 ], [ -100.640226, 43.735397 ], [ -100.640212, 43.724562 ], [ -100.630223, 43.724598 ], [ -100.629977, 43.717316 ], [ -100.620201, 43.717364 ], [ -100.620153, 43.710166 ], [ -100.630086, 43.709994 ], [ -100.630035, 43.702801 ], [ -100.650084, 43.702735 ], [ -100.650048, 43.695513 ], [ -100.630842, 43.695553 ], [ -100.631289, 43.688373 ], [ -100.605946, 43.688381 ], [ -100.605199, 43.681266 ], [ -100.61017, 43.681238 ], [ -100.610158, 43.674009 ], [ -100.59029, 43.674088 ], [ -100.590298, 43.659638 ], [ -100.620129, 43.659504 ], [ -100.620142, 43.652257 ], [ -100.63009, 43.652209 ], [ -100.630086, 43.666721 ], [ -100.649975, 43.666605 ], [ -100.650049, 43.680496 ], [ -100.655751, 43.67893 ], [ -100.658797, 43.673812 ], [ -100.66996, 43.673763 ], [ -100.670045, 43.68823 ], [ -100.660045, 43.688266 ], [ -100.660105, 43.70271 ], [ -100.680091, 43.702622 ], [ -100.680045, 43.695437 ], [ -100.699964, 43.695384 ], [ -100.699954, 43.688139 ], [ -100.709894, 43.688107 ], [ -100.710241, 43.673644 ], [ -100.740134, 43.673517 ], [ -100.740132, 43.666288 ], [ -100.750108, 43.666238 ], [ -100.750112, 43.673467 ], [ -100.760076, 43.673426 ], [ -100.760083, 43.680652 ] ], [ [ -100.725194, 43.695194 ], [ -100.720205, 43.695219 ], [ -100.720209, 43.698905 ], [ -100.725189, 43.698876 ], [ -100.725194, 43.695194 ] ], [ [ -100.630065, 43.677541 ], [ -100.62509, 43.677561 ], [ -100.625076, 43.68478 ], [ -100.63005, 43.684335 ], [ -100.630065, 43.677541 ] ], [ [ -100.699964, 43.695384 ], [ -100.69998, 43.702616 ], [ -100.710243, 43.702585 ], [ -100.710242, 43.695269 ], [ -100.699964, 43.695384 ] ], [ [ -100.740141, 43.695199 ], [ -100.740139, 43.687972 ], [ -100.730163, 43.688015 ], [ -100.73017, 43.695236 ], [ -100.740141, 43.695199 ] ], [ [ -100.69998, 43.702616 ], [ -100.690042, 43.702644 ], [ -100.690068, 43.705652 ], [ -100.699988, 43.706235 ], [ -100.69998, 43.702616 ] ] ], [ [ [ -100.770015, 43.607802 ], [ -100.720218, 43.604946 ], [ -100.720212, 43.615824 ], [ -100.698428, 43.614897 ], [ -100.684706, 43.619447 ], [ -100.684725, 43.608572 ], [ -100.689706, 43.608664 ], [ -100.689674, 43.601401 ], [ -100.69963, 43.60139 ], [ -100.699588, 43.594171 ], [ -100.710257, 43.594146 ], [ -100.710263, 43.586918 ], [ -100.720221, 43.586877 ], [ -100.720217, 43.601331 ], [ -100.730167, 43.601283 ], [ -100.730193, 43.597671 ], [ -100.75009, 43.59761 ], [ -100.749844, 43.601252 ], [ -100.760029, 43.601182 ], [ -100.760021, 43.593965 ], [ -100.769966, 43.593916 ], [ -100.770015, 43.607802 ] ] ], [ [ [ -100.779511, 43.72406 ], [ -100.767717, 43.731751 ], [ -100.755484, 43.732967 ], [ -100.760998, 43.739219 ], [ -100.750151, 43.734198 ], [ -100.744917, 43.738575 ], [ -100.741702, 43.73138 ], [ -100.753787, 43.722917 ], [ -100.74266, 43.716888 ], [ -100.755111, 43.716847 ], [ -100.755115, 43.709614 ], [ -100.760093, 43.709547 ], [ -100.760102, 43.705972 ], [ -100.770082, 43.705924 ], [ -100.770085, 43.716777 ], [ -100.760093, 43.716824 ], [ -100.760085, 43.724052 ], [ -100.779511, 43.72406 ] ] ], [ [ [ -100.77997, 43.65157 ], [ -100.770059, 43.651571 ], [ -100.770044, 43.644507 ], [ -100.779966, 43.644481 ], [ -100.77997, 43.65157 ] ] ], [ [ [ -100.780296, 43.469104 ], [ -100.770367, 43.469096 ], [ -100.770364, 43.476331 ], [ -100.760432, 43.476316 ], [ -100.760439, 43.461866 ], [ -100.780299, 43.461869 ], [ -100.780296, 43.469104 ] ] ], [ [ [ -100.784186, 43.72767 ], [ -100.777344, 43.731488 ], [ -100.775311, 43.729274 ], [ -100.784186, 43.72767 ] ] ], [ [ [ -100.7899, 43.637222 ], [ -100.75009, 43.637291 ], [ -100.750087, 43.622913 ], [ -100.769998, 43.622804 ], [ -100.770022, 43.615581 ], [ -100.789911, 43.615527 ], [ -100.7899, 43.637222 ] ], [ [ -100.769998, 43.622804 ], [ -100.770016, 43.630037 ], [ -100.779964, 43.630018 ], [ -100.779958, 43.622781 ], [ -100.769998, 43.622804 ] ] ], [ [ [ -100.789805, 43.521547 ], [ -100.779864, 43.521595 ], [ -100.779884, 43.536055 ], [ -100.769873, 43.536112 ], [ -100.769844, 43.521643 ], [ -100.76, 43.521691 ], [ -100.759989, 43.514466 ], [ -100.779826, 43.514368 ], [ -100.779878, 43.507074 ], [ -100.789913, 43.507052 ], [ -100.789805, 43.521547 ] ] ], [ [ [ -100.790019, 43.725606 ], [ -100.780066, 43.723998 ], [ -100.78006, 43.716732 ], [ -100.790021, 43.716686 ], [ -100.790019, 43.725606 ] ] ], [ [ [ -100.795189, 43.414961 ], [ -100.790227, 43.41495 ], [ -100.790226, 43.411341 ], [ -100.795188, 43.411352 ], [ -100.795189, 43.414961 ] ] ], [ [ [ -100.80901, 43.433038 ], [ -100.780306, 43.433 ], [ -100.780308, 43.418549 ], [ -100.800152, 43.418583 ], [ -100.80015, 43.414972 ], [ -100.805115, 43.414983 ], [ -100.805117, 43.418595 ], [ -100.808989, 43.418605 ], [ -100.80901, 43.433038 ] ] ], [ [ [ -100.809097, 43.476381 ], [ -100.780293, 43.476343 ], [ -100.780296, 43.469104 ], [ -100.800164, 43.469131 ], [ -100.800183, 43.46189 ], [ -100.809072, 43.461871 ], [ -100.809097, 43.476381 ] ] ], [ [ [ -100.809609, 43.492565 ], [ -100.789753, 43.492639 ], [ -100.789738, 43.485411 ], [ -100.77998, 43.485457 ], [ -100.779878, 43.507074 ], [ -100.75998, 43.507167 ], [ -100.759965, 43.500008 ], [ -100.769823, 43.499997 ], [ -100.769865, 43.485504 ], [ -100.750061, 43.485583 ], [ -100.750059, 43.492813 ], [ -100.745062, 43.492829 ], [ -100.745055, 43.489215 ], [ -100.740085, 43.489231 ], [ -100.74009, 43.492844 ], [ -100.730146, 43.492875 ], [ -100.730152, 43.500099 ], [ -100.720213, 43.500144 ], [ -100.720218, 43.507373 ], [ -100.710278, 43.507423 ], [ -100.71027, 43.478514 ], [ -100.740108, 43.478392 ], [ -100.740307, 43.476366 ], [ -100.7207, 43.476279 ], [ -100.720701, 43.469042 ], [ -100.710774, 43.469031 ], [ -100.710789, 43.454581 ], [ -100.730626, 43.454614 ], [ -100.730625, 43.461826 ], [ -100.750507, 43.461866 ], [ -100.750498, 43.478351 ], [ -100.809452, 43.478104 ], [ -100.809609, 43.492565 ] ] ], [ [ [ -100.819589, 43.51424 ], [ -100.809647, 43.514265 ], [ -100.809633, 43.507031 ], [ -100.819569, 43.507007 ], [ -100.819589, 43.51424 ] ] ], [ [ [ -100.819749, 43.629837 ], [ -100.80979, 43.629866 ], [ -100.809793, 43.622642 ], [ -100.819761, 43.622613 ], [ -100.819749, 43.629837 ] ] ], [ [ [ -100.819791, 43.647904 ], [ -100.80983, 43.647943 ], [ -100.809845, 43.651561 ], [ -100.799889, 43.651601 ], [ -100.799869, 43.644389 ], [ -100.819773, 43.644287 ], [ -100.819791, 43.647904 ] ] ], [ [ [ -100.819826, 43.658734 ], [ -100.809855, 43.658774 ], [ -100.809845, 43.651561 ], [ -100.81981, 43.651521 ], [ -100.819826, 43.658734 ] ] ], [ [ [ -100.81985, 43.694836 ], [ -100.799949, 43.694912 ], [ -100.799945, 43.691309 ], [ -100.790005, 43.691362 ], [ -100.790009, 43.694978 ], [ -100.770074, 43.695069 ], [ -100.770063, 43.687838 ], [ -100.760122, 43.687884 ], [ -100.760083, 43.680652 ], [ -100.780022, 43.680559 ], [ -100.780011, 43.673335 ], [ -100.770041, 43.673383 ], [ -100.770031, 43.666158 ], [ -100.78997, 43.66606 ], [ -100.790001, 43.687745 ], [ -100.819859, 43.68761 ], [ -100.81985, 43.694836 ] ] ], [ [ [ -100.819979, 43.752636 ], [ -100.809961, 43.752634 ], [ -100.809949, 43.745396 ], [ -100.819947, 43.745398 ], [ -100.819979, 43.752636 ] ] ], [ [ [ -100.823968, 43.465525 ], [ -100.819004, 43.465528 ], [ -100.819, 43.461915 ], [ -100.823964, 43.461913 ], [ -100.823968, 43.465525 ] ] ], [ [ [ -100.828896, 43.447485 ], [ -100.818968, 43.447482 ], [ -100.818984, 43.454699 ], [ -100.800169, 43.454679 ], [ -100.800162, 43.447461 ], [ -100.80904, 43.44748 ], [ -100.809025, 43.440259 ], [ -100.818954, 43.440258 ], [ -100.81894, 43.433033 ], [ -100.82887, 43.433027 ], [ -100.828896, 43.447485 ] ] ], [ [ [ -100.830142, 43.709189 ], [ -100.819899, 43.709242 ], [ -100.819874, 43.702063 ], [ -100.83014, 43.702031 ], [ -100.830142, 43.709189 ] ] ], [ [ [ -100.830165, 43.608125 ], [ -100.809784, 43.608186 ], [ -100.809777, 43.600961 ], [ -100.830175, 43.600891 ], [ -100.830165, 43.608125 ] ] ], [ [ [ -100.830169, 43.506984 ], [ -100.819569, 43.507007 ], [ -100.819558, 43.499772 ], [ -100.809621, 43.499798 ], [ -100.809609, 43.492565 ], [ -100.83019, 43.492502 ], [ -100.830169, 43.506984 ] ] ], [ [ [ -100.830198, 43.579227 ], [ -100.789851, 43.57938 ], [ -100.789868, 43.586607 ], [ -100.774937, 43.586664 ], [ -100.774932, 43.583048 ], [ -100.779908, 43.58303 ], [ -100.779902, 43.579415 ], [ -100.769873, 43.579535 ], [ -100.76996, 43.586683 ], [ -100.75505, 43.586744 ], [ -100.755049, 43.583129 ], [ -100.762502, 43.58129 ], [ -100.765007, 43.572248 ], [ -100.750089, 43.572312 ], [ -100.750079, 43.550623 ], [ -100.730167, 43.550695 ], [ -100.730171, 43.543469 ], [ -100.720236, 43.543501 ], [ -100.720243, 43.529047 ], [ -100.689497, 43.529144 ], [ -100.689474, 43.521913 ], [ -100.730084, 43.521791 ], [ -100.730377, 43.529031 ], [ -100.735152, 43.529003 ], [ -100.735153, 43.521778 ], [ -100.737641, 43.521772 ], [ -100.737641, 43.528998 ], [ -100.75008, 43.528966 ], [ -100.750986, 43.536186 ], [ -100.76988, 43.539725 ], [ -100.769892, 43.543325 ], [ -100.789846, 43.54323 ], [ -100.789855, 43.550451 ], [ -100.799789, 43.550423 ], [ -100.799789, 43.557661 ], [ -100.779894, 43.561354 ], [ -100.7798, 43.572114 ], [ -100.789855, 43.572144 ], [ -100.789849, 43.564923 ], [ -100.830177, 43.564792 ], [ -100.830198, 43.579227 ] ], [ [ -100.750085, 43.540093 ], [ -100.740128, 43.539827 ], [ -100.740129, 43.54218 ], [ -100.750081, 43.543406 ], [ -100.750085, 43.540093 ] ], [ [ -100.750079, 43.550623 ], [ -100.769949, 43.550553 ], [ -100.769943, 43.54694 ], [ -100.750079, 43.547013 ], [ -100.750079, 43.550623 ] ], [ [ -100.765007, 43.572248 ], [ -100.769944, 43.572227 ], [ -100.769939, 43.568615 ], [ -100.765131, 43.568638 ], [ -100.765007, 43.572248 ] ] ], [ [ [ -100.838861, 43.461912 ], [ -100.828928, 43.46191 ], [ -100.828912, 43.454697 ], [ -100.838844, 43.454695 ], [ -100.838861, 43.461912 ] ] ], [ [ [ -100.838877, 43.47784 ], [ -100.830139, 43.477965 ], [ -100.830145, 43.485258 ], [ -100.819529, 43.485298 ], [ -100.819014, 43.472756 ], [ -100.814053, 43.47276 ], [ -100.814049, 43.469144 ], [ -100.838868, 43.469141 ], [ -100.838877, 43.47784 ] ] ], [ [ [ -100.845099, 43.564755 ], [ -100.840122, 43.564766 ], [ -100.840119, 43.561154 ], [ -100.845093, 43.561146 ], [ -100.845099, 43.564755 ] ] ], [ [ [ -100.848777, 43.454692 ], [ -100.838844, 43.454695 ], [ -100.838828, 43.447478 ], [ -100.848761, 43.44747 ], [ -100.848777, 43.454692 ] ] ], [ [ [ -100.850089, 43.644241 ], [ -100.830178, 43.644248 ], [ -100.83018, 43.640638 ], [ -100.819773, 43.644287 ], [ -100.819736, 43.637057 ], [ -100.850063, 43.637007 ], [ -100.850089, 43.644241 ] ] ], [ [ [ -100.850093, 43.723744 ], [ -100.84011, 43.723725 ], [ -100.840117, 43.709261 ], [ -100.849991, 43.70927 ], [ -100.850093, 43.723744 ] ] ], [ [ [ -100.86992, 43.691249 ], [ -100.865055, 43.691236 ], [ -100.865054, 43.687622 ], [ -100.869884, 43.68763 ], [ -100.86992, 43.691249 ] ] ], [ [ [ -100.869938, 43.702088 ], [ -100.860069, 43.702069 ], [ -100.860068, 43.709279 ], [ -100.849991, 43.70927 ], [ -100.850059, 43.694838 ], [ -100.869955, 43.694832 ], [ -100.869938, 43.702088 ] ] ], [ [ [ -100.870041, 43.651488 ], [ -100.859923, 43.650254 ], [ -100.859917, 43.637012 ], [ -100.870016, 43.63702 ], [ -100.870041, 43.651488 ] ] ], [ [ [ -100.870049, 43.752663 ], [ -100.860064, 43.752654 ], [ -100.860076, 43.727372 ], [ -100.870058, 43.727381 ], [ -100.870049, 43.752663 ] ] ], [ [ [ -100.879801, 43.499663 ], [ -100.850006, 43.499692 ], [ -100.850021, 43.506976 ], [ -100.840093, 43.50696 ], [ -100.840045, 43.492477 ], [ -100.83019, 43.492502 ], [ -100.830145, 43.485258 ], [ -100.859921, 43.485211 ], [ -100.859927, 43.477516 ], [ -100.879791, 43.477185 ], [ -100.879801, 43.499663 ] ] ], [ [ [ -100.879833, 43.514126 ], [ -100.869874, 43.51414 ], [ -100.869858, 43.506942 ], [ -100.879817, 43.506934 ], [ -100.879833, 43.514126 ] ] ], [ [ [ -100.880051, 43.767149 ], [ -100.860138, 43.767122 ], [ -100.860101, 43.759897 ], [ -100.880044, 43.759914 ], [ -100.880051, 43.767149 ] ] ], [ [ [ -100.889727, 43.485181 ], [ -100.884757, 43.485189 ], [ -100.884757, 43.48157 ], [ -100.889726, 43.481561 ], [ -100.889727, 43.485181 ] ] ], [ [ [ -100.889968, 43.637028 ], [ -100.870016, 43.63702 ], [ -100.87001, 43.629792 ], [ -100.860037, 43.629788 ], [ -100.859917, 43.637012 ], [ -100.850063, 43.637007 ], [ -100.849951, 43.626156 ], [ -100.860036, 43.626174 ], [ -100.860034, 43.622561 ], [ -100.889955, 43.622579 ], [ -100.889968, 43.637028 ] ] ], [ [ [ -100.890028, 43.788881 ], [ -100.885027, 43.788873 ], [ -100.88503, 43.785253 ], [ -100.877276, 43.785243 ], [ -100.876071, 43.781624 ], [ -100.890037, 43.781637 ], [ -100.890028, 43.788881 ] ] ], [ [ [ -100.895015, 43.792869 ], [ -100.890028, 43.791745 ], [ -100.890028, 43.788881 ], [ -100.895042, 43.788884 ], [ -100.895015, 43.792869 ] ] ], [ [ [ -100.898331, 43.432969 ], [ -100.878374, 43.432975 ], [ -100.878313, 43.42575 ], [ -100.888397, 43.42573 ], [ -100.888386, 43.418503 ], [ -100.898315, 43.418389 ], [ -100.898331, 43.432969 ] ] ], [ [ [ -100.899988, 43.709329 ], [ -100.88002, 43.709319 ], [ -100.880018, 43.694833 ], [ -100.889993, 43.694832 ], [ -100.88999, 43.687637 ], [ -100.899981, 43.687646 ], [ -100.899988, 43.709329 ] ] ], [ [ [ -100.900032, 43.752706 ], [ -100.890026, 43.752693 ], [ -100.890029, 43.749084 ], [ -100.89503, 43.74909 ], [ -100.89503, 43.745481 ], [ -100.90003, 43.745487 ], [ -100.900032, 43.752706 ] ] ], [ [ [ -100.909751, 43.535745 ], [ -100.879888, 43.535823 ], [ -100.879915, 43.550284 ], [ -100.869958, 43.550289 ], [ -100.869945, 43.543066 ], [ -100.850049, 43.543089 ], [ -100.850031, 43.528639 ], [ -100.809868, 43.52872 ], [ -100.809662, 43.521499 ], [ -100.830156, 43.52144 ], [ -100.830169, 43.506984 ], [ -100.840093, 43.50696 ], [ -100.840091, 43.521425 ], [ -100.850026, 43.521411 ], [ -100.850021, 43.506976 ], [ -100.859937, 43.506962 ], [ -100.859952, 43.514169 ], [ -100.869874, 43.51414 ], [ -100.869915, 43.521378 ], [ -100.889809, 43.521342 ], [ -100.889754, 43.499648 ], [ -100.899693, 43.499623 ], [ -100.89976, 43.521309 ], [ -100.909712, 43.521276 ], [ -100.909751, 43.535745 ] ] ], [ [ [ -100.909985, 43.7238 ], [ -100.889865, 43.723786 ], [ -100.889865, 43.716555 ], [ -100.899991, 43.716561 ], [ -100.899988, 43.709329 ], [ -100.909981, 43.709332 ], [ -100.909985, 43.7238 ] ] ], [ [ [ -100.91005, 43.774414 ], [ -100.900046, 43.774406 ], [ -100.900038, 43.759938 ], [ -100.910039, 43.75995 ], [ -100.91005, 43.774414 ] ] ], [ [ [ -100.918154, 43.418458 ], [ -100.908224, 43.418423 ], [ -100.908208, 43.411294 ], [ -100.918133, 43.411311 ], [ -100.918154, 43.418458 ] ] ], [ [ [ -100.918247, 43.454714 ], [ -100.898369, 43.454679 ], [ -100.898382, 43.461924 ], [ -100.888461, 43.461909 ], [ -100.888432, 43.447424 ], [ -100.918228, 43.447472 ], [ -100.918247, 43.454714 ] ] ], [ [ [ -100.919531, 43.485144 ], [ -100.909595, 43.485158 ], [ -100.909631, 43.499597 ], [ -100.899693, 43.499623 ], [ -100.899657, 43.476857 ], [ -100.919517, 43.476534 ], [ -100.919531, 43.485144 ] ] ], [ [ [ -100.919817, 43.579088 ], [ -100.909853, 43.579124 ], [ -100.909854, 43.571944 ], [ -100.919837, 43.571947 ], [ -100.919817, 43.579088 ] ] ], [ [ [ -100.920015, 43.745505 ], [ -100.90003, 43.745487 ], [ -100.900028, 43.738267 ], [ -100.920005, 43.738281 ], [ -100.920015, 43.745505 ] ] ], [ [ [ -100.920045, 43.781637 ], [ -100.91006, 43.781649 ], [ -100.91005, 43.774414 ], [ -100.920037, 43.774407 ], [ -100.920045, 43.781637 ] ] ], [ [ [ -100.927766, 43.4692 ], [ -100.91824, 43.469196 ], [ -100.918247, 43.454714 ], [ -100.927754, 43.454735 ], [ -100.927766, 43.4692 ] ] ], [ [ [ -100.929486, 43.492359 ], [ -100.919543, 43.492368 ], [ -100.919531, 43.485144 ], [ -100.929466, 43.485128 ], [ -100.929486, 43.492359 ] ] ], [ [ [ -100.930045, 43.788868 ], [ -100.920068, 43.788882 ], [ -100.920045, 43.781637 ], [ -100.930029, 43.781625 ], [ -100.930045, 43.788868 ] ] ], [ [ [ -100.930062, 43.803349 ], [ -100.920086, 43.80337 ], [ -100.920088, 43.799748 ], [ -100.930061, 43.79973 ], [ -100.930062, 43.803349 ] ] ], [ [ [ -100.935, 43.749129 ], [ -100.930004, 43.749123 ], [ -100.930012, 43.756345 ], [ -100.920027, 43.759952 ], [ -100.920015, 43.745505 ], [ -100.934995, 43.745516 ], [ -100.935, 43.749129 ] ] ], [ [ [ -100.937689, 43.418452 ], [ -100.92768, 43.418492 ], [ -100.927758, 43.411327 ], [ -100.937685, 43.411298 ], [ -100.937689, 43.418452 ] ] ], [ [ [ -100.940747, 43.503211 ], [ -100.934501, 43.503205 ], [ -100.934487, 43.499589 ], [ -100.940737, 43.499588 ], [ -100.940747, 43.503211 ] ] ], [ [ [ -100.940767, 43.510456 ], [ -100.934528, 43.510439 ], [ -100.934515, 43.506821 ], [ -100.940757, 43.506829 ], [ -100.940767, 43.510456 ] ] ], [ [ [ -100.940845, 43.535773 ], [ -100.929651, 43.535748 ], [ -100.929623, 43.528515 ], [ -100.919677, 43.528513 ], [ -100.919653, 43.521279 ], [ -100.929594, 43.521282 ], [ -100.929609, 43.524899 ], [ -100.934583, 43.524907 ], [ -100.934569, 43.52129 ], [ -100.940803, 43.5213 ], [ -100.940845, 43.535773 ] ] ], [ [ [ -100.940973, 43.774443 ], [ -100.920037, 43.774407 ], [ -100.920028, 43.763564 ], [ -100.940975, 43.759981 ], [ -100.940973, 43.774443 ] ] ], [ [ [ -100.941199, 43.734691 ], [ -100.934973, 43.734674 ], [ -100.934961, 43.731059 ], [ -100.941189, 43.73104 ], [ -100.941199, 43.734691 ] ] ], [ [ [ -100.941279, 43.827764 ], [ -100.932329, 43.831266 ], [ -100.932297, 43.826092 ], [ -100.941279, 43.827764 ] ] ], [ [ [ -100.947612, 43.411269 ], [ -100.937685, 43.411298 ], [ -100.937681, 43.404068 ], [ -100.947607, 43.404036 ], [ -100.947612, 43.411269 ] ] ], [ [ [ -100.94763, 43.440186 ], [ -100.908408, 43.440213 ], [ -100.908254, 43.432983 ], [ -100.947621, 43.432982 ], [ -100.94763, 43.440186 ] ] ], [ [ [ -100.950264, 43.802313 ], [ -100.940834, 43.802321 ], [ -100.941209, 43.795091 ], [ -100.950299, 43.795084 ], [ -100.950264, 43.802313 ] ] ], [ [ [ -100.950638, 43.519757 ], [ -100.940795, 43.519771 ], [ -100.940778, 43.516144 ], [ -100.950647, 43.512517 ], [ -100.950638, 43.519757 ] ] ], [ [ [ -100.960202, 43.815905 ], [ -100.955991, 43.818074 ], [ -100.953681, 43.814073 ], [ -100.960198, 43.811723 ], [ -100.960202, 43.815905 ] ] ], [ [ [ -100.96557, 43.527003 ], [ -100.960587, 43.527006 ], [ -100.960592, 43.519758 ], [ -100.965574, 43.519755 ], [ -100.96557, 43.527003 ] ] ], [ [ [ -100.967537, 43.454575 ], [ -100.9377, 43.454695 ], [ -100.937693, 43.447461 ], [ -100.947638, 43.447419 ], [ -100.94763, 43.440186 ], [ -100.957576, 43.440142 ], [ -100.957584, 43.447377 ], [ -100.967529, 43.447334 ], [ -100.967537, 43.454575 ] ] ], [ [ [ -100.967549, 43.469057 ], [ -100.957608, 43.469093 ], [ -100.9576, 43.461851 ], [ -100.967545, 43.461815 ], [ -100.967549, 43.469057 ] ] ], [ [ [ -100.970412, 43.737062 ], [ -100.960369, 43.737039 ], [ -100.960371, 43.722609 ], [ -100.970358, 43.722608 ], [ -100.970412, 43.737062 ] ] ], [ [ [ -100.980348, 43.592178 ], [ -100.970473, 43.592171 ], [ -100.970411, 43.577886 ], [ -100.980363, 43.577888 ], [ -100.980348, 43.592178 ] ] ], [ [ [ -100.990444, 43.555973 ], [ -100.99043, 43.566838 ], [ -100.970491, 43.570455 ], [ -100.970411, 43.577886 ], [ -100.960529, 43.577888 ], [ -100.960505, 43.592162 ], [ -100.940961, 43.592162 ], [ -100.940967, 43.599408 ], [ -100.970468, 43.59941 ], [ -100.970463, 43.606647 ], [ -100.980493, 43.606654 ], [ -100.980424, 43.621145 ], [ -100.960484, 43.621127 ], [ -100.960472, 43.628387 ], [ -100.940983, 43.628384 ], [ -100.940982, 43.62622 ], [ -100.929822, 43.6262 ], [ -100.929816, 43.622582 ], [ -100.919841, 43.622572 ], [ -100.91985, 43.629807 ], [ -100.909874, 43.629795 ], [ -100.909865, 43.622561 ], [ -100.889955, 43.622579 ], [ -100.889947, 43.615345 ], [ -100.879971, 43.615341 ], [ -100.87996, 43.600882 ], [ -100.860026, 43.600898 ], [ -100.860026, 43.608109 ], [ -100.869987, 43.608105 ], [ -100.869995, 43.615335 ], [ -100.850065, 43.615335 ], [ -100.850065, 43.608113 ], [ -100.840115, 43.608119 ], [ -100.840125, 43.593655 ], [ -100.850066, 43.593651 ], [ -100.850072, 43.586423 ], [ -100.860029, 43.586427 ], [ -100.860027, 43.593654 ], [ -100.879958, 43.593655 ], [ -100.879955, 43.586427 ], [ -100.869986, 43.586429 ], [ -100.869987, 43.579243 ], [ -100.879953, 43.579213 ], [ -100.879948, 43.571963 ], [ -100.889915, 43.571959 ], [ -100.889929, 43.593654 ], [ -100.899895, 43.593648 ], [ -100.899881, 43.579154 ], [ -100.909853, 43.579124 ], [ -100.909896, 43.615339 ], [ -100.940975, 43.61537 ], [ -100.940968, 43.608133 ], [ -100.929814, 43.608127 ], [ -100.929799, 43.600888 ], [ -100.919836, 43.600884 ], [ -100.919823, 43.586413 ], [ -100.929706, 43.586415 ], [ -100.929649, 43.579054 ], [ -100.94095, 43.578953 ], [ -100.940943, 43.571952 ], [ -100.922333, 43.571948 ], [ -100.922358, 43.564715 ], [ -100.909859, 43.564712 ], [ -100.909801, 43.55023 ], [ -100.919755, 43.550224 ], [ -100.919728, 43.542986 ], [ -100.940868, 43.543012 ], [ -100.940911, 43.557484 ], [ -100.929539, 43.557466 ], [ -100.929588, 43.564715 ], [ -100.940929, 43.564733 ], [ -100.940916, 43.559588 ], [ -100.950568, 43.559585 ], [ -100.9506, 43.548662 ], [ -100.960555, 43.548731 ], [ -100.960528, 43.563207 ], [ -100.980477, 43.563217 ], [ -100.980473, 43.559594 ], [ -100.970504, 43.559588 ], [ -100.97051, 43.555965 ], [ -100.990444, 43.555973 ] ], [ [ -100.899905, 43.607452 ], [ -100.8999, 43.600882 ], [ -100.889934, 43.600883 ], [ -100.889939, 43.608112 ], [ -100.899905, 43.607452 ] ], [ [ -100.960528, 43.563207 ], [ -100.950559, 43.563209 ], [ -100.950557, 43.570445 ], [ -100.960523, 43.570449 ], [ -100.960528, 43.563207 ] ] ], [ [ [ -100.990467, 43.534239 ], [ -100.98549, 43.534241 ], [ -100.985494, 43.526995 ], [ -100.99047, 43.526994 ], [ -100.990467, 43.534239 ] ] ], [ [ [ -100.990496, 43.490793 ], [ -100.980561, 43.490784 ], [ -100.980546, 43.498025 ], [ -100.97058, 43.498029 ], [ -100.970589, 43.490788 ], [ -100.960624, 43.490791 ], [ -100.960604, 43.505272 ], [ -100.950657, 43.505277 ], [ -100.950642, 43.483553 ], [ -100.960585, 43.48355 ], [ -100.960547, 43.476222 ], [ -100.980505, 43.476232 ], [ -100.980529, 43.483543 ], [ -100.990394, 43.483555 ], [ -100.990496, 43.490793 ] ] ], [ [ [ -101.000315, 43.787769 ], [ -100.980294, 43.787793 ], [ -100.980306, 43.780552 ], [ -101.000318, 43.780526 ], [ -101.000315, 43.787769 ] ] ], [ [ [ -101.000366, 43.606671 ], [ -100.980493, 43.606654 ], [ -100.980348, 43.592178 ], [ -100.990406, 43.592183 ], [ -100.990402, 43.599424 ], [ -101.000368, 43.599429 ], [ -101.000366, 43.606671 ] ] ], [ [ [ -101.002246, 43.846266 ], [ -100.992185, 43.850121 ], [ -100.992224, 43.84181 ], [ -101.002228, 43.838283 ], [ -101.002246, 43.846266 ] ] ], [ [ [ -101.007274, 43.468933 ], [ -100.97748, 43.469016 ], [ -100.977472, 43.461778 ], [ -101.007273, 43.461694 ], [ -101.007274, 43.468933 ] ] ], [ [ [ -101.010368, 43.563358 ], [ -101.010361, 43.570465 ], [ -101.000478, 43.570464 ], [ -101.000422, 43.563222 ], [ -101.010368, 43.563358 ] ] ], [ [ [ -101.020271, 43.823719 ], [ -101.012224, 43.82372 ], [ -101.012221, 43.830955 ], [ -100.987233, 43.830961 ], [ -100.987229, 43.834572 ], [ -100.982239, 43.830962 ], [ -100.969846, 43.831115 ], [ -100.961928, 43.836207 ], [ -100.95933, 43.832672 ], [ -100.962138, 43.827093 ], [ -100.973763, 43.826821 ], [ -100.967402, 43.816763 ], [ -100.970222, 43.816761 ], [ -100.970232, 43.809525 ], [ -100.94695, 43.813924 ], [ -100.942859, 43.825189 ], [ -100.930057, 43.821233 ], [ -100.930056, 43.817826 ], [ -100.941033, 43.817849 ], [ -100.940893, 43.80955 ], [ -100.950228, 43.809547 ], [ -100.950264, 43.802313 ], [ -100.955254, 43.802309 ], [ -100.955289, 43.795077 ], [ -100.950299, 43.795084 ], [ -100.950287, 43.787657 ], [ -100.940968, 43.787731 ], [ -100.940972, 43.780582 ], [ -100.960162, 43.780575 ], [ -100.960322, 43.766088 ], [ -100.970325, 43.766032 ], [ -100.970335, 43.758839 ], [ -100.960337, 43.758852 ], [ -100.960351, 43.751615 ], [ -101.000343, 43.751545 ], [ -101.000338, 43.758791 ], [ -100.99026, 43.758807 ], [ -100.990321, 43.773296 ], [ -100.980316, 43.773309 ], [ -100.980306, 43.780552 ], [ -100.9703, 43.780564 ], [ -100.97029, 43.787808 ], [ -100.960286, 43.787823 ], [ -100.960278, 43.79507 ], [ -101.000311, 43.795012 ], [ -101.000311, 43.809452 ], [ -101.010288, 43.809425 ], [ -101.010281, 43.816723 ], [ -101.015278, 43.81672 ], [ -101.015276, 43.82034 ], [ -101.020274, 43.820338 ], [ -101.020271, 43.823719 ] ], [ [ -101.000311, 43.809452 ], [ -100.980255, 43.809511 ], [ -100.980239, 43.823723 ], [ -100.977235, 43.823724 ], [ -100.977236, 43.827341 ], [ -100.992229, 43.827341 ], [ -100.992231, 43.823722 ], [ -101.000278, 43.823721 ], [ -101.000311, 43.809452 ] ] ], [ [ [ -101.020272, 43.794952 ], [ -101.020269, 43.802237 ], [ -101.010295, 43.802244 ], [ -101.010304, 43.794951 ], [ -101.020272, 43.794952 ] ] ], [ [ [ -101.03029, 43.794989 ], [ -101.020272, 43.794952 ], [ -101.020281, 43.787755 ], [ -101.030293, 43.787749 ], [ -101.03029, 43.794989 ] ] ], [ [ [ -101.030317, 43.51979 ], [ -101.020369, 43.519808 ], [ -101.020369, 43.512563 ], [ -101.030321, 43.512548 ], [ -101.030317, 43.51979 ] ] ], [ [ [ -101.032221, 43.830913 ], [ -101.02723, 43.830931 ], [ -101.027219, 43.823719 ], [ -101.032216, 43.823719 ], [ -101.032221, 43.830913 ] ] ], [ [ [ -101.04029, 43.809458 ], [ -101.040288, 43.816697 ], [ -101.030282, 43.816708 ], [ -101.030285, 43.809468 ], [ -101.04029, 43.809458 ] ] ], [ [ [ -101.045292, 43.563225 ], [ -101.040271, 43.563227 ], [ -101.040279, 43.55598 ], [ -101.04527, 43.555979 ], [ -101.045292, 43.563225 ] ] ], [ [ [ -101.050274, 43.823718 ], [ -101.040286, 43.823719 ], [ -101.040288, 43.816697 ], [ -101.050275, 43.816694 ], [ -101.050274, 43.823718 ] ] ], [ [ [ -101.052242, 43.846449 ], [ -101.045329, 43.85252 ], [ -101.037246, 43.850079 ], [ -101.037035, 43.845401 ], [ -101.042237, 43.845395 ], [ -101.042217, 43.83096 ], [ -101.05222, 43.830958 ], [ -101.052242, 43.846449 ] ] ], [ [ [ -101.060245, 43.563218 ], [ -101.050267, 43.563222 ], [ -101.050262, 43.555978 ], [ -101.060246, 43.555976 ], [ -101.060245, 43.563218 ] ] ], [ [ [ -101.061931, 43.84299 ], [ -101.059004, 43.845173 ], [ -101.057292, 43.845353 ], [ -101.057288, 43.841739 ], [ -101.061931, 43.84299 ] ] ], [ [ [ -101.08017, 43.541452 ], [ -101.060179, 43.541458 ], [ -101.060151, 43.534257 ], [ -101.070203, 43.534229 ], [ -101.0702, 43.526988 ], [ -101.08017, 43.52696 ], [ -101.08017, 43.541452 ] ] ], [ [ [ -101.080285, 43.729778 ], [ -101.070283, 43.729788 ], [ -101.070289, 43.722546 ], [ -101.080297, 43.722538 ], [ -101.080285, 43.729778 ] ] ], [ [ [ -101.086715, 43.841813 ], [ -101.072219, 43.844407 ], [ -101.07223, 43.838233 ], [ -101.087182, 43.838194 ], [ -101.086715, 43.841813 ] ] ], [ [ [ -101.095117, 43.548689 ], [ -101.090134, 43.548693 ], [ -101.090131, 43.541448 ], [ -101.095112, 43.541447 ], [ -101.095117, 43.548689 ] ] ], [ [ [ -101.100274, 43.722502 ], [ -101.100273, 43.729748 ], [ -101.090278, 43.729763 ], [ -101.090285, 43.72252 ], [ -101.100274, 43.722502 ] ] ], [ [ [ -101.100312, 43.802147 ], [ -101.090291, 43.802179 ], [ -101.090288, 43.794936 ], [ -101.100354, 43.794896 ], [ -101.100312, 43.802147 ] ] ], [ [ [ -101.10524, 43.693508 ], [ -101.100243, 43.693509 ], [ -101.100233, 43.686281 ], [ -101.10523, 43.686276 ], [ -101.10524, 43.693508 ] ] ], [ [ [ -101.110063, 43.545058 ], [ -101.100097, 43.545065 ], [ -101.100093, 43.541445 ], [ -101.110062, 43.541441 ], [ -101.110063, 43.545058 ] ] ], [ [ [ -101.110141, 43.592145 ], [ -101.100174, 43.592147 ], [ -101.100169, 43.58491 ], [ -101.110139, 43.584906 ], [ -101.110141, 43.592145 ] ] ], [ [ [ -101.118234, 43.432606 ], [ -101.108292, 43.43259 ], [ -101.108278, 43.425417 ], [ -101.118214, 43.425413 ], [ -101.118234, 43.432606 ] ] ], [ [ [ -101.120031, 43.53782 ], [ -101.110062, 43.541441 ], [ -101.110058, 43.534204 ], [ -101.090128, 43.534203 ], [ -101.090128, 43.519721 ], [ -101.10009, 43.519724 ], [ -101.100086, 43.526964 ], [ -101.120026, 43.526968 ], [ -101.120031, 43.53782 ] ] ], [ [ [ -101.129995, 43.537829 ], [ -101.125013, 43.537824 ], [ -101.125013, 43.534208 ], [ -101.129995, 43.534212 ], [ -101.129995, 43.537829 ] ] ], [ [ [ -101.130186, 43.664519 ], [ -101.120189, 43.664531 ], [ -101.12021, 43.679013 ], [ -101.100205, 43.67902 ], [ -101.100195, 43.671811 ], [ -101.090291, 43.671822 ], [ -101.090329, 43.664573 ], [ -101.080237, 43.664579 ], [ -101.080247, 43.686318 ], [ -101.070256, 43.686323 ], [ -101.070261, 43.69357 ], [ -101.080268, 43.693565 ], [ -101.080277, 43.700811 ], [ -101.05027, 43.700822 ], [ -101.050191, 43.693577 ], [ -101.040279, 43.69358 ], [ -101.040281, 43.708082 ], [ -101.030291, 43.708085 ], [ -101.030298, 43.700827 ], [ -101.020247, 43.700838 ], [ -101.020236, 43.6791 ], [ -100.990371, 43.679109 ], [ -100.990341, 43.693607 ], [ -101.010336, 43.693638 ], [ -101.010318, 43.71533 ], [ -101.030297, 43.715317 ], [ -101.030296, 43.722564 ], [ -101.050282, 43.722557 ], [ -101.050277, 43.715312 ], [ -101.060273, 43.715309 ], [ -101.060282, 43.729796 ], [ -101.070283, 43.729788 ], [ -101.070277, 43.737023 ], [ -101.090271, 43.736987 ], [ -101.090277, 43.758723 ], [ -101.080279, 43.758754 ], [ -101.080281, 43.766007 ], [ -101.090279, 43.765968 ], [ -101.090288, 43.794936 ], [ -101.080274, 43.79491 ], [ -101.08027, 43.802209 ], [ -101.070267, 43.802212 ], [ -101.070272, 43.794921 ], [ -101.060296, 43.794943 ], [ -101.060212, 43.787733 ], [ -101.070273, 43.787733 ], [ -101.070276, 43.78049 ], [ -101.060172, 43.780549 ], [ -101.060253, 43.773249 ], [ -101.040294, 43.77326 ], [ -101.040297, 43.766018 ], [ -101.060274, 43.766008 ], [ -101.060278, 43.744283 ], [ -101.05029, 43.744287 ], [ -101.050286, 43.758773 ], [ -101.040299, 43.758778 ], [ -101.040301, 43.744291 ], [ -101.030308, 43.744294 ], [ -101.030306, 43.751539 ], [ -101.020232, 43.751538 ], [ -101.020229, 43.766042 ], [ -101.030301, 43.766023 ], [ -101.030298, 43.773265 ], [ -101.020251, 43.773268 ], [ -101.020281, 43.787755 ], [ -101.010306, 43.787762 ], [ -101.01031, 43.78052 ], [ -101.000318, 43.780526 ], [ -101.000326, 43.773281 ], [ -101.010314, 43.773276 ], [ -101.010328, 43.751544 ], [ -101.000343, 43.751545 ], [ -101.000352, 43.737037 ], [ -100.980357, 43.737086 ], [ -100.980349, 43.715353 ], [ -100.970363, 43.715354 ], [ -100.970378, 43.700849 ], [ -100.960394, 43.700852 ], [ -100.960385, 43.708097 ], [ -100.940988, 43.70809 ], [ -100.940987, 43.716613 ], [ -100.919959, 43.716583 ], [ -100.919953, 43.709351 ], [ -100.909981, 43.709332 ], [ -100.909972, 43.680421 ], [ -100.919937, 43.680431 ], [ -100.919916, 43.665973 ], [ -100.909946, 43.665965 ], [ -100.90993, 43.658739 ], [ -100.889977, 43.658728 ], [ -100.889974, 43.651497 ], [ -100.929852, 43.651522 ], [ -100.929847, 43.644293 ], [ -100.940981, 43.644299 ], [ -100.940915, 43.650068 ], [ -100.960454, 43.650159 ], [ -100.960457, 43.642893 ], [ -100.95048, 43.642889 ], [ -100.950484, 43.635651 ], [ -100.96046, 43.635648 ], [ -100.960472, 43.628387 ], [ -100.980413, 43.628391 ], [ -100.980424, 43.621145 ], [ -101.000356, 43.621162 ], [ -101.000361, 43.613916 ], [ -101.010333, 43.613923 ], [ -101.010337, 43.606686 ], [ -101.050261, 43.606667 ], [ -101.050269, 43.584944 ], [ -101.040276, 43.584947 ], [ -101.040268, 43.599429 ], [ -101.020193, 43.599392 ], [ -101.020201, 43.592197 ], [ -100.990406, 43.592183 ], [ -100.990412, 43.584944 ], [ -101.0202, 43.584955 ], [ -101.020206, 43.57046 ], [ -101.040282, 43.570463 ], [ -101.04027, 43.577881 ], [ -101.080213, 43.577864 ], [ -101.080223, 43.599415 ], [ -101.090201, 43.599404 ], [ -101.090206, 43.606646 ], [ -101.070242, 43.60666 ], [ -101.070242, 43.59942 ], [ -101.060262, 43.599424 ], [ -101.060262, 43.635631 ], [ -101.070257, 43.635628 ], [ -101.070246, 43.617522 ], [ -101.080235, 43.617514 ], [ -101.080238, 43.621133 ], [ -101.100183, 43.621132 ], [ -101.100206, 43.628359 ], [ -101.080244, 43.628379 ], [ -101.08024, 43.642866 ], [ -101.040366, 43.642863 ], [ -101.040302, 43.65012 ], [ -101.090214, 43.650095 ], [ -101.090218, 43.657332 ], [ -101.130173, 43.65728 ], [ -101.130186, 43.664519 ] ], [ [ -101.060252, 43.671839 ], [ -101.050268, 43.671843 ], [ -101.050266, 43.686332 ], [ -101.060253, 43.686329 ], [ -101.060252, 43.671839 ] ], [ [ -101.050257, 43.621149 ], [ -101.040258, 43.621147 ], [ -101.040261, 43.613907 ], [ -101.030284, 43.613918 ], [ -101.03028, 43.635648 ], [ -101.05026, 43.635631 ], [ -101.050257, 43.621149 ] ], [ [ -101.040293, 43.729805 ], [ -101.030303, 43.729808 ], [ -101.030311, 43.737049 ], [ -101.040302, 43.737044 ], [ -101.040293, 43.729805 ] ], [ [ -101.020222, 43.657373 ], [ -101.000376, 43.657378 ], [ -101.000372, 43.664624 ], [ -101.020227, 43.66461 ], [ -101.020222, 43.657373 ] ], [ [ -101.000341, 43.635647 ], [ -100.980401, 43.635638 ], [ -100.980409, 43.642882 ], [ -100.990385, 43.642886 ], [ -100.990399, 43.650132 ], [ -101.00038, 43.650132 ], [ -101.000341, 43.635647 ] ], [ [ -100.970393, 43.686358 ], [ -100.960411, 43.686365 ], [ -100.960405, 43.693614 ], [ -100.970392, 43.693611 ], [ -100.970393, 43.686358 ] ], [ [ -100.960442, 43.657383 ], [ -100.950462, 43.657385 ], [ -100.950448, 43.664637 ], [ -100.96043, 43.664633 ], [ -100.960442, 43.657383 ] ], [ [ -100.941066, 43.702163 ], [ -100.941012, 43.687697 ], [ -100.929905, 43.68767 ], [ -100.929908, 43.694923 ], [ -100.91994, 43.694901 ], [ -100.919947, 43.702123 ], [ -100.941066, 43.702163 ] ], [ [ -100.940987, 43.673232 ], [ -100.929942, 43.673206 ], [ -100.929902, 43.680441 ], [ -100.940989, 43.680466 ], [ -100.940987, 43.673232 ] ], [ [ -100.929852, 43.651522 ], [ -100.929869, 43.658751 ], [ -100.940921, 43.658766 ], [ -100.940907, 43.651533 ], [ -100.929852, 43.651522 ] ], [ [ -100.990371, 43.679109 ], [ -100.990386, 43.664623 ], [ -100.980399, 43.664623 ], [ -100.980381, 43.679107 ], [ -100.990371, 43.679109 ] ], [ [ -101.020236, 43.6791 ], [ -101.030306, 43.679094 ], [ -101.030309, 43.671851 ], [ -101.020231, 43.671856 ], [ -101.020236, 43.6791 ] ], [ [ -101.040296, 43.657362 ], [ -101.04029, 43.664603 ], [ -101.05027, 43.6646 ], [ -101.050276, 43.657359 ], [ -101.040296, 43.657362 ] ], [ [ -101.040302, 43.65012 ], [ -101.03032, 43.650125 ], [ -101.030316, 43.657367 ], [ -101.040296, 43.657362 ], [ -101.040302, 43.65012 ] ], [ [ -101.020184, 43.635666 ], [ -101.020171, 43.62842 ], [ -101.010326, 43.628413 ], [ -101.010322, 43.635636 ], [ -101.020184, 43.635666 ] ], [ [ -101.03028, 43.635648 ], [ -101.020184, 43.635666 ], [ -101.02017, 43.642903 ], [ -101.0303, 43.64289 ], [ -101.03028, 43.635648 ] ] ], [ [ [ -101.130273, 43.715208 ], [ -101.120267, 43.715228 ], [ -101.120278, 43.708003 ], [ -101.130265, 43.707981 ], [ -101.130273, 43.715208 ] ] ], [ [ [ -101.130395, 43.823714 ], [ -101.12542, 43.823714 ], [ -101.125451, 43.820189 ], [ -101.130396, 43.820163 ], [ -101.130395, 43.823714 ] ] ], [ [ [ -101.137939, 43.439942 ], [ -101.118254, 43.439924 ], [ -101.118234, 43.432606 ], [ -101.137943, 43.432699 ], [ -101.137939, 43.439942 ] ] ], [ [ [ -101.140233, 43.693473 ], [ -101.130233, 43.693489 ], [ -101.130228, 43.689867 ], [ -101.140229, 43.689851 ], [ -101.140233, 43.693473 ] ] ], [ [ [ -101.142639, 43.834661 ], [ -101.13794, 43.841321 ], [ -101.127655, 43.840524 ], [ -101.124837, 43.844332 ], [ -101.107095, 43.836743 ], [ -101.103272, 43.838174 ], [ -101.102183, 43.842702 ], [ -101.102174, 43.823713 ], [ -101.070263, 43.823716 ], [ -101.070264, 43.80945 ], [ -101.080268, 43.809447 ], [ -101.08027, 43.802209 ], [ -101.090291, 43.802179 ], [ -101.090293, 43.80942 ], [ -101.10032, 43.809394 ], [ -101.100312, 43.802147 ], [ -101.120369, 43.802101 ], [ -101.120377, 43.809344 ], [ -101.105334, 43.809382 ], [ -101.105342, 43.816627 ], [ -101.115371, 43.8166 ], [ -101.115375, 43.820222 ], [ -101.12039, 43.820208 ], [ -101.122188, 43.838196 ], [ -101.13219, 43.838197 ], [ -101.132178, 43.823714 ], [ -101.137209, 43.823715 ], [ -101.13439, 43.830598 ], [ -101.142639, 43.834661 ] ], [ [ -101.115375, 43.820222 ], [ -101.110359, 43.820234 ], [ -101.110363, 43.823713 ], [ -101.115378, 43.823713 ], [ -101.115375, 43.820222 ] ] ], [ [ [ -101.149951, 43.548672 ], [ -101.144955, 43.548682 ], [ -101.144994, 43.555919 ], [ -101.120069, 43.555913 ], [ -101.12011, 43.563179 ], [ -101.13008, 43.56318 ], [ -101.130083, 43.570419 ], [ -101.110136, 43.570426 ], [ -101.110135, 43.563186 ], [ -101.10016, 43.563193 ], [ -101.100161, 43.570432 ], [ -101.090184, 43.57044 ], [ -101.090157, 43.555935 ], [ -101.1101, 43.55592 ], [ -101.110066, 43.548677 ], [ -101.12003, 43.548668 ], [ -101.120031, 43.541436 ], [ -101.13996, 43.541456 ], [ -101.13996, 43.545074 ], [ -101.149948, 43.545055 ], [ -101.149951, 43.548672 ] ] ], [ [ [ -101.150314, 43.751359 ], [ -101.140302, 43.751375 ], [ -101.140317, 43.758614 ], [ -101.130315, 43.758634 ], [ -101.130335, 43.769494 ], [ -101.140342, 43.769471 ], [ -101.140333, 43.765852 ], [ -101.145338, 43.765844 ], [ -101.145357, 43.773082 ], [ -101.140662, 43.77309 ], [ -101.140539, 43.780376 ], [ -101.120341, 43.780378 ], [ -101.120322, 43.765894 ], [ -101.1103, 43.765911 ], [ -101.110294, 43.758672 ], [ -101.120311, 43.758657 ], [ -101.120301, 43.751414 ], [ -101.100274, 43.751451 ], [ -101.100273, 43.729748 ], [ -101.110276, 43.72973 ], [ -101.110268, 43.73671 ], [ -101.14035, 43.736775 ], [ -101.140293, 43.744134 ], [ -101.150303, 43.744121 ], [ -101.150314, 43.751359 ] ] ], [ [ [ -101.150456, 43.816503 ], [ -101.120386, 43.816587 ], [ -101.120377, 43.809344 ], [ -101.150446, 43.809263 ], [ -101.150456, 43.816503 ] ] ], [ [ [ -101.157762, 43.439938 ], [ -101.148019, 43.439931 ], [ -101.148025, 43.432724 ], [ -101.15773, 43.432747 ], [ -101.157762, 43.439938 ] ] ], [ [ [ -101.159985, 43.563168 ], [ -101.145034, 43.563178 ], [ -101.144994, 43.555919 ], [ -101.149985, 43.55591 ], [ -101.150001, 43.55953 ], [ -101.159974, 43.559512 ], [ -101.159985, 43.563168 ] ] ], [ [ [ -101.160428, 43.794757 ], [ -101.150413, 43.79478 ], [ -101.150398, 43.787545 ], [ -101.160414, 43.787524 ], [ -101.160428, 43.794757 ] ] ], [ [ [ -101.165003, 43.828009 ], [ -101.163653, 43.829705 ], [ -101.162194, 43.829436 ], [ -101.16219, 43.827335 ], [ -101.165003, 43.828009 ] ] ], [ [ [ -101.167749, 43.476214 ], [ -101.157823, 43.47624 ], [ -101.157779, 43.468977 ], [ -101.167764, 43.468975 ], [ -101.167749, 43.476214 ] ] ], [ [ [ -101.172231, 43.490823 ], [ -101.169745, 43.490824 ], [ -101.169795, 43.505279 ], [ -101.159847, 43.50528 ], [ -101.159701, 43.483491 ], [ -101.169717, 43.483553 ], [ -101.172231, 43.490823 ] ] ], [ [ [ -101.175574, 43.489411 ], [ -101.173825, 43.490823 ], [ -101.173815, 43.48941 ], [ -101.175574, 43.489411 ] ] ], [ [ [ -101.17988, 43.758551 ], [ -101.170328, 43.758566 ], [ -101.170317, 43.751331 ], [ -101.179881, 43.751319 ], [ -101.17988, 43.758551 ] ] ], [ [ [ -101.179898, 43.737055 ], [ -101.160276, 43.736871 ], [ -101.160296, 43.729631 ], [ -101.179873, 43.729609 ], [ -101.179898, 43.737055 ] ] ], [ [ [ -101.189871, 43.722393 ], [ -101.170279, 43.722382 ], [ -101.170262, 43.715147 ], [ -101.179878, 43.715143 ], [ -101.17988, 43.707914 ], [ -101.189866, 43.707914 ], [ -101.189871, 43.722393 ] ] ], [ [ [ -101.18988, 43.794763 ], [ -101.179877, 43.794728 ], [ -101.179861, 43.780256 ], [ -101.189879, 43.780294 ], [ -101.18988, 43.794763 ] ] ], [ [ [ -101.214666, 43.606694 ], [ -101.209686, 43.606666 ], [ -101.20968, 43.603043 ], [ -101.21466, 43.603071 ], [ -101.214666, 43.606694 ] ] ], [ [ [ -101.214835, 43.704376 ], [ -101.209839, 43.704349 ], [ -101.209831, 43.700728 ], [ -101.214827, 43.700753 ], [ -101.214835, 43.704376 ] ] ], [ [ [ -101.224698, 43.548715 ], [ -101.219614, 43.548655 ], [ -101.219601, 43.54514 ], [ -101.224609, 43.545155 ], [ -101.224698, 43.548715 ] ] ], [ [ [ -101.228091, 43.693568 ], [ -101.219804, 43.693532 ], [ -101.219798, 43.68629 ], [ -101.199822, 43.686205 ], [ -101.199851, 43.707915 ], [ -101.189866, 43.707914 ], [ -101.189856, 43.693436 ], [ -101.16022, 43.693424 ], [ -101.160273, 43.715149 ], [ -101.150276, 43.715169 ], [ -101.150244, 43.700687 ], [ -101.14025, 43.700708 ], [ -101.140233, 43.693473 ], [ -101.150227, 43.693448 ], [ -101.150214, 43.686209 ], [ -101.140264, 43.686229 ], [ -101.140189, 43.678989 ], [ -101.130214, 43.679 ], [ -101.130186, 43.664519 ], [ -101.150165, 43.664494 ], [ -101.150114, 43.642781 ], [ -101.140141, 43.642782 ], [ -101.140133, 43.635543 ], [ -101.130163, 43.635558 ], [ -101.130151, 43.628317 ], [ -101.160061, 43.628299 ], [ -101.160071, 43.635538 ], [ -101.170039, 43.635527 ], [ -101.170081, 43.649999 ], [ -101.179831, 43.649993 ], [ -101.179861, 43.664466 ], [ -101.199794, 43.664516 ], [ -101.199787, 43.657282 ], [ -101.219753, 43.657337 ], [ -101.219768, 43.668184 ], [ -101.228094, 43.668232 ], [ -101.228091, 43.693568 ] ], [ [ -101.179861, 43.664466 ], [ -101.170134, 43.664475 ], [ -101.170153, 43.675331 ], [ -101.160173, 43.675333 ], [ -101.160202, 43.686187 ], [ -101.165192, 43.686189 ], [ -101.165173, 43.67895 ], [ -101.179869, 43.678953 ], [ -101.179861, 43.664466 ] ] ], [ [ [ -101.228178, 43.617576 ], [ -101.219674, 43.621207 ], [ -101.219647, 43.606721 ], [ -101.228185, 43.606647 ], [ -101.228178, 43.617576 ] ] ], [ [ [ -101.228241, 43.795629 ], [ -101.219962, 43.797992 ], [ -101.214922, 43.790592 ], [ -101.214919, 43.784018 ], [ -101.219925, 43.784041 ], [ -101.219917, 43.773174 ], [ -101.209906, 43.773131 ], [ -101.209915, 43.787615 ], [ -101.19989, 43.787565 ], [ -101.199897, 43.780331 ], [ -101.189879, 43.780294 ], [ -101.189883, 43.773054 ], [ -101.179871, 43.77302 ], [ -101.179861, 43.780256 ], [ -101.17041, 43.780273 ], [ -101.170375, 43.773038 ], [ -101.175373, 43.773029 ], [ -101.175342, 43.765789 ], [ -101.199892, 43.765843 ], [ -101.199869, 43.737126 ], [ -101.219867, 43.737153 ], [ -101.219863, 43.733374 ], [ -101.22812, 43.733394 ], [ -101.228102, 43.755096 ], [ -101.224894, 43.755083 ], [ -101.224888, 43.751463 ], [ -101.219886, 43.751445 ], [ -101.219898, 43.758688 ], [ -101.209891, 43.758647 ], [ -101.209901, 43.765888 ], [ -101.21991, 43.765932 ], [ -101.219914, 43.769553 ], [ -101.224918, 43.769566 ], [ -101.228241, 43.795629 ] ] ], [ [ [ -101.228237, 43.592245 ], [ -101.219622, 43.59223 ], [ -101.219622, 43.577724 ], [ -101.199709, 43.581274 ], [ -101.199725, 43.61385 ], [ -101.209693, 43.613903 ], [ -101.209703, 43.621202 ], [ -101.219674, 43.621207 ], [ -101.219716, 43.639273 ], [ -101.209736, 43.639226 ], [ -101.209714, 43.628374 ], [ -101.199776, 43.628326 ], [ -101.19975, 43.63556 ], [ -101.179828, 43.635518 ], [ -101.179807, 43.621042 ], [ -101.170022, 43.621051 ], [ -101.17003, 43.62829 ], [ -101.160061, 43.628299 ], [ -101.160051, 43.62106 ], [ -101.14012, 43.621063 ], [ -101.140114, 43.617447 ], [ -101.130134, 43.617458 ], [ -101.130123, 43.610224 ], [ -101.140103, 43.610214 ], [ -101.140097, 43.606598 ], [ -101.105174, 43.606633 ], [ -101.105169, 43.603011 ], [ -101.110156, 43.603007 ], [ -101.110151, 43.599387 ], [ -101.169997, 43.599341 ], [ -101.170007, 43.606574 ], [ -101.192243, 43.606596 ], [ -101.192237, 43.597547 ], [ -101.179769, 43.59753 ], [ -101.179767, 43.592106 ], [ -101.150054, 43.592121 ], [ -101.150047, 43.588502 ], [ -101.145063, 43.588508 ], [ -101.145057, 43.584889 ], [ -101.160008, 43.584872 ], [ -101.159995, 43.577635 ], [ -101.189725, 43.577647 ], [ -101.189719, 43.562937 ], [ -101.169945, 43.563163 ], [ -101.169926, 43.555905 ], [ -101.179747, 43.555917 ], [ -101.179745, 43.541449 ], [ -101.169892, 43.541436 ], [ -101.169908, 43.548666 ], [ -101.159944, 43.548653 ], [ -101.159919, 43.534191 ], [ -101.164897, 43.534196 ], [ -101.164888, 43.530583 ], [ -101.154922, 43.530583 ], [ -101.154929, 43.534198 ], [ -101.139959, 43.53422 ], [ -101.139949, 43.519735 ], [ -101.169838, 43.519747 ], [ -101.169856, 43.526976 ], [ -101.17974, 43.526989 ], [ -101.179735, 43.519763 ], [ -101.189688, 43.519811 ], [ -101.18968, 43.512516 ], [ -101.169817, 43.512514 ], [ -101.169795, 43.505279 ], [ -101.179713, 43.505276 ], [ -101.179706, 43.501603 ], [ -101.199618, 43.501646 ], [ -101.19963, 43.505265 ], [ -101.204581, 43.505278 ], [ -101.204609, 43.508901 ], [ -101.209578, 43.508915 ], [ -101.209572, 43.505292 ], [ -101.219515, 43.505319 ], [ -101.219533, 43.512563 ], [ -101.209584, 43.512537 ], [ -101.209594, 43.519818 ], [ -101.219551, 43.519807 ], [ -101.219562, 43.530663 ], [ -101.20961, 43.530646 ], [ -101.209653, 43.548744 ], [ -101.219614, 43.548655 ], [ -101.219606, 43.562989 ], [ -101.228317, 43.563006 ], [ -101.228237, 43.592245 ] ], [ [ -101.199685, 43.555965 ], [ -101.205259, 43.552355 ], [ -101.199685, 43.552347 ], [ -101.199685, 43.555965 ] ], [ [ -101.172506, 43.613811 ], [ -101.170013, 43.612908 ], [ -101.170014, 43.613812 ], [ -101.172506, 43.613811 ] ] ], [ [ [ -101.228286, 43.490897 ], [ -101.199585, 43.490819 ], [ -101.199607, 43.498028 ], [ -101.184674, 43.49803 ], [ -101.184657, 43.490822 ], [ -101.178437, 43.490823 ], [ -101.179638, 43.476366 ], [ -101.187607, 43.476399 ], [ -101.187638, 43.468995 ], [ -101.177692, 43.468973 ], [ -101.177708, 43.460786 ], [ -101.157761, 43.461714 ], [ -101.157779, 43.468977 ], [ -101.128283, 43.468963 ], [ -101.128315, 43.476294 ], [ -101.149791, 43.476283 ], [ -101.149847, 43.490824 ], [ -101.124979, 43.490833 ], [ -101.124986, 43.498021 ], [ -101.12996, 43.498018 ], [ -101.129977, 43.512495 ], [ -101.139936, 43.512495 ], [ -101.139949, 43.519735 ], [ -101.120022, 43.519731 ], [ -101.120016, 43.505257 ], [ -101.110056, 43.505258 ], [ -101.110056, 43.519727 ], [ -101.10009, 43.519724 ], [ -101.100096, 43.50526 ], [ -101.090128, 43.505253 ], [ -101.090128, 43.519721 ], [ -101.060226, 43.51976 ], [ -101.060226, 43.512533 ], [ -101.070195, 43.512508 ], [ -101.070195, 43.498031 ], [ -101.060225, 43.49805 ], [ -101.060226, 43.505291 ], [ -101.010402, 43.505296 ], [ -101.010402, 43.498053 ], [ -101.030323, 43.498063 ], [ -101.030321, 43.490821 ], [ -101.000439, 43.490801 ], [ -101.000411, 43.476278 ], [ -101.007268, 43.476285 ], [ -101.007274, 43.468933 ], [ -101.017219, 43.468907 ], [ -101.017223, 43.476298 ], [ -101.027016, 43.476311 ], [ -101.027038, 43.468878 ], [ -101.038792, 43.468879 ], [ -101.038779, 43.461595 ], [ -101.04872, 43.461574 ], [ -101.048738, 43.468875 ], [ -101.058647, 43.468871 ], [ -101.058696, 43.476325 ], [ -101.040233, 43.476331 ], [ -101.040276, 43.490823 ], [ -101.060224, 43.490808 ], [ -101.060249, 43.476324 ], [ -101.068619, 43.476321 ], [ -101.068601, 43.468881 ], [ -101.063624, 43.468876 ], [ -101.063603, 43.461543 ], [ -101.073549, 43.461525 ], [ -101.073523, 43.4544 ], [ -101.058616, 43.454377 ], [ -101.058607, 43.447156 ], [ -101.068477, 43.447144 ], [ -101.068577, 43.439892 ], [ -101.118254, 43.439924 ], [ -101.11828, 43.447168 ], [ -101.1282, 43.447199 ], [ -101.128224, 43.454445 ], [ -101.177637, 43.454444 ], [ -101.177775, 43.447183 ], [ -101.187679, 43.447181 ], [ -101.18767, 43.454442 ], [ -101.197595, 43.454444 ], [ -101.197585, 43.465431 ], [ -101.192628, 43.465386 ], [ -101.192611, 43.469007 ], [ -101.20763, 43.469026 ], [ -101.207548, 43.476413 ], [ -101.199555, 43.476407 ], [ -101.199558, 43.483547 ], [ -101.228335, 43.483594 ], [ -101.228286, 43.490897 ] ], [ [ -101.120017, 43.479922 ], [ -101.110082, 43.479925 ], [ -101.110062, 43.490837 ], [ -101.120009, 43.490834 ], [ -101.120017, 43.479922 ] ], [ [ -101.099944, 43.483549 ], [ -101.098208, 43.468904 ], [ -101.088488, 43.468897 ], [ -101.088518, 43.476353 ], [ -101.080205, 43.476347 ], [ -101.080188, 43.483546 ], [ -101.099944, 43.483549 ] ], [ [ -101.11828, 43.447168 ], [ -101.08843, 43.447043 ], [ -101.08844, 43.454408 ], [ -101.098189, 43.454408 ], [ -101.098206, 43.46158 ], [ -101.118314, 43.46163 ], [ -101.11828, 43.447168 ] ], [ [ -101.088488, 43.468897 ], [ -101.088456, 43.461551 ], [ -101.078514, 43.461526 ], [ -101.078555, 43.46889 ], [ -101.088488, 43.468897 ] ] ], [ [ [ -101.228392, 43.432616 ], [ -101.217183, 43.432579 ], [ -101.217309, 43.454497 ], [ -101.227427, 43.454519 ], [ -101.227397, 43.461849 ], [ -101.207458, 43.461496 ], [ -101.20756, 43.439935 ], [ -101.197583, 43.439921 ], [ -101.197491, 43.410897 ], [ -101.217465, 43.410907 ], [ -101.217359, 43.389184 ], [ -101.20738, 43.389177 ], [ -101.207489, 43.403647 ], [ -101.187649, 43.403634 ], [ -101.187673, 43.418159 ], [ -101.177766, 43.418154 ], [ -101.177763, 43.425428 ], [ -101.137928, 43.42176 ], [ -101.137924, 43.418134 ], [ -101.147989, 43.418141 ], [ -101.14795, 43.410876 ], [ -101.118031, 43.410903 ], [ -101.11804, 43.418158 ], [ -101.108268, 43.41816 ], [ -101.108278, 43.425417 ], [ -101.098154, 43.425419 ], [ -101.098165, 43.432596 ], [ -101.058462, 43.43254 ], [ -101.058607, 43.447156 ], [ -101.048706, 43.447157 ], [ -101.048715, 43.454388 ], [ -101.038814, 43.454399 ], [ -101.038805, 43.447157 ], [ -101.026961, 43.447153 ], [ -101.007259, 43.447223 ], [ -101.007266, 43.454458 ], [ -100.977464, 43.45454 ], [ -100.977455, 43.4473 ], [ -100.987381, 43.447266 ], [ -100.987375, 43.440049 ], [ -100.977448, 43.440065 ], [ -100.977442, 43.432829 ], [ -100.967517, 43.432861 ], [ -100.967499, 43.411165 ], [ -100.97743, 43.411147 ], [ -100.97743, 43.418295 ], [ -100.997285, 43.418301 ], [ -100.997282, 43.411065 ], [ -101.007218, 43.411033 ], [ -101.007216, 43.403795 ], [ -100.982381, 43.403881 ], [ -100.982374, 43.39665 ], [ -100.987339, 43.39663 ], [ -100.987335, 43.389466 ], [ -100.977402, 43.389466 ], [ -100.977419, 43.403901 ], [ -100.967475, 43.403939 ], [ -100.96747, 43.389466 ], [ -100.95754, 43.389466 ], [ -100.957551, 43.403988 ], [ -100.947607, 43.404036 ], [ -100.947607, 43.3968 ], [ -100.927743, 43.396876 ], [ -100.927756, 43.404099 ], [ -100.918115, 43.404086 ], [ -100.918126, 43.396872 ], [ -100.90819, 43.396867 ], [ -100.908197, 43.404075 ], [ -100.888336, 43.404077 ], [ -100.888323, 43.396871 ], [ -100.868476, 43.396901 ], [ -100.868499, 43.404112 ], [ -100.848631, 43.40412 ], [ -100.848598, 43.389602 ], [ -100.838686, 43.389631 ], [ -100.838692, 43.393293 ], [ -100.829334, 43.393294 ], [ -100.838702, 43.396906 ], [ -100.838721, 43.404133 ], [ -100.828812, 43.404145 ], [ -100.828842, 43.418591 ], [ -100.808989, 43.418605 ], [ -100.808965, 43.404154 ], [ -100.805108, 43.404146 ], [ -100.808948, 43.396916 ], [ -100.800158, 43.396913 ], [ -100.800174, 43.389658 ], [ -100.790245, 43.389657 ], [ -100.790235, 43.396908 ], [ -100.780323, 43.396908 ], [ -100.780314, 43.404112 ], [ -100.790225, 43.404123 ], [ -100.790226, 43.411341 ], [ -100.780311, 43.411331 ], [ -100.780308, 43.418549 ], [ -100.770388, 43.418539 ], [ -100.770365, 43.440222 ], [ -100.76044, 43.440228 ], [ -100.760436, 43.44741 ], [ -100.75051, 43.44738 ], [ -100.750509, 43.454655 ], [ -100.730626, 43.454614 ], [ -100.730626, 43.447356 ], [ -100.710797, 43.44737 ], [ -100.710813, 43.432981 ], [ -100.73064, 43.43299 ], [ -100.730649, 43.425781 ], [ -100.705866, 43.425771 ], [ -100.70586, 43.429374 ], [ -100.7009, 43.429368 ], [ -100.700889, 43.440171 ], [ -100.690981, 43.440168 ], [ -100.690979, 43.432957 ], [ -100.682263, 43.432998 ], [ -100.682193, 43.425807 ], [ -100.672359, 43.425864 ], [ -100.672358, 43.418589 ], [ -100.687242, 43.418575 ], [ -100.687236, 43.414974 ], [ -100.690975, 43.414952 ], [ -100.690975, 43.418553 ], [ -100.720752, 43.418572 ], [ -100.720759, 43.411364 ], [ -100.710848, 43.411369 ], [ -100.71084, 43.396952 ], [ -100.730702, 43.396943 ], [ -100.73072, 43.389733 ], [ -100.70089, 43.389773 ], [ -100.700911, 43.404157 ], [ -100.682257, 43.404203 ], [ -100.682279, 43.396997 ], [ -100.672359, 43.397049 ], [ -100.672348, 43.40426 ], [ -100.652513, 43.404319 ], [ -100.652519, 43.397117 ], [ -100.662439, 43.397084 ], [ -100.662451, 43.389946 ], [ -100.632698, 43.390034 ], [ -100.632128, 43.404438 ], [ -100.622757, 43.404465 ], [ -100.622782, 43.390061 ], [ -100.602954, 43.39009 ], [ -100.602941, 43.397321 ], [ -100.612805, 43.39728 ], [ -100.612838, 43.411709 ], [ -100.622749, 43.411681 ], [ -100.62274, 43.418897 ], [ -100.593134, 43.419044 ], [ -100.5931, 43.390124 ], [ -100.583112, 43.390154 ], [ -100.5831, 43.397405 ], [ -100.573175, 43.397447 ], [ -100.573158, 43.404687 ], [ -100.541179, 43.404698 ], [ -100.541155, 43.397425 ], [ -100.551086, 43.397432 ], [ -100.551068, 43.390178 ], [ -100.511353, 43.390149 ], [ -100.511378, 43.397393 ], [ -100.501664, 43.397443 ], [ -100.501641, 43.404688 ], [ -100.491543, 43.40467 ], [ -100.491584, 43.419092 ], [ -100.471819, 43.419082 ], [ -100.471816, 43.411864 ], [ -100.461805, 43.41182 ], [ -100.461864, 43.404596 ], [ -100.471815, 43.40465 ], [ -100.471821, 43.397361 ], [ -100.46175, 43.397339 ], [ -100.461716, 43.390131 ], [ -100.421876, 43.390128 ], [ -100.421889, 43.397319 ], [ -100.411984, 43.397311 ], [ -100.411984, 43.390129 ], [ -100.392181, 43.390052 ], [ -100.392162, 43.397318 ], [ -100.38224, 43.397315 ], [ -100.382261, 43.390026 ], [ -100.352376, 43.390048 ], [ -100.352427, 43.404648 ], [ -100.342516, 43.404583 ], [ -100.342596, 43.38996 ], [ -100.293676, 43.390187 ], [ -100.293752, 43.404747 ], [ -100.313686, 43.404794 ], [ -100.313612, 43.411878 ], [ -100.293778, 43.411987 ], [ -100.293804, 43.419175 ], [ -100.283728, 43.419318 ], [ -100.2837, 43.412035 ], [ -100.273766, 43.412085 ], [ -100.27374, 43.404846 ], [ -100.263811, 43.404887 ], [ -100.26371, 43.390373 ], [ -100.243885, 43.390336 ], [ -100.243915, 43.397738 ], [ -100.229002, 43.39779 ], [ -100.22899, 43.394174 ], [ -100.233962, 43.394159 ], [ -100.233951, 43.390396 ], [ -100.21406, 43.390449 ], [ -100.213846, 43.128654 ], [ -100.19851, 43.12865 ], [ -100.198412591427996, 42.998542050575203 ], [ -101.228008341597999, 42.997875351341598 ], [ -101.228392, 43.432616 ] ], [ [ -101.177771, 43.389151 ], [ -101.157833, 43.389131 ], [ -101.157782, 43.396331 ], [ -101.177704, 43.396333 ], [ -101.177771, 43.389151 ] ], [ [ -101.108335, 43.389136 ], [ -101.068554, 43.389106 ], [ -101.068549, 43.403641 ], [ -101.088403, 43.40363 ], [ -101.088403, 43.396373 ], [ -101.108256, 43.399986 ], [ -101.108335, 43.389136 ] ], [ [ -101.038734, 43.432595 ], [ -101.026929, 43.43262 ], [ -101.026946, 43.439906 ], [ -101.03874, 43.439913 ], [ -101.038734, 43.432595 ] ], [ [ -100.760495, 43.389654 ], [ -100.750577, 43.389654 ], [ -100.750568, 43.396927 ], [ -100.760489, 43.396918 ], [ -100.760495, 43.389654 ] ], [ [ -100.760443, 43.43301 ], [ -100.750517, 43.43302 ], [ -100.750515, 43.436626 ], [ -100.760442, 43.436619 ], [ -100.760443, 43.43301 ] ], [ [ -100.573195, 43.39017 ], [ -100.565972, 43.390201 ], [ -100.565976, 43.393821 ], [ -100.573184, 43.393795 ], [ -100.573195, 43.39017 ] ], [ [ -100.27374, 43.404846 ], [ -100.283672, 43.404796 ], [ -100.283602, 43.390164 ], [ -100.27368, 43.390306 ], [ -100.27374, 43.404846 ] ], [ [ -100.730626, 43.447356 ], [ -100.740606, 43.447359 ], [ -100.740603, 43.440213 ], [ -100.730634, 43.440196 ], [ -100.730626, 43.447356 ] ], [ [ -100.730702, 43.396943 ], [ -100.730684, 43.404147 ], [ -100.740622, 43.404146 ], [ -100.740635, 43.396936 ], [ -100.730702, 43.396943 ] ], [ [ -100.770388, 43.418539 ], [ -100.770403, 43.404101 ], [ -100.75056, 43.404145 ], [ -100.750537, 43.418584 ], [ -100.770388, 43.418539 ] ], [ [ -100.808948, 43.396916 ], [ -100.823829, 43.396913 ], [ -100.823818, 43.393295 ], [ -100.818859, 43.393296 ], [ -100.818849, 43.38966 ], [ -100.808931, 43.389658 ], [ -100.808948, 43.396916 ] ], [ [ -100.868476, 43.396901 ], [ -100.868454, 43.389578 ], [ -100.858524, 43.389586 ], [ -100.858546, 43.396901 ], [ -100.868476, 43.396901 ] ], [ [ -100.977442, 43.432829 ], [ -101.007065, 43.432716 ], [ -101.007228, 43.425509 ], [ -100.977434, 43.425595 ], [ -100.977442, 43.432829 ] ], [ [ -101.007216, 43.403795 ], [ -101.048695, 43.40367 ], [ -101.048696, 43.39643 ], [ -101.058626, 43.396414 ], [ -101.058635, 43.389101 ], [ -101.017155, 43.389232 ], [ -101.017146, 43.396518 ], [ -101.00721, 43.396559 ], [ -101.007216, 43.403795 ] ], [ [ -101.058462, 43.43254 ], [ -101.058608, 43.418133 ], [ -101.048696, 43.418159 ], [ -101.048705, 43.432565 ], [ -101.058462, 43.43254 ] ], [ [ -101.098154, 43.425419 ], [ -101.09833, 43.410882 ], [ -101.088401, 43.410887 ], [ -101.088408, 43.425402 ], [ -101.098154, 43.425419 ] ], [ [ -101.217465, 43.410907 ], [ -101.217466, 43.414531 ], [ -101.222442, 43.414533 ], [ -101.222437, 43.410906 ], [ -101.217465, 43.410907 ] ], [ [ -101.157782, 43.396331 ], [ -101.137895, 43.39631 ], [ -101.137885, 43.389136 ], [ -101.118, 43.389138 ], [ -101.118029, 43.396339 ], [ -101.128104, 43.396325 ], [ -101.128111, 43.403599 ], [ -101.137904, 43.403579 ], [ -101.137909, 43.407218 ], [ -101.157904, 43.407258 ], [ -101.157761, 43.418148 ], [ -101.167831, 43.418152 ], [ -101.16782, 43.403618 ], [ -101.157775, 43.403619 ], [ -101.157782, 43.396331 ] ], [ [ -100.750517, 43.43302 ], [ -100.750526, 43.426768 ], [ -100.740588, 43.425792 ], [ -100.740579, 43.433005 ], [ -100.750517, 43.43302 ] ], [ [ -101.007228, 43.425509 ], [ -101.012103, 43.425487 ], [ -101.012192, 43.418247 ], [ -101.00722, 43.418271 ], [ -101.007228, 43.425509 ] ], [ [ -101.048695, 43.40367 ], [ -101.048696, 43.410907 ], [ -101.058616, 43.410877 ], [ -101.05862, 43.403645 ], [ -101.048695, 43.40367 ] ] ], [ [ [ -99.006565, 43.017154 ], [ -99.001631, 43.017155 ], [ -99.001623, 43.009903 ], [ -99.006556, 43.009905 ], [ -99.006565, 43.017154 ] ] ], [ [ [ -99.021442, 43.075103 ], [ -99.001721, 43.075086 ], [ -99.001693, 43.06791 ], [ -99.02144, 43.067918 ], [ -99.021442, 43.075103 ] ] ], [ [ [ -99.031132, 43.125727 ], [ -99.011453, 43.125735 ], [ -99.011514, 43.111284 ], [ -99.031193, 43.111277 ], [ -99.031132, 43.125727 ] ] ], [ [ [ -99.031255, 43.053364 ], [ -99.021447, 43.053443 ], [ -99.021443, 43.046108 ], [ -99.031254, 43.046142 ], [ -99.031255, 43.053364 ] ] ], [ [ [ -99.041112, 43.038841 ], [ -99.031255, 43.038862 ], [ -99.031253, 43.03524 ], [ -99.041112, 43.03522 ], [ -99.041112, 43.038841 ] ] ], [ [ [ -99.050883, 43.111274 ], [ -99.041027, 43.11126 ], [ -99.041059, 43.104022 ], [ -99.050921, 43.104042 ], [ -99.050883, 43.111274 ] ] ], [ [ [ -99.050981, 43.031619 ], [ -99.041111, 43.0316 ], [ -99.04111, 43.024359 ], [ -99.050975, 43.024372 ], [ -99.050981, 43.031619 ] ] ], [ [ [ -99.060476, 43.0679 ], [ -99.05101, 43.06786 ], [ -99.050991, 43.075117 ], [ -99.04111, 43.075111 ], [ -99.041115, 43.060608 ], [ -99.060475, 43.060628 ], [ -99.060476, 43.0679 ] ] ], [ [ [ -99.0703, 43.154629 ], [ -99.060456, 43.154649 ], [ -99.060469, 43.147416 ], [ -99.070316, 43.147403 ], [ -99.0703, 43.154629 ] ] ], [ [ [ -99.080169, 43.053486 ], [ -99.070222, 43.053502 ], [ -99.070276, 43.046198 ], [ -99.080163, 43.046189 ], [ -99.080169, 43.053486 ] ] ], [ [ [ -99.080186, 43.096828 ], [ -99.060455, 43.096836 ], [ -99.060442, 43.089604 ], [ -99.080172, 43.089596 ], [ -99.080186, 43.096828 ] ] ], [ [ [ -99.080211, 43.111255 ], [ -99.070341, 43.11127 ], [ -99.070331, 43.104052 ], [ -99.080199, 43.104042 ], [ -99.080211, 43.111255 ] ] ], [ [ [ -99.089964, 43.009995 ], [ -99.080121, 43.010024 ], [ -99.080132, 43.002761 ], [ -99.089958, 43.002748 ], [ -99.089964, 43.009995 ] ] ], [ [ [ -99.099879, 43.038949 ], [ -99.089984, 43.038912 ], [ -99.089964, 43.009995 ], [ -99.09977, 43.010008 ], [ -99.099876, 43.030784 ], [ -99.094904, 43.031698 ], [ -99.099876, 43.031687 ], [ -99.099879, 43.038949 ] ] ], [ [ [ -99.109695, 43.010018 ], [ -99.09977, 43.010008 ], [ -99.099796, 43.002736 ], [ -99.109685, 43.002718 ], [ -99.109695, 43.010018 ] ] ], [ [ [ -99.114626, 43.158182 ], [ -99.109701, 43.158186 ], [ -99.109739, 43.15457 ], [ -99.104809, 43.154574 ], [ -99.104814, 43.150965 ], [ -99.114679, 43.147344 ], [ -99.114626, 43.158182 ] ] ], [ [ [ -99.11962, 43.140114 ], [ -99.10976, 43.140131 ], [ -99.109749, 43.14735 ], [ -99.099889, 43.147363 ], [ -99.09988, 43.154579 ], [ -99.090013, 43.154594 ], [ -99.090044, 43.140151 ], [ -99.099899, 43.140148 ], [ -99.099908, 43.132927 ], [ -99.080188, 43.132931 ], [ -99.080196, 43.140166 ], [ -99.050727, 43.140164 ], [ -99.050853, 43.118497 ], [ -99.060474, 43.118509 ], [ -99.060469, 43.111285 ], [ -99.070341, 43.11127 ], [ -99.070337, 43.125715 ], [ -99.080196, 43.125674 ], [ -99.080203, 43.118476 ], [ -99.090061, 43.11848 ], [ -99.090061, 43.107648 ], [ -99.09995, 43.107664 ], [ -99.099972, 43.118483 ], [ -99.109773, 43.118474 ], [ -99.109771, 43.125697 ], [ -99.119626, 43.125688 ], [ -99.11962, 43.140114 ] ] ], [ [ [ -99.129476, 43.125693 ], [ -99.119626, 43.125688 ], [ -99.119685, 43.111284 ], [ -99.129479, 43.111279 ], [ -99.129476, 43.125693 ] ] ], [ [ [ -99.159069, 43.09679 ], [ -99.149174, 43.096788 ], [ -99.149169, 43.089546 ], [ -99.159035, 43.089539 ], [ -99.159069, 43.09679 ] ] ], [ [ [ -99.168788, 43.010004 ], [ -99.158943, 43.01006 ], [ -99.158953, 43.0065 ], [ -99.14417, 43.006518 ], [ -99.144175, 43.002751 ], [ -99.139304, 43.002764 ], [ -99.139363, 43.00989 ], [ -99.149092, 43.009886 ], [ -99.14909, 43.0172 ], [ -99.139247, 43.017207 ], [ -99.139253, 43.03168 ], [ -99.149101, 43.031669 ], [ -99.149114, 43.038915 ], [ -99.139267, 43.038926 ], [ -99.139342, 43.053404 ], [ -99.149135, 43.053389 ], [ -99.149152, 43.067902 ], [ -99.139302, 43.067924 ], [ -99.139294, 43.060632 ], [ -99.129433, 43.060636 ], [ -99.129426, 43.053402 ], [ -99.119515, 43.053398 ], [ -99.119649, 43.067902 ], [ -99.129443, 43.067911 ], [ -99.129447, 43.075103 ], [ -99.119608, 43.075111 ], [ -99.119615, 43.078728 ], [ -99.09992, 43.078741 ], [ -99.099849, 43.060642 ], [ -99.10971, 43.060641 ], [ -99.109707, 43.05702 ], [ -99.089991, 43.057029 ], [ -99.089985, 43.046176 ], [ -99.099837, 43.046162 ], [ -99.099841, 43.053401 ], [ -99.109703, 43.0534 ], [ -99.109694, 43.031681 ], [ -99.119561, 43.031673 ], [ -99.119567, 43.024427 ], [ -99.129402, 43.024528 ], [ -99.129417, 43.010038 ], [ -99.119581, 43.010028 ], [ -99.119585, 43.002699 ], [ -99.134341, 43.00274 ], [ -99.134341, 42.998300610584103 ], [ -99.158917246980494, 42.998435818827197 ], [ -99.158919, 43.002744 ], [ -99.168775, 43.002706 ], [ -99.168788, 43.010004 ] ], [ [ -99.134339, 43.038925 ], [ -99.119553, 43.03892 ], [ -99.119559, 43.04616 ], [ -99.134359, 43.046165 ], [ -99.134339, 43.038925 ] ] ], [ [ [ -99.168882, 43.078685 ], [ -99.163948, 43.07869 ], [ -99.163944, 43.075072 ], [ -99.168878, 43.075066 ], [ -99.168882, 43.078685 ] ] ], [ [ [ -99.193081, 43.053321 ], [ -99.18569, 43.05332 ], [ -99.188159, 43.060563 ], [ -99.185694, 43.060564 ], [ -99.183226, 43.05332 ], [ -99.178298, 43.053319 ], [ -99.178304, 43.075056 ], [ -99.16394, 43.072357 ], [ -99.163944, 43.075072 ], [ -99.158972, 43.075076 ], [ -99.15929, 43.024408 ], [ -99.168787, 43.024414 ], [ -99.168822, 43.038887 ], [ -99.178197, 43.038865 ], [ -99.178244, 43.031649 ], [ -99.188154, 43.031641 ], [ -99.188153, 43.046093 ], [ -99.193082, 43.046093 ], [ -99.193081, 43.053321 ] ] ], [ [ [ -99.20786, 43.038856 ], [ -99.207717, 43.06057 ], [ -99.198018, 43.060556 ], [ -99.198012, 43.038865 ], [ -99.20786, 43.038856 ] ] ], [ [ [ -99.227554, 43.024362 ], [ -99.217695, 43.024374 ], [ -99.217693, 43.017134 ], [ -99.227552, 43.017122 ], [ -99.227554, 43.024362 ] ] ], [ [ [ -99.237709, 43.125714 ], [ -99.227713, 43.125726 ], [ -99.227683, 43.111245 ], [ -99.237615, 43.111232 ], [ -99.237709, 43.125714 ] ] ], [ [ [ -99.237855, 43.342366 ], [ -99.227755, 43.34254 ], [ -99.22769, 43.335335 ], [ -99.237854, 43.335312 ], [ -99.237855, 43.342366 ] ] ], [ [ [ -99.247346, 43.074999 ], [ -99.227619, 43.075016 ], [ -99.227605, 43.067803 ], [ -99.237456, 43.067807 ], [ -99.237455, 43.060539 ], [ -99.247312, 43.060527 ], [ -99.247346, 43.074999 ] ] ], [ [ [ -99.257233, 43.08947 ], [ -99.247373, 43.089477 ], [ -99.247386, 43.096717 ], [ -99.237526, 43.096723 ], [ -99.237501, 43.082244 ], [ -99.247361, 43.082237 ], [ -99.247346, 43.074999 ], [ -99.257208, 43.074991 ], [ -99.257233, 43.08947 ] ] ], [ [ [ -99.257263, 43.103952 ], [ -99.247401, 43.103955 ], [ -99.247386, 43.096717 ], [ -99.257245, 43.096711 ], [ -99.257263, 43.103952 ] ] ], [ [ [ -99.257357, 43.255771 ], [ -99.207963, 43.255762 ], [ -99.207957, 43.252169 ], [ -99.217838, 43.252178 ], [ -99.217824, 43.241321 ], [ -99.247462, 43.241332 ], [ -99.247465, 43.248544 ], [ -99.257336, 43.248552 ], [ -99.257357, 43.255771 ] ] ], [ [ [ -99.257378, 43.342578 ], [ -99.24749, 43.342572 ], [ -99.247465, 43.335326 ], [ -99.257351, 43.335324 ], [ -99.257378, 43.342578 ] ] ], [ [ [ -99.267066, 43.061335 ], [ -99.267007, 43.067763 ], [ -99.257235, 43.067768 ], [ -99.257199, 43.060514 ], [ -99.267066, 43.061335 ] ] ], [ [ [ -99.267106, 43.096701 ], [ -99.257245, 43.096711 ], [ -99.257233, 43.08947 ], [ -99.267091, 43.089461 ], [ -99.267106, 43.096701 ] ] ], [ [ [ -99.267138, 43.111181 ], [ -99.257351, 43.111245 ], [ -99.257263, 43.103952 ], [ -99.267122, 43.103942 ], [ -99.267138, 43.111181 ] ] ], [ [ [ -99.267305, 43.357015 ], [ -99.257376, 43.357029 ], [ -99.257378, 43.342578 ], [ -99.267201, 43.342576 ], [ -99.267305, 43.357015 ] ] ], [ [ [ -99.276883, 43.060511 ], [ -99.267022, 43.060508 ], [ -99.267001, 43.053272 ], [ -99.276862, 43.053323 ], [ -99.276883, 43.060511 ] ] ], [ [ [ -99.326389, 43.060476 ], [ -99.306674, 43.060487 ], [ -99.306672, 43.049629 ], [ -99.326385, 43.053308 ], [ -99.326389, 43.060476 ] ] ], [ [ [ -99.335802, 43.487153 ], [ -99.325887, 43.487121 ], [ -99.325903, 43.479876 ], [ -99.335824, 43.479902 ], [ -99.335802, 43.487153 ] ] ], [ [ [ -99.336317, 43.111185 ], [ -99.316568, 43.111093 ], [ -99.316562, 43.103872 ], [ -99.326418, 43.103866 ], [ -99.326563, 43.096704 ], [ -99.336338, 43.096698 ], [ -99.336317, 43.111185 ] ] ], [ [ [ -99.346161, 43.320832 ], [ -99.336277, 43.320842 ], [ -99.33628, 43.313611 ], [ -99.346166, 43.313605 ], [ -99.346161, 43.320832 ] ] ], [ [ [ -99.356024, 43.349763 ], [ -99.336242, 43.349769 ], [ -99.336252, 43.342552 ], [ -99.356029, 43.342547 ], [ -99.356024, 43.349763 ] ] ], [ [ [ -99.365886, 43.356964 ], [ -99.356018, 43.356978 ], [ -99.356024, 43.349763 ], [ -99.365896, 43.349748 ], [ -99.365886, 43.356964 ] ] ], [ [ [ -99.365916, 43.421986 ], [ -99.356047, 43.422001 ], [ -99.356037, 43.414764 ], [ -99.365906, 43.414754 ], [ -99.365916, 43.421986 ] ] ], [ [ [ -99.365941, 43.3202 ], [ -99.356046, 43.320821 ], [ -99.356052, 43.3136 ], [ -99.365948, 43.313598 ], [ -99.365941, 43.3202 ] ] ], [ [ [ -99.375794, 43.40029 ], [ -99.355996, 43.400322 ], [ -99.35601, 43.371424 ], [ -99.375771, 43.371398 ], [ -99.375767, 43.378609 ], [ -99.365884, 43.378628 ], [ -99.365881, 43.385738 ], [ -99.375771, 43.385753 ], [ -99.375794, 43.40029 ] ] ], [ [ [ -99.375806, 43.335302 ], [ -99.356033, 43.335272 ], [ -99.35604, 43.328043 ], [ -99.365936, 43.328052 ], [ -99.365947, 43.320823 ], [ -99.375838, 43.320829 ], [ -99.375806, 43.335302 ] ] ], [ [ [ -99.3857, 43.154506 ], [ -99.356033, 43.154484 ], [ -99.35603, 43.147257 ], [ -99.385679, 43.147238 ], [ -99.3857, 43.154506 ] ] ], [ [ [ -99.385718, 43.41477 ], [ -99.375775, 43.414785 ], [ -99.375784, 43.407517 ], [ -99.385716, 43.40755 ], [ -99.385718, 43.41477 ] ] ], [ [ [ -99.405456, 43.385732 ], [ -99.395534, 43.385751 ], [ -99.395511, 43.378661 ], [ -99.405415, 43.378649 ], [ -99.405456, 43.385732 ] ] ], [ [ [ -99.415187, 43.443795 ], [ -99.395337, 43.443757 ], [ -99.39534, 43.436522 ], [ -99.41521, 43.436556 ], [ -99.415187, 43.443795 ] ] ], [ [ [ -99.435298, 43.451017 ], [ -99.425071, 43.451027 ], [ -99.425088, 43.443788 ], [ -99.435286, 43.443782 ], [ -99.435298, 43.451017 ] ] ], [ [ [ -99.475044, 43.451011 ], [ -99.455195, 43.451017 ], [ -99.455187, 43.44363 ], [ -99.475056, 43.443637 ], [ -99.475044, 43.451011 ] ] ], [ [ [ -99.494517, 43.385918 ], [ -99.475984, 43.385948 ], [ -99.474906, 43.364137 ], [ -99.494502, 43.364129 ], [ -99.494517, 43.385918 ] ] ], [ [ [ -99.494552, 43.436535 ], [ -99.484621, 43.436532 ], [ -99.484613, 43.429164 ], [ -99.494544, 43.4292 ], [ -99.494552, 43.436535 ] ] ], [ [ [ -99.514561, 43.39309 ], [ -99.504428, 43.393085 ], [ -99.504419, 43.378622 ], [ -99.51454, 43.378602 ], [ -99.514561, 43.39309 ] ] ], [ [ [ -99.538628, 43.40756 ], [ -99.533874, 43.407562 ], [ -99.533863, 43.400257 ], [ -99.538629, 43.400264 ], [ -99.538628, 43.40756 ] ] ], [ [ [ -99.543603, 43.393083 ], [ -99.533859, 43.393089 ], [ -99.533855, 43.385835 ], [ -99.543605, 43.385845 ], [ -99.543603, 43.393083 ] ] ], [ [ [ -99.543667, 43.327934 ], [ -99.533948, 43.32793 ], [ -99.533915, 43.320718 ], [ -99.543647, 43.320726 ], [ -99.543667, 43.327934 ] ] ], [ [ [ -99.543792, 43.132752 ], [ -99.53403, 43.132728 ], [ -99.53405, 43.12546 ], [ -99.543809, 43.125511 ], [ -99.543792, 43.132752 ] ] ], [ [ [ -99.543831, 43.525331 ], [ -99.533769, 43.525312 ], [ -99.533697, 43.514276 ], [ -99.543842, 43.51429 ], [ -99.543831, 43.525331 ] ] ], [ [ [ -99.543894, 43.060349 ], [ -99.534094, 43.060349 ], [ -99.534102, 43.053049 ], [ -99.54392, 43.053091 ], [ -99.543894, 43.060349 ] ] ], [ [ [ -99.55363, 43.219525 ], [ -99.543738, 43.219489 ], [ -99.543744, 43.212256 ], [ -99.553635, 43.212291 ], [ -99.55363, 43.219525 ] ] ], [ [ [ -99.553675, 43.153623 ], [ -99.543779, 43.15445 ], [ -99.543785, 43.147211 ], [ -99.553714, 43.147238 ], [ -99.553675, 43.153623 ] ] ], [ [ [ -99.553732, 43.111064 ], [ -99.54383, 43.110786 ], [ -99.54384, 43.1038 ], [ -99.55379, 43.103801 ], [ -99.553732, 43.111064 ] ] ], [ [ [ -99.56344, 43.450997 ], [ -99.524363, 43.450991 ], [ -99.524358, 43.443756 ], [ -99.514724, 43.44375 ], [ -99.514671, 43.429168 ], [ -99.494544, 43.4292 ], [ -99.494538, 43.42204 ], [ -99.543591, 43.422032 ], [ -99.54359, 43.429174 ], [ -99.524325, 43.429167 ], [ -99.52436, 43.436521 ], [ -99.553666, 43.436513 ], [ -99.553666, 43.443586 ], [ -99.563445, 43.443511 ], [ -99.56344, 43.450997 ] ] ], [ [ [ -99.563409, 43.407552 ], [ -99.553548, 43.407554 ], [ -99.553542, 43.414635 ], [ -99.543596, 43.414698 ], [ -99.543604, 43.400331 ], [ -99.56348, 43.400316 ], [ -99.563409, 43.407552 ] ] ], [ [ [ -99.563557, 43.197866 ], [ -99.553708, 43.197863 ], [ -99.553716, 43.190594 ], [ -99.563535, 43.190594 ], [ -99.563557, 43.197866 ] ] ], [ [ [ -99.56358, 43.147237 ], [ -99.553714, 43.147238 ], [ -99.553757, 43.140006 ], [ -99.563618, 43.139993 ], [ -99.56358, 43.147237 ] ] ], [ [ [ -99.563813, 43.557835 ], [ -99.543817, 43.55786 ], [ -99.543818, 43.550634 ], [ -99.533903, 43.55063 ], [ -99.533783, 43.528923 ], [ -99.543828, 43.528951 ], [ -99.543821, 43.539794 ], [ -99.553807, 43.539778 ], [ -99.553811, 43.550621 ], [ -99.563805, 43.550607 ], [ -99.563813, 43.557835 ] ] ], [ [ [ -99.563825, 43.572307 ], [ -99.543824, 43.572312 ], [ -99.54382, 43.565086 ], [ -99.563819, 43.565071 ], [ -99.563825, 43.572307 ] ] ], [ [ [ -99.573392, 43.42927 ], [ -99.553665, 43.429274 ], [ -99.553665, 43.414662 ], [ -99.563462, 43.414693 ], [ -99.563467, 43.422022 ], [ -99.573399, 43.422027 ], [ -99.573392, 43.42927 ] ] ], [ [ [ -99.573421, 43.385767 ], [ -99.563482, 43.385797 ], [ -99.563478, 43.378604 ], [ -99.553673, 43.378607 ], [ -99.553621, 43.371279 ], [ -99.573402, 43.371367 ], [ -99.573421, 43.385767 ] ] ], [ [ [ -99.573555, 43.154508 ], [ -99.563598, 43.154491 ], [ -99.56358, 43.147237 ], [ -99.573585, 43.14771 ], [ -99.573555, 43.154508 ] ] ], [ [ [ -99.575546, 43.745965 ], [ -99.575195, 43.753173 ], [ -99.564184, 43.753161 ], [ -99.564189, 43.745924 ], [ -99.557705, 43.745905 ], [ -99.559495, 43.741996 ], [ -99.554223, 43.735042 ], [ -99.56418, 43.735057 ], [ -99.564221, 43.742302 ], [ -99.575546, 43.745965 ] ] ], [ [ [ -99.583199, 43.219561 ], [ -99.573479, 43.219544 ], [ -99.573463, 43.212704 ], [ -99.583206, 43.212373 ], [ -99.583199, 43.219561 ] ] ], [ [ [ -99.583318, 43.176139 ], [ -99.563542, 43.176125 ], [ -99.563547, 43.168934 ], [ -99.553606, 43.168969 ], [ -99.553736, 43.161716 ], [ -99.573459, 43.161718 ], [ -99.573433, 43.168902 ], [ -99.583323, 43.168915 ], [ -99.583318, 43.176139 ] ] ], [ [ [ -99.583392, 43.07485 ], [ -99.573502, 43.078466 ], [ -99.573504, 43.067608 ], [ -99.583398, 43.071232 ], [ -99.583392, 43.07485 ] ] ], [ [ [ -99.583651, 43.50723 ], [ -99.563752, 43.507222 ], [ -99.563408, 43.487212 ], [ -99.558439, 43.487214 ], [ -99.558444, 43.479966 ], [ -99.553475, 43.479966 ], [ -99.553477, 43.476341 ], [ -99.548513, 43.476336 ], [ -99.548515, 43.472717 ], [ -99.568387, 43.472719 ], [ -99.568382, 43.479966 ], [ -99.583313, 43.47996 ], [ -99.583651, 43.50723 ] ] ], [ [ [ -99.583747, 43.565101 ], [ -99.563819, 43.565071 ], [ -99.563813, 43.557835 ], [ -99.583739, 43.557866 ], [ -99.583747, 43.565101 ] ] ], [ [ [ -99.593221, 43.190615 ], [ -99.583241, 43.190609 ], [ -99.583253, 43.18342 ], [ -99.593214, 43.183387 ], [ -99.593221, 43.190615 ] ] ], [ [ [ -99.593353, 43.147213 ], [ -99.573588, 43.147238 ], [ -99.573622, 43.13998 ], [ -99.59336, 43.139901 ], [ -99.593353, 43.147213 ] ] ], [ [ [ -99.593676, 43.543402 ], [ -99.583717, 43.543392 ], [ -99.583707, 43.536161 ], [ -99.593668, 43.536169 ], [ -99.593676, 43.543402 ] ] ], [ [ [ -99.593776, 43.622994 ], [ -99.583795, 43.622984 ], [ -99.583792, 43.61574 ], [ -99.593746, 43.615741 ], [ -99.593776, 43.622994 ] ] ], [ [ [ -99.598257, 43.498027 ], [ -99.593289, 43.498022 ], [ -99.593287, 43.494405 ], [ -99.598255, 43.494408 ], [ -99.598257, 43.498027 ] ] ], [ [ [ -99.603116, 43.197914 ], [ -99.593229, 43.197894 ], [ -99.593221, 43.190615 ], [ -99.603109, 43.190568 ], [ -99.603116, 43.197914 ] ] ], [ [ [ -99.603124, 43.284637 ], [ -99.593372, 43.284613 ], [ -99.593369, 43.277353 ], [ -99.603123, 43.277403 ], [ -99.603124, 43.284637 ] ] ], [ [ [ -99.603148, 43.349666 ], [ -99.58332, 43.349659 ], [ -99.583319, 43.346042 ], [ -99.593352, 43.346044 ], [ -99.593349, 43.342407 ], [ -99.603147, 43.342427 ], [ -99.603148, 43.349666 ] ] ], [ [ [ -99.603128, 43.377304 ], [ -99.593291, 43.378606 ], [ -99.593351, 43.371314 ], [ -99.603187, 43.37135 ], [ -99.603128, 43.377304 ] ] ], [ [ [ -99.603188, 43.450998 ], [ -99.59339, 43.451002 ], [ -99.593465, 43.465487 ], [ -99.583314, 43.465481 ], [ -99.583318, 43.443756 ], [ -99.60319, 43.443661 ], [ -99.603188, 43.450998 ] ] ], [ [ [ -99.613022, 43.096576 ], [ -99.588327, 43.096546 ], [ -99.588323, 43.089325 ], [ -99.613017, 43.089334 ], [ -99.613022, 43.096576 ] ] ], [ [ [ -99.613058, 43.342429 ], [ -99.603147, 43.342427 ], [ -99.603139, 43.335243 ], [ -99.613052, 43.335254 ], [ -99.613058, 43.342429 ] ] ], [ [ [ -99.613063, 43.364139 ], [ -99.603154, 43.364138 ], [ -99.60315, 43.356858 ], [ -99.613069, 43.356854 ], [ -99.613063, 43.364139 ] ] ], [ [ [ -99.613275, 43.384714 ], [ -99.603151, 43.385684 ], [ -99.603155, 43.378606 ], [ -99.613306, 43.378619 ], [ -99.613275, 43.384714 ] ] ], [ [ [ -99.613597, 43.528941 ], [ -99.603724, 43.52894 ], [ -99.603719, 43.5217 ], [ -99.613558, 43.521707 ], [ -99.613597, 43.528941 ] ] ], [ [ [ -99.613613, 43.594058 ], [ -99.603733, 43.594058 ], [ -99.603698, 43.586719 ], [ -99.61359, 43.586727 ], [ -99.613613, 43.594058 ] ] ], [ [ [ -99.614273, 43.738733 ], [ -99.612813, 43.745942 ], [ -99.608326, 43.738716 ], [ -99.614273, 43.738733 ] ] ], [ [ [ -99.622882, 43.176179 ], [ -99.61301, 43.176174 ], [ -99.612948, 43.168947 ], [ -99.622876, 43.168947 ], [ -99.622882, 43.176179 ] ] ], [ [ [ -99.622931, 43.320813 ], [ -99.613006, 43.320799 ], [ -99.613036, 43.313573 ], [ -99.622925, 43.313585 ], [ -99.622931, 43.320813 ] ] ], [ [ [ -99.628662, 43.720682 ], [ -99.623724, 43.720674 ], [ -99.623743, 43.71706 ], [ -99.628641, 43.717066 ], [ -99.628662, 43.720682 ] ] ], [ [ [ -99.63284, 43.205164 ], [ -99.61309, 43.205097 ], [ -99.613085, 43.197935 ], [ -99.632813, 43.197905 ], [ -99.63284, 43.205164 ] ] ], [ [ [ -99.632861, 43.219601 ], [ -99.61312, 43.219583 ], [ -99.613126, 43.212362 ], [ -99.632867, 43.212379 ], [ -99.632861, 43.219601 ] ] ], [ [ [ -99.632549, 43.168948 ], [ -99.622876, 43.168947 ], [ -99.622905, 43.161729 ], [ -99.632869, 43.16172 ], [ -99.632549, 43.168948 ] ] ], [ [ [ -99.632881, 43.248579 ], [ -99.622916, 43.248547 ], [ -99.622921, 43.241305 ], [ -99.632874, 43.241318 ], [ -99.632881, 43.248579 ] ] ], [ [ [ -99.632909, 43.284627 ], [ -99.622919, 43.284627 ], [ -99.62292, 43.270223 ], [ -99.632904, 43.27025 ], [ -99.632909, 43.284627 ] ] ], [ [ [ -99.632956, 43.342373 ], [ -99.62305, 43.342369 ], [ -99.623043, 43.335279 ], [ -99.632949, 43.335287 ], [ -99.632956, 43.342373 ] ] ], [ [ [ -99.632998, 43.378622 ], [ -99.622991, 43.378615 ], [ -99.622981, 43.371379 ], [ -99.632985, 43.371334 ], [ -99.632998, 43.378622 ] ] ], [ [ [ -99.633363, 43.666446 ], [ -99.623649, 43.666454 ], [ -99.623539, 43.659215 ], [ -99.633314, 43.659206 ], [ -99.633363, 43.666446 ] ] ], [ [ [ -99.642699, 43.197907 ], [ -99.632813, 43.197905 ], [ -99.632787, 43.190685 ], [ -99.642677, 43.190598 ], [ -99.642699, 43.197907 ] ] ], [ [ [ -99.642997, 43.494451 ], [ -99.638025, 43.494441 ], [ -99.638024, 43.490824 ], [ -99.642995, 43.490835 ], [ -99.642997, 43.494451 ] ] ], [ [ [ -99.643308, 43.586753 ], [ -99.623416, 43.58674 ], [ -99.623443, 43.572265 ], [ -99.633355, 43.572287 ], [ -99.63335, 43.579585 ], [ -99.643307, 43.579588 ], [ -99.643308, 43.586753 ] ] ], [ [ [ -99.643335, 43.644677 ], [ -99.623598, 43.64464 ], [ -99.623426, 43.637502 ], [ -99.633357, 43.637487 ], [ -99.633361, 43.630252 ], [ -99.643331, 43.630253 ], [ -99.643335, 43.644677 ] ] ], [ [ [ -99.643392, 43.680941 ], [ -99.62346, 43.680963 ], [ -99.623414, 43.673685 ], [ -99.643368, 43.673664 ], [ -99.643392, 43.680941 ] ] ], [ [ [ -99.652599, 43.400271 ], [ -99.632948, 43.400243 ], [ -99.632924, 43.393101 ], [ -99.623012, 43.393083 ], [ -99.622982, 43.385626 ], [ -99.633011, 43.385638 ], [ -99.632998, 43.378622 ], [ -99.642823, 43.378634 ], [ -99.642833, 43.385668 ], [ -99.652574, 43.385697 ], [ -99.652599, 43.400271 ] ] ], [ [ [ -99.652653, 43.320799 ], [ -99.642742, 43.320803 ], [ -99.642697, 43.313544 ], [ -99.652657, 43.313515 ], [ -99.652653, 43.320799 ] ] ], [ [ [ -99.65268, 43.299073 ], [ -99.642748, 43.299121 ], [ -99.642729, 43.291886 ], [ -99.652651, 43.291881 ], [ -99.65268, 43.299073 ] ] ], [ [ [ -99.653252, 43.507221 ], [ -99.643297, 43.507232 ], [ -99.642997, 43.494451 ], [ -99.652654, 43.494478 ], [ -99.653252, 43.507221 ] ] ], [ [ [ -99.653274, 43.543409 ], [ -99.643297, 43.543434 ], [ -99.643297, 43.536196 ], [ -99.653271, 43.536171 ], [ -99.653274, 43.543409 ] ] ], [ [ [ -99.662447, 43.4366 ], [ -99.633051, 43.436536 ], [ -99.633055, 43.4292 ], [ -99.613121, 43.429203 ], [ -99.613119, 43.422033 ], [ -99.603177, 43.422033 ], [ -99.6032, 43.429204 ], [ -99.593388, 43.429206 ], [ -99.593322, 43.407554 ], [ -99.613109, 43.407549 ], [ -99.613114, 43.41479 ], [ -99.64289, 43.414736 ], [ -99.642896, 43.429227 ], [ -99.662466, 43.42929 ], [ -99.662447, 43.4366 ] ], [ [ -99.633069, 43.427498 ], [ -99.637933, 43.429222 ], [ -99.637937, 43.4275 ], [ -99.633069, 43.427498 ] ] ], [ [ [ -99.66559, 43.756965 ], [ -99.66378, 43.756932 ], [ -99.66377, 43.75331 ], [ -99.653789, 43.753309 ], [ -99.653786, 43.746057 ], [ -99.661779, 43.746056 ], [ -99.66559, 43.756965 ] ] ], [ [ [ -99.666987, 43.761645 ], [ -99.665757, 43.764002 ], [ -99.663792, 43.764829 ], [ -99.663789, 43.76029 ], [ -99.666987, 43.761645 ] ] ], [ [ [ -99.672334, 43.226858 ], [ -99.66241, 43.22685 ], [ -99.662405, 43.219618 ], [ -99.652567, 43.219608 ], [ -99.65254, 43.226857 ], [ -99.642712, 43.22684 ], [ -99.642703, 43.21238 ], [ -99.672329, 43.212379 ], [ -99.672334, 43.226858 ] ] ], [ [ [ -99.672378, 43.422187 ], [ -99.662445, 43.422134 ], [ -99.662437, 43.414789 ], [ -99.652575, 43.414738 ], [ -99.652596, 43.407617 ], [ -99.672368, 43.407697 ], [ -99.672378, 43.422187 ] ] ], [ [ [ -99.672464, 43.451163 ], [ -99.662444, 43.451083 ], [ -99.662442, 43.443841 ], [ -99.672454, 43.44388 ], [ -99.672464, 43.451163 ] ] ], [ [ [ -99.673146, 43.507217 ], [ -99.663207, 43.507209 ], [ -99.663189, 43.4999 ], [ -99.673134, 43.499849 ], [ -99.673146, 43.507217 ] ] ], [ [ [ -99.673184, 43.536169 ], [ -99.663244, 43.536144 ], [ -99.663192, 43.52884 ], [ -99.673204, 43.528852 ], [ -99.673184, 43.536169 ] ] ], [ [ [ -99.683254, 43.659254 ], [ -99.673265, 43.659221 ], [ -99.673291, 43.651995 ], [ -99.683168, 43.652015 ], [ -99.683254, 43.659254 ] ] ], [ [ [ -99.683539, 43.717149 ], [ -99.673548, 43.717129 ], [ -99.673508, 43.709893 ], [ -99.683503, 43.709913 ], [ -99.683539, 43.717149 ] ] ], [ [ [ -99.693135, 43.623063 ], [ -99.683163, 43.623059 ], [ -99.683163, 43.615819 ], [ -99.693133, 43.615825 ], [ -99.693135, 43.623063 ] ] ], [ [ [ -99.693149, 43.652012 ], [ -99.683168, 43.652015 ], [ -99.683161, 43.644776 ], [ -99.693141, 43.644776 ], [ -99.693149, 43.652012 ] ] ], [ [ [ -99.693189, 43.673648 ], [ -99.683262, 43.673701 ], [ -99.683254, 43.659254 ], [ -99.693157, 43.659248 ], [ -99.693189, 43.673648 ] ] ], [ [ [ -99.70314, 43.659213 ], [ -99.693157, 43.659248 ], [ -99.693152, 43.655601 ], [ -99.703135, 43.65563 ], [ -99.70314, 43.659213 ] ] ], [ [ [ -99.703137, 43.615833 ], [ -99.693133, 43.615825 ], [ -99.693133, 43.601319 ], [ -99.703173, 43.601321 ], [ -99.703137, 43.615833 ] ] ], [ [ [ -99.703188, 43.565153 ], [ -99.693095, 43.565155 ], [ -99.6931, 43.572392 ], [ -99.703138, 43.57239 ], [ -99.703131, 43.579626 ], [ -99.693115, 43.579628 ], [ -99.693131, 43.586794 ], [ -99.683214, 43.586807 ], [ -99.683202, 43.572422 ], [ -99.673283, 43.572388 ], [ -99.673281, 43.565153 ], [ -99.683196, 43.565159 ], [ -99.68319, 43.557759 ], [ -99.703146, 43.55781 ], [ -99.703188, 43.565153 ] ] ], [ [ [ -99.711997, 43.255873 ], [ -99.70202, 43.255878 ], [ -99.702028, 43.263122 ], [ -99.692238, 43.263114 ], [ -99.692141, 43.248595 ], [ -99.711966, 43.248627 ], [ -99.711997, 43.255873 ] ] ], [ [ [ -99.712212, 43.487413 ], [ -99.702215, 43.487348 ], [ -99.702223, 43.494718 ], [ -99.692397, 43.494652 ], [ -99.692284, 43.480192 ], [ -99.712189, 43.480282 ], [ -99.712212, 43.487413 ] ] ], [ [ [ -99.721509, 43.089414 ], [ -99.711637, 43.089416 ], [ -99.711643, 43.082097 ], [ -99.721511, 43.082149 ], [ -99.721509, 43.089414 ] ] ], [ [ [ -99.722966, 43.521732 ], [ -99.712935, 43.521707 ], [ -99.712945, 43.528846 ], [ -99.703003, 43.528845 ], [ -99.702984, 43.514467 ], [ -99.722959, 43.514456 ], [ -99.722966, 43.521732 ] ] ], [ [ [ -99.723099, 43.652035 ], [ -99.713114, 43.652023 ], [ -99.713106, 43.644783 ], [ -99.723091, 43.64479 ], [ -99.723099, 43.652035 ] ] ], [ [ [ -99.731358, 43.074957 ], [ -99.721487, 43.074941 ], [ -99.721476, 43.067706 ], [ -99.731346, 43.067725 ], [ -99.731358, 43.074957 ] ] ], [ [ [ -99.731765, 43.248666 ], [ -99.711966, 43.248627 ], [ -99.711879, 43.226872 ], [ -99.721783, 43.226904 ], [ -99.721791, 43.23417 ], [ -99.726745, 43.23418 ], [ -99.726762, 43.241407 ], [ -99.731718, 43.241419 ], [ -99.731765, 43.248666 ] ] ], [ [ [ -99.731861, 43.263155 ], [ -99.721844, 43.2631 ], [ -99.72181, 43.255909 ], [ -99.731812, 43.255938 ], [ -99.731861, 43.263155 ] ] ], [ [ [ -99.751608, 43.263156 ], [ -99.741662, 43.263155 ], [ -99.741646, 43.255944 ], [ -99.731812, 43.255938 ], [ -99.731765, 43.248666 ], [ -99.746581, 43.248689 ], [ -99.746601, 43.255946 ], [ -99.751616, 43.255949 ], [ -99.751608, 43.263156 ] ] ], [ [ [ -99.751915, 43.429793 ], [ -99.741918, 43.429745 ], [ -99.741906, 43.422478 ], [ -99.75191, 43.422524 ], [ -99.751915, 43.429793 ] ] ], [ [ [ -99.752695, 43.644798 ], [ -99.74275, 43.644785 ], [ -99.74273, 43.630317 ], [ -99.752683, 43.630324 ], [ -99.752695, 43.644798 ] ] ], [ [ [ -99.756765, 43.393597 ], [ -99.751875, 43.393573 ], [ -99.751827, 43.386023 ], [ -99.75676, 43.386035 ], [ -99.756765, 43.393597 ] ] ], [ [ [ -99.761858, 43.458677 ], [ -99.741979, 43.458557 ], [ -99.741953, 43.451449 ], [ -99.761834, 43.451554 ], [ -99.761858, 43.458677 ] ] ], [ [ [ -99.763791, 43.736694 ], [ -99.760364, 43.741056 ], [ -99.753425, 43.741114 ], [ -99.753121, 43.731589 ], [ -99.736342, 43.734431 ], [ -99.740041, 43.723298 ], [ -99.729978, 43.718827 ], [ -99.710861, 43.733097 ], [ -99.709446, 43.74189 ], [ -99.703735, 43.749207 ], [ -99.703638, 43.731641 ], [ -99.693676, 43.731656 ], [ -99.693639, 43.728019 ], [ -99.703576, 43.72438 ], [ -99.703453, 43.709887 ], [ -99.723365, 43.709938 ], [ -99.723306, 43.702699 ], [ -99.703393, 43.702655 ], [ -99.703331, 43.69542 ], [ -99.723259, 43.695456 ], [ -99.7231, 43.666529 ], [ -99.742775, 43.666488 ], [ -99.742779, 43.673728 ], [ -99.733067, 43.673725 ], [ -99.73313, 43.680964 ], [ -99.742827, 43.68096 ], [ -99.7429, 43.69181 ], [ -99.75287, 43.691817 ], [ -99.752948, 43.702682 ], [ -99.762921, 43.702699 ], [ -99.762969, 43.710203 ], [ -99.745421, 43.710868 ], [ -99.750885, 43.717134 ], [ -99.743074, 43.717141 ], [ -99.743116, 43.724375 ], [ -99.757168, 43.724361 ], [ -99.76311, 43.729847 ], [ -99.763791, 43.736694 ] ], [ [ -99.723365, 43.709938 ], [ -99.723422, 43.717176 ], [ -99.728402, 43.717166 ], [ -99.728344, 43.709929 ], [ -99.723365, 43.709938 ] ], [ [ -99.728344, 43.709929 ], [ -99.733324, 43.70992 ], [ -99.733266, 43.702682 ], [ -99.728286, 43.702691 ], [ -99.728344, 43.709929 ] ], [ [ -99.733266, 43.702682 ], [ -99.738251, 43.702673 ], [ -99.738234, 43.699055 ], [ -99.733247, 43.699063 ], [ -99.733266, 43.702682 ] ] ], [ [ [ -99.771013, 43.451608 ], [ -99.761834, 43.451554 ], [ -99.761816, 43.444318 ], [ -99.771034, 43.444367 ], [ -99.771013, 43.451608 ] ] ], [ [ [ -99.771053, 43.429881 ], [ -99.761785, 43.429838 ], [ -99.761769, 43.422583 ], [ -99.771053, 43.422639 ], [ -99.771053, 43.429881 ] ] ], [ [ [ -99.771078, 43.111171 ], [ -99.761036, 43.111152 ], [ -99.761025, 43.103942 ], [ -99.771074, 43.103951 ], [ -99.771078, 43.111171 ] ] ], [ [ [ -99.772597, 43.630259 ], [ -99.762681, 43.630262 ], [ -99.762688, 43.623104 ], [ -99.772615, 43.623074 ], [ -99.772597, 43.630259 ] ] ], [ [ [ -99.780903, 43.494991 ], [ -99.771122, 43.494988 ], [ -99.771085, 43.487749 ], [ -99.780908, 43.487756 ], [ -99.780903, 43.494991 ] ] ], [ [ [ -99.7809, 43.364709 ], [ -99.771039, 43.364696 ], [ -99.771035, 43.357346 ], [ -99.78093, 43.357345 ], [ -99.7809, 43.364709 ] ] ], [ [ [ -99.781266, 43.709058 ], [ -99.773966, 43.710955 ], [ -99.773498, 43.710108 ], [ -99.781266, 43.709058 ] ] ], [ [ [ -99.782686, 43.615803 ], [ -99.772613, 43.615761 ], [ -99.772609, 43.608598 ], [ -99.782644, 43.608575 ], [ -99.782686, 43.615803 ] ] ], [ [ [ -99.782755, 43.652018 ], [ -99.77263, 43.652033 ], [ -99.772611, 43.637551 ], [ -99.782707, 43.637537 ], [ -99.782755, 43.652018 ] ] ], [ [ [ -99.786339, 43.637537 ], [ -99.782707, 43.637537 ], [ -99.78268, 43.630255 ], [ -99.786343, 43.630252 ], [ -99.786339, 43.637537 ] ] ], [ [ [ -99.786369, 43.656542 ], [ -99.785128, 43.659257 ], [ -99.785124, 43.656542 ], [ -99.786369, 43.656542 ] ] ], [ [ [ -99.79085, 43.393674 ], [ -99.780803, 43.393667 ], [ -99.780817, 43.386093 ], [ -99.790852, 43.386118 ], [ -99.79085, 43.393674 ] ] ], [ [ [ -99.800639, 43.009844 ], [ -99.790735, 43.009846 ], [ -99.790728, 43.002606 ], [ -99.800636, 43.002597 ], [ -99.800639, 43.009844 ] ] ], [ [ [ -99.800647, 43.024291 ], [ -99.791201, 43.023842 ], [ -99.790688, 43.017143 ], [ -99.800643, 43.017088 ], [ -99.800647, 43.024291 ] ] ], [ [ [ -99.800732, 43.400787 ], [ -99.79085, 43.400833 ], [ -99.79085, 43.393674 ], [ -99.800735, 43.393687 ], [ -99.800732, 43.400787 ] ] ], [ [ [ -99.80074, 43.419021 ], [ -99.780892, 43.419015 ], [ -99.780894, 43.415252 ], [ -99.771047, 43.415251 ], [ -99.771029, 43.408152 ], [ -99.780888, 43.408151 ], [ -99.780883, 43.400908 ], [ -99.790849, 43.400918 ], [ -99.790848, 43.415284 ], [ -99.800745, 43.415283 ], [ -99.80074, 43.419021 ] ] ], [ [ [ -99.800748, 43.357345 ], [ -99.790789, 43.357345 ], [ -99.790832, 43.350226 ], [ -99.800752, 43.350237 ], [ -99.800748, 43.357345 ] ] ], [ [ [ -99.80239, 43.514427 ], [ -99.78257, 43.510868 ], [ -99.782572, 43.507259 ], [ -99.801842, 43.507255 ], [ -99.802377, 43.507255 ], [ -99.80239, 43.514427 ] ] ], [ [ [ -99.802475, 43.528916 ], [ -99.79245, 43.528898 ], [ -99.792442, 43.521731 ], [ -99.80246, 43.521725 ], [ -99.802475, 43.528916 ] ] ], [ [ [ -99.802521, 43.644786 ], [ -99.792569, 43.644781 ], [ -99.792558, 43.637542 ], [ -99.802509, 43.637549 ], [ -99.802521, 43.644786 ] ] ], [ [ [ -99.802541, 43.565188 ], [ -99.79248, 43.56516 ], [ -99.792446, 43.557869 ], [ -99.802532, 43.557884 ], [ -99.802541, 43.565188 ] ] ], [ [ [ -99.810771, 43.437139 ], [ -99.800746, 43.437128 ], [ -99.800708, 43.429782 ], [ -99.810753, 43.429769 ], [ -99.810771, 43.437139 ] ] ], [ [ [ -99.812317, 43.507258 ], [ -99.802377, 43.507255 ], [ -99.802369, 43.49987 ], [ -99.812324, 43.499934 ], [ -99.812317, 43.507258 ] ] ], [ [ [ -99.820407, 43.024301 ], [ -99.810545, 43.024266 ], [ -99.810544, 43.017091 ], [ -99.820404, 43.017108 ], [ -99.820407, 43.024301 ] ] ], [ [ [ -99.820579, 43.371825 ], [ -99.81068, 43.371831 ], [ -99.810703, 43.36474 ], [ -99.820578, 43.364735 ], [ -99.820579, 43.371825 ] ] ], [ [ [ -99.82172, 43.536218 ], [ -99.812348, 43.536225 ], [ -99.812372, 43.543402 ], [ -99.802508, 43.543404 ], [ -99.802517, 43.548896 ], [ -99.797443, 43.548888 ], [ -99.797437, 43.543395 ], [ -99.792462, 43.543387 ], [ -99.792454, 43.536211 ], [ -99.782636, 43.536191 ], [ -99.782609, 43.528879 ], [ -99.79245, 43.528898 ], [ -99.792452, 43.534401 ], [ -99.821827, 43.532616 ], [ -99.82172, 43.536218 ] ] ], [ [ [ -99.821937, 43.528984 ], [ -99.812339, 43.528987 ], [ -99.812324, 43.514433 ], [ -99.822378, 43.514307 ], [ -99.821937, 43.528984 ] ] ], [ [ [ -99.822446, 43.659252 ], [ -99.812501, 43.659258 ], [ -99.812489, 43.652016 ], [ -99.822438, 43.652005 ], [ -99.822446, 43.659252 ] ] ], [ [ [ -99.822543, 43.680928 ], [ -99.812562, 43.680951 ], [ -99.812804, 43.698482 ], [ -99.802096, 43.700588 ], [ -99.797826, 43.706281 ], [ -99.797728, 43.691791 ], [ -99.802711, 43.691786 ], [ -99.802564, 43.677302 ], [ -99.812534, 43.677305 ], [ -99.812498, 43.666507 ], [ -99.822455, 43.666503 ], [ -99.822543, 43.680928 ] ] ], [ [ [ -99.830522, 43.422649 ], [ -99.820597, 43.422648 ], [ -99.820599, 43.415282 ], [ -99.830555, 43.415294 ], [ -99.830522, 43.422649 ] ] ], [ [ [ -99.830579, 43.473338 ], [ -99.830575, 43.487675 ], [ -99.825617, 43.487676 ], [ -99.825613, 43.473304 ], [ -99.830579, 43.473338 ] ] ], [ [ [ -99.830603, 43.400828 ], [ -99.820601, 43.400753 ], [ -99.820587, 43.393699 ], [ -99.830594, 43.393694 ], [ -99.830603, 43.400828 ] ] ], [ [ [ -99.832325, 43.601344 ], [ -99.822365, 43.601346 ], [ -99.822363, 43.594105 ], [ -99.832323, 43.594105 ], [ -99.832325, 43.601344 ] ] ], [ [ [ -99.832405, 43.652014 ], [ -99.822438, 43.652005 ], [ -99.82243, 43.644758 ], [ -99.832395, 43.644771 ], [ -99.832405, 43.652014 ] ] ], [ [ [ -99.832565, 43.691056 ], [ -99.822712, 43.694766 ], [ -99.82258, 43.684566 ], [ -99.832577, 43.684557 ], [ -99.832565, 43.691056 ] ] ], [ [ [ -99.840142, 43.038855 ], [ -99.84014, 43.046101 ], [ -99.830267, 43.046093 ], [ -99.830264, 43.03885 ], [ -99.840142, 43.038855 ] ] ], [ [ [ -99.840492, 43.447988 ], [ -99.830662, 43.447988 ], [ -99.830629, 43.444265 ], [ -99.840484, 43.444296 ], [ -99.840492, 43.447988 ] ] ], [ [ [ -99.840512, 43.473308 ], [ -99.830579, 43.473306 ], [ -99.830576, 43.466073 ], [ -99.84051, 43.466074 ], [ -99.840512, 43.473308 ] ] ], [ [ [ -99.842221, 43.507292 ], [ -99.832187, 43.507267 ], [ -99.832183, 43.503648 ], [ -99.842212, 43.499916 ], [ -99.842221, 43.507292 ] ] ], [ [ [ -99.850355, 43.357357 ], [ -99.830522, 43.357314 ], [ -99.830531, 43.350258 ], [ -99.850299, 43.350265 ], [ -99.850355, 43.357357 ] ] ], [ [ [ -99.860317, 43.422655 ], [ -99.850527, 43.422654 ], [ -99.850518, 43.415316 ], [ -99.860308, 43.415413 ], [ -99.860317, 43.422655 ] ] ], [ [ [ -99.861994, 43.644755 ], [ -99.85232, 43.644768 ], [ -99.852329, 43.652009 ], [ -99.861983, 43.651996 ], [ -99.861972, 43.659234 ], [ -99.852339, 43.659246 ], [ -99.852586, 43.687927 ], [ -99.842629, 43.688177 ], [ -99.842399, 43.673722 ], [ -99.832356, 43.673703 ], [ -99.832415, 43.659257 ], [ -99.842384, 43.659261 ], [ -99.842353, 43.637541 ], [ -99.862, 43.63751 ], [ -99.861994, 43.644755 ] ] ], [ [ [ -99.862006, 43.630265 ], [ -99.842344, 43.630299 ], [ -99.842327, 43.623057 ], [ -99.862008, 43.623031 ], [ -99.862006, 43.630265 ] ] ], [ [ [ -99.862012, 43.608562 ], [ -99.842297, 43.608579 ], [ -99.842279, 43.586866 ], [ -99.862049, 43.586865 ], [ -99.862012, 43.608562 ] ] ], [ [ [ -99.862051, 43.514366 ], [ -99.85208, 43.514343 ], [ -99.852062, 43.507277 ], [ -99.862006, 43.507284 ], [ -99.862051, 43.514366 ] ] ], [ [ [ -99.870341, 43.415419 ], [ -99.860308, 43.415413 ], [ -99.860287, 43.408173 ], [ -99.87033, 43.408174 ], [ -99.870341, 43.415419 ] ] ], [ [ [ -99.87954, 43.075139 ], [ -99.869688, 43.075124 ], [ -99.869751, 43.053372 ], [ -99.879614, 43.053389 ], [ -99.87954, 43.075139 ] ] ], [ [ [ -99.885033, 43.393727 ], [ -99.881932, 43.393721 ], [ -99.881916, 43.386611 ], [ -99.885015, 43.386489 ], [ -99.885033, 43.393727 ] ] ], [ [ [ -99.889666, 43.379258 ], [ -99.880041, 43.379146 ], [ -99.88009, 43.371894 ], [ -99.889663, 43.371904 ], [ -99.889666, 43.379258 ] ] ], [ [ [ -99.88974, 43.016907 ], [ -99.879648, 43.017165 ], [ -99.879653, 43.00992 ], [ -99.889778, 43.009933 ], [ -99.88974, 43.016907 ] ] ], [ [ [ -99.889799, 43.422684 ], [ -99.880196, 43.422674 ], [ -99.880176, 43.415433 ], [ -99.889776, 43.415459 ], [ -99.889799, 43.422684 ] ] ], [ [ [ -99.889901, 43.038829 ], [ -99.87968, 43.038823 ], [ -99.879661, 43.031653 ], [ -99.889711, 43.031672 ], [ -99.889901, 43.038829 ] ] ], [ [ [ -99.889798, 43.183704 ], [ -99.884852, 43.183704 ], [ -99.884836, 43.180161 ], [ -99.879887, 43.180157 ], [ -99.879875, 43.176543 ], [ -99.874925, 43.176539 ], [ -99.874902, 43.169309 ], [ -99.889787, 43.169313 ], [ -99.889798, 43.183704 ] ] ], [ [ [ -99.894686, 43.067762 ], [ -99.889824, 43.067792 ], [ -99.889768, 43.060661 ], [ -99.894692, 43.060514 ], [ -99.894686, 43.067762 ] ] ], [ [ [ -99.901795, 43.69799 ], [ -99.89276, 43.696058 ], [ -99.891915, 43.690038 ], [ -99.885093, 43.685868 ], [ -99.890429, 43.676386 ], [ -99.881907, 43.675181 ], [ -99.881962, 43.666506 ], [ -99.87198, 43.666489 ], [ -99.871988, 43.659243 ], [ -99.89194, 43.659266 ], [ -99.891902, 43.666509 ], [ -99.886932, 43.666508 ], [ -99.886891, 43.673755 ], [ -99.891863, 43.673762 ], [ -99.891882, 43.67013 ], [ -99.901826, 43.670131 ], [ -99.901795, 43.69799 ] ] ], [ [ [ -99.91937, 43.082419 ], [ -99.909496, 43.082413 ], [ -99.909517, 43.067932 ], [ -99.919395, 43.067944 ], [ -99.91937, 43.082419 ] ] ], [ [ [ -99.921873, 43.601317 ], [ -99.901943, 43.601267 ], [ -99.901948, 43.59412 ], [ -99.921893, 43.594146 ], [ -99.921873, 43.601317 ] ] ], [ [ [ -99.929398, 43.032561 ], [ -99.929388, 43.039039 ], [ -99.909626, 43.038964 ], [ -99.909642, 43.031721 ], [ -99.929398, 43.032561 ] ] ], [ [ [ -99.929558, 43.451651 ], [ -99.924505, 43.451629 ], [ -99.924547, 43.444255 ], [ -99.929565, 43.444295 ], [ -99.929558, 43.451651 ] ] ], [ [ [ -99.931671, 43.543462 ], [ -99.91176, 43.543436 ], [ -99.911752, 43.536255 ], [ -99.921737, 43.536249 ], [ -99.921774, 43.529009 ], [ -99.931647, 43.529019 ], [ -99.931671, 43.543462 ] ] ], [ [ [ -99.931738, 43.586854 ], [ -99.921915, 43.586888 ], [ -99.921893, 43.572443 ], [ -99.931767, 43.572465 ], [ -99.931738, 43.586854 ] ] ], [ [ [ -99.93912, 43.082435 ], [ -99.929243, 43.082426 ], [ -99.929374, 43.06434 ], [ -99.939137, 43.06789 ], [ -99.93912, 43.082435 ] ] ], [ [ [ -99.939154, 43.053442 ], [ -99.929366, 43.053435 ], [ -99.929388, 43.039039 ], [ -99.939163, 43.03903 ], [ -99.939154, 43.053442 ] ] ], [ [ [ -99.939391, 43.437166 ], [ -99.929527, 43.437166 ], [ -99.929489, 43.429844 ], [ -99.939449, 43.42988 ], [ -99.939391, 43.437166 ] ] ], [ [ [ -99.941692, 43.521796 ], [ -99.921783, 43.521769 ], [ -99.92179, 43.514449 ], [ -99.941676, 43.514473 ], [ -99.941692, 43.521796 ] ] ], [ [ [ -99.949001, 43.06075 ], [ -99.939145, 43.060735 ], [ -99.939154, 43.053442 ], [ -99.949117, 43.053449 ], [ -99.949001, 43.06075 ] ] ], [ [ [ -99.949368, 43.408265 ], [ -99.944326, 43.408209 ], [ -99.944375, 43.415346 ], [ -99.939404, 43.415345 ], [ -99.93933, 43.400859 ], [ -99.949363, 43.400864 ], [ -99.949368, 43.408265 ] ] ], [ [ [ -99.958866, 43.075222 ], [ -99.948997, 43.075212 ], [ -99.949005, 43.067892 ], [ -99.958874, 43.067878 ], [ -99.958866, 43.075222 ] ] ], [ [ [ -99.958891, 43.038941 ], [ -99.949011, 43.03897 ], [ -99.949011, 43.031755 ], [ -99.958877, 43.031824 ], [ -99.958891, 43.038941 ] ] ], [ [ [ -99.968788, 43.096874 ], [ -99.949006, 43.096869 ], [ -99.948998, 43.082444 ], [ -99.958867, 43.082452 ], [ -99.958872, 43.089691 ], [ -99.967889, 43.089723 ], [ -99.968788, 43.096874 ] ] ], [ [ [ -99.969262, 43.429821 ], [ -99.959254, 43.429848 ], [ -99.959232, 43.415452 ], [ -99.969251, 43.415455 ], [ -99.969262, 43.429821 ] ] ] ] } },
{ "type": "Feature", "properties": { "AIANNHCE": "7755", "NAMELSAD": "Wrangell ANVSA", "NAME": "Wrangell", "AREA_TYPE": "Alaska Native Village Statistical Area", "STATE_NAMES": "Alaska", "DECLARATIONS": 1, "OWN_REQUEST": 1, "UNDER_STATE": 0, "FIRST_YEAR": 2024.0, "LATEST_YEAR": 2024.0, "INCIDENT_LIST": "Mud/Landslide", "POPULATION": 1439, "LAND_SQ_MI": 0.9, "N_COUNTIES": 1, "COUNTY_NAMES": "Wrangell City and Borough", "COUNTY_DISASTER_MAX": 1 }, "geometry": { "type": "Polygon", "coordinates": [ [ [ -132.391674, 56.479145 ], [ -132.388838, 56.47925 ], [ -132.39064, 56.483522 ], [ -132.384278, 56.484717 ], [ -132.373368, 56.480936 ], [ -132.373419, 56.475653 ], [ -132.370674, 56.475272 ], [ -132.372787, 56.472676 ], [ -132.366957, 56.466382 ], [ -132.376997, 56.455512 ], [ -132.381478, 56.454941 ], [ -132.378003, 56.459366 ], [ -132.380093, 56.461312 ], [ -132.377938, 56.466987 ], [ -132.381545, 56.4662 ], [ -132.380468, 56.469847 ], [ -132.391674, 56.479145 ] ] ] } },
{ "type": "Feature", "properties": { "AIANNHCE": "0020", "NAMELSAD": "Agua Caliente Indian Reservation and Off-Reservation Trust Land", "NAME": "Agua Caliente", "AREA_TYPE": "Reservation", "STATE_NAMES": "California", "DECLARATIONS": 1, "OWN_REQUEST": 1, "UNDER_STATE": 0, "FIRST_YEAR": 2024.0, "LATEST_YEAR": 2024.0, "INCIDENT_LIST": "Tropical Storm", "POPULATION": 28352, "LAND_SQ_MI": 54.8, "N_COUNTIES": 1, "COUNTY_NAMES": "Riverside County", "COUNTY_DISASTER_MAX": 5 }, "geometry": { "type": "MultiPolygon", "coordinates": [ [ [ [ -116.423094, 33.801662 ], [ -116.422989, 33.816219 ], [ -116.405754, 33.816339 ], [ -116.405963, 33.801748 ], [ -116.423094, 33.801662 ] ] ], [ [ [ -116.440769, 33.787003 ], [ -116.440615, 33.801501 ], [ -116.423094, 33.801662 ], [ -116.422833, 33.787074 ], [ -116.440769, 33.787003 ] ] ], [ [ [ -116.440787, 33.859369 ], [ -116.423737, 33.859378 ], [ -116.423521, 33.845297 ], [ -116.440835, 33.845021 ], [ -116.440787, 33.859369 ] ] ], [ [ [ -116.440864, 33.830642 ], [ -116.423438, 33.830725 ], [ -116.423521, 33.845297 ], [ -116.405691, 33.845375 ], [ -116.405827, 33.830944 ], [ -116.423226, 33.830728 ], [ -116.422989, 33.816219 ], [ -116.44065, 33.815993 ], [ -116.440864, 33.830642 ] ] ], [ [ [ -116.458158, 33.815973 ], [ -116.44065, 33.815993 ], [ -116.440615, 33.801501 ], [ -116.458043, 33.801438 ], [ -116.458158, 33.815973 ] ] ], [ [ [ -116.458439, 33.845025 ], [ -116.440832, 33.84489 ], [ -116.440864, 33.830642 ], [ -116.458146, 33.830886 ], [ -116.458439, 33.845025 ] ] ], [ [ [ -116.461387, 33.780403 ], [ -116.458011, 33.780406 ], [ -116.458122, 33.786932 ], [ -116.440769, 33.787003 ], [ -116.440972, 33.772479 ], [ -116.458296, 33.77252 ], [ -116.458014, 33.777961 ], [ -116.461387, 33.780403 ] ] ], [ [ [ -116.475477, 33.801351 ], [ -116.458043, 33.801438 ], [ -116.458122, 33.786932 ], [ -116.475445, 33.787 ], [ -116.475477, 33.801351 ] ] ], [ [ [ -116.476079, 33.859392 ], [ -116.458217, 33.859442 ], [ -116.458439, 33.845025 ], [ -116.475897, 33.84495 ], [ -116.476079, 33.859392 ] ] ], [ [ [ -116.484407, 33.789812 ], [ -116.485198, 33.793681 ], [ -116.484847, 33.794083 ], [ -116.484407, 33.789812 ] ] ], [ [ [ -116.492847, 33.78682 ], [ -116.475445, 33.787 ], [ -116.475543, 33.77262 ], [ -116.492847, 33.77242 ], [ -116.492847, 33.78682 ] ] ], [ [ [ -116.492984, 33.815881 ], [ -116.475592, 33.81591 ], [ -116.475646, 33.801353 ], [ -116.492847, 33.801519 ], [ -116.492984, 33.815881 ] ] ], [ [ [ -116.510601, 33.830435 ], [ -116.493209, 33.830344 ], [ -116.493222, 33.84493 ], [ -116.475897, 33.84495 ], [ -116.475586, 33.830474 ], [ -116.492961, 33.830349 ], [ -116.492984, 33.815881 ], [ -116.510686, 33.81593 ], [ -116.510601, 33.830435 ] ] ], [ [ [ -116.510707, 33.801405 ], [ -116.492847, 33.801519 ], [ -116.492847, 33.78682 ], [ -116.510547, 33.78702 ], [ -116.510707, 33.801405 ] ] ], [ [ [ -116.51062, 33.844934 ], [ -116.51075, 33.859381 ], [ -116.493446, 33.859417 ], [ -116.493222, 33.84493 ], [ -116.51062, 33.844934 ] ] ], [ [ [ -116.528227, 33.83036 ], [ -116.528184, 33.844857 ], [ -116.51062, 33.844934 ], [ -116.510601, 33.830435 ], [ -116.528227, 33.83036 ] ] ], [ [ [ -116.528285, 33.801434 ], [ -116.528218, 33.815969 ], [ -116.510686, 33.81593 ], [ -116.510707, 33.801405 ], [ -116.528285, 33.801434 ] ] ], [ [ [ -116.545581, 33.815844 ], [ -116.545581, 33.830381 ], [ -116.528227, 33.83036 ], [ -116.528218, 33.815969 ], [ -116.545581, 33.815844 ] ] ], [ [ [ -116.545593, 33.844889 ], [ -116.545521, 33.859551 ], [ -116.528065, 33.85953 ], [ -116.528184, 33.844857 ], [ -116.545593, 33.844889 ] ] ], [ [ [ -116.552055, 33.822855 ], [ -116.551275, 33.822978 ], [ -116.551936, 33.822302 ], [ -116.552055, 33.822855 ] ] ], [ [ [ -116.562947, 33.844917 ], [ -116.554262, 33.844844 ], [ -116.554147, 33.830418 ], [ -116.563147, 33.830518 ], [ -116.562947, 33.844917 ] ] ], [ [ [ -116.564889, 33.713945 ], [ -116.564696, 33.757642 ], [ -116.556018, 33.7579 ], [ -116.556039, 33.765125 ], [ -116.547451, 33.765191 ], [ -116.547548, 33.77232 ], [ -116.563061, 33.772279 ], [ -116.563079, 33.786819 ], [ -116.545624, 33.786723 ], [ -116.545649, 33.801421 ], [ -116.528285, 33.801434 ], [ -116.529964, 33.757938 ], [ -116.512932, 33.75812 ], [ -116.51288, 33.713988 ], [ -116.528077, 33.713997 ], [ -116.530281, 33.699645 ], [ -116.54761, 33.699596 ], [ -116.547725, 33.714074 ], [ -116.564889, 33.713945 ] ], [ [ -116.542532, 33.728659 ], [ -116.537067, 33.72681 ], [ -116.535958, 33.728566 ], [ -116.542532, 33.728659 ] ] ], [ [ [ -116.564825, 33.699591 ], [ -116.54761, 33.699596 ], [ -116.547649, 33.684923 ], [ -116.564949, 33.684823 ], [ -116.564825, 33.699591 ] ] ], [ [ [ -116.57605, 33.813917 ], [ -116.57391, 33.814806 ], [ -116.573906, 33.813928 ], [ -116.57605, 33.813917 ] ] ], [ [ [ -116.580321, 33.8596 ], [ -116.562746, 33.859617 ], [ -116.562947, 33.844917 ], [ -116.580248, 33.844917 ], [ -116.580321, 33.8596 ] ] ], [ [ [ -116.580451, 33.801304 ], [ -116.562915, 33.801435 ], [ -116.563091, 33.811274 ], [ -116.567409, 33.811263 ], [ -116.563085, 33.8122 ], [ -116.563096, 33.815902 ], [ -116.545581, 33.815844 ], [ -116.545649, 33.801421 ], [ -116.562914, 33.801416 ], [ -116.563079, 33.786819 ], [ -116.580378, 33.786676 ], [ -116.580451, 33.801304 ] ] ], [ [ [ -116.582365, 33.714164 ], [ -116.564889, 33.713945 ], [ -116.564825, 33.699591 ], [ -116.582232, 33.699477 ], [ -116.582365, 33.714164 ] ] ], [ [ [ -116.584698, 33.823225 ], [ -116.580382, 33.824166 ], [ -116.580386, 33.823207 ], [ -116.584698, 33.823225 ] ] ], [ [ [ -116.584715, 33.819587 ], [ -116.580396, 33.820553 ], [ -116.5804, 33.819565 ], [ -116.584715, 33.819587 ] ] ], [ [ [ -116.58902, 33.821398 ], [ -116.584698, 33.823225 ], [ -116.584706, 33.821424 ], [ -116.58902, 33.821398 ] ] ], [ [ [ -116.593463, 33.797848 ], [ -116.589114, 33.797835 ], [ -116.589151, 33.790261 ], [ -116.593393, 33.790231 ], [ -116.593463, 33.797848 ] ] ], [ [ [ -116.597448, 33.845017 ], [ -116.580248, 33.844917 ], [ -116.580242, 33.830341 ], [ -116.597745, 33.830252 ], [ -116.597448, 33.845017 ] ] ], [ [ [ -116.597515, 33.815926 ], [ -116.59135, 33.815972 ], [ -116.590323, 33.819582 ], [ -116.590295, 33.815976 ], [ -116.580197, 33.815916 ], [ -116.580451, 33.801304 ], [ -116.59775, 33.801355 ], [ -116.597515, 33.815926 ] ] ], [ [ [ -116.599538, 33.69956 ], [ -116.582232, 33.699477 ], [ -116.582521, 33.684716 ], [ -116.59965, 33.684723 ], [ -116.599538, 33.69956 ] ] ], [ [ [ -116.614349, 33.77222 ], [ -116.599749, 33.77212 ], [ -116.599716, 33.757447 ], [ -116.614349, 33.75742 ], [ -116.614349, 33.77222 ] ] ], [ [ [ -116.61425, 33.699622 ], [ -116.61435, 33.743421 ], [ -116.599434, 33.743204 ], [ -116.599716, 33.757447 ], [ -116.582249, 33.757521 ], [ -116.582365, 33.714164 ], [ -116.599475, 33.714099 ], [ -116.599538, 33.69956 ], [ -116.61425, 33.699622 ] ] ], [ [ [ -116.614446, 33.801505 ], [ -116.59775, 33.801355 ], [ -116.59784, 33.790243 ], [ -116.593393, 33.790231 ], [ -116.593348, 33.786796 ], [ -116.580378, 33.786676 ], [ -116.580541, 33.772274 ], [ -116.564928, 33.772252 ], [ -116.564696, 33.757642 ], [ -116.582249, 33.757521 ], [ -116.582351, 33.772228 ], [ -116.597986, 33.772286 ], [ -116.597725, 33.786756 ], [ -116.614378, 33.786908 ], [ -116.614446, 33.801505 ] ] ], [ [ [ -116.615048, 33.859617 ], [ -116.597148, 33.859617 ], [ -116.597448, 33.845017 ], [ -116.614608, 33.845011 ], [ -116.615048, 33.859617 ] ] ], [ [ [ -116.614569, 33.830169 ], [ -116.597745, 33.830252 ], [ -116.597515, 33.815926 ], [ -116.614504, 33.816015 ], [ -116.614569, 33.830169 ] ] ], [ [ [ -116.675504, 33.92239 ], [ -116.65861, 33.921586 ], [ -116.65863, 33.918149 ], [ -116.667654, 33.914242 ], [ -116.671501, 33.917454 ], [ -116.667284, 33.917235 ], [ -116.673762, 33.918098 ], [ -116.675504, 33.92239 ] ] ] ] } },
{ "type": "Feature", "properties": { "AIANNHCE": "4130", "NAMELSAD": "Tampa Reservation", "NAME": "Tampa", "AREA_TYPE": "Reservation", "STATE_NAMES": "Florida", "DECLARATIONS": 3, "OWN_REQUEST": 2, "UNDER_STATE": 1, "FIRST_YEAR": 2017.0, "LATEST_YEAR": 2023.0, "INCIDENT_LIST": "Hurricane", "POPULATION": 0, "LAND_SQ_MI": 0.1, "N_COUNTIES": 1, "COUNTY_NAMES": "Hillsborough County", "COUNTY_DISASTER_MAX": 9 }, "geometry": { "type": "Polygon", "coordinates": [ [ [ -82.37306, 27.996119 ], [ -82.369047, 27.996077 ], [ -82.372864, 27.990435 ], [ -82.37306, 27.996119 ] ] ] } },
{ "type": "Feature", "properties": { "AIANNHCE": "1555", "NAMELSAD": "Immokalee Reservation", "NAME": "Immokalee", "AREA_TYPE": "Reservation", "STATE_NAMES": "Florida", "DECLARATIONS": 3, "OWN_REQUEST": 2, "UNDER_STATE": 1, "FIRST_YEAR": 2017.0, "LATEST_YEAR": 2023.0, "INCIDENT_LIST": "Hurricane", "POPULATION": 93, "LAND_SQ_MI": 1.0, "N_COUNTIES": 1, "COUNTY_NAMES": "Collier County", "COUNTY_DISASTER_MAX": 9 }, "geometry": { "type": "Polygon", "coordinates": [ [ [ -81.417271, 26.411242 ], [ -81.401136, 26.411137 ], [ -81.401018, 26.408036 ], [ -81.405125, 26.407984 ], [ -81.404978, 26.404288 ], [ -81.400854, 26.404373 ], [ -81.400619, 26.396936 ], [ -81.417153, 26.396786 ], [ -81.417271, 26.411242 ] ] ] } },
{ "type": "Feature", "properties": { "AIANNHCE": "4140", "NAMELSAD": "Taos Pueblo and Off-Reservation Trust Land", "NAME": "Taos", "AREA_TYPE": "Pueblo", "STATE_NAMES": "New Mexico", "DECLARATIONS": 1, "OWN_REQUEST": 0, "UNDER_STATE": 1, "FIRST_YEAR": 2011.0, "LATEST_YEAR": 2011.0, "INCIDENT_LIST": "Severe Storm", "POPULATION": 5208, "LAND_SQ_MI": 156.1, "N_COUNTIES": 2, "COUNTY_NAMES": "Taos County; Colfax County", "COUNTY_DISASTER_MAX": 4 }, "geometry": { "type": "MultiPolygon", "coordinates": [ [ [ [ -105.614257, 36.424739 ], [ -105.609177, 36.436841 ], [ -105.593015, 36.42489 ], [ -105.593144, 36.498935 ], [ -105.581604, 36.510329 ], [ -105.565742, 36.517699 ], [ -105.537094, 36.51814 ], [ -105.483609, 36.533937 ], [ -105.475315, 36.530487 ], [ -105.455956, 36.530791 ], [ -105.445632, 36.548451 ], [ -105.431239, 36.543128 ], [ -105.415244, 36.54861 ], [ -105.41738, 36.540915 ], [ -105.413413, 36.529115 ], [ -105.401534, 36.537967 ], [ -105.406659, 36.545531 ], [ -105.403381, 36.548012 ], [ -105.392078, 36.547407 ], [ -105.386256, 36.552136 ], [ -105.3777, 36.552295 ], [ -105.367657, 36.542676 ], [ -105.357779, 36.540971 ], [ -105.34782, 36.532052 ], [ -105.343874, 36.511151 ], [ -105.338074, 36.509979 ], [ -105.337165, 36.505244 ], [ -105.327599, 36.500762 ], [ -105.318718, 36.491693 ], [ -105.32218, 36.486691 ], [ -105.336373, 36.4835 ], [ -105.339578, 36.470464 ], [ -105.343612, 36.468336 ], [ -105.349396, 36.455714 ], [ -105.357304, 36.450764 ], [ -105.351435, 36.43682 ], [ -105.351999, 36.421063 ], [ -105.356683, 36.419495 ], [ -105.366435, 36.406688 ], [ -105.38291, 36.404846 ], [ -105.387619, 36.399335 ], [ -105.407092, 36.400293 ], [ -105.415431, 36.409124 ], [ -105.425936, 36.408872 ], [ -105.434485, 36.401865 ], [ -105.452483, 36.409654 ], [ -105.468602, 36.402737 ], [ -105.487719, 36.416715 ], [ -105.499905, 36.401026 ], [ -105.584448, 36.399848 ], [ -105.593767, 36.401138 ], [ -105.593516, 36.407902 ], [ -105.614257, 36.424739 ] ] ], [ [ [ -105.673227, 36.51498 ], [ -105.661616, 36.514514 ], [ -105.636774, 36.527993 ], [ -105.635493, 36.523571 ], [ -105.630833, 36.523606 ], [ -105.610047, 36.459856 ], [ -105.673227, 36.51498 ] ] ], [ [ [ -105.732969, 36.476243 ], [ -105.730522, 36.4857 ], [ -105.725592, 36.489769 ], [ -105.634416, 36.411148 ], [ -105.635729, 36.392846 ], [ -105.651712, 36.386756 ], [ -105.655188, 36.39669 ], [ -105.662867, 36.3938 ], [ -105.65766, 36.386668 ], [ -105.661348, 36.381303 ], [ -105.667304, 36.38007 ], [ -105.688284, 36.363409 ], [ -105.714396, 36.352811 ], [ -105.715522, 36.348017 ], [ -105.728471, 36.337587 ], [ -105.732668, 36.344563 ], [ -105.727448, 36.35183 ], [ -105.729674, 36.357834 ], [ -105.724067, 36.368376 ], [ -105.728687, 36.379668 ], [ -105.721978, 36.3882 ], [ -105.721654, 36.410778 ], [ -105.717458, 36.417157 ], [ -105.71992, 36.433088 ], [ -105.727767, 36.441162 ], [ -105.72887, 36.465625 ], [ -105.732969, 36.476243 ] ] ] ] } },
{ "type": "Feature", "properties": { "AIANNHCE": "3935", "NAMELSAD": "Spirit Lake Reservation", "NAME": "Spirit Lake", "AREA_TYPE": "Reservation", "STATE_NAMES": "North Dakota", "DECLARATIONS": 3, "OWN_REQUEST": 0, "UNDER_STATE": 3, "FIRST_YEAR": 2011.0, "LATEST_YEAR": 2013.0, "INCIDENT_LIST": "Flood; Severe Storm", "POPULATION": 3837, "LAND_SQ_MI": 389.6, "N_COUNTIES": 4, "COUNTY_NAMES": "Benson County; Eddy County; Ramsey County and others", "COUNTY_DISASTER_MAX": 8 }, "geometry": { "type": "MultiPolygon", "coordinates": [ [ [ [ -98.764844, 48.001422 ], [ -98.764705, 48.005261 ], [ -98.762968, 48.004803 ], [ -98.764844, 48.001422 ] ] ], [ [ [ -99.119835, 48.046357 ], [ -99.048893, 48.047264 ], [ -99.047833, 48.043792 ], [ -99.054757, 48.034601 ], [ -99.082711, 48.028647 ], [ -99.109601, 48.031949 ], [ -99.119835, 48.046357 ] ] ], [ [ [ -99.250859, 48.07885 ], [ -99.242457, 48.077085 ], [ -99.2222, 48.062077 ], [ -99.210284, 48.079308 ], [ -99.216397, 48.050517 ], [ -99.211517, 48.050479 ], [ -99.207596, 48.055797 ], [ -99.197498, 48.050447 ], [ -99.193115, 48.068719 ], [ -99.189458, 48.071761 ], [ -99.181293, 48.064238 ], [ -99.190272, 48.055282 ], [ -99.190889, 48.042368 ], [ -99.182031, 48.046278 ], [ -99.178529, 48.043203 ], [ -99.155824, 48.038932 ], [ -99.137849, 48.041549 ], [ -99.149954, 48.031362 ], [ -99.151695, 48.026152 ], [ -99.147509, 48.021351 ], [ -99.14325, 48.022287 ], [ -99.146182, 48.018631 ], [ -99.136273, 48.015519 ], [ -99.125047, 47.999999 ], [ -99.124766, 47.993947 ], [ -99.121227, 47.99484 ], [ -99.122087, 48.001735 ], [ -99.119771, 48.002651 ], [ -99.119561, 47.997286 ], [ -99.114554, 47.995597 ], [ -99.09236, 48.003461 ], [ -99.083578, 48.012055 ], [ -99.082967, 48.017632 ], [ -99.07762, 48.018638 ], [ -99.079117, 48.013999 ], [ -99.074416, 48.010227 ], [ -99.061133, 48.011645 ], [ -99.048801, 48.024168 ], [ -99.047224, 48.040263 ], [ -99.024018, 48.046124 ], [ -99.01574, 48.041985 ], [ -99.006639, 48.044517 ], [ -99.008007, 48.039765 ], [ -98.999254, 48.027462 ], [ -98.996964, 48.013569 ], [ -98.989351, 48.008693 ], [ -98.992302, 48.004822 ], [ -98.989195, 48.00251 ], [ -98.994532, 48.00113 ], [ -98.993303, 48.003342 ], [ -98.996705, 48.003976 ], [ -99.000319, 47.999218 ], [ -98.988312, 47.984856 ], [ -98.982219, 47.985064 ], [ -98.986744, 47.991178 ], [ -98.981407, 47.995608 ], [ -98.96511, 47.997569 ], [ -98.95663, 48.001793 ], [ -98.945395, 48.002194 ], [ -98.927547, 47.996545 ], [ -98.913617, 48.006364 ], [ -98.917395, 48.011598 ], [ -98.917494, 48.019505 ], [ -98.901585, 48.021398 ], [ -98.896724, 48.026731 ], [ -98.900871, 48.019158 ], [ -98.895974, 48.009536 ], [ -98.900537, 48.009903 ], [ -98.911068, 47.994874 ], [ -98.900478, 47.996197 ], [ -98.888483, 48.00663 ], [ -98.876052, 48.006031 ], [ -98.871046, 48.001333 ], [ -98.863663, 48.001282 ], [ -98.864239, 47.998682 ], [ -98.878924, 47.998062 ], [ -98.880937, 47.994041 ], [ -98.876275, 47.991616 ], [ -98.865119, 47.993426 ], [ -98.85248, 47.984358 ], [ -98.849317, 47.988199 ], [ -98.865, 48.006335 ], [ -98.858629, 48.009771 ], [ -98.860189, 48.011902 ], [ -98.870591, 48.012772 ], [ -98.87973, 48.008089 ], [ -98.885892, 48.010057 ], [ -98.882898, 48.025248 ], [ -98.86019, 48.037507 ], [ -98.830786, 48.046885 ], [ -98.822675, 48.052484 ], [ -98.819916, 48.059066 ], [ -98.8012, 48.056553 ], [ -98.80536, 48.054701 ], [ -98.806519, 48.04812 ], [ -98.799841, 48.042315 ], [ -98.796436, 48.03411 ], [ -98.7886, 48.030064 ], [ -98.788062, 48.012673 ], [ -98.795114, 48.010503 ], [ -98.792324, 48.002253 ], [ -98.764643, 47.996639 ], [ -98.757253, 47.992727 ], [ -98.758317, 47.987674 ], [ -98.754528, 47.982971 ], [ -98.762056, 47.974409 ], [ -98.780354, 47.974397 ], [ -98.790059, 47.962172 ], [ -98.800064, 47.956186 ], [ -98.798126, 47.950496 ], [ -98.790098, 47.949169 ], [ -98.770523, 47.96763 ], [ -98.761777, 47.971184 ], [ -98.754698, 47.969382 ], [ -98.732643, 47.978187 ], [ -98.721763, 47.996816 ], [ -98.709949, 47.996841 ], [ -98.696946, 48.003548 ], [ -98.697038, 47.999998 ], [ -98.679604, 47.993044 ], [ -98.672574, 47.998458 ], [ -98.665655, 47.991334 ], [ -98.668004, 47.98923 ], [ -98.666031, 47.985643 ], [ -98.671072, 47.981211 ], [ -98.665253, 47.964231 ], [ -98.628694, 47.9375 ], [ -98.638755, 47.931021 ], [ -98.636049, 47.920257 ], [ -98.629479, 47.919264 ], [ -98.627207, 47.914053 ], [ -98.621299, 47.914308 ], [ -98.617409, 47.932169 ], [ -98.602343, 47.940148 ], [ -98.59919, 47.94519 ], [ -98.505191, 47.775381 ], [ -98.522462, 47.775948 ], [ -98.522295, 47.773237 ], [ -98.533116, 47.770917 ], [ -98.534912, 47.773271 ], [ -98.542892, 47.769367 ], [ -98.554301, 47.770881 ], [ -98.562554, 47.777093 ], [ -98.566203, 47.7754 ], [ -98.570543, 47.780588 ], [ -98.573255, 47.778896 ], [ -98.572374, 47.781067 ], [ -98.579157, 47.785523 ], [ -98.57407, 47.785935 ], [ -98.577802, 47.787032 ], [ -98.578888, 47.792403 ], [ -98.583669, 47.790893 ], [ -98.587981, 47.794694 ], [ -98.599679, 47.794639 ], [ -98.60182, 47.797338 ], [ -98.630114, 47.79437 ], [ -98.640497, 47.798242 ], [ -98.64247, 47.795388 ], [ -98.650881, 47.795574 ], [ -98.65739, 47.798798 ], [ -98.662242, 47.796582 ], [ -98.670174, 47.802611 ], [ -98.698278, 47.805203 ], [ -98.717079, 47.802116 ], [ -98.715354, 47.804621 ], [ -98.717611, 47.805392 ], [ -98.723862, 47.800405 ], [ -98.727482, 47.799169 ], [ -98.726288, 47.802504 ], [ -98.73853, 47.796347 ], [ -98.753831, 47.801323 ], [ -98.759667, 47.799201 ], [ -98.762047, 47.793054 ], [ -98.758793, 47.791567 ], [ -98.761509, 47.78894 ], [ -98.758764, 47.786677 ], [ -98.785963, 47.782573 ], [ -98.795187, 47.777478 ], [ -98.802815, 47.780541 ], [ -98.804918, 47.775582 ], [ -98.811123, 47.776999 ], [ -98.814344, 47.770943 ], [ -98.82292, 47.770166 ], [ -98.825835, 47.767309 ], [ -98.822852, 47.767309 ], [ -98.826173, 47.76596 ], [ -98.824952, 47.762464 ], [ -98.827833, 47.75963 ], [ -98.832375, 47.761983 ], [ -98.839067, 47.750441 ], [ -98.843633, 47.752355 ], [ -98.855754, 47.749165 ], [ -98.877664, 47.757741 ], [ -98.880641, 47.762656 ], [ -98.878059, 47.767408 ], [ -98.885787, 47.768395 ], [ -98.896458, 47.778592 ], [ -98.891949, 47.77827 ], [ -98.893031, 47.781904 ], [ -98.898049, 47.781837 ], [ -98.902216, 47.785975 ], [ -98.903267, 47.789015 ], [ -98.899048, 47.792795 ], [ -98.901469, 47.79576 ], [ -98.898394, 47.798403 ], [ -98.901321, 47.800515 ], [ -98.896708, 47.806565 ], [ -98.901185, 47.807001 ], [ -98.897996, 47.807891 ], [ -98.90464, 47.816257 ], [ -98.903009, 47.820073 ], [ -98.90793, 47.819732 ], [ -98.909251, 47.823937 ], [ -98.91926, 47.828259 ], [ -98.945462, 47.835002 ], [ -98.94682, 47.840327 ], [ -98.950656, 47.840052 ], [ -98.95025, 47.843297 ], [ -98.957144, 47.848576 ], [ -98.952779, 47.854023 ], [ -98.956831, 47.856223 ], [ -98.9594, 47.863526 ], [ -98.963214, 47.861704 ], [ -98.966735, 47.867614 ], [ -98.979979, 47.87236 ], [ -98.998527, 47.874521 ], [ -99.009172, 47.863534 ], [ -99.025954, 47.85648 ], [ -99.098946, 47.847299 ], [ -99.122167, 47.839581 ], [ -99.144079, 47.839931 ], [ -99.169983, 47.847419 ], [ -99.174059, 47.846194 ], [ -99.250859, 48.07885 ] ] ] ] } },
{ "type": "Feature", "properties": { "AIANNHCE": "5620", "NAMELSAD": "Creek OTSA", "NAME": "Creek", "AREA_TYPE": "Oklahoma Tribal Statistical Area", "STATE_NAMES": "Oklahoma", "DECLARATIONS": 3, "OWN_REQUEST": 3, "UNDER_STATE": 0, "FIRST_YEAR": 2019.0, "LATEST_YEAR": 2023.0, "INCIDENT_LIST": "Severe Storm", "POPULATION": 822902, "LAND_SQ_MI": 4628.6, "N_COUNTIES": 18, "COUNTY_NAMES": "Creek County; Okmulgee County; Okfuskee County and others", "COUNTY_DISASTER_MAX": 11 }, "geometry": { "type": "Polygon", "coordinates": [ [ [ -96.624289, 35.404669 ], [ -96.619607, 35.784385 ], [ -96.622863, 36.058417 ], [ -96.620917, 36.163439 ], [ -96.001217, 36.162438 ], [ -95.967101, 36.159239 ], [ -95.619832, 36.162694 ], [ -95.610031, 36.164852 ], [ -95.604994, 36.16243 ], [ -95.50272, 36.16109 ], [ -95.34186, 36.16254 ], [ -95.34214, 36.14596 ], [ -95.35444, 36.13183 ], [ -95.36275, 36.09786 ], [ -95.368519, 35.983376 ], [ -95.364395, 35.978853 ], [ -95.349952, 35.974041 ], [ -95.345126, 35.976223 ], [ -95.337889, 35.974234 ], [ -95.32201, 35.981858 ], [ -95.315926, 35.979479 ], [ -95.313418, 35.974741 ], [ -95.303704, 35.971629 ], [ -95.308941, 35.96657 ], [ -95.305056, 35.96728 ], [ -95.30683, 35.964831 ], [ -95.329209, 35.950432 ], [ -95.330868, 35.943473 ], [ -95.338272, 35.944044 ], [ -95.33027, 35.937057 ], [ -95.357397, 35.937903 ], [ -95.366629, 35.94437 ], [ -95.344366, 35.919703 ], [ -95.334512, 35.893622 ], [ -95.333566, 35.885879 ], [ -95.340548, 35.885892 ], [ -95.340556, 35.859464 ], [ -95.33613, 35.857015 ], [ -95.342708, 35.855172 ], [ -95.339028, 35.848485 ], [ -95.326319, 35.84602 ], [ -95.323544, 35.835264 ], [ -95.326086, 35.826161 ], [ -95.324002, 35.813394 ], [ -95.30525, 35.799656 ], [ -95.310696, 35.795442 ], [ -95.309464, 35.792925 ], [ -95.303587, 35.794057 ], [ -95.302515, 35.791011 ], [ -95.308755, 35.788551 ], [ -95.310621, 35.784077 ], [ -95.310313, 35.76432 ], [ -95.322861, 35.767365 ], [ -95.322777, 35.750605 ], [ -95.331018, 35.751021 ], [ -95.327467, 35.750079 ], [ -95.332394, 35.748446 ], [ -95.330011, 35.74733 ], [ -95.331836, 35.737649 ], [ -95.340349, 35.724491 ], [ -95.340329, 35.697067 ], [ -95.358094, 35.696955 ], [ -95.358029, 35.667947 ], [ -95.371214, 35.656986 ], [ -95.375696, 35.656919 ], [ -95.375744, 35.609811 ], [ -95.393515, 35.609805 ], [ -95.393591, 35.59166 ], [ -95.404522, 35.581334 ], [ -95.401974, 35.57758 ], [ -95.405705, 35.562222 ], [ -95.402232, 35.560825 ], [ -95.404978, 35.557598 ], [ -95.402795, 35.554691 ], [ -95.407612, 35.55547 ], [ -95.40534, 35.551751 ], [ -95.425196, 35.551729 ], [ -95.436349, 35.535422 ], [ -95.431254, 35.530524 ], [ -95.427777, 35.536773 ], [ -95.415638, 35.536672 ], [ -95.415783, 35.507713 ], [ -95.433557, 35.507871 ], [ -95.433574, 35.478816 ], [ -95.451364, 35.478869 ], [ -95.451379, 35.449878 ], [ -95.469191, 35.44981 ], [ -95.469159, 35.435269 ], [ -95.486947, 35.435205 ], [ -95.486502, 35.38069 ], [ -95.469195, 35.37722 ], [ -95.466774, 35.362893 ], [ -95.47744, 35.362659 ], [ -95.486808, 35.355153 ], [ -95.486854, 35.333613 ], [ -95.504122, 35.335347 ], [ -95.504732, 35.319057 ], [ -95.522024, 35.318989 ], [ -95.522845, 35.30863 ], [ -95.54437, 35.294972 ], [ -95.517654, 35.275383 ], [ -95.512959, 35.267197 ], [ -95.514959, 35.263197 ], [ -95.54326, 35.251897 ], [ -95.57037, 35.245497 ], [ -95.602342, 35.220739 ], [ -95.619464, 35.222198 ], [ -95.622964, 35.227598 ], [ -95.604563, 35.236998 ], [ -95.606063, 35.247098 ], [ -95.615664, 35.249698 ], [ -95.628064, 35.246798 ], [ -95.676867, 35.224798 ], [ -95.682767, 35.216398 ], [ -95.674189, 35.20891 ], [ -95.679107, 35.203869 ], [ -95.707153, 35.202301 ], [ -95.716157, 35.189352 ], [ -95.743894, 35.191882 ], [ -95.75797, 35.176698 ], [ -95.768471, 35.178998 ], [ -95.784771, 35.195298 ], [ -95.797572, 35.197098 ], [ -95.838873, 35.184297 ], [ -95.847773, 35.188397 ], [ -95.869174, 35.186897 ], [ -95.888374, 35.155696 ], [ -95.905867, 35.143987 ], [ -95.925578, 35.142896 ], [ -95.946576, 35.149996 ], [ -95.965551, 35.152496 ], [ -96.009127, 35.147221 ], [ -96.013639, 35.141787 ], [ -96.008879, 35.122201 ], [ -96.010362, 35.117438 ], [ -96.029969, 35.120336 ], [ -96.041857, 35.104348 ], [ -96.056571, 35.096098 ], [ -96.062707, 35.08807 ], [ -96.064303, 35.071134 ], [ -96.070101, 35.055513 ], [ -96.10131, 35.045323 ], [ -96.106005, 35.034424 ], [ -96.132189, 35.014295 ], [ -96.136865, 35.001522 ], [ -96.142951, 35.00009 ], [ -96.14534, 34.98566 ], [ -96.151588, 34.984491 ], [ -96.159107, 34.977934 ], [ -96.160068, 34.973299 ], [ -96.178754, 34.960627 ], [ -96.186891, 34.958698 ], [ -96.198163, 34.961043 ], [ -96.238586, 34.975623 ], [ -96.258851, 34.973345 ], [ -96.272123, 34.967566 ], [ -96.284754, 34.969134 ], [ -96.293349, 34.97405 ], [ -96.304205, 34.988511 ], [ -96.317484, 34.996275 ], [ -96.322463, 35.003898 ], [ -96.340204, 35.008183 ], [ -96.355902, 35.006777 ], [ -96.363826, 34.996867 ], [ -96.366252, 34.98662 ], [ -96.36444, 34.981105 ], [ -96.371883, 34.970113 ], [ -96.371245, 34.961148 ], [ -96.382681, 34.948455 ], [ -96.406132, 34.938226 ], [ -96.409285, 34.925081 ], [ -96.418412, 34.907851 ], [ -96.424701, 34.903687 ], [ -96.435587, 34.90228 ], [ -96.460367, 34.916499 ], [ -96.478095, 34.916352 ], [ -96.490786, 34.910585 ], [ -96.490434, 35.115857 ], [ -96.441305, 35.115771 ], [ -96.44129, 35.467712 ], [ -96.446202, 35.458444 ], [ -96.459052, 35.46151 ], [ -96.465588, 35.45811 ], [ -96.475754, 35.463421 ], [ -96.476734, 35.458874 ], [ -96.488281, 35.448229 ], [ -96.48306, 35.44249 ], [ -96.484402, 35.436548 ], [ -96.496594, 35.428896 ], [ -96.518633, 35.431205 ], [ -96.521552, 35.438493 ], [ -96.536492, 35.447165 ], [ -96.544121, 35.457827 ], [ -96.546184, 35.457474 ], [ -96.544469, 35.452733 ], [ -96.553641, 35.454309 ], [ -96.554093, 35.447831 ], [ -96.560295, 35.448753 ], [ -96.569602, 35.439564 ], [ -96.555722, 35.434566 ], [ -96.560102, 35.421559 ], [ -96.556844, 35.418816 ], [ -96.552633, 35.422987 ], [ -96.547775, 35.418546 ], [ -96.549996, 35.414942 ], [ -96.537163, 35.41094 ], [ -96.537415, 35.403535 ], [ -96.5317, 35.399812 ], [ -96.536718, 35.390772 ], [ -96.55673, 35.394974 ], [ -96.555566, 35.402437 ], [ -96.565418, 35.399367 ], [ -96.576671, 35.401934 ], [ -96.578682, 35.407178 ], [ -96.585654, 35.411474 ], [ -96.589102, 35.411575 ], [ -96.599717, 35.396955 ], [ -96.606708, 35.399368 ], [ -96.606764, 35.395876 ], [ -96.611392, 35.394227 ], [ -96.621297, 35.398089 ], [ -96.624289, 35.404669 ] ] ] } },
{ "type": "Feature", "properties": { "AIANNHCE": "0605", "NAMELSAD": "Cheyenne River Reservation and Off-Reservation Trust Land", "NAME": "Cheyenne River", "AREA_TYPE": "Reservation", "STATE_NAMES": "South Dakota", "DECLARATIONS": 5, "OWN_REQUEST": 0, "UNDER_STATE": 5, "FIRST_YEAR": 2014.0, "LATEST_YEAR": 2020.0, "INCIDENT_LIST": "Flood; Severe Storm", "POPULATION": 7640, "LAND_SQ_MI": 4265.8, "N_COUNTIES": 9, "COUNTY_NAMES": "Dewey County; Ziebach County; Stanley County and others", "COUNTY_DISASTER_MAX": 7 }, "geometry": { "type": "MultiPolygon", "coordinates": [ [ [ [ -100.441868, 44.305732 ], [ -100.431618, 44.305537 ], [ -100.431468, 44.26973 ], [ -100.426446, 44.269574 ], [ -100.426555, 44.262226 ], [ -100.436709, 44.262226 ], [ -100.436818, 44.269652 ], [ -100.441731, 44.269574 ], [ -100.441868, 44.305732 ] ] ], [ [ [ -100.446384, 44.32743 ], [ -100.426561, 44.32743 ], [ -100.426561, 44.313035 ], [ -100.44634, 44.312947 ], [ -100.446384, 44.32743 ] ] ], [ [ [ -100.500815, 44.443904 ], [ -100.495553, 44.442044 ], [ -100.495513, 44.436557 ], [ -100.500761, 44.436557 ], [ -100.500815, 44.443904 ] ] ], [ [ [ -100.516692, 44.291274 ], [ -100.511562, 44.291274 ], [ -100.511562, 44.276957 ], [ -100.506515, 44.276957 ], [ -100.506515, 44.255244 ], [ -100.516692, 44.255244 ], [ -100.516692, 44.291274 ] ] ], [ [ [ -100.526813, 44.319614 ], [ -100.516653, 44.320114 ], [ -100.516653, 44.312851 ], [ -100.526813, 44.312886 ], [ -100.526813, 44.319614 ] ] ], [ [ [ -100.546613, 44.545228 ], [ -100.531712, 44.545211 ], [ -100.531691, 44.537842 ], [ -100.536788, 44.543228 ], [ -100.546613, 44.545228 ] ] ], [ [ [ -100.546911, 44.312886 ], [ -100.536806, 44.312886 ], [ -100.536806, 44.305698 ], [ -100.526757, 44.305698 ], [ -100.526757, 44.298549 ], [ -100.546911, 44.298549 ], [ -100.546911, 44.312886 ] ] ], [ [ [ -100.551351, 44.548153 ], [ -100.551348, 44.559683 ], [ -100.546935, 44.559683 ], [ -100.546859, 44.548152 ], [ -100.551351, 44.548153 ] ] ], [ [ [ -100.586764, 44.226201 ], [ -100.576595, 44.229759 ], [ -100.576595, 44.218882 ], [ -100.586764, 44.222481 ], [ -100.586764, 44.226201 ] ] ], [ [ [ -100.601946, 44.523761 ], [ -100.591678, 44.523761 ], [ -100.591678, 44.516333 ], [ -100.601946, 44.516333 ], [ -100.601946, 44.523761 ] ] ], [ [ [ -100.631576, 44.55963 ], [ -100.612247, 44.559718 ], [ -100.611751, 44.545064 ], [ -100.631595, 44.545025 ], [ -100.631576, 44.55963 ] ] ], [ [ [ -100.818948, 44.762272 ], [ -100.808464, 44.762175 ], [ -100.808497, 44.754894 ], [ -100.818955, 44.754894 ], [ -100.818948, 44.762272 ] ] ], [ [ [ -101.397026, 44.646834 ], [ -101.39194, 44.646875 ], [ -101.391923, 44.643244 ], [ -101.397026, 44.643244 ], [ -101.397026, 44.646834 ] ] ], [ [ [ -101.880459, 44.53132 ], [ -101.871013, 44.531807 ], [ -101.87106, 44.516878 ], [ -101.880463, 44.516881 ], [ -101.880459, 44.53132 ] ] ], [ [ [ -102.000432, 44.511663 ], [ -101.999782, 45.471532 ], [ -100.341275, 45.471896 ], [ -100.33032, 45.44221 ], [ -100.304542, 45.420935 ], [ -100.274176, 45.381845 ], [ -100.282324, 45.355322 ], [ -100.308234, 45.332076 ], [ -100.316659, 45.317904 ], [ -100.307384, 45.291909 ], [ -100.268054, 45.26111 ], [ -100.257286, 45.238543 ], [ -100.2582, 45.232828 ], [ -100.274993, 45.198281 ], [ -100.279, 45.158894 ], [ -100.290717, 45.138377 ], [ -100.324174, 45.101619 ], [ -100.32659, 45.090864 ], [ -100.323858, 45.074164 ], [ -100.316506, 45.059289 ], [ -100.281577, 45.033404 ], [ -100.278024, 45.027707 ], [ -100.279384, 45.020069 ], [ -100.289539, 45.014459 ], [ -100.312235, 45.0152 ], [ -100.363178, 45.029104 ], [ -100.377649, 45.030102 ], [ -100.390011, 45.027166 ], [ -100.408379, 45.011815 ], [ -100.42342, 44.992053 ], [ -100.423776, 44.973109 ], [ -100.41354, 44.915608 ], [ -100.394952, 44.879676 ], [ -100.393465, 44.868686 ], [ -100.418682, 44.843366 ], [ -100.475132, 44.816432 ], [ -100.514862, 44.783654 ], [ -100.526863, 44.768277 ], [ -100.543484, 44.761087 ], [ -100.610971, 44.770102 ], [ -100.641741, 44.791844 ], [ -100.661637, 44.813014 ], [ -100.676387, 44.823162 ], [ -100.702232, 44.828371 ], [ -100.714808, 44.821622 ], [ -100.724227, 44.80763 ], [ -100.728824, 44.783704 ], [ -100.717644, 44.77093 ], [ -100.729975, 44.764405 ], [ -100.739366, 44.765758 ], [ -100.736264, 44.774396 ], [ -100.745306, 44.775876 ], [ -100.753049, 44.772718 ], [ -100.749625, 44.765421 ], [ -100.752142, 44.761511 ], [ -100.77339, 44.758495 ], [ -100.776073, 44.761231 ], [ -100.771067, 44.767455 ], [ -100.775082, 44.772384 ], [ -100.797964, 44.763505 ], [ -100.797816, 44.769942 ], [ -100.812011, 44.768021 ], [ -100.81826, 44.780454 ], [ -100.831184, 44.783343 ], [ -100.843421, 44.776971 ], [ -100.85366, 44.780719 ], [ -100.888048, 44.769728 ], [ -100.893204, 44.771857 ], [ -100.895626, 44.777885 ], [ -100.909001, 44.7837 ], [ -100.91185, 44.783216 ], [ -100.911787, 44.775938 ], [ -100.917193, 44.769624 ], [ -100.939844, 44.762518 ], [ -100.955185, 44.765517 ], [ -100.958261, 44.761243 ], [ -100.955107, 44.754381 ], [ -100.976019, 44.75103 ], [ -100.981735, 44.737805 ], [ -100.98771, 44.731961 ], [ -100.996916, 44.739449 ], [ -101.006393, 44.728752 ], [ -101.022611, 44.724153 ], [ -101.035943, 44.727432 ], [ -101.06292, 44.742505 ], [ -101.083243, 44.738433 ], [ -101.141311, 44.746999 ], [ -101.149747, 44.742335 ], [ -101.153674, 44.728832 ], [ -101.16117, 44.722075 ], [ -101.235139, 44.690574 ], [ -101.239841, 44.698487 ], [ -101.248166, 44.698986 ], [ -101.26593, 44.69343 ], [ -101.275184, 44.685163 ], [ -101.296912, 44.689668 ], [ -101.319174, 44.68052 ], [ -101.324661, 44.681458 ], [ -101.328245, 44.690956 ], [ -101.33405, 44.689698 ], [ -101.339285, 44.683472 ], [ -101.359893, 44.689019 ], [ -101.362546, 44.684991 ], [ -101.358859, 44.672924 ], [ -101.372275, 44.673799 ], [ -101.373975, 44.670972 ], [ -101.364993, 44.661949 ], [ -101.364756, 44.656422 ], [ -101.377079, 44.658705 ], [ -101.384893, 44.653695 ], [ -101.390397, 44.657667 ], [ -101.397417, 44.656784 ], [ -101.415718, 44.64211 ], [ -101.431383, 44.640614 ], [ -101.440778, 44.64363 ], [ -101.445847, 44.638245 ], [ -101.454861, 44.638029 ], [ -101.455642, 44.628729 ], [ -101.466785, 44.619275 ], [ -101.455797, 44.610228 ], [ -101.469087, 44.6118 ], [ -101.476662, 44.601837 ], [ -101.490008, 44.602883 ], [ -101.496216, 44.600331 ], [ -101.49773, 44.595196 ], [ -101.494007, 44.583965 ], [ -101.501155, 44.58124 ], [ -101.512048, 44.585446 ], [ -101.514073, 44.575993 ], [ -101.531035, 44.567875 ], [ -101.537007, 44.574066 ], [ -101.543522, 44.572061 ], [ -101.552832, 44.575743 ], [ -101.558497, 44.569207 ], [ -101.565548, 44.575643 ], [ -101.576897, 44.578207 ], [ -101.590599, 44.573966 ], [ -101.606743, 44.57725 ], [ -101.609986, 44.572214 ], [ -101.623015, 44.572898 ], [ -101.628738, 44.575038 ], [ -101.626566, 44.579864 ], [ -101.630522, 44.586455 ], [ -101.635554, 44.585694 ], [ -101.640373, 44.579428 ], [ -101.646031, 44.585189 ], [ -101.65523, 44.582304 ], [ -101.66115, 44.587985 ], [ -101.664679, 44.583748 ], [ -101.676038, 44.580355 ], [ -101.682039, 44.571057 ], [ -101.68796, 44.570432 ], [ -101.691775, 44.575569 ], [ -101.701338, 44.574978 ], [ -101.712393, 44.5802 ], [ -101.716582, 44.576792 ], [ -101.716023, 44.572678 ], [ -101.728852, 44.566083 ], [ -101.746984, 44.567788 ], [ -101.749134, 44.563556 ], [ -101.743299, 44.558509 ], [ -101.745348, 44.554697 ], [ -101.765762, 44.547994 ], [ -101.782423, 44.536057 ], [ -101.784658, 44.540785 ], [ -101.796944, 44.543165 ], [ -101.805668, 44.533978 ], [ -101.805234, 44.525492 ], [ -101.811198, 44.522373 ], [ -101.81653, 44.531292 ], [ -101.827744, 44.531728 ], [ -101.83152, 44.526962 ], [ -101.82988, 44.516876 ], [ -101.840265, 44.516874 ], [ -101.841139, 44.527116 ], [ -101.847503, 44.5294 ], [ -101.855565, 44.526603 ], [ -101.865766, 44.532127 ], [ -101.881253, 44.533093 ], [ -101.887834, 44.538581 ], [ -101.925352, 44.529982 ], [ -101.939562, 44.535103 ], [ -101.946404, 44.528659 ], [ -101.967858, 44.525082 ], [ -101.973875, 44.526844 ], [ -101.978589, 44.522751 ], [ -101.986806, 44.524748 ], [ -101.996051, 44.518901 ], [ -102.000432, 44.511663 ] ] ], [ [ [ -102.07133, 44.502497 ], [ -102.060996, 44.502497 ], [ -102.060866, 44.488297 ], [ -102.071202, 44.488297 ], [ -102.07133, 44.502497 ] ] ] ] } },
{ "type": "Feature", "properties": { "AIANNHCE": "3625", "NAMELSAD": "Sauk-Suiattle Reservation", "NAME": "Sauk-Suiattle", "AREA_TYPE": "Reservation", "STATE_NAMES": "Washington", "DECLARATIONS": 1, "OWN_REQUEST": 0, "UNDER_STATE": 1, "FIRST_YEAR": 2014.0, "LATEST_YEAR": 2014.0, "INCIDENT_LIST": "Mud/Landslide", "POPULATION": 37, "LAND_SQ_MI": 0.1, "N_COUNTIES": 2, "COUNTY_NAMES": "Skagit County; Snohomish County", "COUNTY_DISASTER_MAX": 9 }, "geometry": { "type": "MultiPolygon", "coordinates": [ [ [ [ -121.54637, 48.289826 ], [ -121.541457, 48.291029 ], [ -121.541458, 48.289824 ], [ -121.54637, 48.289826 ] ] ], [ [ [ -121.55389, 48.322179 ], [ -121.546312, 48.322224 ], [ -121.5463, 48.319704 ], [ -121.553006, 48.319764 ], [ -121.55389, 48.322179 ] ] ] ] } },
{ "type": "Feature", "properties": { "AIANNHCE": "3970", "NAMELSAD": "Standing Rock Reservation", "NAME": "Standing Rock", "AREA_TYPE": "Reservation", "STATE_NAMES": "North Dakota; South Dakota", "DECLARATIONS": 4, "OWN_REQUEST": 1, "UNDER_STATE": 3, "FIRST_YEAR": 2011.0, "LATEST_YEAR": 2014.0, "INCIDENT_LIST": "Flood", "POPULATION": 7648, "LAND_SQ_MI": 3568.4, "N_COUNTIES": 11, "COUNTY_NAMES": "Corson County; Sioux County; Grant County and others", "COUNTY_DISASTER_MAX": 6 }, "geometry": { "type": "Polygon", "coordinates": [ [ [ -101.999782, 45.471532 ], [ -102.000678897073001, 45.944515040647502 ], [ -101.998327, 46.053274 ], [ -101.996136, 46.056426 ], [ -101.992161, 46.051904 ], [ -101.995309, 46.050235 ], [ -101.991598, 46.047381 ], [ -101.973849, 46.04812 ], [ -101.970245, 46.056689 ], [ -101.96509, 46.053515 ], [ -101.966203, 46.048603 ], [ -101.958067, 46.050387 ], [ -101.953509, 46.057264 ], [ -101.946715, 46.058362 ], [ -101.945009, 46.060761 ], [ -101.948523, 46.06373 ], [ -101.938709, 46.063228 ], [ -101.93779, 46.066404 ], [ -101.922333, 46.054409 ], [ -101.919708, 46.055231 ], [ -101.923185, 46.060509 ], [ -101.914522, 46.058657 ], [ -101.916689, 46.056944 ], [ -101.912325, 46.053791 ], [ -101.907894, 46.057696 ], [ -101.910781, 46.057834 ], [ -101.910057, 46.062312 ], [ -101.903234, 46.055753 ], [ -101.902214, 46.059706 ], [ -101.894144, 46.056825 ], [ -101.894798, 46.059293 ], [ -101.888592, 46.063951 ], [ -101.895386, 46.063291 ], [ -101.894857, 46.069254 ], [ -101.880945, 46.063217 ], [ -101.884551, 46.06813 ], [ -101.882383, 46.069934 ], [ -101.87114, 46.063007 ], [ -101.866877, 46.0663 ], [ -101.858277, 46.066258 ], [ -101.854997, 46.068498 ], [ -101.856214, 46.071491 ], [ -101.849355, 46.073275 ], [ -101.846231, 46.06608 ], [ -101.843278, 46.067474 ], [ -101.84436, 46.064846 ], [ -101.8503, 46.064982 ], [ -101.849675, 46.062789 ], [ -101.845834, 46.060596 ], [ -101.841634, 46.063385 ], [ -101.840287, 46.059774 ], [ -101.843367, 46.057925 ], [ -101.840219, 46.056828 ], [ -101.845438, 46.057101 ], [ -101.843004, 46.049973 ], [ -101.849471, 46.051823 ], [ -101.849957, 46.047641 ], [ -101.86013, 46.047706 ], [ -101.845693, 46.044082 ], [ -101.845063, 46.041589 ], [ -101.847756, 46.041473 ], [ -101.840573, 46.038003 ], [ -101.841552, 46.028841 ], [ -101.838368, 46.029047 ], [ -101.83837, 46.033043 ], [ -101.830405, 46.033106 ], [ -101.828163, 46.037935 ], [ -101.813985, 46.027726 ], [ -101.811699, 46.027931 ], [ -101.814159, 46.031747 ], [ -101.808649, 46.03113 ], [ -101.798744, 46.024229 ], [ -101.800876, 46.026902 ], [ -101.797267, 46.029027 ], [ -101.799726, 46.032774 ], [ -101.795691, 46.035538 ], [ -101.782534, 46.038186 ], [ -101.784143, 46.035993 ], [ -101.78083, 46.035604 ], [ -101.778236, 46.039007 ], [ -101.771905, 46.037337 ], [ -101.773055, 46.034185 ], [ -101.767675, 46.03384 ], [ -101.765775, 46.030641 ], [ -101.762429, 46.03185 ], [ -101.767215, 46.035896 ], [ -101.761802, 46.035597 ], [ -101.756252, 46.042175 ], [ -101.75478, 46.037764 ], [ -101.752088, 46.038014 ], [ -101.749591, 46.041667 ], [ -101.748958, 46.033236 ], [ -101.754061, 46.0334 ], [ -101.758296, 46.03098 ], [ -101.75679, 46.028786 ], [ -101.746328, 46.028348 ], [ -101.737919, 46.037647 ], [ -101.728917, 46.036125 ], [ -101.722638, 46.028485 ], [ -101.715652, 46.02806 ], [ -101.719658, 46.023439 ], [ -101.713718, 46.021504 ], [ -101.71149, 46.022237 ], [ -101.713526, 46.026053 ], [ -101.710246, 46.025848 ], [ -101.705062, 46.022261 ], [ -101.698503, 46.026832 ], [ -101.698502, 46.021371 ], [ -101.69309, 46.019292 ], [ -101.687876, 46.022423 ], [ -101.686269, 46.018881 ], [ -101.689417, 46.019247 ], [ -101.685646, 46.013466 ], [ -101.681055, 46.013557 ], [ -101.683481, 46.016779 ], [ -101.675381, 46.016253 ], [ -101.678399, 46.011729 ], [ -101.663573, 46.015819 ], [ -101.664528, 46.011636 ], [ -101.656493, 46.012502 ], [ -101.660691, 46.014011 ], [ -101.655114, 46.01698 ], [ -101.652032, 46.014283 ], [ -101.645538, 46.015149 ], [ -101.643304, 46.020655 ], [ -101.650026, 46.023993 ], [ -101.643138, 46.024631 ], [ -101.645528, 46.029636 ], [ -101.635162, 46.030088 ], [ -101.638539, 46.032352 ], [ -101.635026, 46.035618 ], [ -101.638108, 46.037127 ], [ -101.631415, 46.037947 ], [ -101.622717, 46.037028 ], [ -101.619888, 46.030128 ], [ -101.616608, 46.030884 ], [ -101.617293, 46.026748 ], [ -101.610041, 46.023232 ], [ -101.611513, 46.01889 ], [ -101.60003, 46.013434 ], [ -101.599705, 46.01677 ], [ -101.594392, 46.017594 ], [ -101.595801, 46.014714 ], [ -101.591927, 46.009551 ], [ -101.588583, 46.010101 ], [ -101.590389, 46.013094 ], [ -101.585632, 46.011838 ], [ -101.588088, 46.01652 ], [ -101.5797, 46.018123 ], [ -101.574749, 46.025527 ], [ -101.571664, 46.021825 ], [ -101.567761, 46.023699 ], [ -101.568187, 46.019081 ], [ -101.563069, 46.016472 ], [ -101.567068, 46.014387 ], [ -101.55733, 46.011949 ], [ -101.554185, 46.006836 ], [ -101.546248, 46.01289 ], [ -101.54523, 46.015883 ], [ -101.550805, 46.016958 ], [ -101.547853, 46.018283 ], [ -101.535096, 46.01643 ], [ -101.533556, 46.013276 ], [ -101.527323, 46.016428 ], [ -101.533257, 46.020839 ], [ -101.531582, 46.025729 ], [ -101.534666, 46.024519 ], [ -101.535712, 46.030414 ], [ -101.516194, 46.030637 ], [ -101.519412, 46.025908 ], [ -101.517412, 46.025359 ], [ -101.509764, 46.030177 ], [ -101.509113, 46.025287 ], [ -101.502063, 46.023044 ], [ -101.496882, 46.023568 ], [ -101.499117, 46.026217 ], [ -101.496822, 46.027452 ], [ -101.492784, 46.025215 ], [ -101.493542, 46.027408 ], [ -101.485865, 46.027983 ], [ -101.495517, 46.033691 ], [ -101.492303, 46.035612 ], [ -101.489676, 46.032871 ], [ -101.490632, 46.037509 ], [ -101.484726, 46.036827 ], [ -101.483742, 46.037604 ], [ -101.487914, 46.042744 ], [ -101.49365, 46.036982 ], [ -101.49828, 46.04059 ], [ -101.484212, 46.04928 ], [ -101.489334, 46.051201 ], [ -101.47181, 46.054152 ], [ -101.474801, 46.059498 ], [ -101.467874, 46.057832 ], [ -101.466262, 46.05036 ], [ -101.458287, 46.049996 ], [ -101.444505, 46.056282 ], [ -101.430455, 46.053061 ], [ -101.42802, 46.060559 ], [ -101.412207, 46.059159 ], [ -101.415225, 46.064164 ], [ -101.407114, 46.070812 ], [ -101.398543, 46.072843 ], [ -101.397787, 46.077116 ], [ -101.386292, 46.07942 ], [ -101.368363, 46.075211 ], [ -101.364155, 46.069911 ], [ -101.35845, 46.077706 ], [ -101.351224, 46.074464 ], [ -101.346302, 46.079402 ], [ -101.334943, 46.082673 ], [ -101.344203, 46.085941 ], [ -101.343514, 46.089257 ], [ -101.325263, 46.091322 ], [ -101.322733, 46.097086 ], [ -101.312351, 46.09193 ], [ -101.319183, 46.099951 ], [ -101.299917, 46.104844 ], [ -101.301842, 46.109753 ], [ -101.294707, 46.11574 ], [ -101.29865, 46.117244 ], [ -101.296777, 46.118802 ], [ -101.298978, 46.120699 ], [ -101.311447, 46.125003 ], [ -101.303342, 46.127442 ], [ -101.302684, 46.132881 ], [ -101.296342, 46.127259 ], [ -101.292694, 46.129132 ], [ -101.292856, 46.133611 ], [ -101.285854, 46.135346 ], [ -101.282272, 46.134934 ], [ -101.281683, 46.129449 ], [ -101.275537, 46.129813 ], [ -101.27458, 46.13612 ], [ -101.26538, 46.130906 ], [ -101.259258, 46.140022 ], [ -101.252032, 46.134785 ], [ -101.247705, 46.142484 ], [ -101.241159, 46.138328 ], [ -101.237021, 46.143129 ], [ -101.228141, 46.137968 ], [ -101.219567, 46.145969 ], [ -101.223251, 46.150127 ], [ -101.216675, 46.149626 ], [ -101.21197, 46.156207 ], [ -101.190372, 46.147847 ], [ -101.196654, 46.158931 ], [ -101.188433, 46.162998 ], [ -101.189485, 46.166905 ], [ -101.193958, 46.168048 ], [ -101.192578, 46.174492 ], [ -101.195868, 46.176434 ], [ -101.191986, 46.181736 ], [ -101.198336, 46.182376 ], [ -101.191001, 46.191334 ], [ -101.176029, 46.195105 ], [ -101.170963, 46.191814 ], [ -101.165729, 46.196635 ], [ -101.169282, 46.199469 ], [ -101.167899, 46.202028 ], [ -101.15658, 46.198941 ], [ -101.143479, 46.203347 ], [ -101.143244, 46.209426 ], [ -101.131949, 46.214357 ], [ -101.124999, 46.211084 ], [ -101.115843, 46.214585 ], [ -101.114137, 46.219842 ], [ -101.10012, 46.2302 ], [ -101.105399, 46.242812 ], [ -101.114849, 46.240089 ], [ -101.116828, 46.243036 ], [ -101.106491, 46.249233 ], [ -101.103956, 46.257115 ], [ -101.091339, 46.258055 ], [ -101.088511, 46.26738 ], [ -101.097408, 46.268543 ], [ -101.095401, 46.273137 ], [ -101.08222, 46.275105 ], [ -101.058492, 46.270171 ], [ -101.054868, 46.272525 ], [ -101.054834, 46.277529 ], [ -101.044715, 46.282144 ], [ -101.033148, 46.275423 ], [ -101.023951, 46.278688 ], [ -101.026089, 46.287784 ], [ -101.018634, 46.293815 ], [ -101.016882, 46.29955 ], [ -101.004653, 46.296482 ], [ -100.99723, 46.304661 ], [ -101.013282, 46.306496 ], [ -101.011957, 46.313237 ], [ -101.017361, 46.319615 ], [ -101.004692, 46.323381 ], [ -101.003112, 46.319746 ], [ -100.99124, 46.316068 ], [ -100.983393, 46.319658 ], [ -100.982511, 46.329029 ], [ -100.97403, 46.325512 ], [ -100.968261, 46.330176 ], [ -100.971069, 46.336323 ], [ -100.95807, 46.338794 ], [ -100.960813, 46.347684 ], [ -100.941508, 46.350018 ], [ -100.940948, 46.357971 ], [ -100.944877, 46.361353 ], [ -100.942699, 46.368277 ], [ -100.937021, 46.371133 ], [ -100.938998, 46.376542 ], [ -100.929059, 46.377821 ], [ -100.931007, 46.382187 ], [ -100.924105, 46.383694 ], [ -100.91895, 46.394983 ], [ -100.895431, 46.39596 ], [ -100.897904, 46.402588 ], [ -100.881942, 46.409528 ], [ -100.877883, 46.404384 ], [ -100.882721, 46.390241 ], [ -100.868721, 46.389438 ], [ -100.862681, 46.393394 ], [ -100.862388, 46.398559 ], [ -100.856975, 46.403269 ], [ -100.852674, 46.394404 ], [ -100.837049, 46.39098 ], [ -100.832623, 46.392718 ], [ -100.830112, 46.387942 ], [ -100.821238, 46.389042 ], [ -100.814873, 46.384701 ], [ -100.808032, 46.384701 ], [ -100.804087, 46.390137 ], [ -100.775352, 46.391158 ], [ -100.770723, 46.397487 ], [ -100.748744, 46.392838 ], [ -100.737291, 46.401551 ], [ -100.733982, 46.396136 ], [ -100.737248, 46.391198 ], [ -100.722088, 46.392049 ], [ -100.722808, 46.380804 ], [ -100.720504, 46.379745 ], [ -100.706859, 46.386362 ], [ -100.709867, 46.392829 ], [ -100.706714, 46.399092 ], [ -100.702205, 46.393995 ], [ -100.698143, 46.394045 ], [ -100.691922, 46.397927 ], [ -100.686469, 46.409737 ], [ -100.681858, 46.412235 ], [ -100.674554, 46.412637 ], [ -100.663718, 46.406425 ], [ -100.62818, 46.418088 ], [ -100.625301, 46.425794 ], [ -100.6154, 46.417494 ], [ -100.6094, 46.417094 ], [ -100.6065, 46.419394 ], [ -100.6136, 46.426594 ], [ -100.6027, 46.424194 ], [ -100.6002, 46.429294 ], [ -100.590199, 46.427894 ], [ -100.559399, 46.381694 ], [ -100.551199, 46.363494 ], [ -100.548599, 46.333293 ], [ -100.559099, 46.307994 ], [ -100.5816, 46.278594 ], [ -100.5798, 46.272294 ], [ -100.5582, 46.249293 ], [ -100.5588, 46.236694 ], [ -100.574401, 46.210594 ], [ -100.593002, 46.195594 ], [ -100.618303, 46.165895 ], [ -100.628976, 46.146001 ], [ -100.627952, 46.129915 ], [ -100.614604, 46.112295 ], [ -100.613604, 46.099396 ], [ -100.617104, 46.087896 ], [ -100.614504, 46.071796 ], [ -100.604404, 46.054796 ], [ -100.560205, 46.008396 ], [ -100.53131, 45.999996 ], [ -100.521885, 45.98942 ], [ -100.507026, 45.966548 ], [ -100.511948993993002, 45.943653983847099 ], [ -100.499353928538, 45.943631639908297 ], [ -100.488683, 45.93028 ], [ -100.462424, 45.919574 ], [ -100.417516, 45.884006 ], [ -100.387036, 45.869142 ], [ -100.380638, 45.858178 ], [ -100.382369, 45.838614 ], [ -100.379045, 45.82342 ], [ -100.351209, 45.771844 ], [ -100.309013, 45.707842 ], [ -100.308849, 45.689634 ], [ -100.317783, 45.673462 ], [ -100.337288, 45.663182 ], [ -100.387388, 45.659443 ], [ -100.406438, 45.650011 ], [ -100.419767, 45.624817 ], [ -100.423831, 45.624801 ], [ -100.423376, 45.616139 ], [ -100.434152, 45.585713 ], [ -100.450689, 45.572354 ], [ -100.475414, 45.559445 ], [ -100.48597, 45.545308 ], [ -100.484486, 45.532651 ], [ -100.472068, 45.519874 ], [ -100.443961, 45.509858 ], [ -100.382131, 45.510645 ], [ -100.365258, 45.500109 ], [ -100.341275, 45.471896 ], [ -101.999782, 45.471532 ] ] ] } },
{ "type": "Feature", "properties": { "AIANNHCE": "5580", "NAMELSAD": "Chickasaw OTSA", "NAME": "Chickasaw", "AREA_TYPE": "Oklahoma Tribal Statistical Area", "STATE_NAMES": "Oklahoma; Texas", "DECLARATIONS": 1, "OWN_REQUEST": 1, "UNDER_STATE": 0, "FIRST_YEAR": 2024.0, "LATEST_YEAR": 2024.0, "INCIDENT_LIST": "Severe Storm", "POPULATION": 312200, "LAND_SQ_MI": 7242.7, "N_COUNTIES": 23, "COUNTY_NAMES": "Grady County; Carter County; Garvin County and others", "COUNTY_DISASTER_MAX": 9 }, "geometry": { "type": "Polygon", "coordinates": [ [ [ -97.996383, 34.567735 ], [ -97.999176, 35.36248 ], [ -97.981409, 35.356339 ], [ -97.973856, 35.357104 ], [ -97.969548, 35.351485 ], [ -97.955167, 35.346051 ], [ -97.946843, 35.356412 ], [ -97.947212, 35.374854 ], [ -97.940258, 35.376903 ], [ -97.932252, 35.373383 ], [ -97.930496, 35.364113 ], [ -97.920835, 35.353518 ], [ -97.903133, 35.355574 ], [ -97.901203, 35.344323 ], [ -97.884098, 35.349012 ], [ -97.88496, 35.355821 ], [ -97.873923, 35.355984 ], [ -97.869899, 35.362522 ], [ -97.85965, 35.359518 ], [ -97.856847, 35.344955 ], [ -97.841333, 35.33453 ], [ -97.812129, 35.333788 ], [ -97.812111, 35.338254 ], [ -97.807186, 35.340846 ], [ -97.796719, 35.339105 ], [ -97.790427, 35.332921 ], [ -97.788319, 35.336643 ], [ -97.777567, 35.337087 ], [ -97.772406, 35.345577 ], [ -97.769273, 35.34565 ], [ -97.737305, 35.323762 ], [ -97.720035, 35.328515 ], [ -97.706291, 35.324973 ], [ -97.685054, 35.334301 ], [ -97.662965, 35.336617 ], [ -97.652537, 35.333381 ], [ -97.617799, 35.305211 ], [ -97.581359, 35.30246 ], [ -97.560699, 35.292074 ], [ -97.556987, 35.28844 ], [ -97.554779, 35.261978 ], [ -97.564275, 35.251772 ], [ -97.558865, 35.248108 ], [ -97.566482, 35.247436 ], [ -97.556692, 35.240201 ], [ -97.562218, 35.23463 ], [ -97.55479, 35.224329 ], [ -97.54146, 35.214165 ], [ -97.529442, 35.212663 ], [ -97.457806, 35.170318 ], [ -97.453417, 35.163743 ], [ -97.442652, 35.160442 ], [ -97.439597, 35.149315 ], [ -97.433069, 35.143794 ], [ -97.407082, 35.138144 ], [ -97.401317, 35.124871 ], [ -97.405166, 35.108941 ], [ -97.400184, 35.093242 ], [ -97.402076, 35.08637 ], [ -97.38868, 35.082103 ], [ -97.364128, 35.084556 ], [ -97.354192, 35.076656 ], [ -97.354394, 35.065283 ], [ -97.349632, 35.055532 ], [ -97.358009, 35.033715 ], [ -97.345841, 35.004599 ], [ -97.346513, 34.998457 ], [ -97.341491, 34.993707 ], [ -97.348165, 34.985437 ], [ -97.347855, 34.979216 ], [ -97.343259, 34.974409 ], [ -97.341509, 34.964001 ], [ -97.325925, 34.955092 ], [ -97.30771, 34.953983 ], [ -97.299633, 34.964611 ], [ -97.28144, 34.96079 ], [ -97.273851, 34.962994 ], [ -97.261592, 34.945441 ], [ -97.253602, 34.945427 ], [ -97.250434, 34.948882 ], [ -97.239851, 34.947111 ], [ -97.232689, 34.9419 ], [ -97.230367, 34.931907 ], [ -97.217896, 34.944277 ], [ -97.198413, 34.939844 ], [ -97.196172, 34.92825 ], [ -97.154556, 34.931385 ], [ -97.135805, 34.924399 ], [ -97.132431, 34.926168 ], [ -97.134932, 34.932594 ], [ -97.132867, 34.934642 ], [ -97.114, 34.935101 ], [ -97.10035, 34.929615 ], [ -97.085537, 34.931359 ], [ -97.07179, 34.91986 ], [ -97.052477, 34.921254 ], [ -97.043208, 34.915212 ], [ -97.025946, 34.912329 ], [ -97.01593, 34.907348 ], [ -96.983308, 34.921475 ], [ -96.97793, 34.925628 ], [ -96.974944, 34.934269 ], [ -96.967349, 34.934669 ], [ -96.957037, 34.950979 ], [ -96.946455, 34.95854 ], [ -96.928271, 34.965213 ], [ -96.910609, 34.958659 ], [ -96.8854, 34.926251 ], [ -96.849442, 34.929689 ], [ -96.821488, 34.946112 ], [ -96.813452, 34.944649 ], [ -96.798208, 34.929992 ], [ -96.798583, 34.905939 ], [ -96.785069, 34.899145 ], [ -96.755517, 34.899809 ], [ -96.748793, 34.890283 ], [ -96.740393, 34.866883 ], [ -96.733692, 34.859684 ], [ -96.722891, 34.856782 ], [ -96.694182, 34.868495 ], [ -96.687292, 34.880984 ], [ -96.686992, 34.891283 ], [ -96.693452, 34.901257 ], [ -96.712092, 34.913883 ], [ -96.704596, 34.926281 ], [ -96.691967, 34.933314 ], [ -96.665392, 34.928383 ], [ -96.64599, 34.901384 ], [ -96.636791, 34.898784 ], [ -96.61319, 34.900484 ], [ -96.59579, 34.905984 ], [ -96.577089, 34.916584 ], [ -96.564089, 34.917284 ], [ -96.555389, 34.911284 ], [ -96.555888, 34.898084 ], [ -96.545984, 34.88227 ], [ -96.528587, 34.869586 ], [ -96.514587, 34.873386 ], [ -96.500287, 34.893465 ], [ -96.496887, 34.904585 ], [ -96.486483, 34.912986 ], [ -96.478095, 34.916352 ], [ -96.460367, 34.916499 ], [ -96.452101, 34.91212 ], [ -96.454441, 33.968744 ], [ -96.452677, 33.952592 ], [ -96.4482, 33.945388 ], [ -96.448528, 33.931319 ], [ -96.443255, 33.918978 ], [ -96.435801, 33.91366 ], [ -96.436526, 33.905161 ], [ -96.430301, 33.891914 ], [ -96.427738, 33.892813 ], [ -96.416784, 33.882423 ], [ -96.412903, 33.885236 ], [ -96.413971, 33.882633 ], [ -96.409031, 33.882708 ], [ -96.407556, 33.879789 ], [ -96.402497, 33.881053 ], [ -96.380503, 33.861789 ], [ -96.369625, 33.858205 ], [ -96.363384, 33.849416 ], [ -96.362463, 33.851631 ], [ -96.349293, 33.850437 ], [ -96.347055, 33.854421 ], [ -96.333154, 33.849671 ], [ -96.335241, 33.846885 ], [ -96.332573, 33.842776 ], [ -96.306962, 33.83932 ], [ -96.299093, 33.844517 ], [ -96.29964, 33.841446 ], [ -96.29496, 33.839928 ], [ -96.287486, 33.842547 ], [ -96.278626, 33.838457 ], [ -96.276241, 33.841786 ], [ -96.264171, 33.834809 ], [ -96.262925, 33.836748 ], [ -96.248074, 33.831929 ], [ -96.227769, 33.84043 ], [ -96.225738, 33.847363 ], [ -96.218456, 33.849579 ], [ -96.214179, 33.859215 ], [ -96.204393, 33.855118 ], [ -96.201404, 33.85942 ], [ -96.198098, 33.856541 ], [ -96.189828, 33.859969 ], [ -96.187076, 33.857134 ], [ -96.185541, 33.859831 ], [ -96.18354, 33.855788 ], [ -96.177982, 33.856809 ], [ -96.175007, 33.852474 ], [ -96.15798, 33.854278 ], [ -96.158943, 33.849301 ], [ -96.155757, 33.847932 ], [ -96.141638, 33.85374 ], [ -96.128801, 33.845237 ], [ -96.117535, 33.848816 ], [ -96.11086, 33.843054 ], [ -96.097799, 33.850182 ], [ -96.095121094766398, 33.847548174647201 ], [ -96.101473, 33.846709 ], [ -96.097448, 33.832725 ], [ -96.09936, 33.83047 ], [ -96.109993, 33.832396 ], [ -96.122951, 33.839964 ], [ -96.14807, 33.837799 ], [ -96.15163, 33.831946 ], [ -96.148792, 33.819197 ], [ -96.150765, 33.816987 ], [ -96.164808, 33.817797 ], [ -96.17589, 33.814627 ], [ -96.178964, 33.810553 ], [ -96.17734, 33.805117 ], [ -96.170373, 33.799382 ], [ -96.166991, 33.811103 ], [ -96.156355, 33.813349 ], [ -96.161114, 33.805767 ], [ -96.162757, 33.788769 ], [ -96.169452, 33.770131 ], [ -96.178059, 33.760518 ], [ -96.186554, 33.756375 ], [ -96.220521, 33.74739 ], [ -96.229023, 33.748021 ], [ -96.263593, 33.767467 ], [ -96.288254, 33.771221 ], [ -96.293708, 33.769409 ], [ -96.303009, 33.750878 ], [ -96.307389, 33.735005 ], [ -96.307035, 33.719987 ], [ -96.316925, 33.698997 ], [ -96.321103, 33.6951 ], [ -96.348306, 33.686379 ], [ -96.355946, 33.687155 ], [ -96.362198, 33.691818 ], [ -96.36959, 33.716809 ], [ -96.408469, 33.751192 ], [ -96.422643, 33.776041 ], [ -96.448045, 33.781031 ], [ -96.459154, 33.775232 ], [ -96.500268, 33.772583 ], [ -96.515912, 33.787795 ], [ -96.516584, 33.803168 ], [ -96.526655, 33.820891 ], [ -96.532865, 33.823005 ], [ -96.551223, 33.819129 ], [ -96.572937, 33.819098 ], [ -96.592926, 33.830916 ], [ -96.62929, 33.845488 ], [ -96.628969, 33.852407 ], [ -96.61197, 33.869016 ], [ -96.590112, 33.880665 ], [ -96.58536, 33.888948 ], [ -96.587934, 33.894784 ], [ -96.628294, 33.894477 ], [ -96.659896, 33.916666 ], [ -96.667187, 33.91694 ], [ -96.673449, 33.912278 ], [ -96.680947, 33.896204 ], [ -96.684727, 33.862905 ], [ -96.699574, 33.839049 ], [ -96.712422, 33.831633 ], [ -96.761588, 33.824406 ], [ -96.770676, 33.829621 ], [ -96.780569, 33.860098 ], [ -96.794276, 33.868886 ], [ -96.832157, 33.874835 ], [ -96.839778, 33.868396 ], [ -96.841592, 33.852894 ], [ -96.850593, 33.847211 ], [ -96.85609, 33.84749 ], [ -96.875281, 33.860505 ], [ -96.88301, 33.868019 ], [ -96.895728, 33.896414 ], [ -96.902434, 33.942018 ], [ -96.911336, 33.95396 ], [ -96.922114, 33.959579 ], [ -96.972542, 33.935795 ], [ -96.979818, 33.941588 ], [ -96.979415, 33.956178 ], [ -96.987892, 33.954671 ], [ -96.994288, 33.949206 ], [ -96.995023, 33.932035 ], [ -96.984939, 33.904866 ], [ -96.983835, 33.890949 ], [ -96.997088, 33.871017 ], [ -97.021438, 33.846379 ], [ -97.041245, 33.837761 ], [ -97.046126, 33.83956 ], [ -97.059826, 33.858404 ], [ -97.068071, 33.860465 ], [ -97.087247, 33.853448 ], [ -97.090479, 33.844841 ], [ -97.087731, 33.841956 ], [ -97.053024, 33.833884 ], [ -97.049316, 33.829794 ], [ -97.048146, 33.817456 ], [ -97.07859, 33.812756 ], [ -97.092112, 33.804097 ], [ -97.095236, 33.794136 ], [ -97.085218, 33.765512 ], [ -97.086195, 33.743933 ], [ -97.097154, 33.727809 ], [ -97.108936, 33.720294 ], [ -97.121102, 33.717174 ], [ -97.149394, 33.721967 ], [ -97.163149, 33.729322 ], [ -97.172192, 33.737545 ], [ -97.181843, 33.75587 ], [ -97.192817, 33.761169 ], [ -97.187724, 33.769831 ], [ -97.190809, 33.781772 ], [ -97.205705, 33.802908 ], [ -97.203514, 33.821825 ], [ -97.19369, 33.831307 ], [ -97.18137, 33.831375 ], [ -97.171627, 33.835335 ], [ -97.166824, 33.840395 ], [ -97.166629, 33.847311 ], [ -97.180845, 33.895204 ], [ -97.210921, 33.916064 ], [ -97.226522, 33.914642 ], [ -97.244946, 33.903092 ], [ -97.249209, 33.875101 ], [ -97.256625, 33.863286 ], [ -97.275607, 33.858168 ], [ -97.275348, 33.863225 ], [ -97.310143, 33.888532 ], [ -97.309946, 33.874449 ], [ -97.314413, 33.866989 ], [ -97.328729, 33.855434 ], [ -97.334616, 33.857231 ], [ -97.333382, 33.864148 ], [ -97.32345, 33.87846 ], [ -97.325812, 33.883888 ], [ -97.332457, 33.884253 ], [ -97.348338, 33.843876 ], [ -97.365507, 33.823763 ], [ -97.372941, 33.819454 ], [ -97.426493, 33.819398 ], [ -97.453057, 33.828536 ], [ -97.462857, 33.841772 ], [ -97.451469, 33.87093 ], [ -97.450954, 33.891398 ], [ -97.460376, 33.903948 ], [ -97.486505, 33.916994 ], [ -97.50096, 33.919643 ], [ -97.525277, 33.911751 ], [ -97.551541, 33.897947 ], [ -97.55827, 33.897099 ], [ -97.566956, 33.901583 ], [ -97.581078, 33.899679 ], [ -97.589254, 33.903922 ], [ -97.597115, 33.917868 ], [ -97.591514, 33.9282 ], [ -97.59542, 33.941436 ], [ -97.588828, 33.951882 ], [ -97.590422, 33.954104 ], [ -97.599466, 33.956323 ], [ -97.609091, 33.968093 ], [ -97.633778, 33.981257 ], [ -97.65621, 33.989488 ], [ -97.671772, 33.99137 ], [ -97.69311, 33.983699 ], [ -97.709684, 33.954997 ], [ -97.725289, 33.941045 ], [ -97.733723, 33.936392 ], [ -97.762768, 33.934396 ], [ -97.759399, 33.91882 ], [ -97.76377, 33.914241 ], [ -97.772672, 33.914382 ], [ -97.779702, 33.919721 ], [ -97.785101, 33.916815 ], [ -97.779683, 33.899243 ], [ -97.782341, 33.892306 ], [ -97.788022, 33.89182 ], [ -97.790781, 33.898312 ], [ -97.797761, 33.899286 ], [ -97.80198, 33.894254 ], [ -97.80263, 33.879971 ], [ -97.807499, 33.876401 ], [ -97.816426, 33.882081 ], [ -97.819236, 33.879091 ], [ -97.819023, 33.869908 ], [ -97.834333, 33.857671 ], [ -97.871447, 33.849001 ], [ -97.896738, 33.857985 ], [ -97.936743, 33.879204 ], [ -97.958438, 33.879179 ], [ -97.974178, 33.886643 ], [ -97.984566, 33.899077 ], [ -97.979985, 33.911402 ], [ -97.976963, 33.912549 ], [ -97.969873, 33.905999 ], [ -97.964461, 33.907398 ], [ -97.957155, 33.914454 ], [ -97.952679, 33.929482 ], [ -97.954467, 33.937774 ], [ -97.971175, 33.937129 ], [ -97.974173, 33.942832 ], [ -97.960351, 33.951928 ], [ -97.94573, 33.989839 ], [ -97.958325, 33.990846 ], [ -97.974173, 34.006716 ], [ -97.999704388338699, 33.997222806192902 ], [ -97.999632, 34.455006 ], [ -97.996383, 34.567735 ] ] ] } },
{ "type": "Feature", "properties": { "AIANNHCE": "4390", "NAMELSAD": "Uintah and Ouray Reservation and Off-Reservation Trust Land", "NAME": "Uintah and Ouray", "AREA_TYPE": "Reservation", "STATE_NAMES": "Colorado; Utah", "DECLARATIONS": 1, "OWN_REQUEST": 0, "UNDER_STATE": 1, "FIRST_YEAR": 2011.0, "LATEST_YEAR": 2011.0, "INCIDENT_LIST": "Flood", "POPULATION": 25249, "LAND_SQ_MI": 6773.4, "N_COUNTIES": 11, "COUNTY_NAMES": "Uintah County; Duchesne County; Wasatch County and others", "COUNTY_DISASTER_MAX": 2 }, "geometry": { "type": "MultiPolygon", "coordinates": [ [ [ [ -111.098459, 39.600488 ], [ -111.079534, 39.600482 ], [ -111.079402, 39.586037 ], [ -111.098518, 39.586044 ], [ -111.098459, 39.600488 ] ] ], [ [ [ -111.312031, 40.288352 ], [ -111.308627, 40.2981 ], [ -111.296925, 40.309879 ], [ -111.279965, 40.2973 ], [ -111.268717, 40.299506 ], [ -111.251145, 40.297786 ], [ -111.25064, 40.304024 ], [ -111.247196, 40.303796 ], [ -111.245875, 40.308388 ], [ -111.249715, 40.310547 ], [ -111.253699, 40.32213 ], [ -111.243458, 40.337005 ], [ -111.246245, 40.345015 ], [ -111.241239, 40.352608 ], [ -111.243928, 40.364527 ], [ -111.241413, 40.38527 ], [ -111.235087, 40.399123 ], [ -111.238501, 40.406754 ], [ -111.229754, 40.41537 ], [ -111.22592, 40.417567 ], [ -111.205543, 40.409514 ], [ -111.183443, 40.407414 ], [ -111.176743, 40.416195 ], [ -111.178982, 40.428724 ], [ -111.185922, 40.439308 ], [ -111.151077, 40.45934 ], [ -111.108153, 40.468109 ], [ -111.091397, 40.46329 ], [ -111.084834, 40.466228 ], [ -111.067989, 40.465514 ], [ -111.062619, 40.470502 ], [ -111.029637, 40.477061 ], [ -111.031665, 40.481762 ], [ -111.027979, 40.490704 ], [ -111.016725, 40.491707 ], [ -111.010431, 40.496844 ], [ -110.996738, 40.496701 ], [ -110.993905, 40.499964 ], [ -110.994064, 40.514806 ], [ -110.978635, 40.513046 ], [ -110.978672, 40.515381 ], [ -110.971643, 40.51721 ], [ -110.956277, 40.505769 ], [ -110.945719, 40.503972 ], [ -110.931326, 40.511077 ], [ -110.931798, 40.518496 ], [ -110.919948, 40.52071 ], [ -110.918166, 40.523134 ], [ -110.925653, 40.523522 ], [ -110.925888, 40.537361 ], [ -110.950104, 40.550656 ], [ -110.955732, 40.550903 ], [ -110.955075, 40.557406 ], [ -110.968477, 40.561938 ], [ -110.979009, 40.571718 ], [ -110.976513, 40.575108 ], [ -110.954998, 40.56763 ], [ -110.949139, 40.575651 ], [ -110.934998, 40.584388 ], [ -110.931793, 40.599965 ], [ -110.936714, 40.623306 ], [ -110.941491, 40.624945 ], [ -110.941403, 40.629124 ], [ -110.933451, 40.631443 ], [ -110.927605, 40.6385 ], [ -110.915553, 40.640393 ], [ -110.909278, 40.657103 ], [ -110.911181, 40.663121 ], [ -110.90805, 40.676988 ], [ -110.901974, 40.678162 ], [ -110.900659, 40.68354 ], [ -110.904953, 40.693206 ], [ -110.902999, 40.706365 ], [ -110.895816, 40.713224 ], [ -110.885154, 40.716329 ], [ -110.894455, 40.723567 ], [ -110.89239, 40.726959 ], [ -110.875259, 40.728323 ], [ -110.861418, 40.721546 ], [ -110.847477, 40.725267 ], [ -110.831812, 40.718025 ], [ -110.823406, 40.710476 ], [ -110.806712, 40.711571 ], [ -110.793743, 40.719017 ], [ -110.783217, 40.730963 ], [ -110.774615, 40.731359 ], [ -110.76522, 40.737034 ], [ -110.766349, 40.741387 ], [ -110.758014, 40.742271 ], [ -110.750733, 40.747706 ], [ -110.742996, 40.744725 ], [ -110.721839, 40.745479 ], [ -110.711681, 40.752705 ], [ -110.690528, 40.741516 ], [ -110.675984, 40.738953 ], [ -110.666299, 40.741882 ], [ -110.656743, 40.740271 ], [ -110.647594, 40.74804 ], [ -110.646511, 40.753442 ], [ -110.625737, 40.769471 ], [ -110.607022, 40.757265 ], [ -110.594621, 40.757866 ], [ -110.583176, 40.762717 ], [ -110.576058, 40.756585 ], [ -110.569437, 40.756363 ], [ -110.552491, 40.764185 ], [ -110.547031, 40.773733 ], [ -110.533516, 40.771081 ], [ -110.523939, 40.761528 ], [ -110.497808, 40.768647 ], [ -110.487247, 40.780163 ], [ -110.472616, 40.771845 ], [ -110.461783, 40.775822 ], [ -110.457422, 40.783067 ], [ -110.432782, 40.778278 ], [ -110.424558, 40.791948 ], [ -110.411191, 40.78437 ], [ -110.40026, 40.785302 ], [ -110.395969, 40.788698 ], [ -110.378962, 40.78718 ], [ -110.355169, 40.800094 ], [ -110.348945, 40.808682 ], [ -110.351302, 40.815486 ], [ -110.342735, 40.823356 ], [ -110.320321, 40.82051 ], [ -110.301423, 40.826388 ], [ -110.293047, 40.833399 ], [ -110.285875, 40.828131 ], [ -110.261566, 40.834805 ], [ -110.238205, 40.82819 ], [ -110.229387, 40.830807 ], [ -110.225784, 40.826463 ], [ -110.214169, 40.827389 ], [ -110.202661, 40.821802 ], [ -110.187809, 40.826139 ], [ -110.184753, 40.821501 ], [ -110.1759, 40.817699 ], [ -110.158795, 40.821016 ], [ -110.139501, 40.810993 ], [ -110.126514, 40.814935 ], [ -110.121825, 40.811346 ], [ -110.110437, 40.811335 ], [ -110.102859, 40.807917 ], [ -110.08834, 40.811059 ], [ -110.075573, 40.810039 ], [ -110.06441, 40.814214 ], [ -110.051357, 40.81255 ], [ -110.042924, 40.820601 ], [ -110.03685, 40.818307 ], [ -110.023305, 40.820048 ], [ -110.013344, 40.813744 ], [ -109.993528, 40.815133 ], [ -109.987862, 40.807618 ], [ -109.969602, 40.810534 ], [ -109.962918, 40.803401 ], [ -109.950381, 40.798162 ], [ -109.939277, 40.794637 ], [ -109.932179, 40.796691 ], [ -109.922851, 40.78964 ], [ -109.918353, 40.790751 ], [ -109.913914, 40.782447 ], [ -109.921691, 40.772988 ], [ -109.937818, 40.765245 ], [ -109.937099, 40.756267 ], [ -109.955163, 40.741568 ], [ -109.947102, 40.734951 ], [ -109.953908, 40.725018 ], [ -109.954544, 40.712815 ], [ -109.962663, 40.709232 ], [ -109.948433, 40.695642 ], [ -109.927775, 40.687885 ], [ -109.918482, 40.68958 ], [ -109.909957, 40.679027 ], [ -109.909083, 40.656535 ], [ -109.903389, 40.651744 ], [ -109.905332, 40.648915 ], [ -109.890789, 40.624156 ], [ -109.911388, 40.606865 ], [ -109.882063, 40.593799 ], [ -109.876605, 40.584735 ], [ -109.88515, 40.577562 ], [ -109.882325, 40.567316 ], [ -109.889888, 40.550899 ], [ -109.780313, 40.527828 ], [ -109.772833, 40.523632 ], [ -109.780879, 40.503389 ], [ -109.728605, 40.498732 ], [ -109.74033, 40.475795 ], [ -109.755582, 40.462588 ], [ -109.753693, 40.455096 ], [ -109.768103, 40.420688 ], [ -109.76637, 40.413341 ], [ -109.805809, 40.375344 ], [ -109.815033, 40.360482 ], [ -109.752455, 40.247117 ], [ -109.26578, 40.251435 ], [ -109.266422, 40.172629 ], [ -109.050935718229994, 40.173054017608003 ], [ -109.051199943037005, 39.461954981719998 ], [ -109.607741, 39.462277 ], [ -109.607446, 39.437439 ], [ -109.626436, 39.441098 ], [ -109.626021, 39.408774 ], [ -109.63586, 39.408608 ], [ -109.636126, 39.401506 ], [ -109.645487, 39.401395 ], [ -109.644665, 39.364298 ], [ -109.65347, 39.364449 ], [ -109.6535, 39.343433 ], [ -109.671013, 39.343608 ], [ -109.670956, 39.336209 ], [ -109.680348, 39.336281 ], [ -109.680537, 39.321419 ], [ -109.689928, 39.32149 ], [ -109.690022, 39.307128 ], [ -109.707537, 39.307293 ], [ -109.707762, 39.286675 ], [ -109.713983, 39.27404 ], [ -109.726557, 39.261623 ], [ -109.726557, 39.257019 ], [ -109.737016, 39.24995 ], [ -109.736584, 39.242721 ], [ -109.72655, 39.242638 ], [ -109.726666, 39.235699 ], [ -109.720609, 39.235736 ], [ -109.726631, 39.220793 ], [ -109.730312, 39.219673 ], [ -109.733067, 39.207971 ], [ -109.726675, 39.207 ], [ -109.71794, 39.200308 ], [ -109.717851, 39.193302 ], [ -109.713358, 39.192718 ], [ -109.71325, 39.164424 ], [ -109.707235, 39.164471 ], [ -109.707059, 39.149636 ], [ -109.759955, 39.146775 ], [ -109.763634, 39.1899 ], [ -109.78426, 39.192199 ], [ -109.78312, 39.200542 ], [ -109.787372, 39.204539 ], [ -109.799401, 39.206504 ], [ -109.803608, 39.202898 ], [ -109.808653, 39.203764 ], [ -109.803843, 39.207406 ], [ -109.80427, 39.216353 ], [ -109.815506, 39.223331 ], [ -109.809666, 39.228018 ], [ -109.808964, 39.239639 ], [ -109.823945, 39.24007 ], [ -109.826, 39.252727 ], [ -109.83201, 39.25114 ], [ -109.832008, 39.246945 ], [ -109.84045, 39.246799 ], [ -109.849788, 39.251272 ], [ -109.837751, 39.256671 ], [ -109.838598, 39.265256 ], [ -109.846112, 39.270836 ], [ -109.887852, 39.271035 ], [ -109.900413, 39.26676 ], [ -109.905147, 39.261734 ], [ -109.917328, 39.260393 ], [ -109.933158, 39.253217 ], [ -109.956397, 39.254021 ], [ -109.965263, 39.25939 ], [ -109.99235, 39.25759 ], [ -110.000564, 39.254282 ], [ -110.005316, 39.259487 ], [ -110.019014, 39.247524 ], [ -110.022626, 39.248927 ], [ -110.024193, 39.24748 ], [ -110.020796, 39.244864 ], [ -110.024967, 39.241565 ], [ -110.029938, 39.246303 ], [ -110.045619, 39.245422 ], [ -110.055016, 39.249025 ], [ -110.054072, 39.25406 ], [ -110.062695, 39.2522 ], [ -110.060513, 39.264284 ], [ -110.074404, 39.271459 ], [ -110.077219, 39.279105 ], [ -110.069618, 39.292366 ], [ -110.049063, 39.301409 ], [ -110.050205, 39.305712 ], [ -110.061957, 39.309885 ], [ -110.062924, 39.317403 ], [ -110.055685, 39.31871 ], [ -110.058675, 39.329731 ], [ -110.047646, 39.326393 ], [ -110.036828, 39.337806 ], [ -110.031812, 39.35106 ], [ -110.021576, 39.353124 ], [ -110.023821, 39.358188 ], [ -110.018646, 39.362713 ], [ -110.025693, 39.376698 ], [ -110.018819, 39.378888 ], [ -110.017095, 39.385068 ], [ -110.020996, 39.390944 ], [ -110.01829, 39.400036 ], [ -110.00992, 39.410903 ], [ -110.012485, 39.418868 ], [ -110.023542, 39.423178 ], [ -110.020832, 39.427953 ], [ -110.023568, 39.445421 ], [ -110.015669, 39.454693 ], [ -110.024327, 39.463484 ], [ -110.023975, 39.469268 ], [ -110.066139, 39.469257 ], [ -110.063236, 39.893025 ], [ -110.058239, 39.893065 ], [ -110.058115, 40.112531 ], [ -110.103351, 40.112698 ], [ -110.194849, 40.093249 ], [ -110.225257, 40.025318 ], [ -110.23082, 39.945726 ], [ -110.239705, 39.9394 ], [ -110.278933, 39.934758 ], [ -110.295238, 39.92985 ], [ -110.321403, 39.901132 ], [ -110.319188, 39.892277 ], [ -110.330531, 39.875844 ], [ -110.347814, 39.871272 ], [ -110.398175, 39.869559 ], [ -110.418523, 39.880915 ], [ -110.439846, 39.884066 ], [ -110.44139, 39.889482 ], [ -110.465628, 39.901763 ], [ -110.507608, 39.888336 ], [ -110.522058, 39.893003 ], [ -110.553079, 39.891094 ], [ -110.594935, 39.899655 ], [ -110.632365, 39.901278 ], [ -110.637692, 39.903083 ], [ -110.64581, 39.91317 ], [ -110.661883, 39.89902 ], [ -110.679345, 39.899665 ], [ -110.693129, 39.891574 ], [ -110.712883, 39.888965 ], [ -110.725651, 39.882794 ], [ -110.745694, 39.885673 ], [ -110.752422, 39.881291 ], [ -110.777288, 39.877346 ], [ -110.783765, 39.880686 ], [ -110.804528, 39.877808 ], [ -110.815819, 39.872464 ], [ -110.825131, 39.874963 ], [ -110.840958, 39.8703 ], [ -110.849315, 39.873167 ], [ -110.860514, 39.870735 ], [ -110.876282, 39.874875 ], [ -110.883913, 39.872982 ], [ -110.890502, 39.875553 ], [ -110.893192, 39.880435 ], [ -110.907283, 39.879304 ], [ -110.910772, 39.887951 ], [ -110.925086, 39.888074 ], [ -110.942401, 39.895583 ], [ -110.957789, 39.894421 ], [ -110.96568, 39.91686 ], [ -110.967835, 39.932725 ], [ -110.965033, 39.936208 ], [ -110.974658, 39.943772 ], [ -110.982606, 39.97183 ], [ -110.981323, 39.982292 ], [ -110.985659, 39.98481 ], [ -110.993298, 39.998705 ], [ -110.990166, 40.021715 ], [ -111.003972, 40.034129 ], [ -111.011019, 40.034677 ], [ -111.020896, 40.045574 ], [ -111.039513, 40.044798 ], [ -111.05479, 40.031353 ], [ -111.053946, 40.026062 ], [ -111.057627, 40.026277 ], [ -111.058591, 40.022611 ], [ -111.07661, 40.02252 ], [ -111.085466, 40.014477 ], [ -111.097576, 40.010624 ], [ -111.105578, 40.002304 ], [ -111.152196, 39.985059 ], [ -111.159558, 39.991794 ], [ -111.167879, 39.990936 ], [ -111.168261, 40.003553 ], [ -111.171665, 40.010657 ], [ -111.18663, 40.020112 ], [ -111.191253, 40.029545 ], [ -111.197708, 40.031179 ], [ -111.203919, 40.04927 ], [ -111.223458, 40.040104 ], [ -111.226705, 40.035693 ], [ -111.238231, 40.038734 ], [ -111.249227, 40.055595 ], [ -111.236031, 40.069998 ], [ -111.240564, 40.073278 ], [ -111.238007, 40.080551 ], [ -111.241909, 40.090148 ], [ -111.221464, 40.124918 ], [ -111.224856, 40.142512 ], [ -111.231328, 40.147627 ], [ -111.226729, 40.155813 ], [ -111.229229, 40.158591 ], [ -111.225433, 40.167022 ], [ -111.247814, 40.193636 ], [ -111.258293, 40.198267 ], [ -111.256406, 40.200727 ], [ -111.264781, 40.209495 ], [ -111.261849, 40.210735 ], [ -111.267001, 40.212945 ], [ -111.273375, 40.221913 ], [ -111.273617, 40.236215 ], [ -111.267736, 40.237072 ], [ -111.264839, 40.242271 ], [ -111.276112, 40.252106 ], [ -111.279015, 40.258902 ], [ -111.289895, 40.266203 ], [ -111.29374, 40.265546 ], [ -111.294212, 40.270531 ], [ -111.307968, 40.274603 ], [ -111.307078, 40.282649 ], [ -111.312031, 40.288352 ] ] ] ] } },
{ "type": "Feature", "properties": { "AIANNHCE": "3100", "NAMELSAD": "Red Lake Reservation", "NAME": "Red Lake", "AREA_TYPE": "Reservation", "STATE_NAMES": "Minnesota", "DECLARATIONS": 5, "OWN_REQUEST": 0, "UNDER_STATE": 5, "FIRST_YEAR": 2011.0, "LATEST_YEAR": 2022.0, "INCIDENT_LIST": "Flood", "POPULATION": 5480, "LAND_SQ_MI": 882.3, "N_COUNTIES": 9, "COUNTY_NAMES": "Beltrami County; Clearwater County; Lake of the Woods County and others", "COUNTY_DISASTER_MAX": 6 }, "geometry": { "type": "MultiPolygon", "coordinates": [ [ [ [ -94.580962, 48.425227 ], [ -94.580943, 48.432472 ], [ -94.570164, 48.432462 ], [ -94.570148, 48.425232 ], [ -94.580962, 48.425227 ] ] ], [ [ [ -94.586296, 48.450707 ], [ -94.58095, 48.450697 ], [ -94.580941, 48.447036 ], [ -94.586389, 48.447046 ], [ -94.586296, 48.450707 ] ] ], [ [ [ -94.591803, 48.439726 ], [ -94.580924, 48.439715 ], [ -94.580943, 48.432472 ], [ -94.59181, 48.432473 ], [ -94.591803, 48.439726 ] ] ], [ [ [ -94.597282, 48.447059 ], [ -94.591835, 48.447052 ], [ -94.59182, 48.443525 ], [ -94.597262, 48.443396 ], [ -94.597282, 48.447059 ] ] ], [ [ [ -94.60307, 48.490428 ], [ -94.597783, 48.490447 ], [ -94.5979, 48.494026 ], [ -94.587306, 48.494078 ], [ -94.587206, 48.490481 ], [ -94.592494, 48.490463 ], [ -94.592385, 48.486868 ], [ -94.60291, 48.486839 ], [ -94.60307, 48.490428 ] ] ], [ [ [ -94.60819, 48.454346 ], [ -94.597322, 48.454367 ], [ -94.597302, 48.450723 ], [ -94.608179, 48.450711 ], [ -94.60819, 48.454346 ] ] ], [ [ [ -94.609497, 48.54095 ], [ -94.604066, 48.540963 ], [ -94.603996, 48.537295 ], [ -94.609383, 48.537319 ], [ -94.609497, 48.54095 ] ] ], [ [ [ -94.617272, 47.980473 ], [ -94.611791, 47.980495 ], [ -94.611929, 47.97686 ], [ -94.617328, 47.976873 ], [ -94.617272, 47.980473 ] ] ], [ [ [ -94.618887, 48.421515 ], [ -94.613557, 48.421544 ], [ -94.613547, 48.417946 ], [ -94.61899, 48.41791 ], [ -94.618887, 48.421515 ] ] ], [ [ [ -94.619214, 48.468879 ], [ -94.613763, 48.468819 ], [ -94.613723, 48.465195 ], [ -94.619156, 48.465231 ], [ -94.619214, 48.468879 ] ] ], [ [ [ -94.624407, 48.410614 ], [ -94.61353, 48.410671 ], [ -94.6136, 48.403451 ], [ -94.624443, 48.403397 ], [ -94.624407, 48.410614 ] ] ], [ [ [ -94.635498, 48.457816 ], [ -94.629992, 48.457874 ], [ -94.629927, 48.454197 ], [ -94.635427, 48.454137 ], [ -94.635498, 48.457816 ] ] ], [ [ [ -94.646535, 48.435968 ], [ -94.641185, 48.435971 ], [ -94.641328, 48.42502 ], [ -94.646705, 48.424999 ], [ -94.646535, 48.435968 ] ] ], [ [ [ -94.657133, 48.377994 ], [ -94.652028, 48.378011 ], [ -94.651988, 48.374433 ], [ -94.657344, 48.37441 ], [ -94.657133, 48.377994 ] ] ], [ [ [ -94.668212, 48.41044 ], [ -94.662806, 48.410441 ], [ -94.662792, 48.4069 ], [ -94.668192, 48.406829 ], [ -94.668212, 48.41044 ] ] ], [ [ [ -94.668262, 48.432202 ], [ -94.662898, 48.432245 ], [ -94.662954, 48.428619 ], [ -94.668312, 48.428609 ], [ -94.668262, 48.432202 ] ] ], [ [ [ -94.669535, 48.551866 ], [ -94.658749, 48.551907 ], [ -94.658664, 48.548276 ], [ -94.669489, 48.548196 ], [ -94.669535, 48.551866 ] ] ], [ [ [ -94.679704, 48.475834 ], [ -94.674356, 48.475852 ], [ -94.673849, 48.468547 ], [ -94.679262, 48.468531 ], [ -94.679704, 48.475834 ] ] ], [ [ [ -94.685901, 48.565863 ], [ -94.680481, 48.566115 ], [ -94.68048, 48.562509 ], [ -94.685932, 48.562387 ], [ -94.685901, 48.565863 ] ] ], [ [ [ -94.687124, 48.256049 ], [ -94.682646, 48.256019 ], [ -94.682666, 48.252463 ], [ -94.687128, 48.252456 ], [ -94.687124, 48.256049 ] ] ], [ [ [ -94.687311, 48.310433 ], [ -94.682691, 48.310441 ], [ -94.682662, 48.296003 ], [ -94.687267, 48.295977 ], [ -94.687311, 48.310433 ] ] ], [ [ [ -94.689733, 48.381451 ], [ -94.678831, 48.381487 ], [ -94.678853, 48.374318 ], [ -94.689774, 48.374268 ], [ -94.689733, 48.381451 ] ] ], [ [ [ -94.691169, 48.490115 ], [ -94.685442, 48.490203 ], [ -94.685452, 48.486673 ], [ -94.691165, 48.48658 ], [ -94.691169, 48.490115 ] ] ], [ [ [ -94.691838, 48.620198 ], [ -94.686313, 48.620294 ], [ -94.686313, 48.616751 ], [ -94.691861, 48.616599 ], [ -94.691838, 48.620198 ] ] ], [ [ [ -94.695085, 48.413964 ], [ -94.689684, 48.413988 ], [ -94.689607, 48.403133 ], [ -94.695097, 48.403103 ], [ -94.695085, 48.413964 ] ] ], [ [ [ -94.695461, 48.472114 ], [ -94.690666, 48.472163 ], [ -94.690541, 48.468504 ], [ -94.695427, 48.468487 ], [ -94.695461, 48.472114 ] ] ], [ [ [ -94.695601, 48.508223 ], [ -94.691201, 48.508233 ], [ -94.691196, 48.504559 ], [ -94.695581, 48.50454 ], [ -94.695601, 48.508223 ] ] ], [ [ [ -94.696039, 48.529913 ], [ -94.691606, 48.529938 ], [ -94.691601, 48.526142 ], [ -94.696028, 48.526145 ], [ -94.696039, 48.529913 ] ] ], [ [ [ -94.697233, 48.569491 ], [ -94.691743, 48.569473 ], [ -94.691751, 48.565865 ], [ -94.697243, 48.565879 ], [ -94.697233, 48.569491 ] ] ], [ [ [ -94.700563, 48.399462 ], [ -94.689646, 48.399487 ], [ -94.689616, 48.395924 ], [ -94.700566, 48.395851 ], [ -94.700563, 48.399462 ] ] ], [ [ [ -94.706209, 48.384963 ], [ -94.700696, 48.384991 ], [ -94.700609, 48.39223 ], [ -94.695111, 48.392261 ], [ -94.695219, 48.381385 ], [ -94.70626, 48.381358 ], [ -94.706209, 48.384963 ] ] ], [ [ [ -94.706508, 48.475665 ], [ -94.701001, 48.475684 ], [ -94.700971, 48.47208 ], [ -94.706482, 48.472053 ], [ -94.706508, 48.475665 ] ] ], [ [ [ -94.708429, 48.598562 ], [ -94.702912, 48.598527 ], [ -94.702879, 48.594897 ], [ -94.708366, 48.594935 ], [ -94.708429, 48.598562 ] ] ], [ [ [ -94.708763, 48.281395 ], [ -94.682532, 48.28146 ], [ -94.682605, 48.263236 ], [ -94.687121, 48.263234 ], [ -94.687119, 48.266826 ], [ -94.697937, 48.266824 ], [ -94.697937, 48.274173 ], [ -94.70876, 48.274153 ], [ -94.708763, 48.281395 ] ] ], [ [ [ -94.708846, 48.317557 ], [ -94.698169, 48.317627 ], [ -94.698142, 48.310416 ], [ -94.708999, 48.310399 ], [ -94.708846, 48.317557 ] ] ], [ [ [ -94.708988, 48.303067 ], [ -94.698133, 48.303117 ], [ -94.698132, 48.295918 ], [ -94.709037, 48.29586 ], [ -94.708988, 48.303067 ] ] ], [ [ [ -94.711197, 48.446517 ], [ -94.705799, 48.446517 ], [ -94.705822, 48.442904 ], [ -94.71125, 48.44289 ], [ -94.711197, 48.446517 ] ] ], [ [ [ -94.712096, 48.508128 ], [ -94.7011, 48.508192 ], [ -94.701081, 48.504513 ], [ -94.712064, 48.50446 ], [ -94.712096, 48.508128 ] ] ], [ [ [ -94.713787, 48.641778 ], [ -94.702752, 48.641779 ], [ -94.702811, 48.634536 ], [ -94.71384, 48.634552 ], [ -94.713787, 48.641778 ] ] ], [ [ [ -94.714282, 48.366692 ], [ -94.708848, 48.366692 ], [ -94.708852, 48.364332 ], [ -94.714282, 48.364344 ], [ -94.714282, 48.366692 ] ] ], [ [ [ -94.717406, 48.468365 ], [ -94.711969, 48.468415 ], [ -94.712, 48.46479 ], [ -94.717385, 48.464747 ], [ -94.717406, 48.468365 ] ] ], [ [ [ -94.71746, 48.479241 ], [ -94.712036, 48.479212 ], [ -94.712015, 48.475623 ], [ -94.717442, 48.475592 ], [ -94.71746, 48.479241 ] ] ], [ [ [ -94.717518, 48.504454 ], [ -94.712064, 48.50446 ], [ -94.712032, 48.500792 ], [ -94.717499, 48.500795 ], [ -94.717518, 48.504454 ] ] ], [ [ [ -94.717832, 48.529778 ], [ -94.706953, 48.529825 ], [ -94.706903, 48.526242 ], [ -94.717768, 48.526168 ], [ -94.717832, 48.529778 ] ] ], [ [ [ -94.719308, 48.234498 ], [ -94.713897, 48.234541 ], [ -94.713909, 48.230906 ], [ -94.719383, 48.230891 ], [ -94.719308, 48.234498 ] ] ], [ [ [ -94.722825, 48.464702 ], [ -94.717385, 48.464747 ], [ -94.717371, 48.46113 ], [ -94.722805, 48.46109 ], [ -94.722825, 48.464702 ] ] ], [ [ [ -94.724723, 48.670543 ], [ -94.702823, 48.670814 ], [ -94.703092, 48.656249 ], [ -94.71414, 48.656274 ], [ -94.71404, 48.663528 ], [ -94.724793, 48.663326 ], [ -94.724723, 48.670543 ] ] ], [ [ [ -94.728748, 48.533318 ], [ -94.723322, 48.533354 ], [ -94.723258, 48.529743 ], [ -94.728685, 48.529702 ], [ -94.728748, 48.533318 ] ] ], [ [ [ -94.73028, 48.223602 ], [ -94.719397, 48.2236 ], [ -94.719338, 48.219994 ], [ -94.713886, 48.220033 ], [ -94.713791, 48.212876 ], [ -94.719237, 48.212865 ], [ -94.719291, 48.216404 ], [ -94.730185, 48.216315 ], [ -94.73028, 48.223602 ] ] ], [ [ [ -94.730979, 48.295816 ], [ -94.720007, 48.295838 ], [ -94.719894, 48.288653 ], [ -94.730685, 48.28862 ], [ -94.730979, 48.295816 ] ] ], [ [ [ -94.735504, 48.234482 ], [ -94.730104, 48.234502 ], [ -94.730169, 48.230864 ], [ -94.735562, 48.230828 ], [ -94.735504, 48.234482 ] ] ], [ [ [ -94.735727, 48.569672 ], [ -94.730222, 48.569639 ], [ -94.730187, 48.566012 ], [ -94.735439, 48.566041 ], [ -94.735727, 48.569672 ] ] ], [ [ [ -94.739311, 48.504409 ], [ -94.733887, 48.504401 ], [ -94.73382, 48.500771 ], [ -94.739268, 48.500774 ], [ -94.739311, 48.504409 ] ] ], [ [ [ -94.740964, 48.21631 ], [ -94.735574, 48.216324 ], [ -94.735521, 48.212726 ], [ -94.740906, 48.212706 ], [ -94.740964, 48.21631 ] ] ], [ [ [ -94.741489, 48.274075 ], [ -94.70876, 48.274153 ], [ -94.708741, 48.266796 ], [ -94.719728, 48.266775 ], [ -94.719585, 48.252424 ], [ -94.730477, 48.252426 ], [ -94.730598, 48.259613 ], [ -94.725127, 48.25962 ], [ -94.725174, 48.263177 ], [ -94.730658, 48.263171 ], [ -94.730719, 48.266749 ], [ -94.741424, 48.266773 ], [ -94.741489, 48.274075 ] ] ], [ [ [ -94.741826, 48.3176 ], [ -94.720034, 48.317648 ], [ -94.719988, 48.303076 ], [ -94.730982, 48.303046 ], [ -94.731038, 48.310294 ], [ -94.741743, 48.310332 ], [ -94.741826, 48.3176 ] ] ], [ [ [ -94.743861, 48.410138 ], [ -94.733153, 48.410192 ], [ -94.733133, 48.406609 ], [ -94.738491, 48.406582 ], [ -94.738458, 48.399417 ], [ -94.743827, 48.399413 ], [ -94.743861, 48.410138 ] ] ], [ [ [ -94.744519, 48.471832 ], [ -94.739119, 48.471827 ], [ -94.739116, 48.468195 ], [ -94.744578, 48.468178 ], [ -94.744519, 48.471832 ] ] ], [ [ [ -94.744663, 48.500754 ], [ -94.739268, 48.500774 ], [ -94.739224, 48.497141 ], [ -94.744652, 48.497117 ], [ -94.744663, 48.500754 ] ] ], [ [ [ -94.746517, 48.594817 ], [ -94.741118, 48.594928 ], [ -94.741161, 48.591326 ], [ -94.746564, 48.591204 ], [ -94.746517, 48.594817 ] ] ], [ [ [ -94.755615, 48.489857 ], [ -94.750006, 48.489887 ], [ -94.750013, 48.486285 ], [ -94.755572, 48.486257 ], [ -94.755615, 48.489857 ] ] ], [ [ [ -94.7626, 48.238035 ], [ -94.735444, 48.238136 ], [ -94.735504, 48.234482 ], [ -94.740908, 48.234437 ], [ -94.740945, 48.230791 ], [ -94.762614, 48.230678 ], [ -94.7626, 48.238035 ] ] ], [ [ [ -94.773435, 48.223364 ], [ -94.762637, 48.223386 ], [ -94.762587, 48.212693 ], [ -94.773472, 48.212724 ], [ -94.773435, 48.223364 ] ] ], [ [ [ -94.77384, 48.558586 ], [ -94.768386, 48.558614 ], [ -94.768403, 48.555 ], [ -94.773856, 48.554959 ], [ -94.77384, 48.558586 ] ] ], [ [ [ -94.776581, 48.388454 ], [ -94.771019, 48.388445 ], [ -94.77109, 48.384854 ], [ -94.776634, 48.384587 ], [ -94.776581, 48.388454 ] ] ], [ [ [ -94.777263, 48.493437 ], [ -94.771813, 48.493443 ], [ -94.771794, 48.489829 ], [ -94.777252, 48.48982 ], [ -94.777263, 48.493437 ] ] ], [ [ [ -94.777364, 48.504281 ], [ -94.766543, 48.507913 ], [ -94.76639, 48.49706 ], [ -94.777274, 48.497054 ], [ -94.777364, 48.504281 ] ] ], [ [ [ -94.779144, 48.598179 ], [ -94.773686, 48.59818 ], [ -94.77248, 48.594568 ], [ -94.762782, 48.594587 ], [ -94.762799, 48.590945 ], [ -94.779229, 48.590933 ], [ -94.779144, 48.598179 ] ] ], [ [ [ -94.782743, 48.489805 ], [ -94.777252, 48.48982 ], [ -94.77724, 48.486205 ], [ -94.771775, 48.486217 ], [ -94.771756, 48.482603 ], [ -94.760808, 48.482636 ], [ -94.760803, 48.479008 ], [ -94.777228, 48.478953 ], [ -94.77723, 48.482665 ], [ -94.78271, 48.482646 ], [ -94.782743, 48.489805 ] ] ], [ [ [ -94.784681, 48.605405 ], [ -94.77382, 48.605432 ], [ -94.773691, 48.601806 ], [ -94.784685, 48.602011 ], [ -94.784681, 48.605405 ] ] ], [ [ [ -94.78547, 48.339088 ], [ -94.763794, 48.33921 ], [ -94.763593, 48.332009 ], [ -94.785254, 48.331925 ], [ -94.78547, 48.339088 ] ] ], [ [ [ -94.789897, 48.629016 ], [ -94.789856, 48.634327 ], [ -94.77881, 48.634331 ], [ -94.778885, 48.627161 ], [ -94.789897, 48.629016 ] ] ], [ [ [ -94.795087, 48.237939 ], [ -94.773486, 48.237987 ], [ -94.773488, 48.230714 ], [ -94.795251, 48.230628 ], [ -94.795087, 48.237939 ] ] ], [ [ [ -94.806725, 48.601742 ], [ -94.801282, 48.601752 ], [ -94.801279, 48.598148 ], [ -94.806719, 48.598139 ], [ -94.806725, 48.601742 ] ] ], [ [ [ -94.808934, 48.388446 ], [ -94.798099, 48.388418 ], [ -94.798166, 48.381263 ], [ -94.808967, 48.381245 ], [ -94.808934, 48.388446 ] ] ], [ [ [ -94.809039, 48.42467 ], [ -94.792698, 48.4247 ], [ -94.792837, 48.417422 ], [ -94.803593, 48.417407 ], [ -94.803601, 48.420981 ], [ -94.809022, 48.420986 ], [ -94.809039, 48.42467 ] ] ], [ [ [ -94.816687, 48.281158 ], [ -94.806223, 48.281219 ], [ -94.806109, 48.273903 ], [ -94.817084, 48.273866 ], [ -94.816687, 48.281158 ] ] ], [ [ [ -94.817199, 48.638055 ], [ -94.811761, 48.637997 ], [ -94.811771, 48.634426 ], [ -94.817206, 48.634478 ], [ -94.817199, 48.638055 ] ] ], [ [ [ -94.817313, 48.317351 ], [ -94.806585, 48.317386 ], [ -94.806296, 48.288419 ], [ -94.817169, 48.288401 ], [ -94.817313, 48.317351 ] ] ], [ [ [ -94.818221, 48.346268 ], [ -94.807322, 48.346268 ], [ -94.807282, 48.339022 ], [ -94.818186, 48.339034 ], [ -94.818221, 48.346268 ] ] ], [ [ [ -94.819739, 48.402884 ], [ -94.808944, 48.402866 ], [ -94.808934, 48.388446 ], [ -94.819719, 48.388474 ], [ -94.819739, 48.402884 ] ] ], [ [ [ -94.820752, 48.500619 ], [ -94.810149, 48.500602 ], [ -94.810181, 48.504257 ], [ -94.804756, 48.504254 ], [ -94.804782, 48.507949 ], [ -94.79386, 48.507897 ], [ -94.793837, 48.504283 ], [ -94.788273, 48.504262 ], [ -94.788349, 48.500639 ], [ -94.799295, 48.500618 ], [ -94.799226, 48.478909 ], [ -94.804541, 48.478883 ], [ -94.804609, 48.48616 ], [ -94.810019, 48.486169 ], [ -94.81009, 48.493325 ], [ -94.804672, 48.493342 ], [ -94.804705, 48.496969 ], [ -94.820717, 48.496987 ], [ -94.820752, 48.500619 ] ] ], [ [ [ -94.821306, 48.623645 ], [ -94.811894, 48.623595 ], [ -94.811793, 48.627265 ], [ -94.806366, 48.627208 ], [ -94.806555, 48.619891 ], [ -94.821376, 48.619925 ], [ -94.821306, 48.623645 ] ] ], [ [ [ -94.821391, 49.204746 ], [ -94.81597, 49.207897 ], [ -94.815687, 49.213255 ], [ -94.809654, 49.207946 ], [ -94.810988, 49.205177 ], [ -94.821391, 49.204746 ] ] ], [ [ [ -94.825203, 48.417302 ], [ -94.814427, 48.417328 ], [ -94.814438, 48.413693 ], [ -94.825242, 48.41367 ], [ -94.825203, 48.417302 ] ] ], [ [ [ -94.826749, 48.65255 ], [ -94.821325, 48.652591 ], [ -94.821328, 48.645308 ], [ -94.826739, 48.645266 ], [ -94.826749, 48.65255 ] ] ], [ [ [ -94.826476391101494, 49.322516668780104 ], [ -94.818048, 49.321031 ], [ -94.818165, 49.320392 ], [ -94.827105, 49.320281 ], [ -94.826476391101494, 49.322516668780104 ] ] ], [ [ [ -94.827564, 48.209046 ], [ -94.816729, 48.209006 ], [ -94.816639, 48.201707 ], [ -94.827474, 48.201763 ], [ -94.827564, 48.209046 ] ] ], [ [ [ -94.837879, 48.554741 ], [ -94.821656, 48.554769 ], [ -94.821613, 48.547517 ], [ -94.837893, 48.547512 ], [ -94.837879, 48.554741 ] ] ], [ [ [ -94.843475, 49.31979 ], [ -94.837966, 49.31981 ], [ -94.837985, 49.316187 ], [ -94.843513, 49.316138 ], [ -94.843475, 49.31979 ] ] ], [ [ [ -94.848139, 48.504187 ], [ -94.831739, 48.50424 ], [ -94.831714, 48.500605 ], [ -94.848123, 48.500536 ], [ -94.848139, 48.504187 ] ] ], [ [ [ -94.849497, 48.230565 ], [ -94.838555, 48.230619 ], [ -94.838494, 48.21631 ], [ -94.849347, 48.216176 ], [ -94.849497, 48.230565 ] ] ], [ [ [ -94.849487, 49.178011 ], [ -94.844112, 49.178344 ], [ -94.844102, 49.175386 ], [ -94.849583, 49.175357 ], [ -94.849487, 49.178011 ] ] ], [ [ [ -94.852515, 48.406343 ], [ -94.830742, 48.406422 ], [ -94.830717, 48.402848 ], [ -94.825236, 48.402869 ], [ -94.825219, 48.399293 ], [ -94.847106, 48.399233 ], [ -94.847067, 48.40281 ], [ -94.852492, 48.403533 ], [ -94.852515, 48.406343 ] ] ], [ [ [ -94.853594, 48.511514 ], [ -94.842763, 48.511516 ], [ -94.842721, 48.507874 ], [ -94.853589, 48.507839 ], [ -94.853594, 48.511514 ] ] ], [ [ [ -94.853981, 48.562003 ], [ -94.843258, 48.562047 ], [ -94.843298, 48.554736 ], [ -94.854076, 48.554667 ], [ -94.853981, 48.562003 ] ] ], [ [ [ -94.857893, 48.373958 ], [ -94.852468, 48.373992 ], [ -94.852462, 48.370386 ], [ -94.857878, 48.370353 ], [ -94.857893, 48.373958 ] ] ], [ [ [ -94.860017, 48.201585 ], [ -94.83831, 48.201818 ], [ -94.838219, 48.194571 ], [ -94.859904, 48.194358 ], [ -94.860017, 48.201585 ] ] ], [ [ [ -94.860319, 48.252152 ], [ -94.8385, 48.252159 ], [ -94.838517, 48.244911 ], [ -94.860454, 48.244941 ], [ -94.860319, 48.252152 ] ] ], [ [ [ -94.861047, 48.851479 ], [ -94.855515, 48.851498 ], [ -94.855574, 48.847856 ], [ -94.861067, 48.847844 ], [ -94.861047, 48.851479 ] ] ], [ [ [ -94.86516, 48.666957 ], [ -94.854162, 48.666922 ], [ -94.85413, 48.663314 ], [ -94.865098, 48.663324 ], [ -94.86516, 48.666957 ] ] ], [ [ [ -94.865809, 49.308987 ], [ -94.854638, 49.312554 ], [ -94.854661, 49.308937 ], [ -94.838053, 49.30886 ], [ -94.838069, 49.30526 ], [ -94.860261, 49.305312 ], [ -94.860301, 49.301677 ], [ -94.865869, 49.301677 ], [ -94.865809, 49.308987 ] ] ], [ [ [ -94.87396, 48.402798 ], [ -94.868617, 48.402769 ], [ -94.868556, 48.395638 ], [ -94.873935, 48.395665 ], [ -94.87396, 48.402798 ] ] ], [ [ [ -94.875872, 48.569269 ], [ -94.870346, 48.569304 ], [ -94.870405, 48.565593 ], [ -94.875811, 48.565594 ], [ -94.875872, 48.569269 ] ] ], [ [ [ -94.882473, 49.327014 ], [ -94.876932, 49.327005 ], [ -94.876941, 49.323497 ], [ -94.882482, 49.323492 ], [ -94.882473, 49.327014 ] ] ], [ [ [ -94.88802, 49.319886 ], [ -94.882482, 49.319886 ], [ -94.882473, 49.316296 ], [ -94.888009, 49.316304 ], [ -94.88802, 49.319886 ] ] ], [ [ [ -94.890123, 48.409995 ], [ -94.879349, 48.40997 ], [ -94.879354, 48.402827 ], [ -94.890138, 48.406419 ], [ -94.890123, 48.409995 ] ] ], [ [ [ -94.892763, 48.223216 ], [ -94.882033, 48.223205 ], [ -94.881849, 48.215995 ], [ -94.892667, 48.216033 ], [ -94.892763, 48.223216 ] ] ], [ [ [ -94.893498, 48.331859 ], [ -94.882815, 48.331797 ], [ -94.882466, 48.324585 ], [ -94.893261, 48.324628 ], [ -94.893498, 48.331859 ] ] ], [ [ [ -94.896875, 48.482162 ], [ -94.891391, 48.482126 ], [ -94.891391, 48.478569 ], [ -94.896898, 48.478556 ], [ -94.896875, 48.482162 ] ] ], [ [ [ -94.897981, 48.594346 ], [ -94.892455, 48.594381 ], [ -94.89238, 48.587156 ], [ -94.886841, 48.587196 ], [ -94.886802, 48.583524 ], [ -94.897865, 48.583575 ], [ -94.897981, 48.594346 ] ] ], [ [ [ -94.901113, 48.41716 ], [ -94.895622, 48.417165 ], [ -94.89563, 48.41358 ], [ -94.901129, 48.413575 ], [ -94.901113, 48.41716 ] ] ], [ [ [ -94.901143, 48.406417 ], [ -94.895645, 48.406423 ], [ -94.895651, 48.402848 ], [ -94.901132, 48.402847 ], [ -94.901143, 48.406417 ] ] ], [ [ [ -94.906644, 48.40997 ], [ -94.901146, 48.409975 ], [ -94.901143, 48.406417 ], [ -94.906632, 48.406407 ], [ -94.906644, 48.40997 ] ] ], [ [ [ -94.91331, 48.482073 ], [ -94.907546, 48.482031 ], [ -94.907667, 48.47846 ], [ -94.913325, 48.478547 ], [ -94.91331, 48.482073 ] ] ], [ [ [ -94.91421, 48.652425 ], [ -94.90878, 48.652443 ], [ -94.908746, 48.648751 ], [ -94.914191, 48.648723 ], [ -94.91421, 48.652425 ] ] ], [ [ [ -94.914221, 48.637751 ], [ -94.908765, 48.637766 ], [ -94.908795, 48.634162 ], [ -94.914289, 48.634149 ], [ -94.914221, 48.637751 ] ] ], [ [ [ -94.914495, 48.605115 ], [ -94.903453, 48.608826 ], [ -94.903529, 48.601568 ], [ -94.897995, 48.601572 ], [ -94.897981, 48.594346 ], [ -94.909091, 48.594354 ], [ -94.909049, 48.601535 ], [ -94.9145, 48.601498 ], [ -94.914495, 48.605115 ] ] ], [ [ [ -94.917558, 48.406469 ], [ -94.912104, 48.406433 ], [ -94.912078, 48.402876 ], [ -94.917517, 48.402888 ], [ -94.917558, 48.406469 ] ] ], [ [ [ -94.917591, 48.410919 ], [ -94.917577, 48.41363 ], [ -94.912107, 48.413592 ], [ -94.912131, 48.41 ], [ -94.917591, 48.410919 ] ] ], [ [ [ -94.919806, 48.692085 ], [ -94.914332, 48.692135 ], [ -94.914341, 48.688641 ], [ -94.919812, 48.688425 ], [ -94.919806, 48.692085 ] ] ], [ [ [ -94.919824, 48.612395 ], [ -94.91438, 48.612409 ], [ -94.91442, 48.608762 ], [ -94.919873, 48.608743 ], [ -94.919824, 48.612395 ] ] ], [ [ [ -94.923067, 48.431695 ], [ -94.912163, 48.431656 ], [ -94.91204, 48.424462 ], [ -94.923002, 48.424515 ], [ -94.923067, 48.431695 ] ] ], [ [ [ -94.925389, 48.62694 ], [ -94.914433, 48.626958 ], [ -94.914422, 48.623371 ], [ -94.908995, 48.623407 ], [ -94.908975, 48.619738 ], [ -94.919836, 48.619691 ], [ -94.91981, 48.623331 ], [ -94.925359, 48.623293 ], [ -94.925389, 48.62694 ] ] ], [ [ [ -94.928802, 48.532838 ], [ -94.923624, 48.532845 ], [ -94.923031, 48.54005 ], [ -94.9081, 48.540016 ], [ -94.908184, 48.543675 ], [ -94.902732, 48.543651 ], [ -94.902848, 48.550875 ], [ -94.918998, 48.550869 ], [ -94.919268, 48.554458 ], [ -94.913842, 48.554505 ], [ -94.913926, 48.558093 ], [ -94.903061, 48.558188 ], [ -94.903191, 48.561805 ], [ -94.908599, 48.561747 ], [ -94.908691, 48.565388 ], [ -94.914096, 48.565367 ], [ -94.914181, 48.568996 ], [ -94.897821, 48.569109 ], [ -94.897718, 48.565483 ], [ -94.892218, 48.565515 ], [ -94.892328, 48.569184 ], [ -94.886787, 48.569196 ], [ -94.886618, 48.561857 ], [ -94.892012, 48.561861 ], [ -94.892004, 48.55826 ], [ -94.881001, 48.55462 ], [ -94.881177, 48.561912 ], [ -94.870326, 48.561973 ], [ -94.870246, 48.547472 ], [ -94.8594, 48.547568 ], [ -94.859303, 48.543994 ], [ -94.853874, 48.54401 ], [ -94.853826, 48.540437 ], [ -94.799752, 48.540394 ], [ -94.799525, 48.518708 ], [ -94.783033, 48.518776 ], [ -94.782982, 48.515158 ], [ -94.793876, 48.511542 ], [ -94.793982, 48.515195 ], [ -94.810265, 48.51517 ], [ -94.810278, 48.518787 ], [ -94.820868, 48.51878 ], [ -94.820868, 48.515177 ], [ -94.837256, 48.515136 ], [ -94.837243, 48.518782 ], [ -94.842704, 48.51877 ], [ -94.842686, 48.522403 ], [ -94.858979, 48.522429 ], [ -94.858975, 48.526119 ], [ -94.837217, 48.526019 ], [ -94.837268, 48.529643 ], [ -94.853565, 48.52971 ], [ -94.853763, 48.536913 ], [ -94.87006, 48.53677 ], [ -94.870265, 48.543873 ], [ -94.875671, 48.543811 ], [ -94.87564, 48.540186 ], [ -94.880804, 48.540198 ], [ -94.880772, 48.536595 ], [ -94.891739, 48.53651 ], [ -94.89172, 48.532805 ], [ -94.886242, 48.532905 ], [ -94.886259, 48.529288 ], [ -94.897175, 48.529281 ], [ -94.897112, 48.532825 ], [ -94.913283, 48.53286 ], [ -94.913372, 48.529272 ], [ -94.929201, 48.52924 ], [ -94.928802, 48.532838 ] ], [ [ -94.89734, 48.547298 ], [ -94.891856, 48.54731 ], [ -94.891889, 48.554564 ], [ -94.897485, 48.554561 ], [ -94.89734, 48.547298 ] ], [ [ -94.891832, 48.540064 ], [ -94.886408, 48.540088 ], [ -94.886403, 48.543705 ], [ -94.89184, 48.543694 ], [ -94.891832, 48.540064 ] ], [ [ -94.831773, 48.522394 ], [ -94.82086, 48.522397 ], [ -94.820861, 48.526001 ], [ -94.831774, 48.526016 ], [ -94.831773, 48.522394 ] ] ], [ [ [ -94.934078, 48.435314 ], [ -94.928521, 48.435326 ], [ -94.928515, 48.431711 ], [ -94.934064, 48.431695 ], [ -94.934078, 48.435314 ] ] ], [ [ [ -94.939345, 48.402914 ], [ -94.922974, 48.40291 ], [ -94.922918, 48.399344 ], [ -94.939259, 48.399384 ], [ -94.939345, 48.402914 ] ] ], [ [ [ -94.940584, 48.456878 ], [ -94.929724, 48.456873 ], [ -94.92969, 48.464113 ], [ -94.918795, 48.464156 ], [ -94.918811, 48.467791 ], [ -94.913374, 48.467767 ], [ -94.913284, 48.460577 ], [ -94.880516, 48.460528 ], [ -94.880554, 48.46413 ], [ -94.869679, 48.464105 ], [ -94.869736, 48.467707 ], [ -94.858866, 48.467721 ], [ -94.85886, 48.471329 ], [ -94.853419, 48.471343 ], [ -94.853423, 48.467746 ], [ -94.842511, 48.467796 ], [ -94.84252, 48.471392 ], [ -94.837232, 48.471401 ], [ -94.837209, 48.478736 ], [ -94.799104, 48.475259 ], [ -94.798671, 48.453572 ], [ -94.858646, 48.453285 ], [ -94.858751, 48.460503 ], [ -94.864175, 48.460487 ], [ -94.864113, 48.456881 ], [ -94.869487, 48.4569 ], [ -94.869517, 48.453293 ], [ -94.940524, 48.453218 ], [ -94.940584, 48.456878 ] ] ], [ [ [ -94.941379, 48.647772 ], [ -94.930634, 48.648674 ], [ -94.930748, 48.641278 ], [ -94.941382, 48.641238 ], [ -94.941379, 48.647772 ] ] ], [ [ [ -94.941502, 48.576015 ], [ -94.930566, 48.576061 ], [ -94.930255, 48.561635 ], [ -94.941227, 48.561568 ], [ -94.941502, 48.576015 ] ] ], [ [ [ -94.945831, 48.474997 ], [ -94.940422, 48.474981 ], [ -94.940454, 48.467718 ], [ -94.945851, 48.467758 ], [ -94.945831, 48.474997 ] ] ], [ [ [ -94.947111, 48.60507 ], [ -94.936232, 48.605066 ], [ -94.936147, 48.612388 ], [ -94.925291, 48.612358 ], [ -94.925355, 48.605084 ], [ -94.930806, 48.605087 ], [ -94.930841, 48.601396 ], [ -94.947162, 48.6014 ], [ -94.947111, 48.60507 ] ] ], [ [ [ -94.950601, 48.43887 ], [ -94.945179, 48.438894 ], [ -94.945175, 48.435282 ], [ -94.950734, 48.435264 ], [ -94.950601, 48.43887 ] ] ], [ [ [ -94.952418, 48.547002 ], [ -94.940474, 48.547076 ], [ -94.940161, 48.532816 ], [ -94.951258, 48.532703 ], [ -94.951253, 48.536312 ], [ -94.946134, 48.536472 ], [ -94.946075, 48.53974 ], [ -94.952204, 48.540051 ], [ -94.952418, 48.547002 ] ] ], [ [ [ -94.952384, 48.619631 ], [ -94.941628, 48.615985 ], [ -94.941588, 48.61237 ], [ -94.952492, 48.612437 ], [ -94.952384, 48.619631 ] ] ], [ [ [ -94.956054, 48.420597 ], [ -94.950185, 48.420581 ], [ -94.950193, 48.416968 ], [ -94.956043, 48.416982 ], [ -94.956054, 48.420597 ] ] ], [ [ [ -94.956751, 48.471371 ], [ -94.951301, 48.471402 ], [ -94.951306, 48.467815 ], [ -94.956831, 48.467776 ], [ -94.956751, 48.471371 ] ] ], [ [ [ -94.959759, 49.309114 ], [ -94.948651, 49.309122 ], [ -94.948689, 49.305451 ], [ -94.959801, 49.305452 ], [ -94.959759, 49.309114 ] ] ], [ [ [ -94.972165, 48.438918 ], [ -94.961449, 48.438785 ], [ -94.961462, 48.431523 ], [ -94.972207, 48.431609 ], [ -94.972165, 48.438918 ] ] ], [ [ [ -94.972934, 48.536232 ], [ -94.9621, 48.539808 ], [ -94.962124, 48.53259 ], [ -94.956641, 48.532598 ], [ -94.956687, 48.529047 ], [ -94.967514, 48.529071 ], [ -94.967502, 48.532623 ], [ -94.972979, 48.532626 ], [ -94.972934, 48.536232 ] ] ], [ [ [ -94.973307, 48.474921 ], [ -94.967784, 48.474943 ], [ -94.967775, 48.471332 ], [ -94.973292, 48.471304 ], [ -94.973307, 48.474921 ] ] ], [ [ [ -94.976311, 49.298052 ], [ -94.965327, 49.301768 ], [ -94.965343, 49.298089 ], [ -94.959859, 49.298108 ], [ -94.959901, 49.294448 ], [ -94.976331, 49.294362 ], [ -94.976311, 49.298052 ] ] ], [ [ [ -94.978582, 48.50006 ], [ -94.973196, 48.500046 ], [ -94.97316, 48.503628 ], [ -94.97852, 48.503636 ], [ -94.978483, 48.507274 ], [ -94.962306, 48.507248 ], [ -94.962264, 48.51459 ], [ -94.956784, 48.514619 ], [ -94.956802, 48.510982 ], [ -94.94612, 48.510968 ], [ -94.946032, 48.521944 ], [ -94.935072, 48.522012 ], [ -94.935095, 48.518333 ], [ -94.929598, 48.518349 ], [ -94.929588, 48.511248 ], [ -94.924172, 48.511223 ], [ -94.924196, 48.518415 ], [ -94.913473, 48.514729 ], [ -94.913443, 48.522035 ], [ -94.908055, 48.522025 ], [ -94.908015, 48.518411 ], [ -94.902552, 48.518421 ], [ -94.902504, 48.511139 ], [ -94.913359, 48.511147 ], [ -94.913371, 48.503815 ], [ -94.907911, 48.503797 ], [ -94.907908, 48.507546 ], [ -94.886107, 48.507527 ], [ -94.886139, 48.518436 ], [ -94.880711, 48.518537 ], [ -94.880693, 48.50389 ], [ -94.869871, 48.50403 ], [ -94.869855, 48.511426 ], [ -94.859017, 48.511512 ], [ -94.859023, 48.507823 ], [ -94.864457, 48.507807 ], [ -94.86449, 48.500398 ], [ -94.875277, 48.500267 ], [ -94.875234, 48.493034 ], [ -94.869813, 48.493017 ], [ -94.869793, 48.489398 ], [ -94.880608, 48.489398 ], [ -94.880772, 48.496523 ], [ -94.891552, 48.496466 ], [ -94.891451, 48.489324 ], [ -94.885961, 48.489325 ], [ -94.885911, 48.485766 ], [ -94.896944, 48.485738 ], [ -94.896872, 48.489402 ], [ -94.913334, 48.489363 ], [ -94.91331, 48.482073 ], [ -94.929571, 48.482141 ], [ -94.929629, 48.474948 ], [ -94.93503, 48.474964 ], [ -94.934985, 48.482184 ], [ -94.940398, 48.482197 ], [ -94.940374, 48.485787 ], [ -94.934875, 48.485773 ], [ -94.934813, 48.492956 ], [ -94.940298, 48.492967 ], [ -94.940253, 48.496558 ], [ -94.951236, 48.49658 ], [ -94.951282, 48.492991 ], [ -94.956663, 48.49296 ], [ -94.956722, 48.489374 ], [ -94.962242, 48.489348 ], [ -94.962223, 48.492929 ], [ -94.973265, 48.492866 ], [ -94.97324, 48.496438 ], [ -94.978642, 48.496458 ], [ -94.978582, 48.50006 ] ], [ [ -94.945976, 48.500284 ], [ -94.935186, 48.500224 ], [ -94.934979, 48.50385 ], [ -94.945951, 48.507438 ], [ -94.945976, 48.500284 ] ] ], [ [ [ -94.984097, 48.464069 ], [ -94.967795, 48.464097 ], [ -94.967825, 48.456853 ], [ -94.951396, 48.456881 ], [ -94.95143, 48.453251 ], [ -94.961166, 48.453246 ], [ -94.961312, 48.446047 ], [ -94.972177, 48.446113 ], [ -94.972189, 48.453187 ], [ -94.978737, 48.453243 ], [ -94.978723, 48.456856 ], [ -94.973315, 48.456843 ], [ -94.973302, 48.460462 ], [ -94.984114, 48.460455 ], [ -94.984097, 48.464069 ] ] ], [ [ [ -94.984671, 48.713639 ], [ -94.980254, 48.713671 ], [ -94.980306, 48.720908 ], [ -94.963859, 48.720956 ], [ -94.963859, 48.717341 ], [ -94.974768, 48.717318 ], [ -94.974661, 48.713735 ], [ -94.973963, 48.709924 ], [ -94.963294, 48.710048 ], [ -94.963216, 48.706488 ], [ -94.984811, 48.706384 ], [ -94.984671, 48.713639 ] ] ], [ [ [ -94.985052, 48.670201 ], [ -94.979572, 48.6702 ], [ -94.979549, 48.666616 ], [ -94.98503, 48.666623 ], [ -94.985052, 48.670201 ] ] ], [ [ [ -94.990469, 48.652329 ], [ -94.984987, 48.65232 ], [ -94.985001, 48.648616 ], [ -94.990481, 48.648623 ], [ -94.990469, 48.652329 ] ] ], [ [ [ -95.001421, 48.663119 ], [ -94.995968, 48.663129 ], [ -94.995953, 48.659572 ], [ -95.001412, 48.659554 ], [ -95.001421, 48.663119 ] ] ], [ [ [ -95.004732, 48.435312 ], [ -94.999265, 48.435338 ], [ -94.999265, 48.431691 ], [ -95.004699, 48.431661 ], [ -95.004732, 48.435312 ] ] ], [ [ [ -95.005566, 48.503684 ], [ -94.994775, 48.503629 ], [ -94.994803, 48.500075 ], [ -94.989396, 48.500069 ], [ -94.989476, 48.492906 ], [ -95.00024, 48.492931 ], [ -95.000239, 48.49654 ], [ -95.005567, 48.496553 ], [ -95.005566, 48.503684 ] ] ], [ [ [ -95.010938, 48.514342 ], [ -95.005518, 48.514441 ], [ -95.005494, 48.51082 ], [ -95.010946, 48.51086 ], [ -95.010938, 48.514342 ] ] ], [ [ [ -95.0123, 48.663096 ], [ -95.006846, 48.663069 ], [ -95.006934, 48.659537 ], [ -95.012363, 48.659519 ], [ -95.0123, 48.663096 ] ] ], [ [ [ -95.012176, 48.681199 ], [ -95.006904, 48.681189 ], [ -95.006921, 48.677581 ], [ -95.01239, 48.677609 ], [ -95.012176, 48.681199 ] ] ], [ [ [ -95.015598, 48.43162 ], [ -95.010157, 48.43164 ], [ -95.010106, 48.428029 ], [ -95.015529, 48.428015 ], [ -95.015598, 48.43162 ] ] ], [ [ [ -95.017431, 48.62319 ], [ -95.001085, 48.623161 ], [ -95.001115, 48.616673 ], [ -95.017428, 48.619575 ], [ -95.017431, 48.62319 ] ] ], [ [ [ -95.017732, 48.637728 ], [ -95.012285, 48.637706 ], [ -95.012283, 48.6341 ], [ -95.017749, 48.634117 ], [ -95.017732, 48.637728 ] ] ], [ [ [ -95.017798, 48.673928 ], [ -95.012307, 48.673906 ], [ -95.012301, 48.670261 ], [ -95.017827, 48.670402 ], [ -95.017798, 48.673928 ] ] ], [ [ [ -95.023216, 48.634112 ], [ -95.017749, 48.634117 ], [ -95.017766, 48.62687 ], [ -95.023251, 48.626888 ], [ -95.023216, 48.634112 ] ] ], [ [ [ -95.026352, 48.398977 ], [ -95.015429, 48.398999 ], [ -95.015432, 48.395463 ], [ -94.99941, 48.395454 ], [ -94.999191, 48.402755 ], [ -94.988169, 48.402763 ], [ -94.988242, 48.399139 ], [ -94.972284, 48.399023 ], [ -94.972284, 48.402511 ], [ -94.966854, 48.402511 ], [ -94.96685, 48.398905 ], [ -94.955981, 48.398898 ], [ -94.955969, 48.395289 ], [ -94.993861, 48.395467 ], [ -94.993867, 48.388213 ], [ -95.015333, 48.388107 ], [ -95.015377, 48.391696 ], [ -95.026337, 48.391635 ], [ -95.026352, 48.398977 ] ] ], [ [ [ -95.026565, 49.18341 ], [ -95.020896, 49.183311 ], [ -95.021, 49.179814 ], [ -95.02657, 49.179793 ], [ -95.026565, 49.18341 ] ] ], [ [ [ -95.028084, 48.353374 ], [ -95.017215, 48.353354 ], [ -95.017171, 48.349755 ], [ -95.01201, 48.34975 ], [ -95.011705, 48.346188 ], [ -95.022545, 48.346151 ], [ -95.022599, 48.349762 ], [ -95.028019, 48.349776 ], [ -95.028084, 48.353374 ] ] ], [ [ [ -95.028456, 48.612332 ], [ -95.017424, 48.612346 ], [ -95.017395, 48.608724 ], [ -95.028425, 48.608729 ], [ -95.028456, 48.612332 ] ] ], [ [ [ -95.02868, 48.663092 ], [ -95.017727, 48.663114 ], [ -95.017712, 48.65592 ], [ -95.028649, 48.652277 ], [ -95.02868, 48.663092 ] ] ], [ [ [ -95.028687, 48.692133 ], [ -95.017772, 48.69211 ], [ -95.01779, 48.684971 ], [ -95.02872, 48.684925 ], [ -95.028687, 48.692133 ] ] ], [ [ [ -95.03176, 49.33802 ], [ -95.026265, 49.338006 ], [ -95.026248, 49.334397 ], [ -95.031744, 49.334404 ], [ -95.03176, 49.33802 ] ] ], [ [ [ -95.037247, 48.387969 ], [ -95.031771, 48.387997 ], [ -95.031715, 48.384396 ], [ -95.020771, 48.384485 ], [ -95.020738, 48.377288 ], [ -95.026188, 48.377252 ], [ -95.026191, 48.380839 ], [ -95.037147, 48.380717 ], [ -95.037247, 48.387969 ] ] ], [ [ [ -95.039704, 48.677625 ], [ -95.034197, 48.67766 ], [ -95.034206, 48.673988 ], [ -95.03969, 48.674014 ], [ -95.039704, 48.677625 ] ] ], [ [ [ -95.044612, 48.364233 ], [ -95.028336, 48.36652 ], [ -95.028227, 48.360637 ], [ -95.033659, 48.360648 ], [ -95.033514, 48.353382 ], [ -95.04437, 48.35332 ], [ -95.044612, 48.364233 ] ] ], [ [ [ -95.045124, 48.637712 ], [ -95.039725, 48.637716 ], [ -95.039651, 48.634119 ], [ -95.045148, 48.63414 ], [ -95.045124, 48.637712 ] ] ], [ [ [ -95.046946, 48.858022 ], [ -95.035867, 48.858098 ], [ -95.035795, 48.850834 ], [ -95.046751, 48.850798 ], [ -95.046946, 48.858022 ] ] ], [ [ [ -95.048082, 48.402351 ], [ -95.037261, 48.402408 ], [ -95.037339, 48.395213 ], [ -95.04822, 48.395196 ], [ -95.048082, 48.402351 ] ] ], [ [ [ -95.050648, 48.695783 ], [ -95.045138, 48.695767 ], [ -95.045142, 48.692171 ], [ -95.050665, 48.692186 ], [ -95.050648, 48.695783 ] ] ], [ [ [ -95.053799, 48.438721 ], [ -95.048398, 48.438721 ], [ -95.048368, 48.435087 ], [ -95.053754, 48.435068 ], [ -95.053799, 48.438721 ] ] ], [ [ [ -95.058793, 48.380778 ], [ -95.053377, 48.380767 ], [ -95.053336, 48.377191 ], [ -95.058764, 48.377207 ], [ -95.058793, 48.380778 ] ] ], [ [ [ -95.05923, 48.442304 ], [ -95.053796, 48.442329 ], [ -95.053799, 48.438721 ], [ -95.059209, 48.438721 ], [ -95.05923, 48.442304 ] ] ], [ [ [ -95.060124, 48.536083 ], [ -95.049085, 48.536147 ], [ -95.049056, 48.539954 ], [ -95.032591, 48.539946 ], [ -95.032638, 48.532562 ], [ -95.060111, 48.532455 ], [ -95.060124, 48.536083 ] ] ], [ [ [ -95.061268, 48.601549 ], [ -95.039407, 48.60514 ], [ -95.039324, 48.594333 ], [ -95.061234, 48.594341 ], [ -95.061268, 48.601549 ] ] ], [ [ [ -95.061743, 48.684947 ], [ -95.056209, 48.684938 ], [ -95.056188, 48.692189 ], [ -95.04595, 48.688324 ], [ -95.050555, 48.685166 ], [ -95.049644, 48.677658 ], [ -95.061826, 48.677686 ], [ -95.061743, 48.684947 ] ] ], [ [ [ -95.066261, 48.360467 ], [ -95.060851, 48.360505 ], [ -95.060885, 48.366402 ], [ -95.055522, 48.366422 ], [ -95.055322, 48.356908 ], [ -95.060747, 48.356862 ], [ -95.060688, 48.353226 ], [ -95.066118, 48.353192 ], [ -95.066261, 48.360467 ] ] ], [ [ [ -95.066757, 48.605186 ], [ -95.061278, 48.605165 ], [ -95.061268, 48.601549 ], [ -95.066751, 48.601569 ], [ -95.066757, 48.605186 ] ] ], [ [ [ -95.072546, 48.699463 ], [ -95.066981, 48.699391 ], [ -95.066974, 48.685049 ], [ -95.07261, 48.684999 ], [ -95.072546, 48.699463 ] ] ], [ [ [ -95.072731, 48.663215 ], [ -95.056201, 48.663201 ], [ -95.056206, 48.656018 ], [ -95.067242, 48.656046 ], [ -95.067268, 48.659562 ], [ -95.072714, 48.659593 ], [ -95.072731, 48.663215 ] ] ], [ [ [ -95.077612, 48.626943 ], [ -95.072088, 48.626976 ], [ -95.072132, 48.623411 ], [ -95.077637, 48.623394 ], [ -95.077612, 48.626943 ] ] ], [ [ [ -95.080414, 48.377179 ], [ -95.080385, 48.384376 ], [ -95.069666, 48.384367 ], [ -95.069589, 48.377192 ], [ -95.080414, 48.377179 ] ] ], [ [ [ -95.080638, 48.416839 ], [ -95.075246, 48.416811 ], [ -95.075224, 48.413233 ], [ -95.064289, 48.413141 ], [ -95.064298, 48.409448 ], [ -95.080144, 48.409484 ], [ -95.080638, 48.416839 ] ] ], [ [ [ -95.080607, 48.536152 ], [ -95.065546, 48.536102 ], [ -95.065604, 48.532483 ], [ -95.060111, 48.532455 ], [ -95.060085, 48.525209 ], [ -95.070969, 48.521735 ], [ -95.070958, 48.528969 ], [ -95.080648, 48.529004 ], [ -95.080607, 48.536152 ] ] ], [ [ [ -95.080896, 48.507454 ], [ -95.076456, 48.507438 ], [ -95.07646, 48.514532 ], [ -95.080785, 48.514571 ], [ -95.080745, 48.518184 ], [ -95.060033, 48.518066 ], [ -95.059962, 48.521599 ], [ -95.054601, 48.521557 ], [ -95.054526, 48.525225 ], [ -95.049096, 48.525221 ], [ -95.049097, 48.521636 ], [ -95.03811, 48.521626 ], [ -95.038122, 48.518067 ], [ -95.032705, 48.518086 ], [ -95.032675, 48.525229 ], [ -95.021834, 48.521694 ], [ -95.021807, 48.528907 ], [ -95.02723, 48.528901 ], [ -95.027135, 48.539942 ], [ -95.017516, 48.539911 ], [ -95.017498, 48.543566 ], [ -95.006616, 48.543483 ], [ -95.00669, 48.539881 ], [ -94.98921, 48.53979 ], [ -94.98918, 48.536178 ], [ -94.978379, 48.536205 ], [ -94.978361, 48.521781 ], [ -94.994563, 48.521685 ], [ -94.994609, 48.518041 ], [ -95.005505, 48.51806 ], [ -95.005479, 48.525301 ], [ -94.98373, 48.525334 ], [ -94.983747, 48.528977 ], [ -94.989136, 48.528992 ], [ -94.989158, 48.532567 ], [ -95.016345, 48.532561 ], [ -95.016441, 48.525253 ], [ -95.01096, 48.525277 ], [ -95.010953, 48.518071 ], [ -95.027261, 48.518059 ], [ -95.027253, 48.510868 ], [ -95.049169, 48.510852 ], [ -95.049205, 48.507277 ], [ -95.054645, 48.507315 ], [ -95.054693, 48.500286 ], [ -95.049231, 48.500279 ], [ -95.049199, 48.503815 ], [ -95.027054, 48.503768 ], [ -95.027321, 48.496617 ], [ -95.038317, 48.496787 ], [ -95.038426, 48.489482 ], [ -95.04378, 48.489473 ], [ -95.043804, 48.485842 ], [ -95.027438, 48.485777 ], [ -95.027463, 48.482152 ], [ -95.016606, 48.482092 ], [ -95.016513, 48.489334 ], [ -94.994912, 48.489312 ], [ -94.994935, 48.485718 ], [ -94.984128, 48.485711 ], [ -94.984156, 48.482134 ], [ -95.005725, 48.482112 ], [ -95.005653, 48.474945 ], [ -95.011109, 48.474918 ], [ -95.011138, 48.471305 ], [ -95.032788, 48.471399 ], [ -95.032872, 48.475068 ], [ -95.038231, 48.475078 ], [ -95.038277, 48.467858 ], [ -95.02212, 48.46776 ], [ -95.022106, 48.464107 ], [ -95.011168, 48.46407 ], [ -95.01114, 48.467711 ], [ -95.000302, 48.467675 ], [ -95.000336, 48.474887 ], [ -94.984118, 48.474912 ], [ -94.98409, 48.47128 ], [ -94.978696, 48.471288 ], [ -94.978679, 48.46768 ], [ -94.994883, 48.467626 ], [ -94.994917, 48.460461 ], [ -94.984114, 48.460455 ], [ -94.984133, 48.456881 ], [ -94.98953, 48.456859 ], [ -94.989558, 48.453255 ], [ -95.000508, 48.456808 ], [ -95.000468, 48.46044 ], [ -95.011336, 48.460416 ], [ -95.0114, 48.456786 ], [ -95.005948, 48.456798 ], [ -95.006022, 48.453177 ], [ -95.038544, 48.453319 ], [ -95.038457, 48.460577 ], [ -95.027569, 48.460493 ], [ -95.027595, 48.464134 ], [ -95.049365, 48.464242 ], [ -95.049361, 48.467868 ], [ -95.076511, 48.467956 ], [ -95.076581, 48.464314 ], [ -95.081077, 48.464326 ], [ -95.080896, 48.507454 ] ], [ [ -95.06561, 48.51093 ], [ -95.060118, 48.510917 ], [ -95.060116, 48.514494 ], [ -95.065526, 48.514519 ], [ -95.06561, 48.51093 ] ], [ [ -95.04378, 48.489473 ], [ -95.043749, 48.493123 ], [ -95.049271, 48.493141 ], [ -95.049265, 48.496754 ], [ -95.060179, 48.496733 ], [ -95.06019, 48.493071 ], [ -95.054734, 48.493102 ], [ -95.054733, 48.489483 ], [ -95.04378, 48.489473 ] ] ], [ [ [ -95.082333, 48.345908 ], [ -95.065968, 48.346027 ], [ -95.065768, 48.331609 ], [ -95.07669, 48.331556 ], [ -95.076782, 48.33882 ], [ -95.082181, 48.338772 ], [ -95.082333, 48.345908 ] ] ], [ [ [ -95.082475, 48.659626 ], [ -95.078111, 48.659628 ], [ -95.078152, 48.656021 ], [ -95.082446, 48.656007 ], [ -95.082475, 48.659626 ] ] ], [ [ [ -95.082562, 48.670414 ], [ -95.072789, 48.670398 ], [ -95.072731, 48.663215 ], [ -95.082435, 48.663217 ], [ -95.082562, 48.670414 ] ] ], [ [ [ -95.083053, 48.623378 ], [ -95.077637, 48.623394 ], [ -95.077683, 48.61606 ], [ -95.083092, 48.616074 ], [ -95.083053, 48.623378 ] ] ], [ [ [ -95.083113, 48.608851 ], [ -95.072225, 48.60881 ], [ -95.072212, 48.597976 ], [ -95.066736, 48.597958 ], [ -95.066727, 48.594371 ], [ -95.072124, 48.594365 ], [ -95.072147, 48.587144 ], [ -95.083035, 48.587145 ], [ -95.083113, 48.608851 ] ] ], [ [ [ -95.088575, 48.612477 ], [ -95.083121, 48.612463 ], [ -95.083113, 48.608851 ], [ -95.088585, 48.608876 ], [ -95.088575, 48.612477 ] ] ], [ [ [ -95.093543, 48.648742 ], [ -95.082522, 48.645042 ], [ -95.082545, 48.641372 ], [ -95.093535, 48.641393 ], [ -95.093543, 48.648742 ] ] ], [ [ [ -95.095623, 48.72032 ], [ -95.089894, 48.720314 ], [ -95.089863, 48.713062 ], [ -95.095427, 48.712999 ], [ -95.095623, 48.72032 ] ] ], [ [ [ -95.102012, 48.373541 ], [ -95.096565, 48.373555 ], [ -95.09643, 48.366234 ], [ -95.101909, 48.366228 ], [ -95.102012, 48.373541 ] ] ], [ [ [ -95.102961, 48.464023 ], [ -95.097486, 48.4641 ], [ -95.097551, 48.460475 ], [ -95.103008, 48.4604 ], [ -95.102961, 48.464023 ] ] ], [ [ [ -95.103733, 49.359847 ], [ -95.098188, 49.359871 ], [ -95.098168, 49.356143 ], [ -95.092841, 49.356129 ], [ -95.092834, 49.352511 ], [ -95.103682, 49.352538 ], [ -95.103733, 49.359847 ] ] ], [ [ [ -95.104605, 48.709993 ], [ -95.093608, 48.710059 ], [ -95.093567, 48.706538 ], [ -95.088072, 48.706571 ], [ -95.088066, 48.703052 ], [ -95.09902, 48.702983 ], [ -95.099063, 48.706505 ], [ -95.104558, 48.706472 ], [ -95.104605, 48.709993 ] ] ], [ [ [ -95.104978, 48.616231 ], [ -95.093973, 48.619731 ], [ -95.093857, 48.626914 ], [ -95.08304, 48.627004 ], [ -95.083053, 48.623378 ], [ -95.088489, 48.623361 ], [ -95.08856, 48.616114 ], [ -95.093987, 48.616162 ], [ -95.093979, 48.612517 ], [ -95.104997, 48.612558 ], [ -95.104978, 48.616231 ] ] ], [ [ [ -95.109188, 48.338618 ], [ -95.103791, 48.338433 ], [ -95.103642, 48.331336 ], [ -95.109053, 48.331331 ], [ -95.109188, 48.338618 ] ] ], [ [ [ -95.115478, 48.68514 ], [ -95.115387, 48.692189 ], [ -95.093513, 48.692229 ], [ -95.093492, 48.699487 ], [ -95.082508, 48.699556 ], [ -95.082475, 48.684969 ], [ -95.115478, 48.68514 ] ] ], [ [ [ -95.115489, 48.663291 ], [ -95.10466, 48.663311 ], [ -95.104679, 48.670487 ], [ -95.09363, 48.670447 ], [ -95.09361, 48.666881 ], [ -95.099145, 48.666936 ], [ -95.099106, 48.659702 ], [ -95.088003, 48.656058 ], [ -95.088013, 48.652382 ], [ -95.110023, 48.652431 ], [ -95.110062, 48.659712 ], [ -95.115475, 48.659706 ], [ -95.115489, 48.663291 ] ] ], [ [ [ -95.115492, 48.677734 ], [ -95.104635, 48.677732 ], [ -95.104679, 48.670487 ], [ -95.115463, 48.670539 ], [ -95.115492, 48.677734 ] ] ], [ [ [ -95.110347, 48.616153 ], [ -95.115724, 48.619768 ], [ -95.110259, 48.61979 ], [ -95.110347, 48.616153 ] ] ], [ [ [ -95.120751, 48.695812 ], [ -95.115347, 48.695812 ], [ -95.115387, 48.692189 ], [ -95.120814, 48.692179 ], [ -95.120751, 48.695812 ] ] ], [ [ [ -95.126057, 48.630462 ], [ -95.120652, 48.630495 ], [ -95.120746, 48.637722 ], [ -95.115327, 48.63775 ], [ -95.115274, 48.634124 ], [ -95.104442, 48.633719 ], [ -95.104688, 48.62704 ], [ -95.126018, 48.626874 ], [ -95.126057, 48.630462 ] ] ], [ [ [ -95.128824, 49.157046 ], [ -95.12561, 49.160686 ], [ -95.120271, 49.160753 ], [ -95.120284, 49.157163 ], [ -95.128824, 49.157046 ] ] ], [ [ [ -95.12951, 48.237534 ], [ -95.11864, 48.241091 ], [ -95.118604, 48.230319 ], [ -95.12941, 48.230281 ], [ -95.12951, 48.237534 ] ] ], [ [ [ -95.129907, 48.478395 ], [ -95.124465, 48.478392 ], [ -95.124492, 48.474791 ], [ -95.129933, 48.474789 ], [ -95.129907, 48.478395 ] ] ], [ [ [ -95.131565, 48.366183 ], [ -95.115296, 48.366234 ], [ -95.115154, 48.360218 ], [ -95.10422, 48.360133 ], [ -95.104149, 48.35651 ], [ -95.125841, 48.353043 ], [ -95.126077, 48.363852 ], [ -95.131519, 48.363861 ], [ -95.131565, 48.366183 ] ] ], [ [ [ -95.13163, 48.641294 ], [ -95.126193, 48.641306 ], [ -95.126197, 48.637699 ], [ -95.131596, 48.637693 ], [ -95.13163, 48.641294 ] ] ], [ [ [ -95.137158, 48.663271 ], [ -95.126326, 48.66333 ], [ -95.126283, 48.656057 ], [ -95.131703, 48.656017 ], [ -95.131667, 48.648656 ], [ -95.137097, 48.648632 ], [ -95.137158, 48.663271 ] ] ], [ [ [ -95.140827, 48.287854 ], [ -95.1301, 48.287819 ], [ -95.130077, 48.28063 ], [ -95.14083, 48.280665 ], [ -95.140827, 48.287854 ] ] ], [ [ [ -95.1417, 48.338572 ], [ -95.130887, 48.338559 ], [ -95.131079, 48.345848 ], [ -95.120238, 48.345832 ], [ -95.119899, 48.331312 ], [ -95.141547, 48.331424 ], [ -95.1417, 48.338572 ] ] ], [ [ [ -95.142892, 48.616065 ], [ -95.142814, 48.626869 ], [ -95.131843, 48.623961 ], [ -95.131967, 48.619718 ], [ -95.137421, 48.619721 ], [ -95.137467, 48.616047 ], [ -95.142892, 48.616065 ] ] ], [ [ [ -95.144397, 49.185077 ], [ -95.142863, 49.184826 ], [ -95.144214, 49.181546 ], [ -95.144397, 49.185077 ] ] ], [ [ [ -95.145433, 48.373554 ], [ -95.134533, 48.37359 ], [ -95.134542, 48.366171 ], [ -95.145406, 48.366171 ], [ -95.145433, 48.373554 ] ] ], [ [ [ -95.147721, 48.706436 ], [ -95.136908, 48.706533 ], [ -95.136963, 48.699404 ], [ -95.14802, 48.699336 ], [ -95.147721, 48.706436 ] ] ], [ [ [ -95.15061, 48.44961 ], [ -95.14519, 48.449629 ], [ -95.145214, 48.446004 ], [ -95.150631, 48.445978 ], [ -95.15061, 48.44961 ] ] ], [ [ [ -95.15318, 48.363758 ], [ -95.147775, 48.363797 ], [ -95.147672, 48.356628 ], [ -95.153082, 48.356609 ], [ -95.15318, 48.363758 ] ] ], [ [ [ -95.1533184026149, 49.180530074363197 ], [ -95.144701, 49.18051 ], [ -95.144343, 49.178186 ], [ -95.153323633573905, 49.178110079185601 ], [ -95.1533184026149, 49.180530074363197 ] ] ], [ [ [ -95.153323533185798, 49.193108942542899 ], [ -95.153353341575794, 49.345253774860502 ], [ -95.14231, 49.345187 ], [ -95.142404, 49.356043 ], [ -95.125846, 49.356109 ], [ -95.126968, 49.350436 ], [ -95.136888, 49.348758 ], [ -95.13688, 49.34515 ], [ -95.131328, 49.3452 ], [ -95.131312, 49.341592 ], [ -95.136819, 49.341544 ], [ -95.136835, 49.33796 ], [ -95.12573, 49.338017 ], [ -95.125776, 49.345241 ], [ -95.103631, 49.345293 ], [ -95.103656, 49.348914 ], [ -95.076151, 49.34884 ], [ -95.076109, 49.341581 ], [ -95.087129, 49.341594 ], [ -95.087108, 49.33796 ], [ -95.076088, 49.337951 ], [ -95.076046, 49.330747 ], [ -95.064956, 49.330761 ], [ -95.064979, 49.334368 ], [ -95.059362, 49.334388 ], [ -95.05944, 49.341621 ], [ -95.037331, 49.338041 ], [ -95.037225, 49.319943 ], [ -95.026188, 49.319927 ], [ -95.026207, 49.327235 ], [ -95.015067, 49.327244 ], [ -95.015159, 49.334484 ], [ -95.026265, 49.338006 ], [ -95.026272, 49.341586 ], [ -95.004257, 49.341701 ], [ -95.00437, 49.345291 ], [ -94.976263, 49.348932 ], [ -94.976288, 49.345327 ], [ -94.987435, 49.344828 ], [ -94.987394, 49.330801 ], [ -94.981899, 49.330777 ], [ -94.981858, 49.334361 ], [ -94.970809, 49.334358 ], [ -94.970792, 49.316348 ], [ -94.976303, 49.316338 ], [ -94.976292, 49.31274 ], [ -94.970778, 49.312737 ], [ -94.9708, 49.305454 ], [ -94.9763, 49.305454 ], [ -94.97629, 49.309152 ], [ -94.987354, 49.312727 ], [ -94.987358, 49.316329 ], [ -94.99841, 49.316296 ], [ -94.998387, 49.319916 ], [ -95.003935, 49.319919 ], [ -95.003974, 49.312634 ], [ -94.992894, 49.312688 ], [ -94.992869, 49.301746 ], [ -94.981805, 49.298033 ], [ -94.98185, 49.287174 ], [ -94.97635, 49.287205 ], [ -94.976341, 49.290785 ], [ -94.970852, 49.290812 ], [ -94.970842, 49.287227 ], [ -94.959842, 49.287288 ], [ -94.959867, 49.290864 ], [ -94.937723, 49.290888 ], [ -94.937745, 49.287351 ], [ -94.932189, 49.287366 ], [ -94.93224, 49.280318 ], [ -94.943274, 49.283788 ], [ -94.943378, 49.273011 ], [ -94.959853, 49.272944 ], [ -94.959878, 49.269335 ], [ -94.954392, 49.26935 ], [ -94.954421, 49.262102 ], [ -94.949571, 49.262116 ], [ -94.949104, 49.233278 ], [ -94.95456, 49.233267 ], [ -94.954562, 49.225967 ], [ -94.960049, 49.225927 ], [ -94.96009, 49.218682 ], [ -94.971028, 49.215123 ], [ -94.971045, 49.207942 ], [ -94.976523, 49.207937 ], [ -94.976547, 49.20433 ], [ -94.987564, 49.20071 ], [ -94.98759, 49.197106 ], [ -94.998551, 49.197075 ], [ -94.998568, 49.193484 ], [ -95.004035, 49.193466 ], [ -95.004034, 49.189848 ], [ -95.048538, 49.189545 ], [ -95.048547, 49.19317 ], [ -95.059524, 49.193167 ], [ -95.059553, 49.189549 ], [ -95.054043, 49.189553 ], [ -95.054051, 49.185929 ], [ -95.076147, 49.185994 ], [ -95.076221, 49.182305 ], [ -95.092531, 49.182487 ], [ -95.092557, 49.178813 ], [ -95.114711, 49.178913 ], [ -95.114714, 49.193317 ], [ -95.120263, 49.19327 ], [ -95.120281, 49.200498 ], [ -95.114753, 49.200537 ], [ -95.11481, 49.207754 ], [ -95.12031, 49.207759 ], [ -95.120244, 49.21861 ], [ -95.131355, 49.214931 ], [ -95.131362, 49.21131 ], [ -95.136898, 49.211288 ], [ -95.136906, 49.196746 ], [ -95.142407, 49.196739 ], [ -95.142414, 49.193095 ], [ -95.153323533185798, 49.193108942542899 ] ], [ [ -95.147894, 49.229244 ], [ -95.136927, 49.229343 ], [ -95.136907, 49.236558 ], [ -95.147897, 49.236525 ], [ -95.147894, 49.229244 ] ], [ [ -95.147869, 49.247485 ], [ -95.136769, 49.247465 ], [ -95.136724, 49.2511 ], [ -95.131164, 49.251086 ], [ -95.131192, 49.247449 ], [ -95.125635, 49.247441 ], [ -95.125672, 49.243846 ], [ -95.114554, 49.24381 ], [ -95.114541, 49.236584 ], [ -95.109029, 49.236623 ], [ -95.109033, 49.251062 ], [ -95.114539, 49.251041 ], [ -95.114468, 49.254637 ], [ -95.142303, 49.25469 ], [ -95.142292, 49.251119 ], [ -95.14786, 49.251138 ], [ -95.147869, 49.247485 ] ], [ [ -95.136773, 49.272757 ], [ -95.125629, 49.272738 ], [ -95.125591, 49.28728 ], [ -95.136786, 49.287302 ], [ -95.136773, 49.272757 ] ], [ [ -95.114616, 49.225863 ], [ -95.103586, 49.229488 ], [ -95.103548, 49.225895 ], [ -95.098091, 49.225913 ], [ -95.098104, 49.222302 ], [ -95.092603, 49.222319 ], [ -95.092585, 49.225918 ], [ -95.070452, 49.225957 ], [ -95.070449, 49.229583 ], [ -95.114557, 49.233007 ], [ -95.114616, 49.225863 ] ], [ [ -95.103445, 49.272784 ], [ -95.092403, 49.272836 ], [ -95.092399, 49.276479 ], [ -95.086834, 49.276504 ], [ -95.08687, 49.280173 ], [ -95.097921, 49.283739 ], [ -95.097917, 49.280106 ], [ -95.103436, 49.280096 ], [ -95.103445, 49.272784 ] ], [ [ -95.075753, 49.287417 ], [ -95.070282, 49.28744 ], [ -95.070289, 49.294621 ], [ -95.075773, 49.294644 ], [ -95.075753, 49.287417 ] ], [ [ -95.070464, 49.247541 ], [ -95.059371, 49.247547 ], [ -95.059321, 49.254751 ], [ -95.070308, 49.254741 ], [ -95.070464, 49.247541 ] ], [ [ -95.070237, 49.200467 ], [ -95.059521, 49.200392 ], [ -95.059503, 49.207651 ], [ -95.070281, 49.207524 ], [ -95.070237, 49.200467 ] ], [ [ -95.064787, 49.283824 ], [ -95.053687, 49.283782 ], [ -95.053683, 49.28733 ], [ -95.048077, 49.287305 ], [ -95.048122, 49.290954 ], [ -95.037147, 49.287375 ], [ -95.037112, 49.294493 ], [ -95.064731, 49.294596 ], [ -95.064787, 49.283824 ] ], [ [ -95.059303, 49.32353 ], [ -95.053827, 49.323544 ], [ -95.05381, 49.316237 ], [ -95.048303, 49.316295 ], [ -95.048206, 49.334441 ], [ -95.059389, 49.33077 ], [ -95.059303, 49.32353 ] ], [ [ -95.014976, 49.287338 ], [ -95.009413, 49.287336 ], [ -95.009444, 49.298115 ], [ -95.015006, 49.298115 ], [ -95.014976, 49.287338 ] ], [ [ -94.998512, 49.236904 ], [ -94.993066, 49.236789 ], [ -94.99304, 49.233249 ], [ -94.987577, 49.233241 ], [ -94.987593, 49.240445 ], [ -94.993058, 49.240467 ], [ -94.993049, 49.244043 ], [ -94.998515, 49.244064 ], [ -94.998512, 49.236904 ] ], [ [ -95.136927, 49.229343 ], [ -95.136943, 49.222136 ], [ -95.125794, 49.222211 ], [ -95.125756, 49.229397 ], [ -95.136927, 49.229343 ] ], [ [ -95.125591, 49.28728 ], [ -95.114434, 49.28726 ], [ -95.114359, 49.294457 ], [ -95.125581, 49.294427 ], [ -95.125591, 49.28728 ] ], [ [ -95.125629, 49.272738 ], [ -95.125643, 49.269061 ], [ -95.120067, 49.269067 ], [ -95.120076, 49.265399 ], [ -95.114489, 49.265417 ], [ -95.114479, 49.276388 ], [ -95.125629, 49.272738 ] ], [ [ -95.092576, 49.233142 ], [ -95.08712, 49.23316 ], [ -95.087031, 49.24754 ], [ -95.09253, 49.247532 ], [ -95.092576, 49.233142 ] ] ], [ [ [ -95.153759, 48.608863 ], [ -95.148328, 48.608811 ], [ -95.148316, 48.605191 ], [ -95.153746, 48.605247 ], [ -95.153759, 48.608863 ] ] ], [ [ [ -95.153851, 48.626993 ], [ -95.148324, 48.626923 ], [ -95.148399, 48.623327 ], [ -95.153751, 48.623378 ], [ -95.153851, 48.626993 ] ] ], [ [ [ -95.156574, 48.251452 ], [ -95.140357, 48.251529 ], [ -95.140308, 48.247996 ], [ -95.151137, 48.247954 ], [ -95.151161, 48.244519 ], [ -95.156633, 48.244342 ], [ -95.156574, 48.251452 ] ] ], [ [ [ -95.158245, 48.345872 ], [ -95.147251, 48.342238 ], [ -95.14713, 48.338571 ], [ -95.158026, 48.338576 ], [ -95.158245, 48.345872 ] ] ], [ [ [ -95.163061, 48.316855 ], [ -95.152172, 48.316874 ], [ -95.152045, 48.309571 ], [ -95.162922, 48.309547 ], [ -95.163061, 48.316855 ] ] ], [ [ [ -95.16334, 48.331434 ], [ -95.152443, 48.331432 ], [ -95.152301, 48.324182 ], [ -95.163199, 48.324154 ], [ -95.16334, 48.331434 ] ] ], [ [ [ -95.164555, 48.565452 ], [ -95.159116, 48.56546 ], [ -95.159105, 48.561857 ], [ -95.164535, 48.561835 ], [ -95.164555, 48.565452 ] ] ], [ [ [ -95.167086, 48.438773 ], [ -95.15607, 48.438557 ], [ -95.156006, 48.431193 ], [ -95.16699, 48.431191 ], [ -95.167086, 48.438773 ] ] ], [ [ [ -95.169741, 48.712904 ], [ -95.158757, 48.709975 ], [ -95.15876, 48.706427 ], [ -95.169735, 48.706414 ], [ -95.169741, 48.712904 ] ] ], [ [ [ -95.170078, 48.605428 ], [ -95.159125, 48.605329 ], [ -95.159193, 48.601633 ], [ -95.17016, 48.601636 ], [ -95.170078, 48.605428 ] ] ], [ [ [ -95.172502, 48.222874 ], [ -95.161503, 48.222883 ], [ -95.161636, 48.215723 ], [ -95.172504, 48.215665 ], [ -95.172502, 48.222874 ] ] ], [ [ [ -95.17312, 47.767543 ], [ -95.167721, 47.767505 ], [ -95.167759, 47.763882 ], [ -95.173179, 47.763913 ], [ -95.17312, 47.767543 ] ] ], [ [ [ -95.181041, 48.587301 ], [ -95.175528, 48.58732 ], [ -95.17552, 48.583587 ], [ -95.181028, 48.583577 ], [ -95.181041, 48.587301 ] ] ], [ [ [ -95.181053, 48.619606 ], [ -95.175588, 48.61965 ], [ -95.1756, 48.616113 ], [ -95.181087, 48.616161 ], [ -95.181053, 48.619606 ] ] ], [ [ [ -95.183515, 48.43145 ], [ -95.172474, 48.431448 ], [ -95.172434, 48.424259 ], [ -95.183483, 48.424217 ], [ -95.183515, 48.43145 ] ] ], [ [ [ -95.184505, 48.294896 ], [ -95.173463, 48.294939 ], [ -95.173443, 48.287786 ], [ -95.184475, 48.287725 ], [ -95.184505, 48.294896 ] ] ], [ [ [ -95.191689, 48.648527 ], [ -95.186247, 48.648529 ], [ -95.186212, 48.655824 ], [ -95.180766, 48.65585 ], [ -95.180806, 48.659442 ], [ -95.158991, 48.655891 ], [ -95.158988, 48.666778 ], [ -95.148084, 48.666848 ], [ -95.148047, 48.648583 ], [ -95.158927, 48.648587 ], [ -95.158921, 48.652232 ], [ -95.180819, 48.652204 ], [ -95.180805, 48.648576 ], [ -95.16993, 48.648596 ], [ -95.169949, 48.644956 ], [ -95.164441, 48.644949 ], [ -95.164466, 48.641317 ], [ -95.191681, 48.64126 ], [ -95.191689, 48.648527 ] ] ], [ [ [ -95.191602, 48.699266 ], [ -95.180684, 48.699209 ], [ -95.180833, 48.692044 ], [ -95.191804, 48.692051 ], [ -95.191602, 48.699266 ] ] ], [ [ [ -95.195636, 48.323636 ], [ -95.179425, 48.323725 ], [ -95.179371, 48.320272 ], [ -95.173922, 48.320352 ], [ -95.173852, 48.313066 ], [ -95.184633, 48.309298 ], [ -95.184733, 48.316553 ], [ -95.195539, 48.316491 ], [ -95.195636, 48.323636 ] ] ], [ [ [ -95.197431, 48.68483 ], [ -95.191991, 48.684818 ], [ -95.191895, 48.677518 ], [ -95.197381, 48.677518 ], [ -95.197431, 48.68483 ] ] ], [ [ [ -95.197645, 48.587245 ], [ -95.192057, 48.587218 ], [ -95.192038, 48.583576 ], [ -95.197623, 48.583576 ], [ -95.197645, 48.587245 ] ] ], [ [ [ -95.200412, 48.507064 ], [ -95.195002, 48.507055 ], [ -95.195106, 48.503463 ], [ -95.200529, 48.503441 ], [ -95.200412, 48.507064 ] ] ], [ [ [ -95.202976, 48.550944 ], [ -95.191837, 48.550898 ], [ -95.192, 48.543592 ], [ -95.20289, 48.543687 ], [ -95.202976, 48.550944 ] ] ], [ [ [ -95.204989, 48.211939 ], [ -95.19431, 48.211995 ], [ -95.194315, 48.208392 ], [ -95.204941, 48.208311 ], [ -95.204989, 48.211939 ] ] ], [ [ [ -95.208429, 48.692047 ], [ -95.202752, 48.692073 ], [ -95.202689, 48.688441 ], [ -95.208523, 48.688463 ], [ -95.208429, 48.692047 ] ] ], [ [ [ -95.208789, 48.579901 ], [ -95.197628, 48.579923 ], [ -95.197641, 48.576283 ], [ -95.208783, 48.576263 ], [ -95.208789, 48.579901 ] ] ], [ [ [ -95.211188, 48.713033 ], [ -95.20819, 48.713027 ], [ -95.208162, 48.709954 ], [ -95.202784, 48.709954 ], [ -95.202752, 48.713017 ], [ -95.191781, 48.712997 ], [ -95.191791, 48.706394 ], [ -95.202697, 48.706387 ], [ -95.202654, 48.699292 ], [ -95.208157, 48.699297 ], [ -95.211188, 48.713033 ] ] ], [ [ [ -95.21133, 48.442346 ], [ -95.200046, 48.442287 ], [ -95.200124, 48.435105 ], [ -95.211476, 48.435091 ], [ -95.21133, 48.442346 ] ] ], [ [ [ -95.211576, 48.681174 ], [ -95.202873, 48.681176 ], [ -95.202839, 48.677508 ], [ -95.211471, 48.677497 ], [ -95.211576, 48.681174 ] ] ], [ [ [ -95.21695, 48.688445 ], [ -95.211496, 48.688441 ], [ -95.211571, 48.68485 ], [ -95.217022, 48.684854 ], [ -95.21695, 48.688445 ] ] ], [ [ [ -95.221522, 48.455712 ], [ -95.211139, 48.455774 ], [ -95.211149, 48.460057 ], [ -95.206225, 48.460042 ], [ -95.206395, 48.452844 ], [ -95.221574, 48.452121 ], [ -95.221522, 48.455712 ] ] ], [ [ [ -95.227283, 48.363917 ], [ -95.206695, 48.365989 ], [ -95.206695, 48.363979 ], [ -95.227283, 48.363917 ] ] ], [ [ [ -95.228115, 48.648865 ], [ -95.222595, 48.648854 ], [ -95.222736, 48.662944 ], [ -95.211671, 48.662964 ], [ -95.211591, 48.670131 ], [ -95.197284, 48.670147 ], [ -95.197324, 48.67385 ], [ -95.191861, 48.673876 ], [ -95.191895, 48.677518 ], [ -95.186435, 48.677526 ], [ -95.186408, 48.68117 ], [ -95.175539, 48.681168 ], [ -95.17557, 48.684795 ], [ -95.169972, 48.684793 ], [ -95.169978, 48.677555 ], [ -95.181009, 48.677543 ], [ -95.180986, 48.670295 ], [ -95.169927, 48.670347 ], [ -95.169808, 48.663131 ], [ -95.202641, 48.663048 ], [ -95.202687, 48.659401 ], [ -95.191703, 48.655855 ], [ -95.191689, 48.648527 ], [ -95.196994, 48.648552 ], [ -95.197128, 48.641281 ], [ -95.217147, 48.641322 ], [ -95.217204, 48.644947 ], [ -95.228138, 48.644914 ], [ -95.228115, 48.648865 ] ], [ [ -95.191861, 48.673876 ], [ -95.191809, 48.670213 ], [ -95.186363, 48.670238 ], [ -95.186399, 48.673882 ], [ -95.191861, 48.673876 ] ] ], [ [ [ -95.228459, 48.550833 ], [ -95.212169, 48.550886 ], [ -95.212198, 48.547184 ], [ -95.217458, 48.547165 ], [ -95.217544, 48.543591 ], [ -95.228609, 48.543557 ], [ -95.228459, 48.550833 ] ] ], [ [ [ -95.231913, 48.513436 ], [ -95.226434, 48.513458 ], [ -95.226395, 48.509854 ], [ -95.231874, 48.509829 ], [ -95.231913, 48.513436 ] ] ], [ [ [ -95.233182, 48.706336 ], [ -95.211226, 48.706369 ], [ -95.211422, 48.692031 ], [ -95.222323, 48.692042 ], [ -95.22218, 48.699222 ], [ -95.233104, 48.699238 ], [ -95.233182, 48.706336 ] ] ], [ [ [ -95.23895, 48.6521 ], [ -95.233469, 48.652087 ], [ -95.233471, 48.644902 ], [ -95.238929, 48.644882 ], [ -95.23895, 48.6521 ] ] ], [ [ [ -95.244103, 48.71296 ], [ -95.23322, 48.709888 ], [ -95.233182, 48.706336 ], [ -95.244108, 48.706406 ], [ -95.244103, 48.71296 ] ] ], [ [ [ -95.244231, 48.692023 ], [ -95.222323, 48.692042 ], [ -95.222475, 48.684857 ], [ -95.244198, 48.684912 ], [ -95.244231, 48.692023 ] ] ], [ [ [ -95.24446, 48.66294 ], [ -95.238959, 48.662929 ], [ -95.238961, 48.655718 ], [ -95.244436, 48.655746 ], [ -95.24446, 48.66294 ] ] ], [ [ [ -95.244417, 48.677461 ], [ -95.233469, 48.67751 ], [ -95.233558, 48.670158 ], [ -95.244492, 48.670174 ], [ -95.244417, 48.677461 ] ] ], [ [ [ -95.249896, 48.652125 ], [ -95.244415, 48.652112 ], [ -95.244392, 48.648491 ], [ -95.249855, 48.648488 ], [ -95.249896, 48.652125 ] ] ], [ [ [ -95.255226, 48.640984 ], [ -95.244349, 48.641229 ], [ -95.244397, 48.634026 ], [ -95.255152, 48.633976 ], [ -95.255226, 48.640984 ] ] ], [ [ [ -95.255351, 48.583395 ], [ -95.244637, 48.583361 ], [ -95.244573, 48.579704 ], [ -95.255293, 48.579718 ], [ -95.255351, 48.583395 ] ] ], [ [ [ -95.255531, 48.612408 ], [ -95.244682, 48.612386 ], [ -95.244642, 48.608782 ], [ -95.233827, 48.608768 ], [ -95.233756, 48.612374 ], [ -95.217284, 48.612331 ], [ -95.217318, 48.605017 ], [ -95.222838, 48.605109 ], [ -95.222903, 48.601442 ], [ -95.233702, 48.597983 ], [ -95.233813, 48.594317 ], [ -95.228383, 48.594263 ], [ -95.228386, 48.583375 ], [ -95.244637, 48.583361 ], [ -95.244644, 48.587004 ], [ -95.255433, 48.586993 ], [ -95.255388, 48.59065 ], [ -95.244679, 48.59066 ], [ -95.24456, 48.597917 ], [ -95.249972, 48.597967 ], [ -95.250038, 48.605139 ], [ -95.255447, 48.605217 ], [ -95.255531, 48.612408 ] ] ], [ [ [ -95.264434, 48.488214 ], [ -95.259011, 48.488369 ], [ -95.259029, 48.484784 ], [ -95.264432, 48.484815 ], [ -95.264434, 48.488214 ] ] ], [ [ [ -95.271724, 48.605241 ], [ -95.260861, 48.605203 ], [ -95.260847, 48.601587 ], [ -95.271725, 48.60162 ], [ -95.271724, 48.605241 ] ] ], [ [ [ -95.27676, 48.712967 ], [ -95.271335, 48.712975 ], [ -95.271356, 48.706515 ], [ -95.27678, 48.706491 ], [ -95.27676, 48.712967 ] ] ], [ [ [ -95.286374, 48.510075 ], [ -95.275283, 48.510029 ], [ -95.275297, 48.513624 ], [ -95.253589, 48.51715 ], [ -95.253601, 48.509937 ], [ -95.275273, 48.506427 ], [ -95.275264, 48.502823 ], [ -95.286239, 48.502857 ], [ -95.286374, 48.510075 ] ] ], [ [ [ -95.286594, 48.539922 ], [ -95.222136, 48.539896 ], [ -95.221816, 48.535207 ], [ -95.205698, 48.536065 ], [ -95.205725, 48.532425 ], [ -95.211788, 48.532469 ], [ -95.211621, 48.524307 ], [ -95.237421, 48.524274 ], [ -95.237391, 48.52067 ], [ -95.242789, 48.520689 ], [ -95.242867, 48.527915 ], [ -95.253613, 48.527929 ], [ -95.25364, 48.531535 ], [ -95.270032, 48.531623 ], [ -95.270097, 48.535242 ], [ -95.286477, 48.535369 ], [ -95.286594, 48.539922 ] ] ], [ [ [ -95.287914, 48.692061 ], [ -95.282368, 48.692046 ], [ -95.282378, 48.684709 ], [ -95.287942, 48.68472 ], [ -95.287914, 48.692061 ] ] ], [ [ [ -95.299073, 48.68474 ], [ -95.287942, 48.68472 ], [ -95.288036, 48.677549 ], [ -95.299125, 48.677506 ], [ -95.299073, 48.68474 ] ] ], [ [ [ -95.299169, 48.670324 ], [ -95.288074, 48.670273 ], [ -95.288103, 48.663123 ], [ -95.299143, 48.663181 ], [ -95.299169, 48.670324 ] ] ], [ [ [ -95.299177, 48.64133 ], [ -95.288984, 48.641375 ], [ -95.288062, 48.633948 ], [ -95.277058, 48.633942 ], [ -95.277111, 48.626925 ], [ -95.298849, 48.627125 ], [ -95.299177, 48.64133 ] ] ], [ [ [ -95.302629, 48.528111 ], [ -95.297159, 48.528163 ], [ -95.297152, 48.520912 ], [ -95.302318, 48.520893 ], [ -95.302629, 48.528111 ] ] ], [ [ [ -95.307714, 48.484988 ], [ -95.298503, 48.48151 ], [ -95.296972, 48.474134 ], [ -95.307822, 48.47409 ], [ -95.307714, 48.484988 ] ] ], [ [ [ -95.310009, 48.663207 ], [ -95.299143, 48.663181 ], [ -95.299152, 48.648693 ], [ -95.309993, 48.648714 ], [ -95.310009, 48.663207 ] ] ], [ [ [ -95.313473, 48.459568 ], [ -95.30804, 48.459569 ], [ -95.307944, 48.466791 ], [ -95.297329, 48.466806 ], [ -95.297159, 48.459536 ], [ -95.302592, 48.459537 ], [ -95.302691, 48.452278 ], [ -95.313573, 48.452264 ], [ -95.313473, 48.459568 ] ] ], [ [ [ -95.340483, 48.4885 ], [ -95.329497, 48.488639 ], [ -95.329512, 48.481461 ], [ -95.340539, 48.481519 ], [ -95.340483, 48.4885 ] ] ], [ [ [ -95.353366, 48.608955 ], [ -95.342511, 48.608968 ], [ -95.342533, 48.605276 ], [ -95.353398, 48.605283 ], [ -95.353366, 48.608955 ] ] ], [ [ [ -95.358831, 48.565454 ], [ -95.353384, 48.565257 ], [ -95.3534, 48.561859 ], [ -95.358839, 48.561832 ], [ -95.358831, 48.565454 ] ] ], [ [ [ -95.364267, 48.576298 ], [ -95.35881, 48.576335 ], [ -95.358809, 48.572697 ], [ -95.353356, 48.572705 ], [ -95.353363, 48.569083 ], [ -95.364283, 48.569062 ], [ -95.364267, 48.576298 ] ] ], [ [ [ -95.364279, 48.677467 ], [ -95.353201, 48.67757 ], [ -95.353259, 48.670438 ], [ -95.35879, 48.670428 ], [ -95.358903, 48.66321 ], [ -95.364443, 48.663201 ], [ -95.364279, 48.677467 ] ] ], [ [ [ -95.36809, 48.528284 ], [ -95.362707, 48.528276 ], [ -95.362658, 48.524858 ], [ -95.368033, 48.524688 ], [ -95.36809, 48.528284 ] ] ], [ [ [ -95.383825, 47.673394 ], [ -95.378535, 47.67338 ], [ -95.378549, 47.670651 ], [ -95.383861, 47.670624 ], [ -95.383825, 47.673394 ] ] ], [ [ [ -95.386172, 48.57637 ], [ -95.375248, 48.576345 ], [ -95.375249, 48.569125 ], [ -95.386171, 48.569202 ], [ -95.386172, 48.57637 ] ] ], [ [ [ -95.397028, 48.569158 ], [ -95.386171, 48.569202 ], [ -95.386187, 48.565526 ], [ -95.397005, 48.565486 ], [ -95.397028, 48.569158 ] ] ], [ [ [ -95.397043, 48.648671 ], [ -95.386152, 48.648608 ], [ -95.38609, 48.655867 ], [ -95.375306, 48.655876 ], [ -95.375355, 48.64867 ], [ -95.364585, 48.6487 ], [ -95.36467, 48.63424 ], [ -95.375468, 48.634246 ], [ -95.375413, 48.641445 ], [ -95.397105, 48.641452 ], [ -95.397043, 48.648671 ] ] ], [ [ [ -95.401093, 48.778086 ], [ -95.395632, 48.778141 ], [ -95.395635, 48.774489 ], [ -95.401109, 48.774428 ], [ -95.401093, 48.778086 ] ] ], [ [ [ -95.402488, 48.710359 ], [ -95.39705, 48.710351 ], [ -95.397049, 48.706729 ], [ -95.402492, 48.706741 ], [ -95.402488, 48.710359 ] ] ], [ [ [ -95.402618, 48.637793 ], [ -95.39711, 48.637768 ], [ -95.397168, 48.630601 ], [ -95.402604, 48.630579 ], [ -95.402618, 48.637793 ] ] ], [ [ [ -95.405771, 48.513766 ], [ -95.400317, 48.513756 ], [ -95.400276, 48.510139 ], [ -95.405731, 48.510125 ], [ -95.405771, 48.513766 ] ] ], [ [ [ -95.407818, 48.670512 ], [ -95.396985, 48.670622 ], [ -95.397015, 48.65588 ], [ -95.407864, 48.655902 ], [ -95.407818, 48.670512 ] ] ], [ [ [ -95.408054, 48.684971 ], [ -95.397155, 48.684943 ], [ -95.397065, 48.677785 ], [ -95.407939, 48.677864 ], [ -95.408054, 48.684971 ] ] ], [ [ [ -95.410914, 48.481718 ], [ -95.394667, 48.481671 ], [ -95.394762, 48.474302 ], [ -95.405642, 48.474345 ], [ -95.405689, 48.466988 ], [ -95.411201, 48.467197 ], [ -95.410914, 48.481718 ] ] ], [ [ [ -95.411388, 48.524767 ], [ -95.405882, 48.524719 ], [ -95.405854, 48.517452 ], [ -95.4112, 48.517449 ], [ -95.411388, 48.524767 ] ] ], [ [ [ -95.411468, 48.24869 ], [ -95.40054, 48.248613 ], [ -95.400624, 48.245166 ], [ -95.411389, 48.244961 ], [ -95.411468, 48.24869 ] ] ], [ [ [ -95.411637, 48.540041 ], [ -95.406165, 48.540035 ], [ -95.406082, 48.535489 ], [ -95.411548, 48.535496 ], [ -95.411637, 48.540041 ] ] ], [ [ [ -95.416612, 48.459818 ], [ -95.405786, 48.459796 ], [ -95.405801, 48.452578 ], [ -95.416629, 48.452584 ], [ -95.416612, 48.459818 ] ] ], [ [ [ -95.422112, 48.510356 ], [ -95.411144, 48.510303 ], [ -95.411117, 48.503118 ], [ -95.422159, 48.503168 ], [ -95.422112, 48.510356 ] ] ], [ [ [ -95.429994, 48.663257 ], [ -95.413373, 48.663302 ], [ -95.41342, 48.655913 ], [ -95.424513, 48.655883 ], [ -95.424485, 48.659577 ], [ -95.430018, 48.659563 ], [ -95.429994, 48.663257 ] ] ], [ [ [ -95.430038, 48.623407 ], [ -95.419075, 48.6234 ], [ -95.419024, 48.61982 ], [ -95.42997, 48.619806 ], [ -95.430038, 48.623407 ] ] ], [ [ [ -95.435194, 48.54711 ], [ -95.429749, 48.547067 ], [ -95.429726, 48.543443 ], [ -95.435164, 48.543512 ], [ -95.435194, 48.54711 ] ] ], [ [ [ -95.435453, 48.670632 ], [ -95.424401, 48.670672 ], [ -95.424562, 48.684904 ], [ -95.419068, 48.684912 ], [ -95.418964, 48.677812 ], [ -95.407939, 48.677864 ], [ -95.407817, 48.670725 ], [ -95.418864, 48.670711 ], [ -95.418887, 48.666983 ], [ -95.435464, 48.666943 ], [ -95.435453, 48.670632 ] ] ], [ [ [ -95.438229, 48.488999 ], [ -95.421763, 48.488933 ], [ -95.421793, 48.49609 ], [ -95.410941, 48.49603 ], [ -95.410927, 48.488874 ], [ -95.416339, 48.488879 ], [ -95.416318, 48.48173 ], [ -95.438231, 48.481831 ], [ -95.438229, 48.488999 ] ] ], [ [ [ -95.440894, 48.61257 ], [ -95.418923, 48.612661 ], [ -95.418904, 48.605297 ], [ -95.440822, 48.605211 ], [ -95.440894, 48.61257 ] ] ], [ [ [ -95.440931, 48.70318 ], [ -95.435478, 48.703197 ], [ -95.435483, 48.699593 ], [ -95.440815, 48.699582 ], [ -95.440931, 48.70318 ] ] ], [ [ [ -95.440955, 48.663238 ], [ -95.435466, 48.663252 ], [ -95.435487, 48.655868 ], [ -95.430051, 48.655857 ], [ -95.43007, 48.652248 ], [ -95.435492, 48.652254 ], [ -95.435505, 48.648651 ], [ -95.440931, 48.648666 ], [ -95.440955, 48.663238 ] ] ], [ [ [ -95.449325, 48.481876 ], [ -95.438231, 48.481831 ], [ -95.438284, 48.47444 ], [ -95.449307, 48.474485 ], [ -95.449325, 48.481876 ] ] ], [ [ [ -95.449513, 48.402127 ], [ -95.438496, 48.402154 ], [ -95.438453, 48.394903 ], [ -95.449265, 48.394909 ], [ -95.449513, 48.402127 ] ] ], [ [ [ -95.454795, 48.459886 ], [ -95.443876, 48.459852 ], [ -95.443925, 48.452624 ], [ -95.449437, 48.452631 ], [ -95.449399, 48.456264 ], [ -95.454824, 48.456282 ], [ -95.454795, 48.459886 ] ] ], [ [ [ -95.45729, 48.626999 ], [ -95.451724, 48.626972 ], [ -95.45173, 48.623346 ], [ -95.457294, 48.623376 ], [ -95.45729, 48.626999 ] ] ], [ [ [ -95.457467, 48.67774 ], [ -95.451844, 48.677717 ], [ -95.451895, 48.670428 ], [ -95.457468, 48.670443 ], [ -95.457467, 48.67774 ] ] ], [ [ [ -95.460227, 48.474459 ], [ -95.449307, 48.474485 ], [ -95.449283, 48.467088 ], [ -95.460228, 48.470769 ], [ -95.460227, 48.474459 ] ] ], [ [ [ -95.462339, 48.547202 ], [ -95.451501, 48.547214 ], [ -95.451404, 48.539928 ], [ -95.462281, 48.539763 ], [ -95.462339, 48.547202 ] ] ], [ [ [ -95.4681, 48.659635 ], [ -95.46271, 48.659638 ], [ -95.462673, 48.655954 ], [ -95.46815, 48.655978 ], [ -95.4681, 48.659635 ] ] ], [ [ [ -95.468194, 48.68133 ], [ -95.462772, 48.681329 ], [ -95.462789, 48.677739 ], [ -95.468194, 48.677726 ], [ -95.468194, 48.68133 ] ] ], [ [ [ -95.468221, 48.670546 ], [ -95.462822, 48.670553 ], [ -95.462785, 48.666902 ], [ -95.468184, 48.666895 ], [ -95.468221, 48.670546 ] ] ], [ [ [ -95.472762, 48.550762 ], [ -95.462367, 48.550769 ], [ -95.462339, 48.547202 ], [ -95.472739, 48.547193 ], [ -95.472762, 48.550762 ] ] ], [ [ [ -95.472779, 48.699427 ], [ -95.451843, 48.69956 ], [ -95.45186, 48.69223 ], [ -95.472801, 48.692237 ], [ -95.472779, 48.699427 ] ] ], [ [ [ -95.472806, 48.569008 ], [ -95.462433, 48.568964 ], [ -95.462398, 48.55799 ], [ -95.472782, 48.558063 ], [ -95.472806, 48.569008 ] ] ], [ [ [ -95.478291, 48.5544 ], [ -95.472786, 48.554424 ], [ -95.472762, 48.550762 ], [ -95.478288, 48.550748 ], [ -95.478291, 48.5544 ] ] ], [ [ [ -95.478307, 48.572633 ], [ -95.472819, 48.57262 ], [ -95.472806, 48.569008 ], [ -95.478288, 48.569015 ], [ -95.478307, 48.572633 ] ] ], [ [ [ -95.494686, 48.572659 ], [ -95.489287, 48.572648 ], [ -95.489318, 48.56905 ], [ -95.49468, 48.569059 ], [ -95.494686, 48.572659 ] ] ], [ [ [ -95.494966, 48.677712 ], [ -95.489432, 48.677709 ], [ -95.489417, 48.674116 ], [ -95.494945, 48.674113 ], [ -95.494966, 48.677712 ] ] ], [ [ [ -95.495009, 48.684913 ], [ -95.489407, 48.684881 ], [ -95.489417, 48.68131 ], [ -95.494988, 48.681322 ], [ -95.495009, 48.684913 ] ] ], [ [ [ -95.49503, 48.634204 ], [ -95.489516, 48.634216 ], [ -95.489514, 48.626955 ], [ -95.49505, 48.626919 ], [ -95.49503, 48.634204 ] ] ], [ [ [ -95.500338, 48.543423 ], [ -95.489414, 48.54343 ], [ -95.489432, 48.539223 ], [ -95.500387, 48.53913 ], [ -95.500338, 48.543423 ] ] ], [ [ [ -95.503585, 48.525078 ], [ -95.492855, 48.525019 ], [ -95.492836, 48.517785 ], [ -95.503552, 48.517807 ], [ -95.503585, 48.525078 ] ] ], [ [ [ -95.514226, 48.423987 ], [ -95.503502, 48.423934 ], [ -95.503476, 48.416648 ], [ -95.514297, 48.416682 ], [ -95.514226, 48.423987 ] ] ], [ [ [ -95.514395, 48.489042 ], [ -95.503486, 48.488964 ], [ -95.503767, 48.481705 ], [ -95.514388, 48.481714 ], [ -95.514395, 48.489042 ] ] ], [ [ [ -95.527525, 48.601379 ], [ -95.522075, 48.601409 ], [ -95.522068, 48.597752 ], [ -95.527524, 48.597717 ], [ -95.527525, 48.601379 ] ] ], [ [ [ -95.527643, 48.673953 ], [ -95.522098, 48.673957 ], [ -95.522142, 48.670341 ], [ -95.5276, 48.670346 ], [ -95.527643, 48.673953 ] ] ], [ [ [ -95.544173, 48.694583 ], [ -95.538701, 48.695671 ], [ -95.538715, 48.692016 ], [ -95.544181, 48.692007 ], [ -95.544173, 48.694583 ] ] ], [ [ [ -95.544291, 48.641291 ], [ -95.538885, 48.641316 ], [ -95.538807, 48.637691 ], [ -95.544219, 48.637676 ], [ -95.544291, 48.641291 ] ] ], [ [ [ -95.546715, 48.424082 ], [ -95.536052, 48.424045 ], [ -95.53602, 48.413114 ], [ -95.541477, 48.413124 ], [ -95.541369, 48.42038 ], [ -95.54679, 48.420398 ], [ -95.546715, 48.424082 ] ] ], [ [ [ -95.54707, 48.489097 ], [ -95.536117, 48.4891 ], [ -95.536053, 48.481856 ], [ -95.547024, 48.481804 ], [ -95.54707, 48.489097 ] ] ], [ [ [ -95.549595, 48.648619 ], [ -95.544159, 48.648636 ], [ -95.544225, 48.644963 ], [ -95.549637, 48.644942 ], [ -95.549595, 48.648619 ] ] ], [ [ [ -95.549647, 48.691999 ], [ -95.544181, 48.692007 ], [ -95.544192, 48.688355 ], [ -95.549619, 48.68836 ], [ -95.549647, 48.691999 ] ] ], [ [ [ -95.549666, 48.684701 ], [ -95.544204, 48.684705 ], [ -95.544076, 48.67033 ], [ -95.549543, 48.670313 ], [ -95.549666, 48.684701 ] ] ], [ [ [ -95.554948, 48.604971 ], [ -95.53859, 48.604988 ], [ -95.538424, 48.601319 ], [ -95.554942, 48.601305 ], [ -95.554948, 48.604971 ] ] ], [ [ [ -95.582242, 48.612154 ], [ -95.576803, 48.612179 ], [ -95.576752, 48.604899 ], [ -95.582183, 48.604878 ], [ -95.582242, 48.612154 ] ] ], [ [ [ -95.593874, 48.193335 ], [ -94.822466, 48.192612 ], [ -94.760633, 48.205911 ], [ -94.722409, 48.208753 ], [ -94.721668, 47.96347 ], [ -94.747361, 47.933059 ], [ -94.741424, 47.932916 ], [ -94.742834, 47.875185 ], [ -94.80391, 47.87551 ], [ -94.803355, 47.80341 ], [ -95.385667, 47.804722 ], [ -95.399375, 47.823304 ], [ -95.422949, 47.829868 ], [ -95.437836, 47.84764 ], [ -95.469566, 47.857581 ], [ -95.474569, 47.877347 ], [ -95.49501, 47.887552 ], [ -95.497842, 47.900107 ], [ -95.509248, 47.908273 ], [ -95.52442, 47.916081 ], [ -95.548834, 47.916798 ], [ -95.562167, 47.924241 ], [ -95.582065, 47.925878 ], [ -95.582889, 48.02067 ], [ -95.592486, 48.02067 ], [ -95.593874, 48.193335 ] ] ], [ [ [ -95.59568, 48.460165 ], [ -95.590164, 48.460166 ], [ -95.590076, 48.452947 ], [ -95.595551, 48.452949 ], [ -95.59568, 48.460165 ] ] ], [ [ [ -95.596702, 48.373245 ], [ -95.590633, 48.373402 ], [ -95.590926, 48.36965 ], [ -95.596456, 48.369454 ], [ -95.596702, 48.373245 ] ] ], [ [ [ -95.598661, 48.612202 ], [ -95.593189, 48.612186 ], [ -95.59319, 48.608551 ], [ -95.598669, 48.608563 ], [ -95.598661, 48.612202 ] ] ], [ [ [ -95.59325, 48.597657 ], [ -95.598711, 48.601305 ], [ -95.593192, 48.601281 ], [ -95.59325, 48.597657 ] ] ], [ [ [ -95.600917, 48.489113 ], [ -95.590155, 48.489247 ], [ -95.59016, 48.485327 ], [ -95.600988, 48.48524 ], [ -95.600917, 48.489113 ] ] ], [ [ [ -95.624751, 48.056876 ], [ -95.614055, 48.05682 ], [ -95.614106, 48.053177 ], [ -95.624746, 48.053257 ], [ -95.624751, 48.056876 ] ] ], [ [ [ -95.641403, 47.925372 ], [ -95.638466, 47.927758 ], [ -95.638359, 47.925383 ], [ -95.641403, 47.925372 ] ] ], [ [ [ -95.648852, 48.002934 ], [ -95.639414, 48.002917 ], [ -95.640103, 47.998625 ], [ -95.649049, 47.998607 ], [ -95.648852, 48.002934 ] ] ], [ [ [ -95.668784, 48.612097 ], [ -95.652305, 48.611859 ], [ -95.65212, 48.604667 ], [ -95.657627, 48.604747 ], [ -95.657716, 48.608344 ], [ -95.668713, 48.608507 ], [ -95.668784, 48.612097 ] ] ], [ [ [ -95.678866, 48.568741 ], [ -95.66789, 48.568591 ], [ -95.667782, 48.564957 ], [ -95.678756, 48.565095 ], [ -95.678866, 48.568741 ] ] ], [ [ [ -95.71475, 47.949355 ], [ -95.709802, 47.949348 ], [ -95.709745, 47.94658 ], [ -95.714402, 47.946541 ], [ -95.71475, 47.949355 ] ] ], [ [ [ -95.716162, 48.546943 ], [ -95.710657, 48.546803 ], [ -95.710263, 48.539534 ], [ -95.715792, 48.539656 ], [ -95.716162, 48.546943 ] ] ], [ [ [ -95.754917, 48.561845 ], [ -95.744015, 48.56178 ], [ -95.743765, 48.554683 ], [ -95.754454, 48.551098 ], [ -95.754917, 48.561845 ] ] ], [ [ [ -95.755614, 48.587232 ], [ -95.750141, 48.587196 ], [ -95.750086, 48.583585 ], [ -95.755544, 48.58363 ], [ -95.755614, 48.587232 ] ] ], [ [ [ -95.76822, 48.579997 ], [ -95.761097, 48.583615 ], [ -95.760986, 48.579982 ], [ -95.76822, 48.579997 ] ] ], [ [ [ -95.777261, 48.571283 ], [ -95.777148, 48.569274 ], [ -95.779463, 48.569227 ], [ -95.777261, 48.571283 ] ] ], [ [ [ -95.787496, 48.558603 ], [ -95.776619, 48.558427 ], [ -95.776414, 48.554876 ], [ -95.787361, 48.555048 ], [ -95.787496, 48.558603 ] ] ], [ [ [ -95.903211, 47.975673 ], [ -95.8979, 47.975665 ], [ -95.897836, 47.972014 ], [ -95.903173, 47.972013 ], [ -95.903211, 47.975673 ] ] ], [ [ [ -95.933554, 48.243937 ], [ -95.922714, 48.244028 ], [ -95.922739, 48.240609 ], [ -95.933539, 48.240362 ], [ -95.933554, 48.243937 ] ] ], [ [ [ -96.03676, 48.0196 ], [ -96.03317, 48.0196 ], [ -96.03358, 48.01689 ], [ -96.03676, 48.0196 ] ] ], [ [ [ -96.068117, 48.250707 ], [ -96.057421, 48.250764 ], [ -96.057315, 48.243573 ], [ -96.068119, 48.243555 ], [ -96.068117, 48.250707 ] ] ], [ [ [ -93.992874, 48.512413 ], [ -93.970879, 48.512412 ], [ -93.971294, 48.498006 ], [ -93.992753, 48.497921 ], [ -93.992874, 48.512413 ] ] ], [ [ [ -94.095876, 48.591285 ], [ -94.090396, 48.591295 ], [ -94.090342, 48.587683 ], [ -94.095822, 48.587685 ], [ -94.095876, 48.591285 ] ] ], [ [ [ -94.123274, 48.51144 ], [ -94.101569, 48.51147 ], [ -94.101467, 48.504265 ], [ -94.123122, 48.50426 ], [ -94.123274, 48.51144 ] ] ], [ [ [ -94.124083, 48.417704 ], [ -94.123963, 48.424617 ], [ -94.107499, 48.424686 ], [ -94.107547, 48.421042 ], [ -94.11304, 48.421009 ], [ -94.11309, 48.417371 ], [ -94.124083, 48.417704 ] ] ], [ [ [ -94.163025, 48.580414 ], [ -94.157731, 48.580357 ], [ -94.157649, 48.576781 ], [ -94.163112, 48.576839 ], [ -94.163025, 48.580414 ] ] ], [ [ [ -94.173966, 48.529436 ], [ -94.168509, 48.529508 ], [ -94.168507, 48.525919 ], [ -94.17396, 48.52582 ], [ -94.173966, 48.529436 ] ] ], [ [ [ -94.178811, 48.475438 ], [ -94.173465, 48.475403 ], [ -94.173417, 48.471747 ], [ -94.178784, 48.47181 ], [ -94.178811, 48.475438 ] ] ], [ [ [ -94.179666, 48.55491 ], [ -94.173951, 48.554987 ], [ -94.174115, 48.547662 ], [ -94.179696, 48.547654 ], [ -94.179666, 48.55491 ] ] ], [ [ [ -94.184058, 48.431741 ], [ -94.178498, 48.431729 ], [ -94.178406, 48.438979 ], [ -94.172858, 48.438983 ], [ -94.173288, 48.453728 ], [ -94.178765, 48.453837 ], [ -94.178763, 48.457414 ], [ -94.167853, 48.457215 ], [ -94.167537, 48.421562 ], [ -94.178633, 48.420903 ], [ -94.17858, 48.424476 ], [ -94.184144, 48.424505 ], [ -94.184058, 48.431741 ] ] ], [ [ [ -94.190548, 48.569435 ], [ -94.179553, 48.569409 ], [ -94.17952, 48.562165 ], [ -94.190506, 48.56218 ], [ -94.190548, 48.569435 ] ] ], [ [ [ -94.200728, 48.511432 ], [ -94.184415, 48.511336 ], [ -94.184514, 48.514898 ], [ -94.179152, 48.514953 ], [ -94.179124, 48.504178 ], [ -94.200646, 48.507835 ], [ -94.200728, 48.511432 ] ] ], [ [ [ -94.2017, 48.598464 ], [ -94.190676, 48.598484 ], [ -94.190611, 48.601673 ], [ -94.185159, 48.602093 ], [ -94.185074, 48.605693 ], [ -94.179682, 48.605669 ], [ -94.179587, 48.598455 ], [ -94.185103, 48.598506 ], [ -94.185067, 48.591183 ], [ -94.190606, 48.591198 ], [ -94.190595, 48.594846 ], [ -94.201643, 48.591191 ], [ -94.2017, 48.598464 ] ] ], [ [ [ -94.21673, 48.41364 ], [ -94.211194, 48.413576 ], [ -94.21126, 48.410067 ], [ -94.216808, 48.410123 ], [ -94.21673, 48.41364 ] ] ], [ [ [ -94.222855, 48.529602 ], [ -94.211929, 48.529475 ], [ -94.211945, 48.5331 ], [ -94.17942, 48.53301 ], [ -94.179386, 48.525719 ], [ -94.222843, 48.526133 ], [ -94.222855, 48.529602 ] ] ], [ [ [ -94.227593, 48.420883 ], [ -94.222183, 48.420902 ], [ -94.222169, 48.417311 ], [ -94.227574, 48.417299 ], [ -94.227593, 48.420883 ] ] ], [ [ [ -94.23389, 48.562313 ], [ -94.228458, 48.56229 ], [ -94.228435, 48.558693 ], [ -94.23387, 48.558725 ], [ -94.23389, 48.562313 ] ] ], [ [ [ -94.2343, 48.620114 ], [ -94.228867, 48.620192 ], [ -94.228841, 48.623772 ], [ -94.212396, 48.623756 ], [ -94.21241, 48.620162 ], [ -94.223435, 48.620155 ], [ -94.223452, 48.616519 ], [ -94.23431, 48.616526 ], [ -94.2343, 48.620114 ] ] ], [ [ [ -94.24437, 48.508157 ], [ -94.238827, 48.508001 ], [ -94.238757, 48.504633 ], [ -94.24429, 48.504607 ], [ -94.24437, 48.508157 ] ] ], [ [ [ -94.252578, 48.339855 ], [ -94.231146, 48.33972 ], [ -94.230864, 48.32523 ], [ -94.252594, 48.325344 ], [ -94.252578, 48.339855 ] ] ], [ [ [ -94.254476, 48.43907 ], [ -94.222123, 48.438959 ], [ -94.222178, 48.428109 ], [ -94.227606, 48.428088 ], [ -94.227593, 48.420883 ], [ -94.233004, 48.420866 ], [ -94.232978, 48.417286 ], [ -94.254271, 48.417232 ], [ -94.254476, 48.43907 ] ] ], [ [ [ -94.260425, 48.486777 ], [ -94.238333, 48.486774 ], [ -94.238328, 48.490345 ], [ -94.232905, 48.490327 ], [ -94.23292, 48.49394 ], [ -94.238483, 48.493939 ], [ -94.238557, 48.497523 ], [ -94.232983, 48.497537 ], [ -94.233103, 48.501115 ], [ -94.227655, 48.501074 ], [ -94.227442, 48.490302 ], [ -94.211195, 48.49013 ], [ -94.211183, 48.493752 ], [ -94.205786, 48.493661 ], [ -94.205788, 48.497273 ], [ -94.195105, 48.497028 ], [ -94.195076, 48.500637 ], [ -94.184408, 48.500568 ], [ -94.184346, 48.493403 ], [ -94.173847, 48.493427 ], [ -94.173942, 48.496999 ], [ -94.179174, 48.496991 ], [ -94.179124, 48.504178 ], [ -94.168551, 48.504209 ], [ -94.168167, 48.486285 ], [ -94.17366, 48.486315 ], [ -94.173562, 48.482712 ], [ -94.168261, 48.48273 ], [ -94.168223, 48.479047 ], [ -94.211233, 48.479257 ], [ -94.211129, 48.475679 ], [ -94.232824, 48.479499 ], [ -94.232905, 48.475839 ], [ -94.238413, 48.475865 ], [ -94.238296, 48.479529 ], [ -94.243837, 48.479548 ], [ -94.243923, 48.472242 ], [ -94.249389, 48.47228 ], [ -94.249409, 48.468636 ], [ -94.222059, 48.468483 ], [ -94.222163, 48.464869 ], [ -94.216656, 48.464863 ], [ -94.216764, 48.461251 ], [ -94.222268, 48.461257 ], [ -94.222476, 48.454046 ], [ -94.232865, 48.454048 ], [ -94.232916, 48.449995 ], [ -94.243586, 48.450017 ], [ -94.243669, 48.446357 ], [ -94.254299, 48.44638 ], [ -94.254853, 48.468683 ], [ -94.260322, 48.468683 ], [ -94.260425, 48.486777 ] ] ], [ [ [ -94.261152, 48.562418 ], [ -94.255783, 48.56241 ], [ -94.255578, 48.555205 ], [ -94.260985, 48.555196 ], [ -94.261152, 48.562418 ] ] ], [ [ [ -94.261576, 48.609429 ], [ -94.256203, 48.609411 ], [ -94.256184, 48.605729 ], [ -94.261556, 48.605754 ], [ -94.261576, 48.609429 ] ] ], [ [ [ -94.261575, 48.616662 ], [ -94.245252, 48.616582 ], [ -94.245262, 48.609339 ], [ -94.256203, 48.609411 ], [ -94.256223, 48.613092 ], [ -94.261597, 48.613099 ], [ -94.261575, 48.616662 ] ] ], [ [ [ -94.266219, 48.511758 ], [ -94.260855, 48.511693 ], [ -94.260732, 48.497435 ], [ -94.266186, 48.497393 ], [ -94.266219, 48.511758 ] ] ], [ [ [ -94.266483, 48.533448 ], [ -94.255731, 48.533383 ], [ -94.255726, 48.526073 ], [ -94.266469, 48.52618 ], [ -94.266483, 48.533448 ] ] ], [ [ [ -94.266448, 48.551587 ], [ -94.261011, 48.551592 ], [ -94.26109, 48.544378 ], [ -94.266526, 48.544362 ], [ -94.266448, 48.551587 ] ] ], [ [ [ -94.266873, 48.623787 ], [ -94.261533, 48.623788 ], [ -94.26162, 48.620225 ], [ -94.266902, 48.620224 ], [ -94.266873, 48.623787 ] ] ], [ [ [ -94.267724, 48.594029 ], [ -94.25725, 48.594142 ], [ -94.257457, 48.587667 ], [ -94.267556, 48.587603 ], [ -94.267724, 48.594029 ] ] ], [ [ [ -94.275986, 48.374263 ], [ -94.265212, 48.374251 ], [ -94.265215, 48.38134 ], [ -94.254407, 48.381331 ], [ -94.254355, 48.413639 ], [ -94.227554, 48.413715 ], [ -94.227535, 48.410128 ], [ -94.222143, 48.410133 ], [ -94.222122, 48.406511 ], [ -94.216723, 48.406511 ], [ -94.216695, 48.402884 ], [ -94.222101, 48.402915 ], [ -94.222069, 48.399278 ], [ -94.227496, 48.399298 ], [ -94.227481, 48.395662 ], [ -94.216618, 48.392005 ], [ -94.216636, 48.395672 ], [ -94.210906, 48.395647 ], [ -94.210719, 48.381226 ], [ -94.189509, 48.381204 ], [ -94.189613, 48.395571 ], [ -94.17865, 48.395577 ], [ -94.178756, 48.406529 ], [ -94.167871, 48.410153 ], [ -94.167567, 48.366665 ], [ -94.274131, 48.366582 ], [ -94.275986, 48.374263 ] ], [ [ -94.232815, 48.374379 ], [ -94.222043, 48.374379 ], [ -94.221961, 48.38109 ], [ -94.232715, 48.38115 ], [ -94.232815, 48.374379 ] ] ], [ [ [ -94.275957, 48.388554 ], [ -94.265178, 48.388577 ], [ -94.265215, 48.38134 ], [ -94.275993, 48.381326 ], [ -94.275957, 48.388554 ] ] ], [ [ [ -94.276704, 48.457662 ], [ -94.271203, 48.457662 ], [ -94.271242, 48.465012 ], [ -94.26577, 48.465008 ], [ -94.265707, 48.453962 ], [ -94.27666, 48.454015 ], [ -94.276704, 48.457662 ] ] ], [ [ [ -94.27726, 48.562404 ], [ -94.271891, 48.562408 ], [ -94.2718, 48.555176 ], [ -94.277207, 48.555166 ], [ -94.27726, 48.562404 ] ] ], [ [ [ -94.286888, 48.431743 ], [ -94.281461, 48.431742 ], [ -94.281372, 48.428143 ], [ -94.270514, 48.428148 ], [ -94.270418, 48.424518 ], [ -94.286694, 48.424512 ], [ -94.286888, 48.431743 ] ] ], [ [ [ -94.288145, 48.537098 ], [ -94.27723, 48.537076 ], [ -94.277225, 48.529873 ], [ -94.287966, 48.526239 ], [ -94.288145, 48.537098 ] ] ], [ [ [ -94.288007, 48.511786 ], [ -94.277109, 48.511893 ], [ -94.277095, 48.497309 ], [ -94.288215, 48.497306 ], [ -94.288007, 48.511786 ] ] ], [ [ [ -94.288505, 48.613287 ], [ -94.27767, 48.616682 ], [ -94.277695, 48.609476 ], [ -94.288501, 48.609644 ], [ -94.288505, 48.613287 ] ] ], [ [ [ -94.298536, 48.450132 ], [ -94.287078, 48.450049 ], [ -94.287042, 48.442688 ], [ -94.298446, 48.442663 ], [ -94.298536, 48.450132 ] ] ], [ [ [ -94.298577, 48.526192 ], [ -94.287966, 48.526239 ], [ -94.287986, 48.519012 ], [ -94.298743, 48.518933 ], [ -94.298577, 48.526192 ] ] ], [ [ [ -94.298806, 48.627739 ], [ -94.293776, 48.627663 ], [ -94.293798, 48.624122 ], [ -94.298836, 48.624124 ], [ -94.298806, 48.627739 ] ] ], [ [ [ -94.29888, 48.56972 ], [ -94.293705, 48.569703 ], [ -94.293652, 48.566059 ], [ -94.29887, 48.566054 ], [ -94.29888, 48.56972 ] ] ], [ [ [ -94.306424, 48.206249 ], [ -94.301198, 48.206256 ], [ -94.306412, 48.201874 ], [ -94.306424, 48.206249 ] ] ], [ [ [ -94.310325, 48.606136 ], [ -94.304604, 48.606149 ], [ -94.304663, 48.602502 ], [ -94.310285, 48.602529 ], [ -94.310325, 48.606136 ] ] ], [ [ [ -94.311683, 48.28548 ], [ -94.306294, 48.28566 ], [ -94.306287, 48.282134 ], [ -94.311669, 48.281922 ], [ -94.311683, 48.28548 ] ] ], [ [ [ -94.314626, 48.374589 ], [ -94.2982, 48.3745 ], [ -94.298234, 48.36733 ], [ -94.314532, 48.367315 ], [ -94.314626, 48.374589 ] ] ], [ [ [ -94.315581, 48.483003 ], [ -94.310091, 48.483039 ], [ -94.310081, 48.475814 ], [ -94.315551, 48.47581 ], [ -94.315581, 48.483003 ] ] ], [ [ [ -94.321277, 48.609766 ], [ -94.310365, 48.609784 ], [ -94.310325, 48.606136 ], [ -94.321273, 48.606105 ], [ -94.321277, 48.609766 ] ] ], [ [ [ -94.326611, 48.620431 ], [ -94.321173, 48.620429 ], [ -94.321277, 48.609766 ], [ -94.326688, 48.609759 ], [ -94.326611, 48.620431 ] ] ], [ [ [ -94.330884, 48.389134 ], [ -94.319948, 48.389099 ], [ -94.320052, 48.38192 ], [ -94.330956, 48.381942 ], [ -94.330884, 48.389134 ] ] ], [ [ [ -94.331187, 48.436133 ], [ -94.325784, 48.436106 ], [ -94.325743, 48.439687 ], [ -94.314859, 48.43961 ], [ -94.314905, 48.432401 ], [ -94.331207, 48.432572 ], [ -94.331187, 48.436133 ] ] ], [ [ [ -94.337469, 48.555331 ], [ -94.332091, 48.555303 ], [ -94.332062, 48.551808 ], [ -94.337437, 48.551734 ], [ -94.337469, 48.555331 ] ] ], [ [ [ -94.3482, 48.533609 ], [ -94.342747, 48.533601 ], [ -94.342663, 48.526294 ], [ -94.348016, 48.526323 ], [ -94.3482, 48.533609 ] ] ], [ [ [ -94.352877, 48.443404 ], [ -94.347559, 48.443403 ], [ -94.347417, 48.4398 ], [ -94.352893, 48.439808 ], [ -94.352877, 48.443404 ] ] ], [ [ [ -94.353827, 48.616913 ], [ -94.342902, 48.616919 ], [ -94.342904, 48.613394 ], [ -94.353833, 48.613391 ], [ -94.353827, 48.616913 ] ] ], [ [ [ -94.353857, 48.609738 ], [ -94.342946, 48.609741 ], [ -94.342904, 48.613394 ], [ -94.337497, 48.613402 ], [ -94.337562, 48.606092 ], [ -94.342798, 48.606088 ], [ -94.342867, 48.602434 ], [ -94.353906, 48.60243 ], [ -94.353857, 48.609738 ] ] ], [ [ [ -94.353906, 48.595165 ], [ -94.343074, 48.59517 ], [ -94.343084, 48.591567 ], [ -94.35389, 48.591566 ], [ -94.353906, 48.595165 ] ] ], [ [ [ -94.364706, 48.627713 ], [ -94.353805, 48.627638 ], [ -94.353816, 48.623954 ], [ -94.364702, 48.623939 ], [ -94.364706, 48.627713 ] ] ], [ [ [ -94.364734, 48.555361 ], [ -94.353791, 48.55536 ], [ -94.353776, 48.551755 ], [ -94.359291, 48.551749 ], [ -94.359207, 48.544531 ], [ -94.364667, 48.544518 ], [ -94.364734, 48.555361 ] ] ], [ [ [ -94.366926, 48.157096 ], [ -94.361568, 48.157119 ], [ -94.361619, 48.153461 ], [ -94.366755, 48.153448 ], [ -94.366926, 48.157096 ] ] ], [ [ [ -94.369242, 48.457858 ], [ -94.36382, 48.457841 ], [ -94.363892, 48.450712 ], [ -94.369351, 48.450713 ], [ -94.369242, 48.457858 ] ] ], [ [ [ -94.374486, 48.410937 ], [ -94.352797, 48.41093 ], [ -94.352682, 48.403652 ], [ -94.374389, 48.403638 ], [ -94.374486, 48.410937 ] ] ], [ [ [ -94.37557, 48.562644 ], [ -94.370171, 48.562614 ], [ -94.370161, 48.559013 ], [ -94.375568, 48.559061 ], [ -94.37557, 48.562644 ] ] ], [ [ [ -94.38221, 48.247718 ], [ -94.376821, 48.247822 ], [ -94.376831, 48.244205 ], [ -94.382231, 48.244097 ], [ -94.38221, 48.247718 ] ] ], [ [ [ -94.385338, 48.410958 ], [ -94.379931, 48.410951 ], [ -94.37983, 48.403625 ], [ -94.385259, 48.403613 ], [ -94.385338, 48.410958 ] ] ], [ [ [ -94.386293, 48.533858 ], [ -94.38086, 48.533802 ], [ -94.380814, 48.530118 ], [ -94.386247, 48.530175 ], [ -94.386293, 48.533858 ] ] ], [ [ [ -94.386388, 48.544806 ], [ -94.375528, 48.544662 ], [ -94.375517, 48.541062 ], [ -94.386385, 48.541221 ], [ -94.386388, 48.544806 ] ] ], [ [ [ -94.390558, 48.454137 ], [ -94.379618, 48.454093 ], [ -94.37973, 48.446873 ], [ -94.390632, 48.446942 ], [ -94.390558, 48.454137 ] ] ], [ [ [ -94.391876, 48.551951 ], [ -94.386394, 48.551981 ], [ -94.386391, 48.548396 ], [ -94.391881, 48.548364 ], [ -94.391876, 48.551951 ] ] ], [ [ [ -94.396668, 48.483125 ], [ -94.385636, 48.479545 ], [ -94.385558, 48.475859 ], [ -94.396594, 48.472304 ], [ -94.396668, 48.483125 ] ] ], [ [ [ -94.402887, 48.54471 ], [ -94.397383, 48.544745 ], [ -94.397402, 48.541104 ], [ -94.402909, 48.541048 ], [ -94.402887, 48.54471 ] ] ], [ [ [ -94.40702, 48.465109 ], [ -94.401927, 48.465091 ], [ -94.401823, 48.461483 ], [ -94.407248, 48.461503 ], [ -94.40702, 48.465109 ] ] ], [ [ [ -94.408114, 48.5264 ], [ -94.397277, 48.522801 ], [ -94.397185, 48.512046 ], [ -94.408185, 48.51207 ], [ -94.408114, 48.5264 ] ] ], [ [ [ -94.4134, 48.497681 ], [ -94.408037, 48.497693 ], [ -94.407954, 48.49407 ], [ -94.413295, 48.494061 ], [ -94.4134, 48.497681 ] ] ], [ [ [ -94.413684, 48.61331 ], [ -94.413521, 48.623897 ], [ -94.408202, 48.623873 ], [ -94.408273, 48.613325 ], [ -94.413684, 48.61331 ] ] ], [ [ [ -94.429004, 48.594983 ], [ -94.424399, 48.595209 ], [ -94.424406, 48.5916 ], [ -94.429007, 48.591362 ], [ -94.429004, 48.594983 ] ] ], [ [ [ -94.429392, 48.454273 ], [ -94.417901, 48.454279 ], [ -94.417882, 48.450627 ], [ -94.406978, 48.450599 ], [ -94.406942, 48.446969 ], [ -94.412402, 48.446988 ], [ -94.412375, 48.443362 ], [ -94.429167, 48.443429 ], [ -94.429392, 48.454273 ] ] ], [ [ [ -94.43014, 48.533601 ], [ -94.397314, 48.533801 ], [ -94.397172, 48.526461 ], [ -94.402635, 48.526421 ], [ -94.402705, 48.530097 ], [ -94.408229, 48.530071 ], [ -94.408114, 48.5264 ], [ -94.43021, 48.526352 ], [ -94.43014, 48.533601 ] ] ], [ [ [ -94.435107, 48.479621 ], [ -94.42988, 48.479596 ], [ -94.429857, 48.476002 ], [ -94.435114, 48.476018 ], [ -94.435107, 48.479621 ] ] ], [ [ [ -94.440202, 48.425366 ], [ -94.429352, 48.42533 ], [ -94.429434, 48.418167 ], [ -94.440214, 48.418212 ], [ -94.440202, 48.425366 ] ] ], [ [ [ -94.440227, 48.39633 ], [ -94.429256, 48.396342 ], [ -94.429175, 48.389148 ], [ -94.440027, 48.389187 ], [ -94.440227, 48.39633 ] ] ], [ [ [ -94.444981, 48.120129 ], [ -94.434479, 48.120252 ], [ -94.434203, 48.11663 ], [ -94.444961, 48.116526 ], [ -94.444981, 48.120129 ] ] ], [ [ [ -94.445846, 48.573404 ], [ -94.44029, 48.573414 ], [ -94.440255, 48.569729 ], [ -94.44582, 48.569733 ], [ -94.445846, 48.573404 ] ] ], [ [ [ -94.445984, 48.286471 ], [ -94.43526, 48.286429 ], [ -94.435157, 48.279254 ], [ -94.445888, 48.279307 ], [ -94.445984, 48.286471 ] ] ], [ [ [ -94.451052, 48.418256 ], [ -94.440214, 48.418212 ], [ -94.440225, 48.411058 ], [ -94.451018, 48.411121 ], [ -94.451052, 48.418256 ] ] ], [ [ [ -94.452058, 48.497596 ], [ -94.430167, 48.497647 ], [ -94.430138, 48.494033 ], [ -94.451912, 48.49403 ], [ -94.452058, 48.497596 ] ] ], [ [ [ -94.461093, 48.066099 ], [ -94.455979, 48.066272 ], [ -94.456155, 48.062776 ], [ -94.461176, 48.062539 ], [ -94.461093, 48.066099 ] ] ], [ [ [ -94.461861, 48.425434 ], [ -94.451085, 48.425391 ], [ -94.451052, 48.418256 ], [ -94.461798, 48.418298 ], [ -94.461861, 48.425434 ] ] ], [ [ [ -94.46293, 48.504853 ], [ -94.452042, 48.504834 ], [ -94.452058, 48.497596 ], [ -94.457469, 48.497577 ], [ -94.457492, 48.501211 ], [ -94.462905, 48.501208 ], [ -94.46293, 48.504853 ] ] ], [ [ [ -94.473625, 48.551693 ], [ -94.468188, 48.551705 ], [ -94.468255, 48.548118 ], [ -94.473704, 48.548112 ], [ -94.473625, 48.551693 ] ] ], [ [ [ -94.484764, 48.515818 ], [ -94.479347, 48.5158 ], [ -94.479283, 48.512202 ], [ -94.484814, 48.512184 ], [ -94.484764, 48.515818 ] ] ], [ [ [ -94.494642, 48.44356 ], [ -94.483745, 48.443536 ], [ -94.483799, 48.454465 ], [ -94.472891, 48.45447 ], [ -94.472834, 48.439833 ], [ -94.49462, 48.43993 ], [ -94.494642, 48.44356 ] ] ], [ [ [ -94.495461, 48.504827 ], [ -94.490036, 48.50484 ], [ -94.489945, 48.501174 ], [ -94.495187, 48.501169 ], [ -94.495461, 48.504827 ] ] ], [ [ [ -94.510749, 48.461595 ], [ -94.505435, 48.46161 ], [ -94.505437, 48.458021 ], [ -94.510797, 48.458065 ], [ -94.510749, 48.461595 ] ] ], [ [ [ -94.520562, 48.113056 ], [ -94.515337, 48.112997 ], [ -94.515272, 48.109299 ], [ -94.520469, 48.109348 ], [ -94.520562, 48.113056 ] ] ], [ [ [ -94.521568, 48.457988 ], [ -94.516156, 48.457992 ], [ -94.516172, 48.454404 ], [ -94.521582, 48.454406 ], [ -94.521568, 48.457988 ] ] ], [ [ [ -94.526625, 48.396226 ], [ -94.515765, 48.3963 ], [ -94.515665, 48.389056 ], [ -94.526631, 48.392631 ], [ -94.526625, 48.396226 ] ] ], [ [ [ -94.53201, 48.138206 ], [ -94.526362, 48.138257 ], [ -94.526499, 48.134605 ], [ -94.531801, 48.134588 ], [ -94.53201, 48.138206 ] ] ], [ [ [ -94.53235, 48.447077 ], [ -94.526909, 48.447079 ], [ -94.52695, 48.450716 ], [ -94.505388, 48.450766 ], [ -94.505336, 48.447138 ], [ -94.515956, 48.447084 ], [ -94.515887, 48.439855 ], [ -94.521336, 48.439818 ], [ -94.521407, 48.443431 ], [ -94.532337, 48.443458 ], [ -94.53235, 48.447077 ] ] ], [ [ [ -94.537955, 48.483336 ], [ -94.532521, 48.483332 ], [ -94.532483, 48.47605 ], [ -94.537895, 48.475996 ], [ -94.537955, 48.483336 ] ] ], [ [ [ -94.538243, 48.573425 ], [ -94.53283, 48.573412 ], [ -94.53281, 48.569703 ], [ -94.538227, 48.569924 ], [ -94.538243, 48.573425 ] ] ], [ [ [ -94.543296, 48.454402 ], [ -94.537813, 48.454403 ], [ -94.5378, 48.450727 ], [ -94.543296, 48.450705 ], [ -94.543296, 48.454402 ] ] ], [ [ [ -94.548588, 48.403539 ], [ -94.526686, 48.403574 ], [ -94.526625, 48.396226 ], [ -94.548432, 48.396212 ], [ -94.548588, 48.403539 ] ] ], [ [ [ -94.548767, 48.468522 ], [ -94.543265, 48.468706 ], [ -94.543274, 48.465095 ], [ -94.548768, 48.465093 ], [ -94.548767, 48.468522 ] ] ], [ [ [ -94.548791, 48.439722 ], [ -94.537805, 48.439776 ], [ -94.537781, 48.432483 ], [ -94.548737, 48.432467 ], [ -94.548791, 48.439722 ] ] ], [ [ [ -94.559352, 48.396257 ], [ -94.548432, 48.396212 ], [ -94.548507, 48.38906 ], [ -94.559404, 48.3891 ], [ -94.559352, 48.396257 ] ] ], [ [ [ -94.559522, 48.475952 ], [ -94.548865, 48.475976 ], [ -94.548765, 48.468715 ], [ -94.559452, 48.468712 ], [ -94.559522, 48.475952 ] ] ], [ [ [ -94.560752, 48.6277 ], [ -94.55005, 48.627619 ], [ -94.549977, 48.624023 ], [ -94.560721, 48.624141 ], [ -94.560752, 48.6277 ] ] ], [ [ [ -94.563682, 48.033822 ], [ -94.558288, 48.033778 ], [ -94.558346, 48.026586 ], [ -94.563771, 48.026616 ], [ -94.563682, 48.033822 ] ] ], [ [ [ -94.565911, 48.519409 ], [ -94.538958, 48.519456 ], [ -94.53888, 48.515874 ], [ -94.5658, 48.515803 ], [ -94.565911, 48.519409 ] ] ], [ [ [ -94.571188, 48.49052 ], [ -94.565823, 48.49053 ], [ -94.565894, 48.486899 ], [ -94.571122, 48.486898 ], [ -94.571188, 48.49052 ] ] ] ] } },
{ "type": "Feature", "properties": { "AIANNHCE": "3795", "NAMELSAD": "Siletz Reservation and Off-Reservation Trust Land", "NAME": "Siletz", "AREA_TYPE": "Reservation", "STATE_NAMES": "Oregon", "DECLARATIONS": 1, "OWN_REQUEST": 0, "UNDER_STATE": 1, "FIRST_YEAR": 2024.0, "LATEST_YEAR": 2024.0, "INCIDENT_LIST": "Severe Storm", "POPULATION": 605, "LAND_SQ_MI": 7.4, "N_COUNTIES": 2, "COUNTY_NAMES": "Lincoln County; Marion County", "COUNTY_DISASTER_MAX": 7 }, "geometry": { "type": "MultiPolygon", "coordinates": [ [ [ [ -122.995152, 44.990768 ], [ -122.991345, 44.989777 ], [ -122.991366, 44.98777 ], [ -122.995273, 44.987932 ], [ -122.995152, 44.990768 ] ] ], [ [ [ -123.653864, 44.691253 ], [ -123.648691, 44.691274 ], [ -123.6487, 44.687714 ], [ -123.653871, 44.687736 ], [ -123.653864, 44.691253 ] ] ], [ [ [ -123.694583, 44.683829 ], [ -123.684436, 44.683775 ], [ -123.684466, 44.680193 ], [ -123.694591, 44.680247 ], [ -123.694583, 44.683829 ] ] ], [ [ [ -123.709676, 44.694678 ], [ -123.704646, 44.698138 ], [ -123.704724, 44.694454 ], [ -123.709676, 44.694678 ] ] ], [ [ [ -123.719671, 44.705698 ], [ -123.714561, 44.705623 ], [ -123.714583, 44.702032 ], [ -123.719711, 44.702139 ], [ -123.719671, 44.705698 ] ] ], [ [ [ -123.72501, 44.724352 ], [ -123.716026, 44.725274 ], [ -123.707745, 44.720701 ], [ -123.707519, 44.716599 ], [ -123.725069, 44.716823 ], [ -123.72501, 44.724352 ] ] ], [ [ [ -123.725188, 44.680688 ], [ -123.719806, 44.68059 ], [ -123.719853, 44.676955 ], [ -123.725156, 44.677031 ], [ -123.725188, 44.680688 ] ] ], [ [ [ -123.735103, 44.680417 ], [ -123.730141, 44.680548 ], [ -123.730092, 44.67329 ], [ -123.735067, 44.673214 ], [ -123.735103, 44.680417 ] ] ], [ [ [ -123.735305, 44.742631 ], [ -123.730161, 44.742664 ], [ -123.730145, 44.739002 ], [ -123.735289, 44.738957 ], [ -123.735305, 44.742631 ] ] ], [ [ [ -123.735469, 44.692568 ], [ -123.730384, 44.692565 ], [ -123.730196, 44.695199 ], [ -123.734924, 44.695201 ], [ -123.734928, 44.698785 ], [ -123.725164, 44.695207 ], [ -123.725171, 44.691117 ], [ -123.735469, 44.692568 ] ] ], [ [ [ -123.740259, 44.79462 ], [ -123.735193, 44.794562 ], [ -123.735233, 44.79103 ], [ -123.74029, 44.791052 ], [ -123.740259, 44.79462 ] ] ], [ [ [ -123.740354, 44.77665 ], [ -123.735372, 44.776698 ], [ -123.7354, 44.77312 ], [ -123.740327, 44.77306 ], [ -123.740354, 44.77665 ] ] ], [ [ [ -123.750297, 44.742634 ], [ -123.745223, 44.742602 ], [ -123.745192, 44.738939 ], [ -123.750306, 44.738936 ], [ -123.750297, 44.742634 ] ] ], [ [ [ -123.750352, 44.798289 ], [ -123.745297, 44.798273 ], [ -123.745322, 44.794674 ], [ -123.750363, 44.794676 ], [ -123.750352, 44.798289 ] ] ], [ [ [ -123.754799, 44.783787 ], [ -123.745379, 44.783807 ], [ -123.745272, 44.775305 ], [ -123.7497, 44.775357 ], [ -123.749674, 44.771868 ], [ -123.754884, 44.771732 ], [ -123.754799, 44.783787 ] ] ], [ [ [ -123.755005, 44.669484 ], [ -123.750009, 44.669502 ], [ -123.750017, 44.665955 ], [ -123.755025, 44.665941 ], [ -123.755005, 44.669484 ] ] ], [ [ [ -123.755142, 44.760794 ], [ -123.744306, 44.76066 ], [ -123.744758, 44.757144 ], [ -123.740086, 44.75718 ], [ -123.740287, 44.76947 ], [ -123.735368, 44.769515 ], [ -123.735334, 44.760706 ], [ -123.725188, 44.764328 ], [ -123.725079, 44.753939 ], [ -123.755206, 44.753737 ], [ -123.755142, 44.760794 ] ] ], [ [ [ -123.769828, 44.709635 ], [ -123.764758, 44.709561 ], [ -123.764716, 44.706271 ], [ -123.769765, 44.706117 ], [ -123.769828, 44.709635 ] ] ], [ [ [ -123.772796, 44.742731 ], [ -123.767988, 44.742781 ], [ -123.768187, 44.746636 ], [ -123.750291, 44.746349 ], [ -123.750297, 44.742634 ], [ -123.760439, 44.742701 ], [ -123.760288, 44.73679 ], [ -123.770294, 44.734929 ], [ -123.770322, 44.731362 ], [ -123.772801, 44.731352 ], [ -123.772796, 44.742731 ] ] ], [ [ [ -123.782752, 44.747084 ], [ -123.78262, 44.753533 ], [ -123.780127, 44.753579 ], [ -123.780239, 44.746393 ], [ -123.782752, 44.747084 ] ] ], [ [ [ -123.785154, 44.762512 ], [ -123.765211, 44.766392 ], [ -123.765181, 44.757435 ], [ -123.775321, 44.757272 ], [ -123.775501, 44.760873 ], [ -123.785154, 44.762512 ] ] ], [ [ [ -123.789654, 44.698442 ], [ -123.779661, 44.694714 ], [ -123.779716, 44.687491 ], [ -123.784651, 44.687562 ], [ -123.784501, 44.692776 ], [ -123.789518, 44.692794 ], [ -123.789654, 44.698442 ] ] ], [ [ [ -123.800218, 44.779064 ], [ -123.780347, 44.779104 ], [ -123.780425, 44.787284 ], [ -123.775413, 44.787352 ], [ -123.77561, 44.7829 ], [ -123.770207, 44.782852 ], [ -123.77554, 44.781011 ], [ -123.775688, 44.775412 ], [ -123.795269, 44.775333 ], [ -123.795368, 44.77163 ], [ -123.800525, 44.771636 ], [ -123.800218, 44.779064 ] ] ], [ [ [ -123.803178, 44.724158 ], [ -123.798068, 44.724149 ], [ -123.798056, 44.731306 ], [ -123.785274, 44.731305 ], [ -123.785635, 44.720533 ], [ -123.80323, 44.720551 ], [ -123.803178, 44.724158 ] ] ], [ [ [ -123.807696, 44.782817 ], [ -123.805066, 44.782784 ], [ -123.805686, 44.771637 ], [ -123.808248, 44.771706 ], [ -123.807696, 44.782817 ] ] ], [ [ [ -123.809845, 44.692802 ], [ -123.799515, 44.694616 ], [ -123.799544, 44.692821 ], [ -123.809845, 44.692802 ] ] ], [ [ [ -123.818451, 44.744504 ], [ -123.815932, 44.74629 ], [ -123.815949, 44.74447 ], [ -123.818451, 44.744504 ] ] ], [ [ [ -123.821058, 44.724088 ], [ -123.815936, 44.724108 ], [ -123.815858, 44.720566 ], [ -123.820787, 44.720571 ], [ -123.821058, 44.724088 ] ] ], [ [ [ -123.830291, 44.709979 ], [ -123.820211, 44.709916 ], [ -123.820106, 44.705256 ], [ -123.830218, 44.705241 ], [ -123.830291, 44.709979 ] ] ], [ [ [ -123.831227, 44.750177 ], [ -123.826141, 44.750173 ], [ -123.826131, 44.746475 ], [ -123.83116, 44.746495 ], [ -123.831227, 44.750177 ] ] ], [ [ [ -123.836234, 44.746503 ], [ -123.833713, 44.746479 ], [ -123.83369, 44.742683 ], [ -123.83623, 44.742719 ], [ -123.836234, 44.746503 ] ] ], [ [ [ -123.843906, 44.727543 ], [ -123.841398, 44.727555 ], [ -123.841329, 44.723877 ], [ -123.843825, 44.723851 ], [ -123.843906, 44.727543 ] ] ], [ [ [ -123.861152, 44.709457 ], [ -123.856644, 44.709446 ], [ -123.856351, 44.70245 ], [ -123.861123, 44.702467 ], [ -123.861152, 44.709457 ] ] ], [ [ [ -123.86728, 44.695591 ], [ -123.861039, 44.695521 ], [ -123.861117, 44.692499 ], [ -123.867346, 44.69254 ], [ -123.86728, 44.695591 ] ] ], [ [ [ -123.882672, 44.699056 ], [ -123.877833, 44.699039 ], [ -123.877923, 44.695661 ], [ -123.87291, 44.695627 ], [ -123.872857, 44.692588 ], [ -123.882803, 44.692682 ], [ -123.882672, 44.699056 ] ] ], [ [ [ -123.900136, 44.705738 ], [ -123.887307, 44.705867 ], [ -123.887447, 44.70242 ], [ -123.900214, 44.702218 ], [ -123.900136, 44.705738 ] ] ], [ [ [ -123.912925, 44.702074 ], [ -123.907868, 44.702097 ], [ -123.90772, 44.694806 ], [ -123.912864, 44.694782 ], [ -123.912925, 44.702074 ] ] ], [ [ [ -123.912958, 44.724982 ], [ -123.90869, 44.730164 ], [ -123.910363, 44.725672 ], [ -123.897641, 44.727088 ], [ -123.89766, 44.723862 ], [ -123.905284, 44.723887 ], [ -123.900526, 44.720251 ], [ -123.90123, 44.717489 ], [ -123.905971, 44.720239 ], [ -123.912523, 44.718728 ], [ -123.912958, 44.724982 ] ] ], [ [ [ -123.918043, 44.720856 ], [ -123.917317, 44.721303 ], [ -123.9173, 44.720874 ], [ -123.918043, 44.720856 ] ] ], [ [ [ -123.923034, 44.73376 ], [ -123.917932, 44.733822 ], [ -123.917844, 44.739137 ], [ -123.912725, 44.739199 ], [ -123.910028, 44.742844 ], [ -123.912808, 44.734929 ], [ -123.908649, 44.731151 ], [ -123.923034, 44.73376 ] ] ], [ [ [ -123.923188, 44.72027 ], [ -123.921295, 44.722001 ], [ -123.920649, 44.720269 ], [ -123.923188, 44.72027 ] ] ], [ [ [ -123.930761, 44.723766 ], [ -123.928279, 44.723152 ], [ -123.928273, 44.720189 ], [ -123.93077, 44.720278 ], [ -123.930761, 44.723766 ] ] ], [ [ [ -123.932414, 44.691207 ], [ -123.927427, 44.692568 ], [ -123.927424, 44.691162 ], [ -123.932414, 44.691207 ] ] ], [ [ [ -123.94739, 45.028524 ], [ -123.947078, 45.028722 ], [ -123.947165, 45.028482 ], [ -123.94739, 45.028524 ] ] ], [ [ [ -123.996711, 44.997699 ], [ -123.988041, 45.000758 ], [ -123.986896, 45.000051 ], [ -123.991761, 44.995554 ], [ -123.996711, 44.997699 ] ] ], [ [ [ -124.009574, 44.809013 ], [ -123.99816, 44.812722 ], [ -123.994314, 44.809905 ], [ -123.983544, 44.811727 ], [ -123.978936, 44.808134 ], [ -123.999407, 44.80816 ], [ -123.999378, 44.802434 ], [ -124.001926, 44.802229 ], [ -124.009487, 44.805316 ], [ -124.009574, 44.809013 ] ] ], [ [ [ -124.013141309957007, 44.994624457154103 ], [ -124.012053555072995, 45.000690520301703 ], [ -124.005156, 44.99812 ], [ -124.013141309957007, 44.994624457154103 ] ] ], [ [ [ -124.077704, 44.472811 ], [ -124.078917, 44.475705 ], [ -124.077681, 44.47559 ], [ -124.077704, 44.472811 ] ] ] ] } },
{ "type": "Feature", "properties": { "AIANNHCE": "9280", "NAMELSAD": "Paucatuck Eastern Pequot (state) Reservation", "NAME": "Paucatuck Eastern Pequot", "AREA_TYPE": "Reservation", "STATE_NAMES": "Connecticut", "DECLARATIONS": 1, "OWN_REQUEST": 0, "UNDER_STATE": 1, "FIRST_YEAR": 2011.0, "LATEST_YEAR": 2011.0, "INCIDENT_LIST": "Snowstorm", "POPULATION": 20, "LAND_SQ_MI": 0.4, "N_COUNTIES": 1, "COUNTY_NAMES": "Southeastern Connecticut Planning Region", "COUNTY_DISASTER_MAX": 8 }, "geometry": { "type": "Polygon", "coordinates": [ [ [ -71.945637, 41.44554 ], [ -71.943097, 41.449301 ], [ -71.933069, 41.450864 ], [ -71.932021, 41.441968 ], [ -71.942413, 41.440037 ], [ -71.945637, 41.44554 ] ] ] } },
{ "type": "Feature", "properties": { "AIANNHCE": "1460", "NAMELSAD": "Hoh Indian Reservation and Off-Reservation Trust Land", "NAME": "Hoh", "AREA_TYPE": "Reservation", "STATE_NAMES": "Washington", "DECLARATIONS": 2, "OWN_REQUEST": 0, "UNDER_STATE": 2, "FIRST_YEAR": 2022.0, "LATEST_YEAR": 2022.0, "INCIDENT_LIST": "Flood", "POPULATION": 37, "LAND_SQ_MI": 1.4, "N_COUNTIES": 1, "COUNTY_NAMES": "Jefferson County", "COUNTY_DISASTER_MAX": 9 }, "geometry": { "type": "MultiPolygon", "coordinates": [ [ [ [ -124.387415, 47.729918 ], [ -124.37631, 47.729908 ], [ -124.376309, 47.726197 ], [ -124.387468, 47.726237 ], [ -124.387415, 47.729918 ] ] ], [ [ [ -124.434308, 47.749639 ], [ -124.410992, 47.747923 ], [ -124.411216, 47.740843 ], [ -124.38731, 47.737337 ], [ -124.387415, 47.729918 ], [ -124.398623, 47.729899 ], [ -124.398555, 47.733536 ], [ -124.403808, 47.73355 ], [ -124.403782, 47.737141 ], [ -124.411347, 47.737127 ], [ -124.411498, 47.732511 ], [ -124.422092, 47.732406 ], [ -124.434308, 47.749639 ] ] ] ] } },
{ "type": "Feature", "properties": { "AIANNHCE": "1440", "NAMELSAD": "Havasupai Reservation", "NAME": "Havasupai", "AREA_TYPE": "Reservation", "STATE_NAMES": "Arizona", "DECLARATIONS": 3, "OWN_REQUEST": 2, "UNDER_STATE": 1, "FIRST_YEAR": 2011.0, "LATEST_YEAR": 2023.0, "INCIDENT_LIST": "Flood; Severe Storm", "POPULATION": 0, "LAND_SQ_MI": 275.8, "N_COUNTIES": 1, "COUNTY_NAMES": "Coconino County", "COUNTY_DISASTER_MAX": 1 }, "geometry": { "type": "Polygon", "coordinates": [ [ [ -112.875927, 36.157398 ], [ -112.864664, 36.163757 ], [ -112.862762, 36.175926 ], [ -112.849982, 36.199405 ], [ -112.840729, 36.206105 ], [ -112.836536, 36.217985 ], [ -112.83969, 36.227238 ], [ -112.845749, 36.231983 ], [ -112.844639, 36.234894 ], [ -112.835427, 36.234587 ], [ -112.827768, 36.228855 ], [ -112.819694, 36.230167 ], [ -112.811716, 36.240372 ], [ -112.800362, 36.24074 ], [ -112.792238, 36.245349 ], [ -112.787318, 36.258457 ], [ -112.767941, 36.262839 ], [ -112.7292, 36.282745 ], [ -112.710334, 36.276762 ], [ -112.658589, 36.272011 ], [ -112.654905, 36.277129 ], [ -112.664597, 36.285269 ], [ -112.663402, 36.28674 ], [ -112.659527, 36.281851 ], [ -112.640226, 36.274897 ], [ -112.624608, 36.258363 ], [ -112.617425, 36.256314 ], [ -112.611075, 36.267125 ], [ -112.61253, 36.272746 ], [ -112.603991, 36.282386 ], [ -112.593254, 36.285935 ], [ -112.595338, 36.293406 ], [ -112.610444, 36.298184 ], [ -112.608457, 36.302317 ], [ -112.599226, 36.300221 ], [ -112.60056, 36.304234 ], [ -112.592531, 36.308982 ], [ -112.591508, 36.319861 ], [ -112.604833, 36.326759 ], [ -112.584105, 36.325021 ], [ -112.574199, 36.328685 ], [ -112.576916, 36.334764 ], [ -112.560406, 36.339224 ], [ -112.563286, 36.348317 ], [ -112.570565, 36.352456 ], [ -112.572416, 36.357664 ], [ -112.568309, 36.357156 ], [ -112.559422, 36.346304 ], [ -112.55764, 36.334706 ], [ -112.550669, 36.343764 ], [ -112.543842, 36.341288 ], [ -112.519271, 36.347207 ], [ -112.510043, 36.353068 ], [ -112.510997, 36.357791 ], [ -112.502087, 36.348854 ], [ -112.490047, 36.347891 ], [ -112.486883, 36.343944 ], [ -112.506159, 36.339545 ], [ -112.522097, 36.32618 ], [ -112.533984, 36.328962 ], [ -112.537081, 36.334332 ], [ -112.548942, 36.336458 ], [ -112.563813, 36.326269 ], [ -112.567903, 36.318933 ], [ -112.569366, 36.308496 ], [ -112.564016, 36.260548 ], [ -112.550936, 36.240902 ], [ -112.558339, 36.232104 ], [ -112.558608, 36.226822 ], [ -112.554105, 36.21989 ], [ -112.532095, 36.206292 ], [ -112.523111, 36.207557 ], [ -112.517499, 36.216121 ], [ -112.483368, 36.204591 ], [ -112.489553, 36.193922 ], [ -112.489515, 36.182113 ], [ -112.481178, 36.173777 ], [ -112.470702, 36.152179 ], [ -112.459823, 36.148787 ], [ -112.45934, 36.140412 ], [ -112.429776, 36.140704 ], [ -112.425826, 36.143826 ], [ -112.404544, 36.131608 ], [ -112.405072, 36.020348 ], [ -112.512197, 36.020555 ], [ -112.512243, 36.005989 ], [ -112.516739, 36.005947 ], [ -112.517095, 35.991611 ], [ -112.512539, 35.991579 ], [ -112.512103, 35.980922 ], [ -112.516804, 35.980997 ], [ -112.516897, 35.969951 ], [ -112.512376, 35.969911 ], [ -112.512312, 35.959144 ], [ -112.507976, 35.959196 ], [ -112.504291, 35.951977 ], [ -112.506737, 35.948236 ], [ -112.512651, 35.948197 ], [ -112.512438, 35.951749 ], [ -112.521466, 35.951879 ], [ -112.52134, 35.948243 ], [ -112.525977, 35.948294 ], [ -112.525888, 35.955645 ], [ -112.521471, 35.955575 ], [ -112.521435, 35.968498 ], [ -112.526197, 35.969935 ], [ -112.526109, 35.981055 ], [ -112.530071, 35.980986 ], [ -112.52989, 36.002411 ], [ -112.525722, 36.002605 ], [ -112.52542, 36.020518 ], [ -112.529902, 36.020707 ], [ -112.530305, 36.034331 ], [ -112.547404, 36.034821 ], [ -112.547539, 36.049794 ], [ -112.6015, 36.049542 ], [ -112.601024, 36.107829 ], [ -112.761529, 36.108453 ], [ -112.761945, 36.151312 ], [ -112.87592, 36.150679 ], [ -112.875927, 36.157398 ] ] ] } },
{ "type": "Feature", "properties": { "AIANNHCE": "1260", "NAMELSAD": "Fort Pierce Reservation", "NAME": "Fort Pierce", "AREA_TYPE": "Reservation", "STATE_NAMES": "Florida", "DECLARATIONS": 2, "OWN_REQUEST": 2, "UNDER_STATE": 0, "FIRST_YEAR": 2017.0, "LATEST_YEAR": 2022.0, "INCIDENT_LIST": "Hurricane", "POPULATION": 41, "LAND_SQ_MI": 0.1, "N_COUNTIES": 1, "COUNTY_NAMES": "St. Lucie County", "COUNTY_DISASTER_MAX": 7 }, "geometry": { "type": "Polygon", "coordinates": [ [ [ -80.437924, 27.403962 ], [ -80.432023, 27.403596 ], [ -80.431963, 27.399971 ], [ -80.437044, 27.399943 ], [ -80.437924, 27.403962 ] ] ] } },
{ "type": "Feature", "properties": { "AIANNHCE": "4595", "NAMELSAD": "White Earth Reservation and Off-Reservation Trust Land", "NAME": "White Earth", "AREA_TYPE": "Reservation", "STATE_NAMES": "Minnesota", "DECLARATIONS": 3, "OWN_REQUEST": 0, "UNDER_STATE": 3, "FIRST_YEAR": 2018.0, "LATEST_YEAR": 2022.0, "INCIDENT_LIST": "Flood", "POPULATION": 9634, "LAND_SQ_MI": 1097.7, "N_COUNTIES": 5, "COUNTY_NAMES": "Mahnomen County; Becker County; Clearwater County and others", "COUNTY_DISASTER_MAX": 5 }, "geometry": { "type": "MultiPolygon", "coordinates": [ [ [ [ -95.30233, 47.165783 ], [ -95.297191, 47.165783 ], [ -95.297209, 47.161622 ], [ -95.30233, 47.161622 ], [ -95.30233, 47.165783 ] ] ], [ [ [ -95.313031, 47.184166 ], [ -95.307976, 47.184166 ], [ -95.307976, 47.177148 ], [ -95.313031, 47.177148 ], [ -95.313031, 47.184166 ] ] ], [ [ [ -95.317262, 47.245475 ], [ -95.311929, 47.245475 ], [ -95.311929, 47.242668 ], [ -95.296911, 47.245421 ], [ -95.297237, 47.238393 ], [ -95.307744, 47.234875 ], [ -95.307731, 47.238445 ], [ -95.317262, 47.238492 ], [ -95.317262, 47.245475 ] ] ], [ [ [ -95.323572, 47.184093 ], [ -95.318302, 47.184093 ], [ -95.318302, 47.180723 ], [ -95.323572, 47.180716 ], [ -95.323572, 47.184093 ] ] ], [ [ [ -95.329184, 47.266903 ], [ -95.323805, 47.266903 ], [ -95.323805, 47.263485 ], [ -95.329184, 47.263485 ], [ -95.329184, 47.266903 ] ] ], [ [ [ -95.334221, 47.184237 ], [ -95.32884, 47.184237 ], [ -95.328838, 47.180717 ], [ -95.334219, 47.180725 ], [ -95.334221, 47.184237 ] ] ], [ [ [ -95.339972, 47.296005 ], [ -95.327581, 47.296021 ], [ -95.327581, 47.292383 ], [ -95.339983, 47.292423 ], [ -95.339972, 47.296005 ] ] ], [ [ [ -95.344583, 47.213505 ], [ -95.338582, 47.213505 ], [ -95.338611, 47.209369 ], [ -95.344481, 47.209345 ], [ -95.344583, 47.213505 ] ] ], [ [ [ -95.349367, 47.285282 ], [ -95.343995, 47.285282 ], [ -95.343995, 47.281751 ], [ -95.349367, 47.281749 ], [ -95.349367, 47.285282 ] ] ], [ [ [ -95.350505, 47.220436 ], [ -95.344607, 47.220436 ], [ -95.344594, 47.216481 ], [ -95.350506, 47.21648 ], [ -95.350505, 47.220436 ] ] ], [ [ [ -95.354315, 47.177343 ], [ -95.349904, 47.177346 ], [ -95.349728, 47.173546 ], [ -95.354265, 47.173547 ], [ -95.354315, 47.177343 ] ] ], [ [ [ -95.354867, 47.23864 ], [ -95.350264, 47.238634 ], [ -95.350264, 47.235252 ], [ -95.354867, 47.235252 ], [ -95.354867, 47.23864 ] ] ], [ [ [ -95.358721, 47.180755 ], [ -95.35436, 47.180765 ], [ -95.354315, 47.177343 ], [ -95.358721, 47.177343 ], [ -95.358721, 47.180755 ] ] ], [ [ [ -95.360596, 47.292478 ], [ -95.355783, 47.292481 ], [ -95.35576, 47.28888 ], [ -95.360601, 47.288851 ], [ -95.360596, 47.292478 ] ] ], [ [ [ -95.360997, 47.340501 ], [ -95.355642, 47.340503 ], [ -95.355642, 47.337037 ], [ -95.360993, 47.337037 ], [ -95.360997, 47.340501 ] ] ], [ [ [ -95.364297, 47.206377 ], [ -95.358746, 47.206377 ], [ -95.35871, 47.202509 ], [ -95.33871, 47.20243 ], [ -95.338833, 47.19511 ], [ -95.349772, 47.198707 ], [ -95.349772, 47.195151 ], [ -95.354378, 47.195151 ], [ -95.354378, 47.198692 ], [ -95.364297, 47.195149 ], [ -95.364297, 47.206377 ] ] ], [ [ [ -95.376185, 47.228018 ], [ -95.371012, 47.228018 ], [ -95.371012, 47.224175 ], [ -95.376184, 47.224174 ], [ -95.376185, 47.228018 ] ] ], [ [ [ -95.376946, 47.260039 ], [ -95.37232, 47.260075 ], [ -95.372333, 47.256522 ], [ -95.376935, 47.256511 ], [ -95.376946, 47.260039 ] ] ], [ [ [ -95.377566, 47.274517 ], [ -95.372557, 47.274524 ], [ -95.372584, 47.270762 ], [ -95.377489, 47.270708 ], [ -95.377566, 47.274517 ] ] ], [ [ [ -95.382119, 47.232317 ], [ -95.376187, 47.232377 ], [ -95.376185, 47.228018 ], [ -95.382138, 47.228025 ], [ -95.382119, 47.232317 ] ] ], [ [ [ -95.382258, 47.245588 ], [ -95.377546, 47.245583 ], [ -95.377944, 47.242927 ], [ -95.382244, 47.243143 ], [ -95.382258, 47.245588 ] ] ], [ [ [ -95.38232, 47.25273 ], [ -95.372755, 47.252456 ], [ -95.372743, 47.249031 ], [ -95.382559, 47.249046 ], [ -95.38232, 47.25273 ] ] ], [ [ [ -95.387814, 47.264323 ], [ -95.382448, 47.264364 ], [ -95.382334, 47.256488 ], [ -95.387786, 47.256494 ], [ -95.387814, 47.264323 ] ] ], [ [ [ -95.393246, 47.228018 ], [ -95.387808, 47.228018 ], [ -95.387821, 47.224243 ], [ -95.393252, 47.224243 ], [ -95.393246, 47.228018 ] ] ], [ [ [ -95.393936, 47.165709 ], [ -95.387832, 47.165708 ], [ -95.387833, 47.161911 ], [ -95.393935, 47.161912 ], [ -95.393936, 47.165709 ] ] ], [ [ [ -95.399865, 47.161913 ], [ -95.393935, 47.161912 ], [ -95.393931, 47.158113 ], [ -95.399869, 47.158117 ], [ -95.399865, 47.161913 ] ] ], [ [ [ -95.403659, 47.238454 ], [ -95.398317, 47.238524 ], [ -95.398316, 47.234749 ], [ -95.403659, 47.234736 ], [ -95.403659, 47.238454 ] ] ], [ [ [ -95.408915, 47.256528 ], [ -95.398317, 47.256488 ], [ -95.398333, 47.252929 ], [ -95.408931, 47.25282 ], [ -95.408915, 47.256528 ] ] ], [ [ [ -95.419812, 47.303591 ], [ -95.414533, 47.303548 ], [ -95.414533, 47.300117 ], [ -95.419812, 47.300117 ], [ -95.419812, 47.303591 ] ] ], [ [ [ -95.419887, 47.281275 ], [ -95.415447, 47.281272 ], [ -95.415411, 47.278279 ], [ -95.419786, 47.278381 ], [ -95.419887, 47.281275 ] ] ], [ [ [ -96.067621, 47.499136 ], [ -95.423728, 47.500301 ], [ -95.424825, 47.292803 ], [ -95.419892, 47.29286 ], [ -95.419891, 47.289437 ], [ -95.424822, 47.289436 ], [ -95.424779, 47.264348 ], [ -95.419659, 47.264349 ], [ -95.419659, 47.256489 ], [ -95.424748, 47.256488 ], [ -95.424694, 47.249288 ], [ -95.414064, 47.252742 ], [ -95.41407, 47.245465 ], [ -95.424403, 47.245501 ], [ -95.42451, 47.241973 ], [ -95.419675, 47.241973 ], [ -95.419689, 47.238549 ], [ -95.424448, 47.238423 ], [ -95.424411, 47.151313 ], [ -95.399866, 47.151122 ], [ -95.399866, 47.155029 ], [ -95.387831, 47.155029 ], [ -95.38783, 47.151231 ], [ -95.31878, 47.151548 ], [ -95.318722, 47.158414 ], [ -95.302748, 47.158367 ], [ -95.30275, 47.154764 ], [ -95.307815, 47.154749 ], [ -95.307816, 47.151666 ], [ -95.297252, 47.151782 ], [ -95.296858, 46.977563 ], [ -96.066021, 46.977307 ], [ -96.067621, 47.499136 ] ] ] ] } },
{ "type": "Feature", "properties": { "AIANNHCE": "1940", "NAMELSAD": "Leech Lake Reservation and Off-Reservation Trust Land", "NAME": "Leech Lake", "AREA_TYPE": "Reservation", "STATE_NAMES": "Minnesota", "DECLARATIONS": 2, "OWN_REQUEST": 0, "UNDER_STATE": 2, "FIRST_YEAR": 2018.0, "LATEST_YEAR": 2022.0, "INCIDENT_LIST": "Flood", "POPULATION": 10935, "LAND_SQ_MI": 973.4, "N_COUNTIES": 4, "COUNTY_NAMES": "Cass County; Itasca County; Beltrami County and others", "COUNTY_DISASTER_MAX": 5 }, "geometry": { "type": "Polygon", "coordinates": [ [ [ -94.684544, 47.154855 ], [ -94.684391, 47.540818 ], [ -94.436426, 47.546714 ], [ -94.414766, 47.542815 ], [ -94.30058, 47.54479 ], [ -94.260148, 47.54245 ], [ -94.264752, 47.551099 ], [ -94.279255, 47.554083 ], [ -94.295511, 47.568353 ], [ -94.302159, 47.569906 ], [ -94.295821, 47.581505 ], [ -94.28615, 47.58224 ], [ -94.284731, 47.586021 ], [ -94.28463, 47.65147 ], [ -94.287575, 47.672129 ], [ -93.902771, 47.673591 ], [ -93.903245, 47.57159 ], [ -93.893008, 47.56683 ], [ -93.884107, 47.55323 ], [ -93.871678, 47.548687 ], [ -93.869409, 47.54251 ], [ -93.799175, 47.543038 ], [ -93.800247, 47.312661 ], [ -93.723824, 47.311286 ], [ -93.723863, 47.25396 ], [ -93.799121, 47.254605 ], [ -93.798275, 47.237086 ], [ -93.798667, 47.222027 ], [ -93.799886, 47.222029 ], [ -93.802401, 47.23279 ], [ -93.80882, 47.232622 ], [ -93.810785, 47.235457 ], [ -93.806673, 47.237243 ], [ -93.812398, 47.242132 ], [ -93.804481, 47.243124 ], [ -93.804574, 47.251338 ], [ -93.799131, 47.255216 ], [ -93.800181, 47.308112 ], [ -93.807704, 47.304451 ], [ -93.808483, 47.307991 ], [ -93.814518, 47.308215 ], [ -93.809008, 47.30011 ], [ -93.817582, 47.305792 ], [ -93.821135, 47.300456 ], [ -93.825163, 47.303601 ], [ -93.825476, 47.309845 ], [ -93.826051, 47.303824 ], [ -93.832691, 47.305787 ], [ -93.832397, 47.30803 ], [ -93.843237, 47.306788 ], [ -93.84238, 47.308925 ], [ -93.847651, 47.310086 ], [ -93.845079, 47.316838 ], [ -93.854467, 47.313962 ], [ -93.853723, 47.318577 ], [ -93.861013, 47.322552 ], [ -93.861042, 47.319363 ], [ -93.868441, 47.320595 ], [ -93.862346, 47.314693 ], [ -93.869559, 47.318461 ], [ -93.873089, 47.315863 ], [ -93.875595, 47.320532 ], [ -93.876386, 47.316712 ], [ -93.883133, 47.317295 ], [ -93.882823, 47.319415 ], [ -93.888105, 47.319001 ], [ -93.885499, 47.323439 ], [ -93.889946, 47.326185 ], [ -93.88968, 47.315549 ], [ -93.893968, 47.31128 ], [ -93.89341, 47.306859 ], [ -93.903382, 47.301514 ], [ -93.903193, 47.298268 ], [ -93.913511, 47.29092 ], [ -93.927674, 47.286521 ], [ -93.938113, 47.280939 ], [ -93.939747, 47.275542 ], [ -93.944541, 47.275066 ], [ -93.944548, 47.267831 ], [ -93.949296, 47.267821 ], [ -93.958871, 47.246937 ], [ -93.958289, 47.242529 ], [ -93.969874, 47.237199 ], [ -93.97532, 47.230874 ], [ -93.982938, 47.238144 ], [ -94.003572, 47.242649 ], [ -93.999994, 47.247451 ], [ -94.011233, 47.251065 ], [ -94.025374, 47.245112 ], [ -94.05122, 47.248797 ], [ -94.061664, 47.239766 ], [ -94.073166, 47.236834 ], [ -94.075609, 47.23254 ], [ -94.110092, 47.232192 ], [ -94.119995, 47.236679 ], [ -94.144265, 47.22988 ], [ -94.155701, 47.232771 ], [ -94.167035, 47.231465 ], [ -94.182232, 47.246042 ], [ -94.195373, 47.243193 ], [ -94.198669, 47.24739 ], [ -94.212173, 47.247688 ], [ -94.21431, 47.250253 ], [ -94.228373, 47.248318 ], [ -94.245134, 47.255455 ], [ -94.244167, 47.258241 ], [ -94.251575, 47.262846 ], [ -94.247714, 47.266284 ], [ -94.244243, 47.278798 ], [ -94.246999, 47.28522 ], [ -94.262857, 47.29306 ], [ -94.284777, 47.29557 ], [ -94.26838, 47.302972 ], [ -94.271876, 47.311052 ], [ -94.277771, 47.315016 ], [ -94.291483, 47.296903 ], [ -94.290361, 47.281284 ], [ -94.282217, 47.283831 ], [ -94.283664, 47.281252 ], [ -94.317976, 47.269276 ], [ -94.320671, 47.266262 ], [ -94.308724, 47.268464 ], [ -94.327079, 47.261603 ], [ -94.362392, 47.235435 ], [ -94.372408, 47.233175 ], [ -94.375492, 47.223588 ], [ -94.417295, 47.215664 ], [ -94.427222, 47.208654 ], [ -94.434112, 47.196771 ], [ -94.440214, 47.194188 ], [ -94.441967, 47.181991 ], [ -94.378324, 47.222678 ], [ -94.286181, 47.226156 ], [ -94.285808, 47.164041 ], [ -94.221254, 47.181541 ], [ -94.161596, 47.161765 ], [ -94.135857, 47.16373 ], [ -94.128081, 47.160337 ], [ -94.119044, 47.1381 ], [ -94.110007, 47.134986 ], [ -94.116916, 47.131909 ], [ -94.110098, 47.12325 ], [ -94.115382, 47.109801 ], [ -94.108267, 47.100212 ], [ -94.099903, 47.095038 ], [ -94.103994, 47.08978 ], [ -94.099136, 47.086161 ], [ -94.098431, 47.07642 ], [ -94.104045, 47.071622 ], [ -94.104076, 47.065454 ], [ -94.099744, 47.065086 ], [ -94.106116, 47.060344 ], [ -94.103447, 47.056381 ], [ -94.10448, 47.048327 ], [ -94.111336, 47.045759 ], [ -94.109393, 47.043769 ], [ -94.113481, 47.0397 ], [ -94.10848, 47.038131 ], [ -94.110248, 47.036591 ], [ -94.106891, 47.033574 ], [ -94.118308, 47.024036 ], [ -94.117861, 47.010253 ], [ -94.130888, 46.999955 ], [ -94.129391, 46.980614 ], [ -94.573397, 47.039038 ], [ -94.549623, 47.085581 ], [ -94.57843, 47.124956 ], [ -94.595523, 47.1568 ], [ -94.603755, 47.1897 ], [ -94.597665, 47.194486 ], [ -94.595284, 47.189117 ], [ -94.589608, 47.186631 ], [ -94.586548, 47.188517 ], [ -94.583661, 47.178924 ], [ -94.58835, 47.184645 ], [ -94.590916, 47.182034 ], [ -94.579231, 47.170256 ], [ -94.577573, 47.180456 ], [ -94.58077, 47.186109 ], [ -94.56362, 47.219805 ], [ -94.566733, 47.218819 ], [ -94.570166, 47.223549 ], [ -94.591017, 47.220733 ], [ -94.606309, 47.222509 ], [ -94.600355, 47.21609 ], [ -94.606622, 47.206978 ], [ -94.605569, 47.197355 ], [ -94.626116, 47.190523 ], [ -94.629869, 47.184472 ], [ -94.627033, 47.18218 ], [ -94.62913, 47.179232 ], [ -94.622479, 47.17717 ], [ -94.623323, 47.170252 ], [ -94.616938, 47.160359 ], [ -94.632151, 47.157798 ], [ -94.634197, 47.154778 ], [ -94.621877, 47.153014 ], [ -94.6048, 47.158113 ], [ -94.596103, 47.156565 ], [ -94.614448, 47.152272 ], [ -94.62279, 47.141131 ], [ -94.622082, 47.133166 ], [ -94.648121, 47.134992 ], [ -94.663902, 47.139575 ], [ -94.66757, 47.148148 ], [ -94.680709, 47.150017 ], [ -94.684544, 47.154855 ] ], [ [ -94.546022, 47.170148 ], [ -94.501214, 47.185322 ], [ -94.444235, 47.180882 ], [ -94.451765, 47.189287 ], [ -94.453921, 47.198241 ], [ -94.429663, 47.211096 ], [ -94.429331, 47.221975 ], [ -94.425368, 47.225929 ], [ -94.409772, 47.231517 ], [ -94.409105, 47.237165 ], [ -94.399064, 47.252028 ], [ -94.400629, 47.258637 ], [ -94.41079, 47.271641 ], [ -94.423413, 47.273713 ], [ -94.423526, 47.279032 ], [ -94.427965, 47.282469 ], [ -94.430071, 47.291616 ], [ -94.431278, 47.286973 ], [ -94.425205, 47.277018 ], [ -94.433721, 47.254624 ], [ -94.44398, 47.24832 ], [ -94.444509, 47.244683 ], [ -94.457145, 47.240447 ], [ -94.462158, 47.231412 ], [ -94.471919, 47.22891 ], [ -94.477001, 47.218505 ], [ -94.483984, 47.215809 ], [ -94.48743, 47.219132 ], [ -94.493575, 47.218777 ], [ -94.509944, 47.212351 ], [ -94.515992, 47.202093 ], [ -94.533421, 47.186996 ], [ -94.534927, 47.179474 ], [ -94.546022, 47.170148 ] ] ] } },
{ "type": "Feature", "properties": { "AIANNHCE": "3205", "NAMELSAD": "Rocky Boy's Reservation and Off-Reservation Trust Land", "NAME": "Rocky Boy's", "AREA_TYPE": "Reservation", "STATE_NAMES": "Montana", "DECLARATIONS": 3, "OWN_REQUEST": 0, "UNDER_STATE": 3, "FIRST_YEAR": 2011.0, "LATEST_YEAR": 2024.0, "INCIDENT_LIST": "Flood; Severe Storm", "POPULATION": 3539, "LAND_SQ_MI": 171.4, "N_COUNTIES": 2, "COUNTY_NAMES": "Hill County; Chouteau County", "COUNTY_DISASTER_MAX": 5 }, "geometry": { "type": "MultiPolygon", "coordinates": [ [ [ [ -109.757075, 48.384024 ], [ -109.751665, 48.384044 ], [ -109.751653, 48.387799 ], [ -109.740636, 48.387836 ], [ -109.741821, 48.380282 ], [ -109.757087, 48.380334 ], [ -109.757075, 48.384024 ] ] ], [ [ [ -109.821027, 48.391283 ], [ -109.8113, 48.391283 ], [ -109.8113, 48.387669 ], [ -109.805916, 48.387669 ], [ -109.805916, 48.384095 ], [ -109.82225, 48.384095 ], [ -109.821027, 48.391283 ] ] ], [ [ [ -109.933024, 48.385683 ], [ -109.927535, 48.385725 ], [ -109.92749, 48.382307 ], [ -109.933002, 48.382443 ], [ -109.933024, 48.385683 ] ] ], [ [ [ -109.943575, 48.363955 ], [ -109.932842, 48.363924 ], [ -109.932781, 48.349511 ], [ -109.943534, 48.349541 ], [ -109.943575, 48.363955 ] ] ], [ [ [ -109.986714, 48.342565 ], [ -109.981649, 48.342574 ], [ -109.981685, 48.338979 ], [ -109.986717, 48.338923 ], [ -109.986714, 48.342565 ] ] ], [ [ [ -110.019473, 48.378781 ], [ -109.997592, 48.378545 ], [ -109.997578, 48.371318 ], [ -110.008569, 48.371125 ], [ -110.00833, 48.367623 ], [ -110.013875, 48.367479 ], [ -110.014082, 48.37472 ], [ -110.019434, 48.374662 ], [ -110.019473, 48.378781 ] ] ], [ [ [ -110.063215, 48.309499 ], [ -110.05218, 48.313384 ], [ -110.053079, 48.317163 ], [ -110.047186, 48.317069 ], [ -110.047058, 48.320546 ], [ -110.051965, 48.320545 ], [ -110.052202, 48.331395 ], [ -110.046343, 48.331451 ], [ -110.046493, 48.335076 ], [ -110.057234, 48.338757 ], [ -110.057543, 48.346072 ], [ -110.046717, 48.346222 ], [ -110.046557, 48.342309 ], [ -110.041203, 48.342287 ], [ -110.041391, 48.349617 ], [ -110.024925, 48.34963 ], [ -110.025241, 48.355294 ], [ -110.01942, 48.356358 ], [ -110.013984, 48.356352 ], [ -110.013803, 48.35122 ], [ -110.002894, 48.351105 ], [ -110.003132, 48.354639 ], [ -109.997899, 48.356687 ], [ -109.997607, 48.364052 ], [ -109.992447, 48.364108 ], [ -109.992425, 48.371253 ], [ -109.986932, 48.37127 ], [ -109.986893, 48.382151 ], [ -109.975873, 48.385886 ], [ -109.975729, 48.393149 ], [ -109.93815, 48.393162 ], [ -109.938258, 48.389535 ], [ -109.943827, 48.389584 ], [ -109.943907, 48.378406 ], [ -109.93866, 48.378467 ], [ -109.93837, 48.371362 ], [ -109.949828, 48.367498 ], [ -109.949682, 48.360252 ], [ -109.954513, 48.360354 ], [ -109.954551, 48.363987 ], [ -109.961696, 48.36402 ], [ -109.961632, 48.356752 ], [ -109.986653, 48.356681 ], [ -109.98661, 48.349554 ], [ -110.019761, 48.349679 ], [ -110.019458, 48.338637 ], [ -110.030292, 48.334997 ], [ -110.030309, 48.320533 ], [ -110.019509, 48.32048 ], [ -110.019357, 48.313328 ], [ -110.008563, 48.313475 ], [ -110.008623, 48.316923 ], [ -110.013791, 48.316975 ], [ -110.013822, 48.32033 ], [ -110.00305, 48.320552 ], [ -110.003254, 48.324012 ], [ -109.992165, 48.320464 ], [ -109.992268, 48.335061 ], [ -109.910981, 48.334873 ], [ -109.910988, 48.349333 ], [ -109.883727, 48.349428 ], [ -109.883724, 48.354407 ], [ -109.880113, 48.354337 ], [ -109.883993, 48.367293 ], [ -109.880097, 48.367252 ], [ -109.879853, 48.378405 ], [ -109.867384, 48.378443 ], [ -109.867419, 48.392803 ], [ -109.883578, 48.394754 ], [ -109.883626, 48.385514 ], [ -109.894531, 48.385494 ], [ -109.894467, 48.381987 ], [ -109.899981, 48.38196 ], [ -109.900018, 48.385636 ], [ -109.91101, 48.385626 ], [ -109.910964, 48.378281 ], [ -109.905548, 48.378307 ], [ -109.905452, 48.374586 ], [ -109.89369, 48.374663 ], [ -109.893689, 48.371272 ], [ -109.916402, 48.371261 ], [ -109.916286, 48.364086 ], [ -109.932842, 48.363924 ], [ -109.932874, 48.374549 ], [ -109.922414, 48.374549 ], [ -109.92195, 48.385769 ], [ -109.927535, 48.385725 ], [ -109.927612, 48.392894 ], [ -109.930626, 48.392871 ], [ -109.930746, 48.398338 ], [ -109.935803, 48.398289 ], [ -109.93584, 48.401922 ], [ -109.941227, 48.401951 ], [ -109.941153, 48.394801 ], [ -109.951952, 48.394702 ], [ -109.952042, 48.438099 ], [ -109.886866, 48.438287 ], [ -109.886913, 48.4309 ], [ -109.893788, 48.429768 ], [ -109.891261, 48.424609 ], [ -109.897745, 48.423678 ], [ -109.898703, 48.416513 ], [ -109.908538, 48.416505 ], [ -109.908469, 48.409253 ], [ -109.89645, 48.409246 ], [ -109.894267, 48.402033 ], [ -109.865195, 48.402064 ], [ -109.865204, 48.394821 ], [ -109.845763, 48.394727 ], [ -109.845776, 48.380426 ], [ -109.822223, 48.380458 ], [ -109.822194, 48.358772 ], [ -109.811331, 48.358782 ], [ -109.811358, 48.366004 ], [ -109.800485, 48.366004 ], [ -109.800479, 48.351542 ], [ -109.795052, 48.351545 ], [ -109.795053, 48.31907 ], [ -109.789582, 48.31907 ], [ -109.789542, 48.315485 ], [ -109.7354, 48.315358 ], [ -109.735345, 48.337061 ], [ -109.713659, 48.337024 ], [ -109.713716, 48.308125 ], [ -109.697481, 48.308091 ], [ -109.697471, 48.297545 ], [ -109.681196, 48.297545 ], [ -109.681193, 48.293924 ], [ -109.675759, 48.293925 ], [ -109.675764, 48.286687 ], [ -109.670332, 48.286689 ], [ -109.67034, 48.279451 ], [ -109.686627, 48.279441 ], [ -109.686627, 48.283062 ], [ -109.713705, 48.28487 ], [ -109.713356, 48.221519 ], [ -109.617572, 48.221476 ], [ -109.617443, 48.148731 ], [ -109.817749, 48.147275 ], [ -109.820875, 48.157922 ], [ -109.824097, 48.157925 ], [ -109.822085, 48.161979 ], [ -109.833844, 48.201067 ], [ -109.851444, 48.201033 ], [ -109.851445, 48.20488 ], [ -109.856751, 48.20489 ], [ -109.856753, 48.208379 ], [ -109.867685, 48.208401 ], [ -109.867685, 48.215364 ], [ -109.872976, 48.215329 ], [ -109.873023, 48.219588 ], [ -109.883822, 48.219535 ], [ -109.883595, 48.212246 ], [ -109.888761, 48.212236 ], [ -109.888678, 48.204926 ], [ -109.894082, 48.204899 ], [ -109.894047, 48.201415 ], [ -109.899563, 48.201293 ], [ -109.899503, 48.197578 ], [ -109.904909, 48.197541 ], [ -109.904956, 48.201024 ], [ -109.921375, 48.20091 ], [ -109.921446, 48.204411 ], [ -109.932239, 48.20433 ], [ -109.932352, 48.211936 ], [ -109.926561, 48.211973 ], [ -109.926662, 48.218804 ], [ -109.948452, 48.218653 ], [ -109.948679, 48.232971 ], [ -109.932283, 48.233085 ], [ -109.932225, 48.229345 ], [ -109.910244, 48.229498 ], [ -109.910207, 48.233647 ], [ -109.888599, 48.233753 ], [ -109.888575, 48.230483 ], [ -109.893597, 48.230459 ], [ -109.893549, 48.226279 ], [ -109.873037, 48.226274 ], [ -109.872973, 48.2227 ], [ -109.867352, 48.22273 ], [ -109.867295, 48.218818 ], [ -109.856356, 48.218899 ], [ -109.856144, 48.233493 ], [ -109.851267, 48.233528 ], [ -109.851242, 48.237316 ], [ -109.857055, 48.237317 ], [ -109.857053, 48.241194 ], [ -109.84727, 48.244887 ], [ -109.850996, 48.251876 ], [ -109.889002, 48.251906 ], [ -109.88905, 48.255503 ], [ -109.884508, 48.255798 ], [ -109.88411, 48.262527 ], [ -109.889433, 48.262516 ], [ -109.889399, 48.269654 ], [ -109.905741, 48.269697 ], [ -109.905768, 48.273 ], [ -109.910935, 48.272989 ], [ -109.910973, 48.276977 ], [ -109.932664, 48.27703 ], [ -109.932656, 48.269681 ], [ -109.937936, 48.269693 ], [ -109.937944, 48.266201 ], [ -109.960231, 48.266211 ], [ -109.960164, 48.262588 ], [ -109.949116, 48.262447 ], [ -109.949097, 48.258981 ], [ -109.943813, 48.258941 ], [ -109.943626, 48.244421 ], [ -109.938312, 48.244416 ], [ -109.938256, 48.23731 ], [ -109.948931, 48.237261 ], [ -109.948989, 48.240811 ], [ -109.954395, 48.24079 ], [ -109.954517, 48.244402 ], [ -109.959665, 48.244448 ], [ -109.959654, 48.247917 ], [ -109.96533, 48.248051 ], [ -109.965372, 48.251298 ], [ -109.975994, 48.248079 ], [ -109.976155, 48.255698 ], [ -109.970439, 48.255713 ], [ -109.970467, 48.262592 ], [ -109.976402, 48.262581 ], [ -109.976306, 48.269742 ], [ -109.949275, 48.269687 ], [ -109.949269, 48.273361 ], [ -109.937963, 48.27336 ], [ -109.938063, 48.28425 ], [ -109.932368, 48.284173 ], [ -109.93249, 48.291455 ], [ -109.954407, 48.291573 ], [ -109.955102, 48.284283 ], [ -109.975707, 48.284315 ], [ -109.975931, 48.27709 ], [ -110.008748, 48.276969 ], [ -110.008805, 48.280783 ], [ -110.013632, 48.280751 ], [ -110.014062, 48.30605 ], [ -110.007071, 48.306023 ], [ -110.006981, 48.309891 ], [ -110.030425, 48.309733 ], [ -110.030286, 48.306073 ], [ -110.063116, 48.306055 ], [ -110.063215, 48.309499 ] ], [ [ -109.946553, 48.423486 ], [ -109.941332, 48.423525 ], [ -109.941344, 48.427005 ], [ -109.946573, 48.426957 ], [ -109.946553, 48.423486 ] ], [ [ -109.932772, 48.306029 ], [ -109.881459, 48.305966 ], [ -109.88152, 48.313178 ], [ -109.889267, 48.313189 ], [ -109.889136, 48.320326 ], [ -109.932774, 48.320423 ], [ -109.932772, 48.306029 ] ], [ [ -109.930384, 48.41635 ], [ -109.919368, 48.416372 ], [ -109.919402, 48.423658 ], [ -109.930477, 48.423261 ], [ -109.930384, 48.41635 ] ], [ [ -109.884098, 48.338562 ], [ -109.878625, 48.33856 ], [ -109.878638, 48.334887 ], [ -109.871537, 48.334842 ], [ -109.87678, 48.34191 ], [ -109.884134, 48.341913 ], [ -109.884098, 48.338562 ] ], [ [ -109.851159, 48.334814 ], [ -109.845848, 48.334879 ], [ -109.845828, 48.344331 ], [ -109.851172, 48.344348 ], [ -109.851159, 48.334814 ] ], [ [ -109.822194, 48.308114 ], [ -109.797723, 48.308128 ], [ -109.800424, 48.308176 ], [ -109.800413, 48.315353 ], [ -109.822185, 48.315346 ], [ -109.822194, 48.308114 ] ], [ [ -109.785725, 48.257602 ], [ -109.7786, 48.256283 ], [ -109.778584, 48.257638 ], [ -109.785725, 48.257602 ] ] ], [ [ [ -110.084486, 48.320534 ], [ -110.078965, 48.320551 ], [ -110.078945, 48.317294 ], [ -110.084322, 48.317284 ], [ -110.084486, 48.320534 ] ] ], [ [ [ -110.085081, 48.255382 ], [ -110.073854, 48.255333 ], [ -110.073811, 48.251764 ], [ -110.085035, 48.251742 ], [ -110.085081, 48.255382 ] ] ], [ [ [ -110.377876, 48.333489 ], [ -110.36601, 48.333528 ], [ -110.366163, 48.326079 ], [ -110.376998, 48.326021 ], [ -110.377876, 48.333489 ] ] ], [ [ [ -110.443106, 48.39163 ], [ -110.432473, 48.391691 ], [ -110.432401, 48.384441 ], [ -110.443119, 48.384453 ], [ -110.443106, 48.39163 ] ] ] ] } },
{ "type": "Feature", "properties": { "AIANNHCE": "2430", "NAMELSAD": "Navajo Nation Reservation and Off-Reservation Trust Land", "NAME": "Navajo Nation", "AREA_TYPE": "Reservation", "STATE_NAMES": "Arizona; Colorado; New Mexico; Utah", "DECLARATIONS": 5, "OWN_REQUEST": 3, "UNDER_STATE": 2, "FIRST_YEAR": 2013.0, "LATEST_YEAR": 2023.0, "INCIDENT_LIST": "Flood; Freezing; Severe Storm", "POPULATION": 164533, "LAND_SQ_MI": 24429.2, "N_COUNTIES": 12, "COUNTY_NAMES": "Apache County; Coconino County; Navajo County and others", "COUNTY_DISASTER_MAX": 6 }, "geometry": { "type": "MultiPolygon", "coordinates": [ [ [ [ -108.522528, 35.147963 ], [ -108.513758, 35.147924 ], [ -108.514167, 35.140769 ], [ -108.522588, 35.140447 ], [ -108.522528, 35.147963 ] ] ], [ [ [ -108.523819, 34.990679 ], [ -108.523484, 35.004209 ], [ -108.505461, 35.003345 ], [ -108.504972, 34.987941 ], [ -108.523819, 34.990679 ] ] ], [ [ [ -108.539909, 35.162458 ], [ -108.5222, 35.162369 ], [ -108.522528, 35.147963 ], [ -108.539893, 35.148023 ], [ -108.539909, 35.162458 ] ] ], [ [ [ -108.541631, 35.033229 ], [ -108.54011, 35.090444 ], [ -108.522408, 35.090155 ], [ -108.521581, 35.104358 ], [ -108.503776, 35.104548 ], [ -108.504201, 35.11882 ], [ -108.469654, 35.11905 ], [ -108.469694, 35.133239 ], [ -108.451997, 35.133253 ], [ -108.452147, 35.11884 ], [ -108.443265, 35.118834 ], [ -108.443332, 35.111859 ], [ -108.43449, 35.111708 ], [ -108.434133, 35.090053 ], [ -108.451853, 35.09004 ], [ -108.451945, 35.075467 ], [ -108.469891, 35.075399 ], [ -108.469802, 35.06084 ], [ -108.487806, 35.060609 ], [ -108.488176, 35.046374 ], [ -108.522683, 35.047166 ], [ -108.523461, 35.033385 ], [ -108.541631, 35.033229 ] ], [ [ -108.487415, 35.07554 ], [ -108.469888, 35.075793 ], [ -108.469756, 35.090014 ], [ -108.487712, 35.090322 ], [ -108.487415, 35.07554 ] ], [ [ -108.503776, 35.104548 ], [ -108.504121, 35.097164 ], [ -108.491865, 35.097128 ], [ -108.49632, 35.104591 ], [ -108.503776, 35.104548 ] ] ], [ [ [ -108.57272, 34.857059 ], [ -108.554924, 34.857138 ], [ -108.555013, 34.872396 ], [ -108.502592, 34.872003 ], [ -108.502636, 34.857837 ], [ -108.485251, 34.857515 ], [ -108.485074, 34.871599 ], [ -108.469596, 34.871527 ], [ -108.469754, 34.885907 ], [ -108.45051, 34.885904 ], [ -108.45066, 34.900383 ], [ -108.46897, 34.900251 ], [ -108.468815, 34.914654 ], [ -108.451153, 34.914781 ], [ -108.451053, 34.929229 ], [ -108.433711, 34.928877 ], [ -108.433794, 34.944218 ], [ -108.450633, 34.944117 ], [ -108.450852, 34.959165 ], [ -108.397574, 34.959219 ], [ -108.398101, 34.944158 ], [ -108.380328, 34.944189 ], [ -108.3796, 34.959295 ], [ -108.310845, 34.959325 ], [ -108.311006, 34.974503 ], [ -108.30153, 34.974645 ], [ -108.301294, 34.959958 ], [ -108.292455, 34.959855 ], [ -108.292429, 34.945131 ], [ -108.273812, 34.945595 ], [ -108.274344, 34.93463 ], [ -108.255954, 34.934464 ], [ -108.256171, 34.886815 ], [ -108.273633, 34.886763 ], [ -108.272893, 34.8721 ], [ -108.256214, 34.872301 ], [ -108.255326, 34.814015 ], [ -108.241933, 34.813626 ], [ -108.241995, 34.806186 ], [ -108.25552, 34.806678 ], [ -108.255328, 34.799384 ], [ -108.273689, 34.7993 ], [ -108.274033, 34.784532 ], [ -108.257001, 34.784619 ], [ -108.256764, 34.755594 ], [ -108.247275, 34.75554 ], [ -108.247275, 34.748061 ], [ -108.256029, 34.748075 ], [ -108.256236, 34.711801 ], [ -108.2735, 34.712084 ], [ -108.273274, 34.697214 ], [ -108.32789, 34.696872 ], [ -108.327838, 34.711761 ], [ -108.344659, 34.711661 ], [ -108.344335, 34.725784 ], [ -108.361681, 34.72592 ], [ -108.362352, 34.798697 ], [ -108.37884, 34.798799 ], [ -108.378781, 34.784363 ], [ -108.413752, 34.784201 ], [ -108.414096, 34.769613 ], [ -108.431943, 34.76954 ], [ -108.431776, 34.776655 ], [ -108.422684, 34.776668 ], [ -108.42232, 34.78424 ], [ -108.43165, 34.784257 ], [ -108.431835, 34.798776 ], [ -108.450442, 34.798692 ], [ -108.450557, 34.784112 ], [ -108.467635, 34.78404 ], [ -108.467441, 34.798615 ], [ -108.484979, 34.799061 ], [ -108.485317, 34.784863 ], [ -108.492825, 34.785019 ], [ -108.492984, 34.777627 ], [ -108.502329, 34.77741 ], [ -108.50243, 34.784862 ], [ -108.538009, 34.784965 ], [ -108.537669, 34.799102 ], [ -108.555376, 34.798674 ], [ -108.555785, 34.7848 ], [ -108.571747, 34.784523 ], [ -108.57272, 34.857059 ] ], [ [ -108.537773, 34.828234 ], [ -108.519847, 34.828291 ], [ -108.520088, 34.842831 ], [ -108.53775, 34.842531 ], [ -108.537773, 34.828234 ] ], [ [ -108.432127, 34.828087 ], [ -108.414746, 34.828134 ], [ -108.414757, 34.842523 ], [ -108.432135, 34.842751 ], [ -108.432127, 34.828087 ] ], [ [ -108.397314, 34.857094 ], [ -108.379622, 34.857185 ], [ -108.380052, 34.871829 ], [ -108.397608, 34.871716 ], [ -108.397314, 34.857094 ] ], [ [ -108.37089, 34.81689 ], [ -108.362095, 34.816911 ], [ -108.362242, 34.820601 ], [ -108.370857, 34.820641 ], [ -108.37089, 34.81689 ] ], [ [ -108.349043, 34.839134 ], [ -108.353044, 34.835424 ], [ -108.348995, 34.835416 ], [ -108.349043, 34.839134 ] ], [ [ -108.345299, 34.886789 ], [ -108.344671, 34.871616 ], [ -108.326722, 34.871676 ], [ -108.326734, 34.886577 ], [ -108.345299, 34.886789 ] ], [ [ -108.344711, 34.784296 ], [ -108.326828, 34.784222 ], [ -108.326532, 34.798819 ], [ -108.343724, 34.798821 ], [ -108.344711, 34.784296 ] ], [ [ -108.32712, 34.828255 ], [ -108.308575, 34.828208 ], [ -108.307568, 34.842648 ], [ -108.325517, 34.842709 ], [ -108.32712, 34.828255 ] ], [ [ -108.326819, 34.929371 ], [ -108.326475, 34.91591 ], [ -108.308996, 34.916167 ], [ -108.308834, 34.92985 ], [ -108.326819, 34.929371 ] ], [ [ -108.30938, 34.783862 ], [ -108.291712, 34.784353 ], [ -108.291606, 34.79916 ], [ -108.308509, 34.798766 ], [ -108.30938, 34.783862 ] ], [ [ -108.296208, 34.762439 ], [ -108.291883, 34.762431 ], [ -108.291886, 34.76623 ], [ -108.296131, 34.766257 ], [ -108.296208, 34.762439 ] ], [ [ -108.272893, 34.8721 ], [ -108.290901, 34.871885 ], [ -108.28998, 34.857004 ], [ -108.273004, 34.857634 ], [ -108.272893, 34.8721 ] ], [ [ -108.326866, 34.740206 ], [ -108.309825, 34.740312 ], [ -108.309865, 34.75553 ], [ -108.326915, 34.755508 ], [ -108.326866, 34.740206 ] ], [ [ -108.344335, 34.725784 ], [ -108.327145, 34.72578 ], [ -108.326866, 34.740206 ], [ -108.344336, 34.739945 ], [ -108.344335, 34.725784 ] ], [ [ -108.39734, 34.931018 ], [ -108.398278, 34.915661 ], [ -108.380636, 34.915783 ], [ -108.379807, 34.930122 ], [ -108.39734, 34.931018 ] ], [ [ -108.416116, 34.930535 ], [ -108.39734, 34.931018 ], [ -108.398121, 34.944155 ], [ -108.415805, 34.94413 ], [ -108.416116, 34.930535 ] ], [ [ -108.433711, 34.928877 ], [ -108.43357, 34.91491 ], [ -108.416579, 34.916332 ], [ -108.416116, 34.930535 ], [ -108.433711, 34.928877 ] ], [ [ -108.45051, 34.885904 ], [ -108.450412, 34.871591 ], [ -108.433167, 34.871779 ], [ -108.433769, 34.886076 ], [ -108.45051, 34.885904 ] ], [ [ -108.533148, 34.806559 ], [ -108.529003, 34.806744 ], [ -108.52874, 34.810012 ], [ -108.533216, 34.810173 ], [ -108.533148, 34.806559 ] ], [ [ -108.537669, 34.799102 ], [ -108.533016, 34.799295 ], [ -108.533148, 34.806559 ], [ -108.537658, 34.806415 ], [ -108.537669, 34.799102 ] ], [ [ -108.519847, 34.828291 ], [ -108.519948, 34.820624 ], [ -108.511167, 34.820686 ], [ -108.512232, 34.82823 ], [ -108.519847, 34.828291 ] ], [ [ -108.380052, 34.871829 ], [ -108.36229, 34.871926 ], [ -108.362384, 34.886628 ], [ -108.380051, 34.886326 ], [ -108.380052, 34.871829 ] ], [ [ -108.291712, 34.784353 ], [ -108.291881, 34.770753 ], [ -108.274025, 34.770822 ], [ -108.274154, 34.78453 ], [ -108.291712, 34.784353 ] ] ], [ [ [ -108.599633, 35.335635 ], [ -108.582443, 35.335753 ], [ -108.581774, 35.321427 ], [ -108.599118, 35.321233 ], [ -108.599633, 35.335635 ] ] ], [ [ [ -108.616997, 35.320766 ], [ -108.59932, 35.321233 ], [ -108.59927, 35.306841 ], [ -108.617119, 35.306829 ], [ -108.616997, 35.320766 ] ] ], [ [ [ -108.680151, 35.350136 ], [ -108.643815, 35.350104 ], [ -108.643896, 35.364697 ], [ -108.635539, 35.364686 ], [ -108.635498, 35.344751 ], [ -108.627221, 35.343114 ], [ -108.618072, 35.344813 ], [ -108.617984, 35.347814 ], [ -108.59981, 35.347966 ], [ -108.599633, 35.335635 ], [ -108.608097, 35.335673 ], [ -108.608088, 35.324995 ], [ -108.616964, 35.324901 ], [ -108.616997, 35.320766 ], [ -108.635018, 35.320341 ], [ -108.635159, 35.306672 ], [ -108.670158, 35.307097 ], [ -108.670172, 35.314239 ], [ -108.657054, 35.31424 ], [ -108.657112, 35.309762 ], [ -108.652149, 35.309762 ], [ -108.652148, 35.335167 ], [ -108.670143, 35.33532 ], [ -108.670159, 35.344608 ], [ -108.680178, 35.344628 ], [ -108.680151, 35.350136 ] ], [ [ -108.626905, 35.337282 ], [ -108.61819, 35.335475 ], [ -108.618175, 35.339387 ], [ -108.626905, 35.337282 ] ] ], [ [ [ -108.690351, 35.550131 ], [ -108.671494, 35.550683 ], [ -108.669781, 35.53747 ], [ -108.689076, 35.537532 ], [ -108.690351, 35.550131 ] ] ], [ [ [ -108.706543, 35.521006 ], [ -108.697613, 35.522845 ], [ -108.69778, 35.508467 ], [ -108.706707, 35.508322 ], [ -108.706543, 35.521006 ] ] ], [ [ [ -108.71965, 35.508588 ], [ -108.711576, 35.508767 ], [ -108.711386, 35.501333 ], [ -108.719635, 35.501412 ], [ -108.71965, 35.508588 ] ] ], [ [ [ -108.72332, 35.638368 ], [ -108.72334, 35.652714 ], [ -108.704627, 35.652729 ], [ -108.704959, 35.637688 ], [ -108.72332, 35.638368 ] ] ], [ [ [ -108.723584, 35.608708 ], [ -108.7235, 35.623411 ], [ -108.705272, 35.623543 ], [ -108.705695, 35.608943 ], [ -108.723584, 35.608708 ] ] ], [ [ [ -108.74013, 35.608846 ], [ -108.723701, 35.608551 ], [ -108.724213, 35.594448 ], [ -108.739914, 35.594449 ], [ -108.74013, 35.608846 ] ] ], [ [ [ -108.740672, 35.637485 ], [ -108.723422, 35.637583 ], [ -108.7235, 35.623411 ], [ -108.740563, 35.623565 ], [ -108.740672, 35.637485 ] ] ], [ [ [ -108.758142, 35.623571 ], [ -108.740563, 35.623565 ], [ -108.74013, 35.608846 ], [ -108.757936, 35.608747 ], [ -108.758142, 35.623571 ] ] ], [ [ [ -108.775625, 35.637415 ], [ -108.757986, 35.637395 ], [ -108.758142, 35.623571 ], [ -108.775764, 35.623525 ], [ -108.775625, 35.637415 ] ] ], [ [ [ -108.775785, 35.608795 ], [ -108.758315, 35.60842 ], [ -108.758748, 35.594406 ], [ -108.773597, 35.594344 ], [ -108.775791, 35.594363 ], [ -108.775785, 35.608795 ] ] ], [ [ [ -108.777767, 35.49354 ], [ -108.759824, 35.493827 ], [ -108.761823, 35.481266 ], [ -108.759806, 35.479578 ], [ -108.778092, 35.479841 ], [ -108.777767, 35.49354 ] ] ], [ [ [ -108.792782, 35.653025 ], [ -108.775466, 35.652718 ], [ -108.775625, 35.637415 ], [ -108.792758, 35.6375 ], [ -108.792782, 35.653025 ] ] ], [ [ [ -108.792864, 35.623455 ], [ -108.775764, 35.623525 ], [ -108.775785, 35.608795 ], [ -108.792921, 35.60907 ], [ -108.792864, 35.623455 ] ] ], [ [ [ -108.792979, 35.594453 ], [ -108.775791, 35.594363 ], [ -108.775827, 35.580226 ], [ -108.79308, 35.580476 ], [ -108.792979, 35.594453 ] ] ], [ [ [ -108.795361, 35.500547 ], [ -108.777735, 35.500783 ], [ -108.777761, 35.493811 ], [ -108.782823, 35.493785 ], [ -108.782834, 35.486308 ], [ -108.78678, 35.486238 ], [ -108.786942, 35.482994 ], [ -108.791274, 35.482978 ], [ -108.791128, 35.490034 ], [ -108.786878, 35.490005 ], [ -108.786846, 35.493747 ], [ -108.795267, 35.49346 ], [ -108.795361, 35.500547 ] ] ], [ [ [ -108.810424, 35.623648 ], [ -108.810138, 35.637821 ], [ -108.792774, 35.637442 ], [ -108.792864, 35.623455 ], [ -108.810424, 35.623648 ] ] ], [ [ [ -108.810399, 35.608991 ], [ -108.792921, 35.60907 ], [ -108.792979, 35.594453 ], [ -108.810521, 35.594546 ], [ -108.810399, 35.608991 ] ] ], [ [ [ -108.81056, 35.580546 ], [ -108.79308, 35.580476 ], [ -108.791824, 35.565777 ], [ -108.810627, 35.56611 ], [ -108.81056, 35.580546 ] ] ], [ [ [ -108.82217, 35.486478 ], [ -108.813156, 35.486337 ], [ -108.813008, 35.479422 ], [ -108.821873, 35.479219 ], [ -108.82217, 35.486478 ] ] ], [ [ [ -108.828621, 35.594641 ], [ -108.810521, 35.594546 ], [ -108.81056, 35.580546 ], [ -108.828527, 35.580605 ], [ -108.828621, 35.594641 ] ] ], [ [ [ -108.828666, 35.638301 ], [ -108.82739, 35.652566 ], [ -108.810107, 35.652312 ], [ -108.810138, 35.637821 ], [ -108.828666, 35.638301 ] ] ], [ [ [ -108.845673, 35.62359 ], [ -108.84541, 35.638534 ], [ -108.828666, 35.638301 ], [ -108.828087, 35.623805 ], [ -108.810424, 35.623648 ], [ -108.810309, 35.609471 ], [ -108.828698, 35.609548 ], [ -108.828763, 35.623411 ], [ -108.845673, 35.62359 ] ] ], [ [ [ -108.846291, 35.609933 ], [ -108.828698, 35.609548 ], [ -108.828621, 35.594641 ], [ -108.84634, 35.594728 ], [ -108.846291, 35.609933 ] ] ], [ [ [ -108.846424, 35.580606 ], [ -108.828527, 35.580605 ], [ -108.828387, 35.566037 ], [ -108.84648, 35.566089 ], [ -108.846424, 35.580606 ] ] ], [ [ [ -108.864303, 35.59468 ], [ -108.84634, 35.594728 ], [ -108.846424, 35.580606 ], [ -108.864593, 35.580608 ], [ -108.864303, 35.59468 ] ] ], [ [ [ -108.865846, 35.492517 ], [ -108.865813, 35.500014 ], [ -108.860591, 35.499979 ], [ -108.860601, 35.495158 ], [ -108.851418, 35.495304 ], [ -108.851418, 35.492489 ], [ -108.865846, 35.492517 ] ] ], [ [ [ -108.880923, 35.638671 ], [ -108.862693, 35.638541 ], [ -108.863014, 35.62367 ], [ -108.880823, 35.62382 ], [ -108.880923, 35.638671 ] ] ], [ [ [ -108.882137, 35.566019 ], [ -108.881886, 35.580651 ], [ -108.864593, 35.580608 ], [ -108.864732, 35.56485 ], [ -108.882137, 35.566019 ] ] ], [ [ [ -108.882315, 35.544641 ], [ -108.864829, 35.544689 ], [ -108.864839, 35.537391 ], [ -108.882008, 35.537357 ], [ -108.882315, 35.544641 ] ] ], [ [ [ -108.899528, 35.623809 ], [ -108.880823, 35.62382 ], [ -108.880803, 35.609039 ], [ -108.900109, 35.608941 ], [ -108.899528, 35.623809 ] ] ], [ [ [ -108.900464, 35.537275 ], [ -108.882008, 35.537357 ], [ -108.882285, 35.529657 ], [ -108.900463, 35.52986 ], [ -108.900464, 35.537275 ] ] ], [ [ [ -108.900316, 35.594823 ], [ -108.88177, 35.594811 ], [ -108.881825, 35.587179 ], [ -108.890753, 35.587187 ], [ -108.890764, 35.580415 ], [ -108.900525, 35.580475 ], [ -108.900316, 35.594823 ] ] ], [ [ [ -108.909003, 35.544541 ], [ -108.900041, 35.544669 ], [ -108.900464, 35.537275 ], [ -108.909122, 35.537286 ], [ -108.909003, 35.544541 ] ] ], [ [ [ -108.909361, 35.573043 ], [ -108.900269, 35.57282 ], [ -108.900278, 35.56542 ], [ -108.909371, 35.565534 ], [ -108.909361, 35.573043 ] ] ], [ [ [ -108.918926, 35.609091 ], [ -108.900109, 35.608941 ], [ -108.900316, 35.594823 ], [ -108.918957, 35.594855 ], [ -108.918926, 35.609091 ] ] ], [ [ [ -108.927323, 35.486676 ], [ -108.918555, 35.486884 ], [ -108.918083, 35.479812 ], [ -108.927551, 35.479832 ], [ -108.927323, 35.486676 ] ] ], [ [ [ -108.927879, 35.500647 ], [ -108.91889, 35.500731 ], [ -108.918961, 35.49343 ], [ -108.928001, 35.493525 ], [ -108.927879, 35.500647 ] ] ], [ [ [ -108.93584, 35.62359 ], [ -108.918757, 35.623955 ], [ -108.918926, 35.609091 ], [ -108.9361, 35.61015 ], [ -108.93584, 35.62359 ] ] ], [ [ [ -108.937006, 35.515062 ], [ -108.93608, 35.53738 ], [ -108.918443, 35.537398 ], [ -108.918456, 35.522347 ], [ -108.900702, 35.522374 ], [ -108.901238, 35.507505 ], [ -108.892056, 35.507483 ], [ -108.89234, 35.501205 ], [ -108.884063, 35.501051 ], [ -108.883746, 35.487167 ], [ -108.891712, 35.487283 ], [ -108.891052, 35.49619 ], [ -108.900726, 35.496593 ], [ -108.901297, 35.507505 ], [ -108.92788, 35.507771 ], [ -108.92801, 35.514996 ], [ -108.937006, 35.515062 ] ] ], [ [ [ -108.937032, 35.507939 ], [ -108.92788, 35.507771 ], [ -108.927891, 35.500798 ], [ -108.936714, 35.500863 ], [ -108.937032, 35.507939 ] ] ], [ [ [ -108.955011, 35.522301 ], [ -108.946296, 35.522282 ], [ -108.946278, 35.514887 ], [ -108.937006, 35.515062 ], [ -108.937083, 35.507908 ], [ -108.954189, 35.507949 ], [ -108.955011, 35.522301 ] ] ], [ [ [ -108.954873, 35.638493 ], [ -108.935546, 35.638825 ], [ -108.93584, 35.62359 ], [ -108.955031, 35.623676 ], [ -108.954873, 35.638493 ] ] ], [ [ [ -108.95516, 35.609624 ], [ -108.946479, 35.609604 ], [ -108.946482, 35.602508 ], [ -108.936159, 35.602498 ], [ -108.936087, 35.594846 ], [ -108.955346, 35.595088 ], [ -108.95516, 35.609624 ] ] ], [ [ [ -108.956012, 35.551323 ], [ -108.93607, 35.551318 ], [ -108.93608, 35.53738 ], [ -108.955085, 35.536589 ], [ -108.956012, 35.551323 ] ] ], [ [ [ -108.956018, 35.572807 ], [ -108.947576, 35.572686 ], [ -108.947516, 35.579886 ], [ -108.935951, 35.580531 ], [ -108.936087, 35.594846 ], [ -108.918957, 35.594855 ], [ -108.91847, 35.580374 ], [ -108.935936, 35.579999 ], [ -108.935965, 35.561603 ], [ -108.918867, 35.561789 ], [ -108.919014, 35.551062 ], [ -108.936057, 35.551332 ], [ -108.936038, 35.558105 ], [ -108.946129, 35.558278 ], [ -108.946038, 35.565187 ], [ -108.956041, 35.565239 ], [ -108.956018, 35.572807 ] ] ], [ [ [ -108.972791, 35.465142 ], [ -108.972342, 35.479927 ], [ -108.954991, 35.479871 ], [ -108.954886, 35.489453 ], [ -108.951264, 35.489394 ], [ -108.951176, 35.482596 ], [ -108.947943, 35.48251 ], [ -108.947839, 35.485464 ], [ -108.939357, 35.485532 ], [ -108.93935, 35.489382 ], [ -108.936582, 35.489338 ], [ -108.939229, 35.47983 ], [ -108.954923, 35.479871 ], [ -108.954923, 35.465267 ], [ -108.972791, 35.465142 ] ] ], [ [ [ -108.972904, 35.365188 ], [ -108.955173, 35.365161 ], [ -108.954995, 35.351069 ], [ -108.972907, 35.350935 ], [ -108.972904, 35.365188 ] ] ], [ [ [ -108.973368, 35.623736 ], [ -108.955031, 35.623676 ], [ -108.95516, 35.609624 ], [ -108.973644, 35.609683 ], [ -108.973368, 35.623736 ] ] ], [ [ [ -108.973931, 35.595351 ], [ -108.955346, 35.595088 ], [ -108.955544, 35.579932 ], [ -108.974202, 35.580411 ], [ -108.973931, 35.595351 ] ] ], [ [ [ -108.98991, 35.63827 ], [ -108.973058, 35.638376 ], [ -108.973368, 35.623736 ], [ -108.989909, 35.623838 ], [ -108.98991, 35.63827 ] ] ], [ [ [ -108.989922, 35.609724 ], [ -108.973644, 35.609683 ], [ -108.973931, 35.595351 ], [ -108.989918, 35.595547 ], [ -108.989922, 35.609724 ] ] ], [ [ [ -109.007857, 35.595732 ], [ -108.989918, 35.595547 ], [ -108.989923, 35.580083 ], [ -109.007706, 35.580765 ], [ -109.007857, 35.595732 ] ] ], [ [ [ -109.007975, 35.623914 ], [ -108.989909, 35.623838 ], [ -108.989922, 35.609724 ], [ -109.007915, 35.609732 ], [ -109.007975, 35.623914 ] ] ], [ [ [ -109.008883, 35.529652 ], [ -109.000623, 35.52956 ], [ -109.000646, 35.522313 ], [ -108.989462, 35.521923 ], [ -108.990375, 35.514599 ], [ -108.994714, 35.5146 ], [ -108.994469, 35.517698 ], [ -109.005371, 35.517695 ], [ -109.008883, 35.529652 ] ] ], [ [ [ -109.009346, 35.494893 ], [ -109.008931, 35.508446 ], [ -108.990247, 35.508393 ], [ -108.990375, 35.514599 ], [ -108.980616, 35.514552 ], [ -108.980648, 35.522001 ], [ -108.973509, 35.522483 ], [ -108.972764, 35.508147 ], [ -108.990232, 35.507599 ], [ -108.990173, 35.493652 ], [ -109.009346, 35.494893 ] ] ], [ [ [ -109.018044, 35.206391 ], [ -108.99999, 35.206359 ], [ -108.999958, 35.190511 ], [ -109.018099, 35.190056 ], [ -109.018044, 35.206391 ] ] ], [ [ [ -109.025606, 35.522247 ], [ -109.008846, 35.522247 ], [ -109.008931, 35.508446 ], [ -109.02624, 35.50843 ], [ -109.025606, 35.522247 ] ] ], [ [ [ -109.026359, 35.465298 ], [ -109.017064, 35.46526 ], [ -109.017065, 35.472522 ], [ -109.009565, 35.472522 ], [ -109.009497, 35.480108 ], [ -108.990183, 35.481231 ], [ -108.990656, 35.465145 ], [ -109.009476, 35.46515 ], [ -109.009458, 35.450762 ], [ -109.026266, 35.450763 ], [ -109.026359, 35.465298 ] ] ], [ [ [ -109.026471, 35.624014 ], [ -109.026407, 35.638128 ], [ -109.008006, 35.638161 ], [ -109.007975, 35.623914 ], [ -109.026471, 35.624014 ] ] ], [ [ [ -109.026552, 35.609783 ], [ -109.007915, 35.609732 ], [ -109.007857, 35.595732 ], [ -109.026629, 35.595925 ], [ -109.026552, 35.609783 ] ] ], [ [ [ -109.035782, 35.248803 ], [ -109.017929, 35.248783 ], [ -109.017929, 35.234496 ], [ -109.035814, 35.234576 ], [ -109.035782, 35.248803 ] ] ], [ [ [ -109.041996, 35.646847 ], [ -109.03393, 35.646914 ], [ -109.033943, 35.639493 ], [ -109.042055, 35.639504 ], [ -109.041996, 35.646847 ] ] ], [ [ [ -109.042901, 35.450764 ], [ -109.026266, 35.450763 ], [ -109.026192, 35.437577 ], [ -109.042911, 35.437473 ], [ -109.042901, 35.450764 ] ] ], [ [ [ -109.043564, 35.596099 ], [ -109.026629, 35.595925 ], [ -109.026712, 35.581386 ], [ -109.04336, 35.581877 ], [ -109.043564, 35.596099 ] ] ], [ [ [ -109.043602, 35.494006 ], [ -109.043581, 35.508408 ], [ -109.026294, 35.508371 ], [ -109.026368, 35.493727 ], [ -109.043602, 35.494006 ] ] ], [ [ [ -109.04422, 35.624128 ], [ -109.026471, 35.624014 ], [ -109.026552, 35.609783 ], [ -109.043881, 35.609967 ], [ -109.04422, 35.624128 ] ] ], [ [ [ -109.222146, 37.392802 ], [ -109.213419, 37.392817 ], [ -109.209237, 37.399853 ], [ -109.204946, 37.399843 ], [ -109.20501, 37.388939 ], [ -109.22187, 37.389113 ], [ -109.222146, 37.392802 ] ] ], [ [ [ -109.367596, 35.212746 ], [ -109.344002, 35.211628 ], [ -109.343943, 35.20781 ], [ -109.348756, 35.207733 ], [ -109.349123, 35.196773 ], [ -109.368097, 35.197535 ], [ -109.367596, 35.212746 ] ], [ [ -109.362151, 35.205565 ], [ -109.359646, 35.20324 ], [ -109.359447, 35.205698 ], [ -109.362151, 35.205565 ] ] ], [ [ [ -109.378985, 35.191043 ], [ -109.368832, 35.191426 ], [ -109.368666, 35.182565 ], [ -109.379063, 35.182937 ], [ -109.378985, 35.191043 ] ] ], [ [ [ -109.387017, 35.145572 ], [ -109.366574, 35.145517 ], [ -109.366019, 35.129695 ], [ -109.387361, 35.129995 ], [ -109.387017, 35.145572 ] ] ], [ [ [ -109.417764, 35.191537 ], [ -109.407271, 35.19486 ], [ -109.406475, 35.187483 ], [ -109.417905, 35.187623 ], [ -109.417764, 35.191537 ] ] ], [ [ [ -109.847044, 37.156807 ], [ -109.841515, 37.160626 ], [ -109.841585, 37.156784 ], [ -109.847044, 37.156807 ] ] ], [ [ [ -110.236209, 35.719731 ], [ -110.146202, 35.809635 ], [ -110.10088, 35.809326 ], [ -110.100284, 35.79977 ], [ -110.109664, 35.78866 ], [ -110.102959, 35.782589 ], [ -110.090414, 35.791452 ], [ -110.08342, 35.792776 ], [ -110.084352, 35.750043 ], [ -110.092409, 35.735203 ], [ -110.081687, 35.700282 ], [ -110.127829, 35.695995 ], [ -110.145762, 35.708655 ], [ -110.199466, 35.692426 ], [ -110.213907, 35.692029 ], [ -110.214199, 35.694584 ], [ -110.220761, 35.696133 ], [ -110.220531, 35.70063 ], [ -110.230829, 35.697283 ], [ -110.235301, 35.703946 ], [ -110.236209, 35.719731 ] ] ], [ [ [ -110.269509, 35.112473 ], [ -110.262309, 35.112481 ], [ -110.262275, 35.105983 ], [ -110.269496, 35.105958 ], [ -110.269509, 35.112473 ] ] ], [ [ [ -110.28734, 35.12688 ], [ -110.269673, 35.126924 ], [ -110.269509, 35.112473 ], [ -110.287272, 35.112397 ], [ -110.28734, 35.12688 ] ] ], [ [ [ -110.287644, 35.155674 ], [ -110.269627, 35.155685 ], [ -110.2694, 35.141337 ], [ -110.287534, 35.141384 ], [ -110.287644, 35.155674 ] ] ], [ [ [ -110.358338, 35.11438 ], [ -110.34958, 35.114386 ], [ -110.349542, 35.121703 ], [ -110.341234, 35.121733 ], [ -110.341169, 35.107778 ], [ -110.358352, 35.107764 ], [ -110.358338, 35.11438 ] ] ], [ [ [ -110.375682, 35.136916 ], [ -110.358312, 35.137002 ], [ -110.358264, 35.122232 ], [ -110.366919, 35.122174 ], [ -110.366951, 35.128623 ], [ -110.375609, 35.128629 ], [ -110.375682, 35.136916 ] ] ], [ [ [ -111.270541, 35.168884 ], [ -111.266079, 35.17112 ], [ -111.268322, 35.165696 ], [ -111.261818, 35.165664 ], [ -111.260036, 35.171116 ], [ -111.25506, 35.171126 ], [ -111.255083, 35.164836 ], [ -111.270552, 35.163956 ], [ -111.270541, 35.168884 ] ] ], [ [ [ -111.394672, 35.611563 ], [ -111.394575, 35.618871 ], [ -111.385729, 35.618908 ], [ -111.385756, 35.626202 ], [ -111.376726, 35.626313 ], [ -111.376806, 35.61149 ], [ -111.394672, 35.611563 ] ] ], [ [ [ -111.412959, 35.640729 ], [ -111.394809, 35.640796 ], [ -111.394903, 35.626245 ], [ -111.403471, 35.626307 ], [ -111.403583, 35.633429 ], [ -111.412933, 35.63354 ], [ -111.412959, 35.640729 ] ] ], [ [ [ -111.892111, 36.370757 ], [ -111.887403, 36.377311 ], [ -111.848337, 36.388527 ], [ -111.852378, 36.396093 ], [ -111.876239, 36.392039 ], [ -111.882762, 36.395609 ], [ -111.883432, 36.400544 ], [ -111.86886, 36.411919 ], [ -111.872406, 36.425744 ], [ -111.870431, 36.430707 ], [ -111.852562, 36.434973 ], [ -111.848276, 36.446433 ], [ -111.835688, 36.454383 ], [ -111.847728, 36.481082 ], [ -111.840512, 36.492394 ], [ -111.842937, 36.495416 ], [ -111.856843, 36.497823 ], [ -111.856788, 36.503966 ], [ -111.849905, 36.510798 ], [ -111.845994, 36.521004 ], [ -111.828035, 36.534672 ], [ -111.825136, 36.549155 ], [ -111.811401, 36.567367 ], [ -111.788562, 36.579812 ], [ -111.765921, 36.601193 ], [ -111.757609, 36.616528 ], [ -111.764084, 36.627023 ], [ -111.760695, 36.648212 ], [ -111.743797, 36.65731 ], [ -111.73713, 36.684262 ], [ -111.714359, 36.695656 ], [ -111.707891, 36.720645 ], [ -111.69583, 36.727603 ], [ -111.692479, 36.74082 ], [ -111.665134, 36.755538 ], [ -111.663425, 36.762671 ], [ -111.647816, 36.781153 ], [ -111.642527, 36.794367 ], [ -111.643301, 36.803665 ], [ -111.635235, 36.808421 ], [ -111.628011, 36.825724 ], [ -111.617927, 36.834684 ], [ -111.616205, 36.848872 ], [ -111.607845, 36.850729 ], [ -111.600017, 36.858916 ], [ -111.584481, 36.865342 ], [ -111.577616, 36.861498 ], [ -111.576815, 36.854623 ], [ -111.569254, 36.842938 ], [ -111.544827, 36.844518 ], [ -111.543643, 36.849961 ], [ -111.566239, 36.869579 ], [ -111.564272, 36.874664 ], [ -111.425064, 36.874383 ], [ -111.425085, 36.903366 ], [ -111.421028, 36.903369 ], [ -111.420969, 36.926927 ], [ -111.425492, 36.928738 ], [ -111.424459, 36.93534 ], [ -111.431209, 36.938071 ], [ -111.431304, 36.947683 ], [ -111.437281, 36.953024 ], [ -111.438699, 36.951425 ], [ -111.443397, 36.964113 ], [ -111.43535, 36.965366 ], [ -111.429188, 36.958744 ], [ -111.425729, 36.961453 ], [ -111.416329, 36.953248 ], [ -111.397685, 36.952469 ], [ -111.399204, 36.953931 ], [ -111.385903, 36.959789 ], [ -111.380044, 36.966255 ], [ -111.384199, 36.969081 ], [ -111.379656, 36.972733 ], [ -111.381856, 36.979367 ], [ -111.379252, 36.981108 ], [ -111.374375, 36.979848 ], [ -111.374748, 36.975864 ], [ -111.366791, 36.969273 ], [ -111.36101, 36.967886 ], [ -111.359834, 36.960259 ], [ -111.353569, 36.961432 ], [ -111.353889, 36.957585 ], [ -111.347541, 36.956955 ], [ -111.34608, 36.951526 ], [ -111.336741, 36.951886 ], [ -111.334722, 36.954595 ], [ -111.326066, 36.950146 ], [ -111.329975, 36.945611 ], [ -111.329166, 36.941292 ], [ -111.31815, 36.937463 ], [ -111.322161, 36.93155 ], [ -111.329998, 36.931098 ], [ -111.328026, 36.928802 ], [ -111.331524, 36.926422 ], [ -111.320285, 36.92827 ], [ -111.322303, 36.919416 ], [ -111.3186, 36.922208 ], [ -111.314535, 36.920186 ], [ -111.314411, 36.91329 ], [ -111.309593, 36.91479 ], [ -111.30314, 36.909855 ], [ -111.27977, 36.911708 ], [ -111.284209, 36.897471 ], [ -111.264623, 36.893563 ], [ -111.261705, 36.887737 ], [ -111.255088, 36.889685 ], [ -111.25109, 36.884171 ], [ -111.246986, 36.883755 ], [ -111.2476, 36.880851 ], [ -111.240417, 36.881077 ], [ -111.237616, 36.875621 ], [ -111.234409, 36.877969 ], [ -111.229431, 36.868166 ], [ -111.225231, 36.866755 ], [ -111.22497, 36.863771 ], [ -111.211077, 36.856499 ], [ -111.216215, 36.843804 ], [ -111.210427, 36.856093 ], [ -111.212931, 36.859356 ], [ -111.20584, 36.859105 ], [ -111.202585, 36.861842 ], [ -111.197531, 36.86054 ], [ -111.184147, 36.861151 ], [ -111.18533, 36.859107 ], [ -111.183217, 36.858321 ], [ -111.184688, 36.856507 ], [ -111.184756, 36.855078 ], [ -111.18025, 36.854809 ], [ -111.18038, 36.851743 ], [ -111.179416, 36.851023 ], [ -111.179409, 36.854754 ], [ -111.184188, 36.855078 ], [ -111.182807, 36.858266 ], [ -111.185057, 36.859464 ], [ -111.183375, 36.861332 ], [ -111.20305, 36.862337 ], [ -111.215038, 36.859812 ], [ -111.224286, 36.864706 ], [ -111.220595, 36.869098 ], [ -111.228713, 36.869007 ], [ -111.227197, 36.872057 ], [ -111.234068, 36.879095 ], [ -111.237514, 36.877335 ], [ -111.240294, 36.882066 ], [ -111.24628, 36.882145 ], [ -111.24553, 36.884635 ], [ -111.249917, 36.887875 ], [ -111.247757, 36.889843 ], [ -111.250705, 36.887375 ], [ -111.253596, 36.890745 ], [ -111.25879, 36.889368 ], [ -111.26445, 36.896327 ], [ -111.279153, 36.898558 ], [ -111.281402, 36.901702 ], [ -111.277629, 36.90973 ], [ -111.271074, 36.9082 ], [ -111.275795, 36.910031 ], [ -111.276258, 36.914746 ], [ -111.304905, 36.916054 ], [ -111.306917, 36.918499 ], [ -111.303899, 36.918774 ], [ -111.31756, 36.927099 ], [ -111.313255, 36.937738 ], [ -111.326661, 36.944156 ], [ -111.323436, 36.946365 ], [ -111.3243, 36.952234 ], [ -111.328449, 36.951475 ], [ -111.328265, 36.954943 ], [ -111.333333, 36.957288 ], [ -111.342733, 36.955181 ], [ -111.342529, 36.958182 ], [ -111.350788, 36.959894 ], [ -111.354982, 36.964866 ], [ -111.35822, 36.962804 ], [ -111.357532, 36.968926 ], [ -111.364464, 36.970263 ], [ -111.368242, 36.976708 ], [ -111.37264, 36.977887 ], [ -111.369519, 36.981186 ], [ -111.379942, 36.984015 ], [ -111.387904, 36.980507 ], [ -111.39234, 36.984009 ], [ -111.393568, 36.981487 ], [ -111.399782, 36.993051 ], [ -111.407309, 36.997999 ], [ -111.406146044242007, 37.001480867273202 ], [ -111.355401207998, 37.001090499246601 ], [ -111.352004, 37.005371 ], [ -111.342664, 37.005132 ], [ -111.336596, 37.010733 ], [ -111.317855, 37.012269 ], [ -111.316088721445993, 37.000771626596801 ], [ -111.307968, 36.999659 ], [ -111.306543, 36.993718 ], [ -111.301953, 36.998933 ], [ -111.297931, 36.998669 ], [ -111.2918, 36.994145 ], [ -111.294171, 36.990629 ], [ -111.286574, 36.990727 ], [ -111.287815, 36.987144 ], [ -111.283289, 36.983357 ], [ -111.287507, 36.98716 ], [ -111.285793, 36.991534 ], [ -111.291499, 36.992414 ], [ -111.290396, 36.995101 ], [ -111.297995965110999, 37.0006248720752 ], [ -111.303616, 37.010356 ], [ -111.301402, 37.012291 ], [ -111.293584, 37.009185 ], [ -111.286354, 37.013107 ], [ -111.29391, 37.022038 ], [ -111.282789, 37.034598 ], [ -111.275668, 37.033135 ], [ -111.27382, 37.027859 ], [ -111.266444, 37.030422 ], [ -111.266749, 37.023999 ], [ -111.271845, 37.017961 ], [ -111.269044, 37.013113 ], [ -111.265535, 37.014112 ], [ -111.269314, 37.009041 ], [ -111.267446, 37.004529 ], [ -111.261839, 37.007874 ], [ -111.256523, 37.00664 ], [ -111.252696, 37.001995 ], [ -111.254895, 36.993799 ], [ -111.2499, 36.999572 ], [ -111.250135, 36.993841 ], [ -111.243938, 36.997317 ], [ -111.24468, 36.999723 ], [ -111.238238, 36.997913 ], [ -111.234459, 36.991441 ], [ -111.240092, 36.983427 ], [ -111.241208, 36.983316 ], [ -111.241585, 36.983014 ], [ -111.241516, 36.982354 ], [ -111.244256, 36.982392 ], [ -111.239986, 36.979498 ], [ -111.24129, 36.983124 ], [ -111.239866, 36.983207 ], [ -111.235574, 36.988622 ], [ -111.233634, 36.986287 ], [ -111.231351, 36.993487 ], [ -111.226459, 36.992307 ], [ -111.220173, 36.984692 ], [ -111.221378, 36.982631 ], [ -111.217, 36.980869 ], [ -111.219109, 36.97889 ], [ -111.215266, 36.977836 ], [ -111.212517, 36.968857 ], [ -111.210765, 36.973149 ], [ -111.215575, 36.979715 ], [ -111.214973, 36.980583 ], [ -111.212897, 36.980969 ], [ -111.209288, 36.982728 ], [ -111.208501, 36.98369 ], [ -111.218871, 36.98222 ], [ -111.223074, 36.990654 ], [ -111.220896, 36.99243 ], [ -111.228728, 36.996246 ], [ -111.226291, 36.998791 ], [ -111.23077, 36.99724 ], [ -111.231195230490997, 37.001018800344099 ], [ -111.238030709476007, 37.001035616068201 ], [ -111.237215, 37.005066 ], [ -111.246226, 37.006134 ], [ -111.247074, 37.012854 ], [ -111.250897, 37.015545 ], [ -111.246772, 37.020685 ], [ -111.233249, 37.017647 ], [ -111.230842, 37.014296 ], [ -111.232278, 37.020658 ], [ -111.228316, 37.019242 ], [ -111.230449, 37.021736 ], [ -111.222352, 37.030894 ], [ -111.225295, 37.035037 ], [ -111.221788, 37.040066 ], [ -111.217297, 37.038199 ], [ -111.212948, 37.029627 ], [ -111.205518, 37.027211 ], [ -111.206902, 37.02471 ], [ -111.204922, 37.026843 ], [ -111.202207, 37.02431 ], [ -111.20079, 37.03036 ], [ -111.197596, 37.029289 ], [ -111.198979, 37.023783 ], [ -111.196676, 37.01859 ], [ -111.195127, 37.018029 ], [ -111.196923, 37.02353 ], [ -111.191969, 37.028916 ], [ -111.174561, 37.022673 ], [ -111.175425, 37.018755 ], [ -111.165488, 37.019913 ], [ -111.166257, 37.013121 ], [ -111.16982, 37.012869 ], [ -111.158767, 37.012801 ], [ -111.156878, 37.007662 ], [ -111.153733, 37.008546 ], [ -111.141252, 37.000288 ], [ -111.140777, 36.995575 ], [ -111.136925, 36.99737 ], [ -111.133895, 36.991044 ], [ -111.128277, 36.991113 ], [ -111.130841, 36.989356 ], [ -111.128471, 36.98869 ], [ -111.127186, 36.984831 ], [ -111.124062, 36.983177 ], [ -111.127683, 36.988898 ], [ -111.130532, 36.989493 ], [ -111.127469, 36.990904 ], [ -111.127934, 36.992058 ], [ -111.132881, 36.991555 ], [ -111.136102, 36.998563 ], [ -111.140343, 36.99857 ], [ -111.143457, 37.004619 ], [ -111.138496, 37.005062 ], [ -111.144662, 37.005504 ], [ -111.1553, 37.013157 ], [ -111.145316, 37.013132 ], [ -111.146781, 37.014979 ], [ -111.157677, 37.013828 ], [ -111.161047, 37.018192 ], [ -111.164111, 37.016709 ], [ -111.163239, 37.021742 ], [ -111.167934, 37.022029 ], [ -111.164794, 37.024836 ], [ -111.171894, 37.024173 ], [ -111.172606, 37.028866 ], [ -111.194395, 37.03102 ], [ -111.195746, 37.035477 ], [ -111.203848, 37.035888 ], [ -111.208448, 37.039404 ], [ -111.197098, 37.048275 ], [ -111.194725, 37.042329 ], [ -111.189296, 37.041324 ], [ -111.191387, 37.050864 ], [ -111.186088, 37.047297 ], [ -111.186513, 37.050012 ], [ -111.182118, 37.051001 ], [ -111.190126, 37.052518 ], [ -111.19304, 37.056502 ], [ -111.188056, 37.058898 ], [ -111.19313, 37.062915 ], [ -111.192637, 37.066651 ], [ -111.188639, 37.064679 ], [ -111.187247, 37.070278 ], [ -111.199241, 37.069316 ], [ -111.180402, 37.081038 ], [ -111.180999, 37.083527 ], [ -111.173262, 37.084736 ], [ -111.168864, 37.093731 ], [ -111.162594, 37.094411 ], [ -111.160606, 37.090135 ], [ -111.164681, 37.08657 ], [ -111.158578, 37.082062 ], [ -111.159314, 37.076556 ], [ -111.152396, 37.072016 ], [ -111.152946, 37.069285 ], [ -111.151781, 37.066971 ], [ -111.150215, 37.072169 ], [ -111.153086, 37.078363 ], [ -111.147317, 37.080218 ], [ -111.15139, 37.082879 ], [ -111.149495, 37.088105 ], [ -111.142629, 37.08758 ], [ -111.142268, 37.082992 ], [ -111.131462, 37.077948 ], [ -111.135669, 37.083863 ], [ -111.134563, 37.087313 ], [ -111.121591, 37.089075 ], [ -111.112205, 37.084013 ], [ -111.11343, 37.081094 ], [ -111.107056, 37.075915 ], [ -111.111614, 37.072589 ], [ -111.109028, 37.071535 ], [ -111.111667, 37.069319 ], [ -111.110073, 37.065346 ], [ -111.113, 37.064439 ], [ -111.108766, 37.058236 ], [ -111.106386, 37.057858 ], [ -111.101008, 37.052414 ], [ -111.098471, 37.051459 ], [ -111.096692, 37.045568 ], [ -111.094862, 37.044728 ], [ -111.09832, 37.051624 ], [ -111.105708, 37.058325 ], [ -111.107758, 37.058275 ], [ -111.109825, 37.063594 ], [ -111.109032, 37.067067 ], [ -111.106179, 37.06642 ], [ -111.109211, 37.068869 ], [ -111.103582, 37.06952 ], [ -111.102316, 37.074834 ], [ -111.093436, 37.07161 ], [ -111.098098, 37.07472 ], [ -111.097297, 37.077243 ], [ -111.105186, 37.080416 ], [ -111.10195, 37.082637 ], [ -111.112118, 37.087354 ], [ -111.109883, 37.090207 ], [ -111.113696, 37.097508 ], [ -111.118841, 37.097935 ], [ -111.118074, 37.100298 ], [ -111.096191, 37.101526 ], [ -111.090599, 37.099582 ], [ -111.088161, 37.094467 ], [ -111.08784, 37.098204 ], [ -111.082819, 37.100178 ], [ -111.078318, 37.094051 ], [ -111.076693, 37.101305 ], [ -111.067267, 37.098657 ], [ -111.065702, 37.089552 ], [ -111.073144, 37.086683 ], [ -111.070421, 37.085485 ], [ -111.073891, 37.079902 ], [ -111.070037, 37.083358 ], [ -111.062773, 37.081721 ], [ -111.065214, 37.070286 ], [ -111.060133, 37.072269 ], [ -111.059715, 37.0654 ], [ -111.058069, 37.063043 ], [ -111.058809, 37.06135 ], [ -111.061751, 37.060202 ], [ -111.061984, 37.059257 ], [ -111.058967, 37.060982 ], [ -111.059063, 37.060174 ], [ -111.056951, 37.058674 ], [ -111.056766, 37.056223 ], [ -111.056924, 37.059009 ], [ -111.058707, 37.060295 ], [ -111.057849, 37.063032 ], [ -111.058048, 37.064191 ], [ -111.05235, 37.061312 ], [ -111.059221, 37.065318 ], [ -111.059262, 37.074374 ], [ -111.055997, 37.074561 ], [ -111.060695, 37.079127 ], [ -111.059481, 37.083551 ], [ -111.052526, 37.084188 ], [ -111.05088, 37.086705 ], [ -111.06123, 37.08648 ], [ -111.05778, 37.094673 ], [ -111.059351, 37.098311 ], [ -111.052216, 37.094755 ], [ -111.049513, 37.097146 ], [ -111.037296, 37.095215 ], [ -111.045445, 37.097563 ], [ -111.03975, 37.104101 ], [ -111.035236, 37.102891 ], [ -111.035256, 37.105468 ], [ -111.022746, 37.110048 ], [ -111.017198, 37.10515 ], [ -111.008661, 37.07822 ], [ -111.009358, 37.082446 ], [ -111.006277, 37.084555 ], [ -111.009274, 37.084771 ], [ -111.009546, 37.088777 ], [ -111.004197, 37.087598 ], [ -111.011677, 37.092465 ], [ -111.005359, 37.093154 ], [ -111.012601, 37.094586 ], [ -111.013142, 37.097334 ], [ -111.006556, 37.097232 ], [ -111.014738, 37.100692 ], [ -111.012595, 37.104131 ], [ -111.016449, 37.107293 ], [ -111.015919, 37.111315 ], [ -111.006566, 37.112091 ], [ -110.996856, 37.105238 ], [ -111.001408, 37.110012 ], [ -110.987144, 37.109358 ], [ -110.974974, 37.113962 ], [ -110.976444, 37.103851 ], [ -110.973102, 37.101824 ], [ -110.981084, 37.095441 ], [ -110.976741, 37.093712 ], [ -110.980527, 37.093046 ], [ -110.98411, 37.086214 ], [ -110.98153, 37.084819 ], [ -110.984444, 37.082494 ], [ -110.979129, 37.083573 ], [ -110.983378, 37.078488 ], [ -110.984143, 37.073773 ], [ -110.981729, 37.073658 ], [ -110.985225, 37.071333 ], [ -110.985101, 37.070585 ], [ -110.982331, 37.070597 ], [ -110.982371, 37.069339 ], [ -110.981988, 37.070488 ], [ -110.982365, 37.070806 ], [ -110.985006, 37.070849 ], [ -110.980728, 37.073802 ], [ -110.983624, 37.07607 ], [ -110.982316, 37.079576 ], [ -110.978311, 37.081045 ], [ -110.978321, 37.085463 ], [ -110.981456, 37.08627 ], [ -110.977801, 37.088249 ], [ -110.980744, 37.089166 ], [ -110.978845, 37.091876 ], [ -110.972251, 37.087894 ], [ -110.972832, 37.083525 ], [ -110.970036, 37.080036 ], [ -110.972174, 37.08826 ], [ -110.966844, 37.087568 ], [ -110.97605, 37.091979 ], [ -110.97587, 37.096571 ], [ -110.968453, 37.099556 ], [ -110.972107, 37.098824 ], [ -110.971195, 37.101043 ], [ -110.974201, 37.103223 ], [ -110.972035, 37.108352 ], [ -110.96791, 37.107309 ], [ -110.973018, 37.109087 ], [ -110.974156, 37.112335 ], [ -110.969791, 37.115421 ], [ -110.973795, 37.115266 ], [ -110.972726, 37.121315 ], [ -110.975124, 37.122597 ], [ -110.959829, 37.123307 ], [ -110.965927, 37.121044 ], [ -110.967693, 37.116445 ], [ -110.963302, 37.113835 ], [ -110.963341, 37.109543 ], [ -110.961313, 37.106876 ], [ -110.962903, 37.112285 ], [ -110.960273, 37.111484 ], [ -110.966451, 37.117779 ], [ -110.958818, 37.121765 ], [ -110.962161, 37.116452 ], [ -110.958387, 37.116155 ], [ -110.959273, 37.113682 ], [ -110.946064, 37.114485 ], [ -110.943119, 37.10906 ], [ -110.931712, 37.104503 ], [ -110.937945, 37.110525 ], [ -110.941747, 37.110228 ], [ -110.939746, 37.11318 ], [ -110.943434, 37.11444 ], [ -110.936944, 37.122614 ], [ -110.942063, 37.130703 ], [ -110.938603, 37.134206 ], [ -110.942378, 37.133611 ], [ -110.945724, 37.138534 ], [ -110.94215, 37.140846 ], [ -110.945925, 37.142541 ], [ -110.945154, 37.146525 ], [ -110.94215, 37.145449 ], [ -110.943265, 37.142151 ], [ -110.931454, 37.139999 ], [ -110.931425, 37.134229 ], [ -110.925963, 37.13029 ], [ -110.922789, 37.129031 ], [ -110.928879, 37.136267 ], [ -110.915898, 37.129143 ], [ -110.920439, 37.13377 ], [ -110.915693, 37.135299 ], [ -110.92304, 37.133818 ], [ -110.925182, 37.136085 ], [ -110.91909, 37.139651 ], [ -110.928841, 37.13682 ], [ -110.926553, 37.138261 ], [ -110.93501, 37.144149 ], [ -110.941643, 37.144038 ], [ -110.930604, 37.148837 ], [ -110.925232, 37.147162 ], [ -110.923058, 37.147504 ], [ -110.930719, 37.149593 ], [ -110.923877, 37.160322 ], [ -110.922953, 37.170162 ], [ -110.911232, 37.166055 ], [ -110.904998, 37.165248 ], [ -110.921407, 37.172632 ], [ -110.916456, 37.17542 ], [ -110.901474, 37.171264 ], [ -110.893293, 37.176099 ], [ -110.884406, 37.172341 ], [ -110.873745, 37.189528 ], [ -110.866579, 37.195439 ], [ -110.862573, 37.193248 ], [ -110.865495, 37.188026 ], [ -110.87769, 37.176257 ], [ -110.874723, 37.168454 ], [ -110.864971, 37.165788 ], [ -110.8725, 37.153146 ], [ -110.86793, 37.156819 ], [ -110.865978, 37.15372 ], [ -110.861768, 37.171164 ], [ -110.865057, 37.180317 ], [ -110.861314, 37.180819 ], [ -110.860387, 37.16984 ], [ -110.854773, 37.164396 ], [ -110.854013, 37.168144 ], [ -110.843323, 37.171186 ], [ -110.837929, 37.178381 ], [ -110.835625, 37.169721 ], [ -110.827884, 37.159529 ], [ -110.817318, 37.158843 ], [ -110.813129, 37.148611 ], [ -110.810033, 37.163651 ], [ -110.802219, 37.167997 ], [ -110.787765, 37.168231 ], [ -110.784333, 37.164796 ], [ -110.782805, 37.173676 ], [ -110.776353, 37.167569 ], [ -110.770501, 37.170023 ], [ -110.77146, 37.160787 ], [ -110.767491, 37.162697 ], [ -110.765932, 37.152102 ], [ -110.762925, 37.151568 ], [ -110.765808, 37.152448 ], [ -110.764389, 37.160471 ], [ -110.768458, 37.16367 ], [ -110.76807, 37.169715 ], [ -110.756027, 37.168935 ], [ -110.753399, 37.175066 ], [ -110.741619, 37.173789 ], [ -110.739761, 37.168811 ], [ -110.742336, 37.169255 ], [ -110.746208, 37.167754 ], [ -110.747202, 37.165401 ], [ -110.74531, 37.161165 ], [ -110.74561, 37.167589 ], [ -110.739328, 37.168042 ], [ -110.738687, 37.174126 ], [ -110.731203, 37.175656 ], [ -110.728448, 37.186499 ], [ -110.722756, 37.18949 ], [ -110.718651, 37.177495 ], [ -110.710566, 37.172618 ], [ -110.707873, 37.164953 ], [ -110.701618, 37.164464 ], [ -110.696686, 37.154354 ], [ -110.697399, 37.148128 ], [ -110.690054, 37.145183 ], [ -110.695375, 37.149529 ], [ -110.695259, 37.162932 ], [ -110.697353, 37.162129 ], [ -110.701975, 37.169278 ], [ -110.700033, 37.17596 ], [ -110.69822, 37.172729 ], [ -110.689197, 37.169784 ], [ -110.689417, 37.172252 ], [ -110.678506, 37.166218 ], [ -110.679948, 37.169125 ], [ -110.676528, 37.170405 ], [ -110.678698, 37.173597 ], [ -110.675394, 37.178724 ], [ -110.669563, 37.180416 ], [ -110.669254, 37.183707 ], [ -110.660765, 37.182513 ], [ -110.656417, 37.18649 ], [ -110.653424, 37.181511 ], [ -110.649119, 37.180207 ], [ -110.655646, 37.18871 ], [ -110.649086, 37.192115 ], [ -110.652153, 37.198375 ], [ -110.646781, 37.19939 ], [ -110.653172, 37.208981 ], [ -110.651433, 37.210414 ], [ -110.654941, 37.216757 ], [ -110.651697, 37.219498 ], [ -110.656815, 37.221752 ], [ -110.664401, 37.218116 ], [ -110.671004, 37.219183 ], [ -110.661038, 37.228781 ], [ -110.659736, 37.237556 ], [ -110.672497, 37.242642 ], [ -110.686244, 37.243555 ], [ -110.689818, 37.246995 ], [ -110.699269, 37.246884 ], [ -110.708069, 37.252789 ], [ -110.708278, 37.260619 ], [ -110.700744, 37.266654 ], [ -110.684814, 37.259929 ], [ -110.6726, 37.25068 ], [ -110.656396, 37.255984 ], [ -110.653693, 37.241357 ], [ -110.640678, 37.238413 ], [ -110.632654, 37.232695 ], [ -110.631793, 37.235216 ], [ -110.625861, 37.228185 ], [ -110.625693, 37.221779 ], [ -110.613406, 37.220235 ], [ -110.612047, 37.211037 ], [ -110.605159, 37.206747 ], [ -110.602601, 37.20021 ], [ -110.601518, 37.204062 ], [ -110.598906, 37.201332 ], [ -110.592601, 37.203268 ], [ -110.590243, 37.1984 ], [ -110.582634, 37.205358 ], [ -110.57334, 37.207969 ], [ -110.572371, 37.205546 ], [ -110.569829, 37.210035 ], [ -110.563976, 37.209085 ], [ -110.567012, 37.201628 ], [ -110.573324, 37.19716 ], [ -110.570054, 37.192759 ], [ -110.566806, 37.19316 ], [ -110.569264, 37.188885 ], [ -110.564072, 37.187973 ], [ -110.564752, 37.187154 ], [ -110.563433, 37.185099 ], [ -110.55831, 37.186341 ], [ -110.558385, 37.183011 ], [ -110.55754, 37.186429 ], [ -110.559209, 37.187132 ], [ -110.563364, 37.185704 ], [ -110.563103, 37.18777 ], [ -110.566524, 37.190204 ], [ -110.56548, 37.195194 ], [ -110.561585, 37.193012 ], [ -110.564175, 37.204683 ], [ -110.556975, 37.217948 ], [ -110.541117, 37.216386 ], [ -110.532285, 37.219399 ], [ -110.521256, 37.216376 ], [ -110.512674, 37.208142 ], [ -110.515088, 37.213088 ], [ -110.513009, 37.217376 ], [ -110.515634, 37.217904 ], [ -110.513297, 37.229651 ], [ -110.510541, 37.231046 ], [ -110.514872, 37.236473 ], [ -110.50883, 37.237552 ], [ -110.513722, 37.24 ], [ -110.508217, 37.23997 ], [ -110.511349, 37.243037 ], [ -110.506132, 37.243826 ], [ -110.508006, 37.246355 ], [ -110.505641, 37.2472 ], [ -110.509132, 37.248279 ], [ -110.501284, 37.255479 ], [ -110.489996, 37.258271 ], [ -110.473344, 37.253617 ], [ -110.466395, 37.256988 ], [ -110.465462, 37.260845 ], [ -110.45976, 37.253863 ], [ -110.464053, 37.261351 ], [ -110.460313, 37.263176 ], [ -110.450054, 37.251529 ], [ -110.444617, 37.252513 ], [ -110.446306, 37.249489 ], [ -110.439535, 37.247028 ], [ -110.434132, 37.249418 ], [ -110.434525, 37.247044 ], [ -110.426262, 37.24972 ], [ -110.427376, 37.245214 ], [ -110.421466, 37.242334 ], [ -110.423087, 37.244878 ], [ -110.419149, 37.245944 ], [ -110.424358, 37.24834 ], [ -110.421877, 37.25421 ], [ -110.42429, 37.255205 ], [ -110.420749, 37.258919 ], [ -110.406581, 37.254576 ], [ -110.407382, 37.259135 ], [ -110.412125, 37.260834 ], [ -110.411834, 37.268315 ], [ -110.405621, 37.27417 ], [ -110.407164, 37.276703 ], [ -110.411428, 37.274792 ], [ -110.411342, 37.285216 ], [ -110.408981, 37.290265 ], [ -110.403362, 37.292242 ], [ -110.350656, 37.283368 ], [ -110.348305, 37.285743 ], [ -110.350363, 37.289863 ], [ -110.342058, 37.295355 ], [ -110.319746, 37.301139 ], [ -110.314024, 37.305469 ], [ -110.304897, 37.293089 ], [ -110.293159, 37.28501 ], [ -110.286055, 37.284311 ], [ -110.26019, 37.297259 ], [ -110.232087, 37.294314 ], [ -110.218852, 37.303615 ], [ -110.207961, 37.317843 ], [ -110.195826, 37.319981 ], [ -110.167819, 37.317062 ], [ -110.150736, 37.320448 ], [ -110.14853, 37.31598 ], [ -110.154183, 37.303982 ], [ -110.115109, 37.290911 ], [ -110.099951, 37.272999 ], [ -110.092884, 37.257539 ], [ -110.076853, 37.253306 ], [ -110.076134, 37.243666 ], [ -110.072334, 37.239848 ], [ -110.047118, 37.246413 ], [ -110.039334, 37.239521 ], [ -110.044798, 37.235071 ], [ -110.037298, 37.225548 ], [ -110.035789, 37.218558 ], [ -110.027938, 37.215474 ], [ -110.021082, 37.225988 ], [ -110.011077, 37.227693 ], [ -110.011212, 37.22138 ], [ -109.999176, 37.213926 ], [ -110.00752, 37.206933 ], [ -110.005367, 37.201377 ], [ -109.997367, 37.201185 ], [ -109.991179, 37.212633 ], [ -109.981768, 37.213054 ], [ -109.980508, 37.208417 ], [ -109.986255, 37.203816 ], [ -109.984554, 37.196965 ], [ -109.970194, 37.200025 ], [ -109.959236, 37.19172 ], [ -109.964563, 37.183004 ], [ -109.958601, 37.180577 ], [ -109.95952, 37.176401 ], [ -109.950393, 37.166407 ], [ -109.942135, 37.173177 ], [ -109.931753, 37.173441 ], [ -109.943116, 37.164496 ], [ -109.945552, 37.160237 ], [ -109.943239, 37.156215 ], [ -109.935022, 37.154089 ], [ -109.926329, 37.170561 ], [ -109.92405, 37.168369 ], [ -109.925829, 37.16255 ], [ -109.917557, 37.160488 ], [ -109.914195, 37.176746 ], [ -109.910836, 37.180388 ], [ -109.904447, 37.172744 ], [ -109.895111, 37.181927 ], [ -109.888484, 37.182518 ], [ -109.888218, 37.180122 ], [ -109.895381, 37.177065 ], [ -109.885976, 37.164599 ], [ -109.898502, 37.157247 ], [ -109.89871, 37.153659 ], [ -109.88896, 37.157573 ], [ -109.88511, 37.155533 ], [ -109.883839, 37.148324 ], [ -109.881141, 37.14835 ], [ -109.875251, 37.154723 ], [ -109.856821, 37.144247 ], [ -109.850463, 37.152947 ], [ -109.837938, 37.148918 ], [ -109.837927, 37.162094 ], [ -109.829297, 37.166655 ], [ -109.852882, 37.18282 ], [ -109.854045, 37.187957 ], [ -109.85045, 37.194963 ], [ -109.843283, 37.185427 ], [ -109.833674, 37.179709 ], [ -109.815519, 37.17948 ], [ -109.806214, 37.190166 ], [ -109.801441, 37.19088 ], [ -109.786519, 37.188883 ], [ -109.784008, 37.183262 ], [ -109.779413, 37.185079 ], [ -109.77434, 37.181501 ], [ -109.766183, 37.181723 ], [ -109.7641, 37.185107 ], [ -109.770992, 37.189472 ], [ -109.76864, 37.195427 ], [ -109.763471, 37.202166 ], [ -109.751738, 37.204721 ], [ -109.74779, 37.215174 ], [ -109.738783, 37.203101 ], [ -109.742734, 37.195831 ], [ -109.734041, 37.198461 ], [ -109.731915, 37.191599 ], [ -109.725514, 37.19109 ], [ -109.716098, 37.197712 ], [ -109.71, 37.213131 ], [ -109.672443, 37.22357 ], [ -109.671405, 37.22936 ], [ -109.664388, 37.235392 ], [ -109.659434, 37.234055 ], [ -109.647358, 37.240902 ], [ -109.634967, 37.242688 ], [ -109.619281, 37.240309 ], [ -109.620828, 37.25546 ], [ -109.607208, 37.258619 ], [ -109.599617, 37.265041 ], [ -109.589729, 37.261373 ], [ -109.592066, 37.258673 ], [ -109.562669, 37.271686 ], [ -109.54417, 37.271448 ], [ -109.537741, 37.277144 ], [ -109.52039, 37.274892 ], [ -109.504686, 37.279755 ], [ -109.469143, 37.283168 ], [ -109.442479, 37.273352 ], [ -109.431635, 37.276033 ], [ -109.426421, 37.282971 ], [ -109.413385, 37.283345 ], [ -109.403865, 37.27518 ], [ -109.377678, 37.269193 ], [ -109.364975, 37.262035 ], [ -109.344346, 37.268453 ], [ -109.331533, 37.268188 ], [ -109.331366, 37.273571 ], [ -109.338951, 37.280205 ], [ -109.331488, 37.297356 ], [ -109.330945, 37.316672 ], [ -109.349297, 37.316568 ], [ -109.349284, 37.320185 ], [ -109.353245, 37.320244 ], [ -109.35315, 37.331403 ], [ -109.375869, 37.331253 ], [ -109.375604, 37.324417 ], [ -109.380466, 37.324339 ], [ -109.380604, 37.320633 ], [ -109.394367, 37.32056 ], [ -109.394389, 37.324334 ], [ -109.403415, 37.327874 ], [ -109.403298, 37.339267 ], [ -109.398905, 37.339251 ], [ -109.39874, 37.349479 ], [ -109.393782, 37.349517 ], [ -109.393921, 37.36009 ], [ -109.452968, 37.360023 ], [ -109.452035, 37.368256 ], [ -109.439425, 37.374766 ], [ -109.434644, 37.383536 ], [ -109.437387, 37.389172 ], [ -109.421927, 37.38902 ], [ -109.421908, 37.41083 ], [ -109.412882, 37.410895 ], [ -109.412905, 37.432592 ], [ -109.403755, 37.432546 ], [ -109.403659, 37.447003 ], [ -109.366897, 37.447116 ], [ -109.367007, 37.461697 ], [ -109.349179, 37.461489 ], [ -109.349276, 37.446854 ], [ -109.304434, 37.447046 ], [ -109.304632, 37.461291 ], [ -109.277228, 37.461364 ], [ -109.277294, 37.446982 ], [ -109.241227, 37.446946 ], [ -109.241116, 37.432225 ], [ -109.223963, 37.432247 ], [ -109.224129, 37.429139 ], [ -109.215343, 37.429134 ], [ -109.21551, 37.432248 ], [ -109.196114, 37.432468 ], [ -109.187304, 37.42938 ], [ -109.186685, 37.403473 ], [ -109.209289, 37.40333 ], [ -109.209396, 37.407382 ], [ -109.213638, 37.407608 ], [ -109.213882, 37.411081 ], [ -109.204747, 37.411113 ], [ -109.204558, 37.424843 ], [ -109.213861, 37.421533 ], [ -109.209614, 37.413698 ], [ -109.222921, 37.414184 ], [ -109.222713, 37.403777 ], [ -109.21347, 37.403701 ], [ -109.213566, 37.400018 ], [ -109.218772, 37.399968 ], [ -109.218813, 37.395941 ], [ -109.23184, 37.396083 ], [ -109.235648, 37.389038 ], [ -109.22187, 37.389113 ], [ -109.222404, 37.374998 ], [ -109.132122, 37.374625 ], [ -109.130489, 37.343963 ], [ -109.114598, 37.345197 ], [ -109.114349, 37.359913 ], [ -109.095796, 37.359864 ], [ -109.095903, 37.345448 ], [ -109.077359, 37.345457 ], [ -109.07737, 37.359811 ], [ -109.045837973618006, 37.359723557672197 ], [ -109.045223, 36.999084 ], [ -108.536412308880998, 36.999321700812096 ], [ -108.536304, 36.850318 ], [ -108.500598, 36.850307 ], [ -108.500638, 36.842791 ], [ -108.490778, 36.842753 ], [ -108.490778, 36.850261 ], [ -108.462838, 36.850051 ], [ -108.462744, 36.843048 ], [ -108.458473, 36.843046 ], [ -108.458408, 36.839794 ], [ -108.467353, 36.839764 ], [ -108.467469, 36.834363 ], [ -108.476379, 36.830991 ], [ -108.476334, 36.827012 ], [ -108.481115, 36.827013 ], [ -108.481066, 36.824291 ], [ -108.488822, 36.824268 ], [ -108.488783, 36.821667 ], [ -108.536842, 36.821688 ], [ -108.536844, 36.807393 ], [ -108.521113, 36.807393 ], [ -108.521113, 36.792822 ], [ -108.536904, 36.792823 ], [ -108.537613, 36.746393 ], [ -108.523936, 36.745625 ], [ -108.492659, 36.755474 ], [ -108.459829, 36.742076 ], [ -108.439319, 36.741081 ], [ -108.416117, 36.750864 ], [ -108.392221, 36.725535 ], [ -108.374583, 36.731244 ], [ -108.363262, 36.726713 ], [ -108.349126, 36.730029 ], [ -108.340407, 36.72369 ], [ -108.327835, 36.720499 ], [ -108.317175, 36.72443 ], [ -108.301676, 36.721148 ], [ -108.287121, 36.730387 ], [ -108.282818, 36.73155 ], [ -108.278281, 36.728121 ], [ -108.266389, 36.730087 ], [ -108.256388, 36.736763 ], [ -108.252131, 36.735577 ], [ -108.252981, 36.669939 ], [ -108.224136, 36.669961 ], [ -108.224136, 36.676131 ], [ -108.19251, 36.676096 ], [ -108.192471, 36.671953 ], [ -108.203035, 36.669439 ], [ -108.203048, 36.66267 ], [ -108.207603, 36.662676 ], [ -108.207611, 36.658808 ], [ -108.202734, 36.658697 ], [ -108.202942, 36.650996 ], [ -108.192844, 36.64672 ], [ -108.156656, 36.647534 ], [ -108.152531, 36.654868 ], [ -108.148145, 36.655047 ], [ -108.147873, 36.662353 ], [ -108.139646, 36.662466 ], [ -108.139708, 36.669364 ], [ -108.134492, 36.669382 ], [ -108.1346, 36.676368 ], [ -108.112699, 36.676139 ], [ -108.112653, 36.683765 ], [ -108.117886, 36.683819 ], [ -108.117832, 36.687148 ], [ -108.108878, 36.687148 ], [ -108.108882, 36.690789 ], [ -108.104616, 36.690434 ], [ -108.103717, 36.676207 ], [ -108.107723, 36.676028 ], [ -108.108003, 36.654743 ], [ -108.095291, 36.654814 ], [ -108.095271, 36.658157 ], [ -108.085335, 36.658327 ], [ -108.085457, 36.662366 ], [ -108.071924, 36.662207 ], [ -108.071573, 36.657799 ], [ -108.06754, 36.657781 ], [ -108.067627, 36.647691 ], [ -108.063509, 36.647627 ], [ -108.063577, 36.643857 ], [ -108.059206, 36.643859 ], [ -108.055007, 36.637061 ], [ -108.03623, 36.639797 ], [ -108.036325, 36.628863 ], [ -108.040463, 36.628305 ], [ -108.040149, 36.61774 ], [ -108.018472, 36.621547 ], [ -108.018394, 36.603507 ], [ -108.01278, 36.603524 ], [ -108.012417, 36.597283 ], [ -108.003392, 36.597311 ], [ -108.003373, 36.592886 ], [ -108.009027, 36.59285 ], [ -108.008987, 36.589393 ], [ -108.003944, 36.589266 ], [ -108.000409, 36.575123 ], [ -107.995545, 36.575137 ], [ -107.992833, 36.567451 ], [ -107.988427, 36.567522 ], [ -107.983367, 36.560276 ], [ -107.982212, 36.473796 ], [ -107.972374, 36.473796 ], [ -107.972362, 36.480952 ], [ -107.963575, 36.481164 ], [ -107.963786, 36.466013 ], [ -108.009877, 36.465845 ], [ -108.009816, 36.45099 ], [ -107.991632, 36.451116 ], [ -107.99159, 36.443814 ], [ -107.982316, 36.443818 ], [ -107.982343, 36.414801 ], [ -107.964523, 36.414582 ], [ -107.96453, 36.433762 ], [ -107.972785, 36.430482 ], [ -107.972771, 36.44391 ], [ -107.964964, 36.443928 ], [ -107.964867, 36.43707 ], [ -107.955286, 36.43704 ], [ -107.955352, 36.430494 ], [ -107.946789, 36.430517 ], [ -107.946903, 36.408457 ], [ -107.938137, 36.408461 ], [ -107.937891, 36.422997 ], [ -107.929009, 36.423203 ], [ -107.929228, 36.416222 ], [ -107.919312, 36.416266 ], [ -107.919252, 36.40022 ], [ -107.937967, 36.400168 ], [ -107.937947, 36.393815 ], [ -107.954591, 36.393545 ], [ -107.954498, 36.386123 ], [ -107.929594, 36.386468 ], [ -107.92952, 36.379659 ], [ -107.920551, 36.379575 ], [ -107.920767, 36.365192 ], [ -107.938223, 36.36544 ], [ -107.938157, 36.371394 ], [ -107.946729, 36.371417 ], [ -107.94665, 36.364388 ], [ -107.95427, 36.364367 ], [ -107.954272, 36.356637 ], [ -107.963471, 36.356628 ], [ -107.963493, 36.372073 ], [ -107.973595, 36.371832 ], [ -107.973627, 36.379085 ], [ -107.982463, 36.379141 ], [ -107.982441, 36.372385 ], [ -108.000017, 36.372382 ], [ -108.000016, 36.364889 ], [ -107.99095, 36.365103 ], [ -107.990957, 36.35833 ], [ -107.999846, 36.358152 ], [ -107.999656, 36.350489 ], [ -108.026651, 36.350238 ], [ -108.026577, 36.35842 ], [ -108.018689, 36.358143 ], [ -108.018686, 36.379613 ], [ -108.036545, 36.379416 ], [ -108.036557, 36.393769 ], [ -108.000384, 36.393685 ], [ -108.000351, 36.400974 ], [ -107.991731, 36.401085 ], [ -107.991355, 36.408204 ], [ -108.000356, 36.408234 ], [ -108.00031, 36.415851 ], [ -108.010336, 36.415864 ], [ -108.010319, 36.422375 ], [ -108.027505, 36.422323 ], [ -108.027571, 36.415912 ], [ -108.036773, 36.415931 ], [ -108.036619, 36.422919 ], [ -108.054904, 36.422292 ], [ -108.054978, 36.408485 ], [ -108.062679, 36.40855 ], [ -108.063026, 36.401337 ], [ -108.054481, 36.40136 ], [ -108.054809, 36.408527 ], [ -108.027757, 36.408441 ], [ -108.027409, 36.401681 ], [ -108.045619, 36.401721 ], [ -108.04569, 36.386965 ], [ -108.06306, 36.386854 ], [ -108.06306, 36.393799 ], [ -108.071689, 36.393774 ], [ -108.071709, 36.386737 ], [ -108.080432, 36.386693 ], [ -108.080468, 36.40079 ], [ -108.072006, 36.400816 ], [ -108.072022, 36.40788 ], [ -108.126302, 36.407507 ], [ -108.126044, 36.379248 ], [ -108.116918, 36.379248 ], [ -108.116918, 36.371835 ], [ -108.126771, 36.371825 ], [ -108.126779, 36.361697 ], [ -108.122083, 36.361567 ], [ -108.122051, 36.35737 ], [ -108.112867, 36.353952 ], [ -108.112879, 36.350322 ], [ -108.103376, 36.350426 ], [ -108.103237, 36.335867 ], [ -108.118686, 36.335762 ], [ -108.12007, 36.328261 ], [ -108.124357, 36.328371 ], [ -108.124546, 36.321632 ], [ -108.131062, 36.321553 ], [ -108.13108, 36.306905 ], [ -108.140368, 36.304366 ], [ -108.140359, 36.300255 ], [ -108.149909, 36.300247 ], [ -108.149901, 36.296724 ], [ -108.15309, 36.296724 ], [ -108.153038, 36.264102 ], [ -108.163307, 36.264304 ], [ -108.163279, 36.268094 ], [ -108.176832, 36.268105 ], [ -108.176737, 36.264121 ], [ -108.168364, 36.264354 ], [ -108.16823, 36.256474 ], [ -108.145767, 36.256551 ], [ -108.145732, 36.260136 ], [ -108.132321, 36.26003 ], [ -108.132291, 36.263959 ], [ -108.092366, 36.263947 ], [ -108.09243, 36.249091 ], [ -108.08144, 36.24914 ], [ -108.080971, 36.256078 ], [ -108.071944, 36.256083 ], [ -108.073532, 36.22757 ], [ -108.081979, 36.227492 ], [ -108.081622, 36.234941 ], [ -108.092068, 36.234743 ], [ -108.09241, 36.227674 ], [ -108.111397, 36.227796 ], [ -108.111295, 36.234788 ], [ -108.102663, 36.234858 ], [ -108.100907, 36.249082 ], [ -108.113486, 36.248889 ], [ -108.113426, 36.242208 ], [ -108.130369, 36.242237 ], [ -108.131341, 36.219757 ], [ -108.12732, 36.219862 ], [ -108.127316, 36.213564 ], [ -108.140269, 36.213501 ], [ -108.140269, 36.217246 ], [ -108.144601, 36.217239 ], [ -108.143108, 36.224431 ], [ -108.151558, 36.225322 ], [ -108.151597, 36.231865 ], [ -108.167897, 36.22836 ], [ -108.167388, 36.193091 ], [ -108.185199, 36.193678 ], [ -108.185, 36.207186 ], [ -108.211092, 36.207216 ], [ -108.211147, 36.210397 ], [ -108.220776, 36.210341 ], [ -108.220803, 36.216512 ], [ -108.238406, 36.217205 ], [ -108.238406, 36.20971 ], [ -108.243917, 36.20966 ], [ -108.243962, 36.206257 ], [ -108.256961, 36.206308 ], [ -108.256954, 36.192004 ], [ -108.265597, 36.192004 ], [ -108.265597, 36.176913 ], [ -108.271703, 36.176902 ], [ -108.271846, 36.162839 ], [ -108.238944, 36.162679 ], [ -108.238879, 36.155524 ], [ -108.220899, 36.154891 ], [ -108.220681, 36.162507 ], [ -108.238215, 36.162539 ], [ -108.238167, 36.199137 ], [ -108.229494, 36.199091 ], [ -108.229494, 36.191921 ], [ -108.193523, 36.191743 ], [ -108.193535, 36.185028 ], [ -108.185528, 36.185073 ], [ -108.185693, 36.16994 ], [ -108.176125, 36.169784 ], [ -108.175803, 36.177336 ], [ -108.167225, 36.177259 ], [ -108.167432, 36.162728 ], [ -108.148575, 36.162628 ], [ -108.148622, 36.155076 ], [ -108.130771, 36.155132 ], [ -108.130966, 36.126361 ], [ -108.113012, 36.126254 ], [ -108.11298, 36.133893 ], [ -108.094546, 36.133792 ], [ -108.094685, 36.118891 ], [ -108.11217, 36.118989 ], [ -108.112316, 36.104461 ], [ -108.131508, 36.104499 ], [ -108.130454, 36.089581 ], [ -108.148411, 36.089674 ], [ -108.14841, 36.076435 ], [ -108.130579, 36.076195 ], [ -108.130111, 36.046361 ], [ -108.094322, 36.046707 ], [ -108.094715, 36.032454 ], [ -108.067197, 36.03234 ], [ -108.066931, 36.046548 ], [ -108.058056, 36.046032 ], [ -108.057789, 36.016925 ], [ -108.075506, 36.017278 ], [ -108.075707, 36.002535 ], [ -108.02208, 36.002309 ], [ -108.021959, 35.987795 ], [ -108.056348, 35.987394 ], [ -108.056557, 35.929036 ], [ -108.074908, 35.928853 ], [ -108.075141, 35.914139 ], [ -108.092876, 35.914317 ], [ -108.091592, 35.898333 ], [ -108.055781, 35.899786 ], [ -108.055528, 35.891884 ], [ -108.064873, 35.891443 ], [ -108.064487, 35.877014 ], [ -108.073971, 35.877043 ], [ -108.073932, 35.870753 ], [ -108.055444, 35.871088 ], [ -108.055598, 35.841365 ], [ -108.074761, 35.841311 ], [ -108.074826, 35.826877 ], [ -108.092193, 35.826919 ], [ -108.092581, 35.790542 ], [ -108.074517, 35.790632 ], [ -108.074581, 35.783626 ], [ -108.111024, 35.783283 ], [ -108.110762, 35.768934 ], [ -108.074378, 35.768848 ], [ -108.074348, 35.739975 ], [ -107.949668, 35.739544 ], [ -107.94946, 35.666912 ], [ -107.967802, 35.666997 ], [ -107.967858, 35.653411 ], [ -107.980676, 35.652827 ], [ -107.980676, 35.638386 ], [ -107.963157, 35.638305 ], [ -107.963162, 35.652746 ], [ -107.927416, 35.653039 ], [ -107.928028, 35.637924 ], [ -107.945701, 35.637969 ], [ -107.945409, 35.623064 ], [ -107.936286, 35.623162 ], [ -107.936185, 35.61584 ], [ -107.92793, 35.615889 ], [ -107.927208, 35.6082 ], [ -107.945525, 35.608211 ], [ -107.945522, 35.594432 ], [ -107.92703, 35.594041 ], [ -107.926862, 35.58066 ], [ -107.945611, 35.579993 ], [ -107.945679, 35.572272 ], [ -107.955092, 35.572637 ], [ -107.95511, 35.57987 ], [ -107.971096, 35.580199 ], [ -107.971839, 35.566944 ], [ -107.981295, 35.566429 ], [ -107.981233, 35.529744 ], [ -107.971694, 35.529796 ], [ -107.972304, 35.521815 ], [ -107.963178, 35.521685 ], [ -107.963254, 35.506993 ], [ -107.972263, 35.507015 ], [ -107.972429, 35.499913 ], [ -107.981092, 35.500084 ], [ -107.98163, 35.50732 ], [ -107.998379, 35.507659 ], [ -107.998311, 35.537579 ], [ -108.014492, 35.537622 ], [ -108.016584, 35.478839 ], [ -108.104453, 35.479429 ], [ -108.10529, 35.465748 ], [ -108.122217, 35.465586 ], [ -108.122248, 35.479604 ], [ -108.13991, 35.479254 ], [ -108.139954, 35.465404 ], [ -108.158004, 35.465153 ], [ -108.157698, 35.451445 ], [ -108.140893, 35.45109 ], [ -108.140385, 35.4375 ], [ -108.157938, 35.436545 ], [ -108.158063, 35.423984 ], [ -108.139937, 35.423807 ], [ -108.140197, 35.409554 ], [ -108.212037, 35.40932 ], [ -108.212145, 35.413176 ], [ -108.229584, 35.413219 ], [ -108.234678, 35.413107 ], [ -108.234607, 35.409271 ], [ -108.247941, 35.409118 ], [ -108.247474, 35.423745 ], [ -108.299518, 35.423737 ], [ -108.299512, 35.438311 ], [ -108.317895, 35.43854 ], [ -108.317593, 35.452088 ], [ -108.352332, 35.452223 ], [ -108.352325, 35.480278 ], [ -108.370021, 35.480666 ], [ -108.37054, 35.523412 ], [ -108.387231, 35.523472 ], [ -108.387234, 35.530494 ], [ -108.396712, 35.530595 ], [ -108.396653, 35.538601 ], [ -108.405123, 35.53862 ], [ -108.404648, 35.523325 ], [ -108.413419, 35.522941 ], [ -108.423909, 35.523283 ], [ -108.424049, 35.538449 ], [ -108.449933, 35.538827 ], [ -108.449518, 35.500332 ], [ -108.478337, 35.497852 ], [ -108.517162, 35.505026 ], [ -108.604874, 35.532427 ], [ -108.625756, 35.53365 ], [ -108.626051, 35.502672 ], [ -108.630356, 35.502683 ], [ -108.627272, 35.500412 ], [ -108.627891, 35.483055 ], [ -108.637305, 35.483053 ], [ -108.637521, 35.493791 ], [ -108.654589, 35.493462 ], [ -108.653869, 35.472058 ], [ -108.645799, 35.472046 ], [ -108.645629, 35.465502 ], [ -108.637174, 35.465545 ], [ -108.637282, 35.479969 ], [ -108.626751, 35.480111 ], [ -108.629183, 35.392644 ], [ -108.635361, 35.392662 ], [ -108.635345, 35.379246 ], [ -108.652571, 35.378998 ], [ -108.652553, 35.37478 ], [ -108.645722, 35.374811 ], [ -108.645703, 35.370862 ], [ -108.649943, 35.370835 ], [ -108.649947, 35.364729 ], [ -108.68068, 35.364724 ], [ -108.680938, 35.350143 ], [ -108.688876, 35.350371 ], [ -108.688507, 35.338185 ], [ -108.683937, 35.338085 ], [ -108.683958, 35.332691 ], [ -108.679508, 35.332713 ], [ -108.679486, 35.329136 ], [ -108.674385, 35.329171 ], [ -108.674422, 35.3334 ], [ -108.669982, 35.333401 ], [ -108.67029, 35.320285 ], [ -108.70596, 35.320873 ], [ -108.705959, 35.337163 ], [ -108.715513, 35.337163 ], [ -108.715513, 35.333641 ], [ -108.720396, 35.333641 ], [ -108.720396, 35.324807 ], [ -108.724996, 35.324807 ], [ -108.724996, 35.320766 ], [ -108.706079, 35.320765 ], [ -108.706083, 35.30668 ], [ -108.680618, 35.307134 ], [ -108.680772, 35.2926 ], [ -108.697851, 35.292568 ], [ -108.697821, 35.285062 ], [ -108.690131, 35.284793 ], [ -108.690231, 35.278294 ], [ -108.680931, 35.27834 ], [ -108.681614, 35.218791 ], [ -108.76893, 35.219246 ], [ -108.76976, 35.20547 ], [ -108.786588, 35.206137 ], [ -108.7851, 35.162332 ], [ -108.803955, 35.162213 ], [ -108.803653, 35.183933 ], [ -108.81231, 35.184014 ], [ -108.812205, 35.177139 ], [ -108.839179, 35.176911 ], [ -108.839406, 35.191006 ], [ -108.857308, 35.191179 ], [ -108.857441, 35.176768 ], [ -108.875248, 35.176742 ], [ -108.87525, 35.198789 ], [ -108.892206, 35.198764 ], [ -108.892033, 35.191535 ], [ -108.88373, 35.191486 ], [ -108.883975, 35.176421 ], [ -108.891869, 35.176583 ], [ -108.892101, 35.191535 ], [ -108.910435, 35.191851 ], [ -108.910435, 35.199068 ], [ -108.928788, 35.199069 ], [ -108.9289, 35.191235 ], [ -108.946776, 35.191195 ], [ -108.946668, 35.207456 ], [ -108.964789, 35.207508 ], [ -108.964793, 35.190924 ], [ -108.982437, 35.191045 ], [ -108.982437, 35.206311 ], [ -108.99999, 35.206359 ], [ -108.999693, 35.248726 ], [ -109.017929, 35.248783 ], [ -109.01788, 35.263496 ], [ -109.035791, 35.26351 ], [ -109.035782, 35.248803 ], [ -109.046083050335994, 35.248841763452603 ], [ -109.046071637565007, 35.234621989054503 ], [ -109.035814, 35.234576 ], [ -109.035899, 35.219517 ], [ -109.046059589726994, 35.219610952173397 ], [ -109.046048985767001, 35.206398918948899 ], [ -109.035948, 35.206382 ], [ -109.036009, 35.190128 ], [ -109.046035905875002, 35.190101990444397 ], [ -109.045944617480998, 34.904160896566303 ], [ -109.209991, 34.907279 ], [ -109.209929, 34.922093 ], [ -109.226368, 34.922062 ], [ -109.226559, 34.90747 ], [ -109.314351, 34.907906 ], [ -109.314231, 35.000443 ], [ -109.310946, 35.000498 ], [ -109.310422, 35.003873 ], [ -109.315994, 35.004005 ], [ -109.315863, 34.999325 ], [ -109.338941, 34.992747 ], [ -109.347151, 34.986238 ], [ -109.353893, 34.985318 ], [ -109.362938, 34.991162 ], [ -109.38365, 34.98084 ], [ -109.400135, 34.9778 ], [ -109.416527, 34.949043 ], [ -109.504191, 34.948961 ], [ -109.503847, 34.917935 ], [ -109.508131, 34.917974 ], [ -109.508413, 34.904547 ], [ -109.526502, 34.904488 ], [ -109.526715, 35.110935 ], [ -109.537163, 35.110891 ], [ -109.537105, 35.113792 ], [ -109.545345, 35.119067 ], [ -109.56311, 35.112736 ], [ -109.562805, 35.139652 ], [ -109.552161, 35.136952 ], [ -109.552216, 35.139435 ], [ -109.524854, 35.139502 ], [ -109.506714, 35.151295 ], [ -109.50659, 35.140554 ], [ -109.497345, 35.140603 ], [ -109.497158, 35.147854 ], [ -109.488399, 35.147763 ], [ -109.488274, 35.155905 ], [ -109.470665, 35.155712 ], [ -109.470395, 35.170926 ], [ -109.465776, 35.170857 ], [ -109.465539, 35.176885 ], [ -109.458846, 35.176337 ], [ -109.439653, 35.185679 ], [ -109.387603, 35.185417 ], [ -109.387689, 35.170096 ], [ -109.369191, 35.169892 ], [ -109.369139, 35.17622 ], [ -109.361181, 35.176087 ], [ -109.361068, 35.169739 ], [ -109.366197, 35.169858 ], [ -109.36618, 35.160948 ], [ -109.40249, 35.160505 ], [ -109.40236, 35.145502 ], [ -109.420544, 35.145369 ], [ -109.41999, 35.115191 ], [ -109.331881, 35.115421 ], [ -109.33157, 35.099705 ], [ -109.313148, 35.098825 ], [ -109.314828, 35.169686 ], [ -109.318202, 35.173337 ], [ -109.31968, 35.169699 ], [ -109.332488, 35.169811 ], [ -109.332643, 35.199075 ], [ -109.319673, 35.19843 ], [ -109.319701, 35.207715 ], [ -109.301276, 35.209992 ], [ -109.30127, 35.211589 ], [ -109.314727, 35.210414 ], [ -109.31474, 35.224541 ], [ -109.421447, 35.228046 ], [ -109.421134, 35.256725 ], [ -109.438025, 35.257026 ], [ -109.439329, 35.200642 ], [ -109.447266, 35.20028 ], [ -109.448142, 35.184494 ], [ -109.464494, 35.18438 ], [ -109.464733, 35.192044 ], [ -109.468453, 35.192017 ], [ -109.469394, 35.176769 ], [ -109.47354, 35.177088 ], [ -109.473558, 35.173131 ], [ -109.478976, 35.169611 ], [ -109.491188, 35.169708 ], [ -109.491473, 35.162816 ], [ -109.497932, 35.162687 ], [ -109.506646, 35.153545 ], [ -109.524268, 35.153554 ], [ -109.524175, 35.167639 ], [ -109.630137, 35.16892 ], [ -109.632244, 35.079667 ], [ -109.65186, 35.07993 ], [ -109.652092, 35.073497 ], [ -109.660068, 35.071213 ], [ -109.660055, 35.066605 ], [ -109.71512, 35.067193 ], [ -109.715003, 35.074453 ], [ -109.719734, 35.074423 ], [ -109.719745, 35.080469 ], [ -109.736399, 35.075579 ], [ -109.73536, 35.128283 ], [ -109.685787, 35.128019 ], [ -109.686091, 35.170112 ], [ -110.375811, 35.170092 ], [ -110.377144, 34.952017 ], [ -110.48409, 34.951599 ], [ -110.483971, 34.936989 ], [ -110.501832, 34.936969 ], [ -110.501911, 34.951594 ], [ -110.537541, 34.951594 ], [ -110.537677, 34.966212 ], [ -110.55535, 34.966128 ], [ -110.555441, 34.980846 ], [ -110.626433, 34.98067 ], [ -110.638611, 34.986882 ], [ -110.640068, 34.995084 ], [ -110.662362, 34.995014 ], [ -110.662441, 35.007921 ], [ -110.653876, 35.005452 ], [ -110.65354, 35.009926 ], [ -110.663271, 35.010041 ], [ -110.663343, 35.024237 ], [ -110.680507, 35.024328 ], [ -110.680539, 35.053456 ], [ -110.724614, 35.053377 ], [ -110.724589, 35.060698 ], [ -110.737807, 35.06075 ], [ -110.737809, 35.053422 ], [ -110.750692, 35.053467 ], [ -110.750692, 35.042789 ], [ -110.759877, 35.047613 ], [ -110.801824, 35.057758 ], [ -110.801892, 35.170125 ], [ -110.907895, 35.169419 ], [ -110.908022, 35.156359 ], [ -111.243614, 35.156305 ], [ -111.243593, 35.171089 ], [ -111.25506, 35.171126 ], [ -111.255056, 35.177432 ], [ -111.24341, 35.178464 ], [ -111.242902, 35.488753 ], [ -111.249924, 35.510594 ], [ -111.258255, 35.51716 ], [ -111.256502, 35.531208 ], [ -111.267112, 35.546105 ], [ -111.266769, 35.556722 ], [ -111.272343, 35.567918 ], [ -111.28237, 35.578079 ], [ -111.306389, 35.586555 ], [ -111.309662, 35.595097 ], [ -111.306511, 35.605141 ], [ -111.31851, 35.616753 ], [ -111.314705, 35.635844 ], [ -111.331827, 35.657997 ], [ -111.322719, 35.671365 ], [ -111.322774, 35.680209 ], [ -111.329068, 35.689364 ], [ -111.324236, 35.699376 ], [ -111.305257, 35.705574 ], [ -111.322046, 35.734233 ], [ -111.320535, 35.757096 ], [ -111.501675, 35.7574 ], [ -111.501558, 35.750291 ], [ -111.510505, 35.750379 ], [ -111.510262, 35.742869 ], [ -111.519488, 35.742733 ], [ -111.519248, 35.728174 ], [ -111.536903, 35.728212 ], [ -111.536832, 35.698799 ], [ -111.554355, 35.698862 ], [ -111.554597, 35.640948 ], [ -111.634194, 35.643441 ], [ -111.634147, 35.674166 ], [ -111.746359, 35.672072 ], [ -111.746648, 35.746258 ], [ -111.693208, 35.746137 ], [ -111.693549, 35.825194 ], [ -111.709224, 35.825325 ], [ -111.711179, 35.847141 ], [ -111.726231, 35.847025 ], [ -111.726356, 35.948571 ], [ -111.717418, 35.94844 ], [ -111.71727, 35.977486 ], [ -111.726259, 35.977435 ], [ -111.72626, 35.992016 ], [ -111.74511, 35.991959 ], [ -111.744597, 36.007185 ], [ -111.760428, 36.007317 ], [ -111.762829, 36.198516 ], [ -111.768892, 36.196096 ], [ -111.774779, 36.198103 ], [ -111.778578, 36.191737 ], [ -111.783809, 36.189783 ], [ -111.798767, 36.192558 ], [ -111.800772, 36.204182 ], [ -111.82386, 36.23793 ], [ -111.825607, 36.262365 ], [ -111.854524, 36.291578 ], [ -111.858267, 36.296402 ], [ -111.855102, 36.305477 ], [ -111.864683, 36.311158 ], [ -111.858579, 36.329518 ], [ -111.860642, 36.336931 ], [ -111.892111, 36.370757 ] ], [ [ -111.295069, 36.051528 ], [ -111.285582, 36.054492 ], [ -111.281654, 36.049513 ], [ -111.27868, 36.050063 ], [ -111.275703, 36.040285 ], [ -111.278236, 36.037234 ], [ -111.27382, 36.037004 ], [ -111.273105, 36.032737 ], [ -111.268399, 36.031249 ], [ -111.268823, 36.026558 ], [ -111.257164, 36.033366 ], [ -111.255591, 36.030703 ], [ -111.259321, 36.02676 ], [ -111.255099, 36.020771 ], [ -111.262654, 36.020165 ], [ -111.264519, 36.017392 ], [ -111.260908, 36.012642 ], [ -111.264488, 36.008254 ], [ -111.256336, 36.011123 ], [ -111.249814, 36.009063 ], [ -111.251081, 36.003106 ], [ -111.249663, 36.005238 ], [ -111.245003, 36.004869 ], [ -111.252681, 35.996073 ], [ -111.248328, 35.985511 ], [ -111.252745, 35.982186 ], [ -111.252221, 35.97779 ], [ -111.248468, 35.980269 ], [ -111.24088, 35.974157 ], [ -111.248039, 35.971197 ], [ -111.246922, 35.96488 ], [ -111.139017, 35.965544 ], [ -111.139018, 36.023274 ], [ -111.115441, 36.019552 ], [ -111.115141, 36.025741 ], [ -111.082548, 36.057074 ], [ -111.082727, 36.144548 ], [ -111.09407, 36.140587 ], [ -111.097798, 36.135769 ], [ -111.11678, 36.130986 ], [ -111.121243, 36.126575 ], [ -111.122164, 36.118609 ], [ -111.126308, 36.115875 ], [ -111.155144, 36.111664 ], [ -111.157615, 36.108697 ], [ -111.157673, 36.123096 ], [ -111.209196, 36.123268 ], [ -111.214559, 36.136208 ], [ -111.205793, 36.151215 ], [ -111.205258, 36.162805 ], [ -111.217134, 36.137311 ], [ -111.211703, 36.122908 ], [ -111.229252, 36.119349 ], [ -111.233806, 36.112486 ], [ -111.231621, 36.11244 ], [ -111.23419, 36.103494 ], [ -111.246584, 36.09999 ], [ -111.245345, 36.105093 ], [ -111.248481, 36.104936 ], [ -111.254212, 36.099783 ], [ -111.270385, 36.101605 ], [ -111.277869, 36.096966 ], [ -111.27835, 36.090593 ], [ -111.28818, 36.086503 ], [ -111.287023, 36.08368 ], [ -111.294191, 36.07711 ], [ -111.28943, 36.063249 ], [ -111.295069, 36.051528 ] ], [ [ -111.001037, 35.99084 ], [ -111.000709, 35.54888 ], [ -110.855996, 35.548582 ], [ -110.856084, 35.562852 ], [ -110.839106, 35.562878 ], [ -110.839173, 35.578174 ], [ -110.803557, 35.578406 ], [ -110.803499, 35.548504 ], [ -110.838731, 35.548387 ], [ -110.853124, 35.529753 ], [ -110.886219, 35.50009 ], [ -110.723063, 35.500008 ], [ -110.723068, 35.519881 ], [ -110.250546, 35.518653 ], [ -110.250683, 35.533271 ], [ -110.277728, 35.539555 ], [ -110.277906, 35.590313 ], [ -110.182985, 35.590643 ], [ -110.182474, 35.57913 ], [ -110.124895, 35.577712 ], [ -110.124105, 35.605375 ], [ -110.147024, 35.605395 ], [ -110.146418, 35.64903 ], [ -110.000683, 35.648362 ], [ -110.000673, 35.844269 ], [ -110.054834, 35.843773 ], [ -110.054425, 35.866221 ], [ -110.041386, 35.880799 ], [ -110.041229, 35.889659 ], [ -110.025168, 35.908816 ], [ -110.026349, 35.91493 ], [ -110.02041, 35.925153 ], [ -110.029961, 35.927433 ], [ -110.034622, 35.923737 ], [ -110.042133, 35.92362 ], [ -110.04292, 35.91502 ], [ -110.046562, 35.91109 ], [ -110.053303, 35.924253 ], [ -110.05877, 35.921448 ], [ -110.062114, 35.930872 ], [ -110.076442, 35.930111 ], [ -110.085849, 35.927594 ], [ -110.076072, 35.918299 ], [ -110.075657, 35.913288 ], [ -110.08822, 35.915324 ], [ -110.100372, 35.909234 ], [ -110.104085, 35.914905 ], [ -110.110096, 35.911519 ], [ -110.11909, 35.911784 ], [ -110.119884, 35.923948 ], [ -110.124635, 35.927124 ], [ -110.124147, 35.99373 ], [ -110.140504, 35.991402 ], [ -110.145884, 35.974884 ], [ -110.160577, 35.96521 ], [ -110.250767, 35.99962 ], [ -110.319615, 36.000417 ], [ -110.310364, 36.005192 ], [ -110.304077, 36.014437 ], [ -110.298643, 36.01428 ], [ -110.290032, 36.02658 ], [ -110.286266, 36.034882 ], [ -110.293479, 36.043307 ], [ -110.402844, 36.043076 ], [ -110.403045, 36.070548 ], [ -110.425467, 36.069936 ], [ -110.42503, 36.099153 ], [ -110.464984, 36.099368 ], [ -110.464827, 36.079343 ], [ -110.470325, 36.070243 ], [ -110.500691, 36.070512 ], [ -110.500618, 36.015749 ], [ -110.529162, 36.015753 ], [ -110.536717, 36.021745 ], [ -110.545412, 36.013867 ], [ -110.54536, 36.041476 ], [ -110.61674, 36.041476 ], [ -110.616623, 36.099581 ], [ -110.569244, 36.142595 ], [ -110.518846, 36.156492 ], [ -110.498658, 36.156892 ], [ -110.469861, 36.134246 ], [ -110.444333, 36.163867 ], [ -110.431549, 36.204799 ], [ -110.433903, 36.221358 ], [ -110.428625, 36.249997 ], [ -110.417126, 36.281592 ], [ -110.399782, 36.298468 ], [ -110.389386, 36.301306 ], [ -110.383699, 36.299087 ], [ -110.381304, 36.302222 ], [ -110.372221, 36.349305 ], [ -110.358366, 36.358827 ], [ -110.360511, 36.36058 ], [ -110.332167, 36.374955 ], [ -110.323428, 36.383189 ], [ -110.324334, 36.390423 ], [ -110.307981, 36.420482 ], [ -110.313072, 36.430566 ], [ -110.364878, 36.424273 ], [ -110.388724, 36.405244 ], [ -110.416509, 36.400009 ], [ -110.456599, 36.414008 ], [ -110.502907, 36.388131 ], [ -110.520536, 36.403274 ], [ -110.552932, 36.396507 ], [ -110.577295, 36.374996 ], [ -110.721744, 36.375738 ], [ -110.721975, 36.393485 ], [ -110.742665, 36.39344 ], [ -110.742681, 36.398439 ], [ -110.746631, 36.398428 ], [ -110.752725, 36.410324 ], [ -110.767467, 36.403622 ], [ -110.828368, 36.387323 ], [ -110.845117, 36.373978 ], [ -110.852886, 36.364811 ], [ -110.849873, 36.358814 ], [ -110.847309, 36.358093 ], [ -110.843683, 36.365815 ], [ -110.839592, 36.362372 ], [ -110.832464, 36.36604 ], [ -110.832882, 36.357085 ], [ -110.861354, 36.333514 ], [ -110.853982, 36.332429 ], [ -110.855295, 36.326262 ], [ -110.874306, 36.310023 ], [ -110.875688, 36.277823 ], [ -110.918033, 36.280072 ], [ -110.91861, 36.298133 ], [ -110.923196, 36.302978 ], [ -110.933874, 36.30015 ], [ -110.940851, 36.301977 ], [ -110.953036, 36.281594 ], [ -110.999945, 36.279722 ], [ -111.000545, 36.035493 ], [ -111.007042, 36.00689 ], [ -111.001037, 35.99084 ] ], [ [ -109.046794221037004, 35.363322212850001 ], [ -109.043714, 35.361626 ], [ -109.043695, 35.365421 ], [ -109.026952, 35.36536 ], [ -109.026875, 35.379354 ], [ -109.046768531325995, 35.379539575166397 ], [ -109.046794221037004, 35.363322212850001 ] ], [ [ -109.046668672151995, 35.437464236317901 ], [ -109.042911, 35.437473 ], [ -109.043054, 35.42363 ], [ -109.026341, 35.423519 ], [ -109.026192, 35.437577 ], [ -109.009392, 35.437476 ], [ -109.009458, 35.450762 ], [ -108.990649, 35.450762 ], [ -108.990656, 35.465145 ], [ -108.972791, 35.465142 ], [ -108.973316, 35.428772 ], [ -108.954743, 35.428714 ], [ -108.954282, 35.434228 ], [ -108.936289, 35.435707 ], [ -108.936387, 35.450342 ], [ -108.918365, 35.451115 ], [ -108.91815, 35.458031 ], [ -108.909334, 35.458039 ], [ -108.910108, 35.465338 ], [ -108.918066, 35.46517 ], [ -108.917986, 35.476598 ], [ -108.913694, 35.476735 ], [ -108.91291, 35.479769 ], [ -108.900069, 35.479833 ], [ -108.900505, 35.487215 ], [ -108.893055, 35.487296 ], [ -108.891788, 35.479869 ], [ -108.882591, 35.479747 ], [ -108.882916, 35.465024 ], [ -108.865933, 35.465019 ], [ -108.866794, 35.422846 ], [ -108.848836, 35.422915 ], [ -108.848973, 35.435938 ], [ -108.857299, 35.435675 ], [ -108.8572, 35.443615 ], [ -108.848605, 35.443624 ], [ -108.848616, 35.45062 ], [ -108.85175, 35.450608 ], [ -108.851721, 35.464789 ], [ -108.865932, 35.465083 ], [ -108.865915, 35.47936 ], [ -108.848259, 35.479307 ], [ -108.847774, 35.492653 ], [ -108.829424, 35.492501 ], [ -108.830013, 35.485634 ], [ -108.839117, 35.485629 ], [ -108.839087, 35.479278 ], [ -108.821873, 35.479219 ], [ -108.821926, 35.476685 ], [ -108.812968, 35.475569 ], [ -108.813008, 35.479422 ], [ -108.786653, 35.479572 ], [ -108.786522, 35.465449 ], [ -108.777662, 35.464988 ], [ -108.777732, 35.458282 ], [ -108.773274, 35.458281 ], [ -108.773273, 35.464989 ], [ -108.759851, 35.464932 ], [ -108.759806, 35.479578 ], [ -108.74216, 35.479565 ], [ -108.742461, 35.46558 ], [ -108.724286, 35.465458 ], [ -108.724292, 35.450587 ], [ -108.706946, 35.450638 ], [ -108.706808, 35.478548 ], [ -108.689421, 35.479366 ], [ -108.688811, 35.522925 ], [ -108.671997, 35.523185 ], [ -108.671924, 35.515189 ], [ -108.655041, 35.515805 ], [ -108.655117, 35.523093 ], [ -108.635189, 35.522943 ], [ -108.635136, 35.537573 ], [ -108.662411, 35.53759 ], [ -108.660929, 35.545141 ], [ -108.653409, 35.544644 ], [ -108.653312, 35.551219 ], [ -108.671494, 35.550683 ], [ -108.672697, 35.558507 ], [ -108.690566, 35.557856 ], [ -108.688163, 35.594623 ], [ -108.705804, 35.594557 ], [ -108.705596, 35.608944 ], [ -108.670431, 35.609155 ], [ -108.67054, 35.616567 ], [ -108.679352, 35.616518 ], [ -108.679586, 35.623738 ], [ -108.705272, 35.623543 ], [ -108.704959, 35.637688 ], [ -108.688789, 35.63778 ], [ -108.688403, 35.652807 ], [ -108.658554, 35.652435 ], [ -108.657623, 35.659752 ], [ -108.73128, 35.659438 ], [ -108.729309, 35.65265 ], [ -108.740873, 35.652716 ], [ -108.740672, 35.637485 ], [ -108.757986, 35.637395 ], [ -108.757815, 35.652556 ], [ -108.749213, 35.652706 ], [ -108.749212, 35.659399 ], [ -108.838758, 35.659739 ], [ -108.838959, 35.652723 ], [ -108.845006, 35.65269 ], [ -108.84541, 35.638534 ], [ -108.862693, 35.638541 ], [ -108.862475, 35.659489 ], [ -108.880501, 35.659573 ], [ -108.880923, 35.638671 ], [ -108.898963, 35.63863 ], [ -108.898677, 35.652409 ], [ -108.889236, 35.652524 ], [ -108.889212, 35.659644 ], [ -108.894617, 35.659685 ], [ -108.898761, 35.652646 ], [ -108.917705, 35.652545 ], [ -108.917757, 35.63884 ], [ -108.935546, 35.638825 ], [ -108.935086, 35.653087 ], [ -108.954898, 35.653144 ], [ -108.954873, 35.638493 ], [ -108.973058, 35.638376 ], [ -108.972755, 35.652965 ], [ -108.96496, 35.653244 ], [ -108.965035, 35.660214 ], [ -108.982229, 35.660306 ], [ -108.982214, 35.653508 ], [ -108.99939, 35.653222 ], [ -108.998934, 35.660397 ], [ -109.046249628984, 35.660596030497402 ], [ -109.046309353, 35.609999918831598 ], [ -109.043881, 35.609967 ], [ -109.043564, 35.596099 ], [ -109.046352661975007, 35.596212008361498 ], [ -109.04639829864, 35.581683051195398 ], [ -109.04357, 35.581698 ], [ -109.043279, 35.567766 ], [ -109.046442364778997, 35.567654089096102 ], [ -109.046488416279999, 35.552993064129197 ], [ -109.034683, 35.552817 ], [ -109.034686, 35.55504 ], [ -109.043363, 35.555156 ], [ -109.043466, 35.562192 ], [ -109.025619, 35.562191 ], [ -109.026712, 35.581386 ], [ -109.007856, 35.580861 ], [ -109.008269, 35.565509 ], [ -108.989909, 35.565417 ], [ -108.989923, 35.580083 ], [ -108.974202, 35.580411 ], [ -108.973543, 35.565331 ], [ -108.956041, 35.565239 ], [ -108.956012, 35.551323 ], [ -108.973575, 35.55143 ], [ -108.973464, 35.536561 ], [ -108.98987, 35.536694 ], [ -108.989912, 35.551492 ], [ -109.008581, 35.5515 ], [ -109.008883, 35.529652 ], [ -109.01703, 35.529656 ], [ -109.017048, 35.536444 ], [ -109.025606, 35.536366 ], [ -109.025606, 35.522247 ], [ -109.043589, 35.522377 ], [ -109.046570960812005, 35.494143017171901 ], [ -109.043602, 35.494006 ], [ -109.043412, 35.479479 ], [ -109.046596188097993, 35.479509589827998 ], [ -109.046619928072005, 35.465738897776802 ], [ -109.042897, 35.465734 ], [ -109.042901, 35.450764 ], [ -109.046645737351994, 35.450767876438903 ], [ -109.046668672151995, 35.437464236317901 ] ], [ [ -109.026722, 35.39232 ], [ -109.018761, 35.392251 ], [ -109.018636, 35.399491 ], [ -109.02638, 35.399796 ], [ -109.026722, 35.39232 ] ], [ [ -109.009273, 35.408061 ], [ -109.009268, 35.39246 ], [ -108.990668, 35.392098 ], [ -108.990898, 35.406426 ], [ -108.982178, 35.406462 ], [ -108.982111, 35.413229 ], [ -108.973446, 35.413325 ], [ -108.973355, 35.42104 ], [ -108.999346, 35.421996 ], [ -108.999381, 35.415844 ], [ -108.990955, 35.413866 ], [ -108.990912, 35.410001 ], [ -109.000886, 35.411561 ], [ -109.000607, 35.408224 ], [ -109.009273, 35.408061 ] ], [ [ -108.986054, 35.398737 ], [ -108.982116, 35.398737 ], [ -108.982116, 35.402492 ], [ -108.986054, 35.402492 ], [ -108.986054, 35.398737 ] ], [ [ -108.982409, 35.277574 ], [ -108.964889, 35.277291 ], [ -108.965229, 35.292163 ], [ -108.982314, 35.292179 ], [ -108.982409, 35.277574 ] ], [ [ -108.980413, 35.40247 ], [ -108.977628, 35.402491 ], [ -108.977568, 35.406452 ], [ -108.973102, 35.406467 ], [ -108.973288, 35.410114 ], [ -108.980419, 35.410099 ], [ -108.980413, 35.40247 ] ], [ [ -108.964684, 35.305181 ], [ -108.964565, 35.299537 ], [ -108.947589, 35.299537 ], [ -108.947589, 35.307314 ], [ -108.964684, 35.305181 ] ], [ [ -108.95542, 35.321734 ], [ -108.949983, 35.321709 ], [ -108.94998, 35.325435 ], [ -108.955401, 35.3255 ], [ -108.95542, 35.321734 ] ], [ [ -108.946938, 35.321695 ], [ -108.936779, 35.321701 ], [ -108.936816, 35.328438 ], [ -108.946865, 35.328439 ], [ -108.946938, 35.321695 ] ], [ [ -108.929482, 35.292332 ], [ -108.91237, 35.292364 ], [ -108.912318, 35.306985 ], [ -108.902207, 35.307029 ], [ -108.901718, 35.329267 ], [ -108.910617, 35.329527 ], [ -108.910488, 35.325098 ], [ -108.919459, 35.325124 ], [ -108.919536, 35.307076 ], [ -108.929792, 35.307115 ], [ -108.929482, 35.292332 ] ], [ [ -108.92932, 35.26346 ], [ -108.916101, 35.263479 ], [ -108.916084, 35.266721 ], [ -108.91247, 35.266749 ], [ -108.912444, 35.277638 ], [ -108.929374, 35.277742 ], [ -108.92932, 35.26346 ] ], [ [ -108.928985, 35.241257 ], [ -108.911071, 35.24139 ], [ -108.911071, 35.248701 ], [ -108.928985, 35.248701 ], [ -108.928985, 35.241257 ] ], [ [ -108.928691, 35.205938 ], [ -108.910847, 35.205673 ], [ -108.910988, 35.208841 ], [ -108.919759, 35.208673 ], [ -108.92009, 35.212553 ], [ -108.928595, 35.212735 ], [ -108.928691, 35.205938 ] ], [ [ -108.912055, 35.656989 ], [ -108.906638, 35.65703 ], [ -108.90667, 35.659763 ], [ -108.912082, 35.659797 ], [ -108.912055, 35.656989 ] ], [ [ -108.911277, 35.234509 ], [ -108.910919, 35.213143 ], [ -108.900945, 35.21314 ], [ -108.900945, 35.220236 ], [ -108.892718, 35.220252 ], [ -108.892709, 35.234777 ], [ -108.911277, 35.234509 ] ], [ [ -108.900885, 35.451054 ], [ -108.883337, 35.450763 ], [ -108.883231, 35.457793 ], [ -108.900806, 35.458041 ], [ -108.900885, 35.451054 ] ], [ [ -108.875582, 35.212557 ], [ -108.865912, 35.212414 ], [ -108.865942, 35.22047 ], [ -108.87564, 35.220276 ], [ -108.875582, 35.212557 ] ], [ [ -108.86582, 35.206448 ], [ -108.856459, 35.206449 ], [ -108.856459, 35.212344 ], [ -108.86577, 35.21233 ], [ -108.86582, 35.206448 ] ], [ [ -108.865204, 35.306992 ], [ -108.849623, 35.307115 ], [ -108.849626, 35.322756 ], [ -108.865005, 35.322744 ], [ -108.865204, 35.306992 ] ], [ [ -108.85753, 35.2357 ], [ -108.846891, 35.2357 ], [ -108.846888, 35.249241 ], [ -108.857523, 35.249214 ], [ -108.85753, 35.2357 ] ], [ [ -108.857151, 35.262822 ], [ -108.839501, 35.262821 ], [ -108.839308, 35.274836 ], [ -108.821896, 35.27836 ], [ -108.821918, 35.292038 ], [ -108.839497, 35.292086 ], [ -108.839485, 35.278583 ], [ -108.843844, 35.278599 ], [ -108.843995, 35.270781 ], [ -108.85731, 35.273827 ], [ -108.857151, 35.262822 ] ], [ [ -108.849029, 35.336302 ], [ -108.831818, 35.336326 ], [ -108.831747, 35.349728 ], [ -108.849013, 35.349764 ], [ -108.849029, 35.336302 ] ], [ [ -108.839493, 35.216957 ], [ -108.825952, 35.21695 ], [ -108.826115, 35.212585 ], [ -108.835181, 35.212585 ], [ -108.839146, 35.206056 ], [ -108.82148, 35.206056 ], [ -108.821266, 35.21955 ], [ -108.839493, 35.219398 ], [ -108.839493, 35.216957 ] ], [ [ -108.821996, 35.234298 ], [ -108.803859, 35.234293 ], [ -108.803675, 35.249221 ], [ -108.821876, 35.24937 ], [ -108.821996, 35.234298 ] ], [ [ -108.812923, 35.465366 ], [ -108.804786, 35.465388 ], [ -108.804793, 35.472154 ], [ -108.813138, 35.472034 ], [ -108.812923, 35.465366 ] ], [ [ -108.812867, 35.436762 ], [ -108.796404, 35.43626 ], [ -108.795648, 35.451329 ], [ -108.812769, 35.450696 ], [ -108.812867, 35.436762 ] ], [ [ -108.787815, 35.249237 ], [ -108.771691, 35.249746 ], [ -108.769433, 35.234349 ], [ -108.752543, 35.234946 ], [ -108.752206, 35.249578 ], [ -108.759945, 35.250093 ], [ -108.759833, 35.257351 ], [ -108.787815, 35.257465 ], [ -108.787815, 35.249237 ] ], [ [ -108.776383, 35.364727 ], [ -108.759155, 35.364753 ], [ -108.759238, 35.378755 ], [ -108.776714, 35.378754 ], [ -108.776383, 35.364727 ] ], [ [ -108.769383, 35.263948 ], [ -108.734115, 35.264164 ], [ -108.733898, 35.278622 ], [ -108.749506, 35.278695 ], [ -108.749506, 35.286457 ], [ -108.740437, 35.286457 ], [ -108.740614, 35.306611 ], [ -108.75469, 35.306626 ], [ -108.754696, 35.278629 ], [ -108.769309, 35.27829 ], [ -108.769383, 35.263948 ] ], [ [ -108.768797, 35.282137 ], [ -108.759933, 35.282138 ], [ -108.760106, 35.285881 ], [ -108.768804, 35.285897 ], [ -108.768797, 35.282137 ] ], [ [ -108.759626, 35.450809 ], [ -108.759553, 35.422007 ], [ -108.750157, 35.421887 ], [ -108.75025, 35.436696 ], [ -108.7417, 35.436701 ], [ -108.741827, 35.450792 ], [ -108.759626, 35.450809 ] ], [ [ -108.750211, 35.393193 ], [ -108.741547, 35.393225 ], [ -108.741281, 35.408048 ], [ -108.750181, 35.407861 ], [ -108.750211, 35.393193 ] ], [ [ -108.742484, 35.408468 ], [ -108.714239, 35.407749 ], [ -108.714282, 35.421844 ], [ -108.724596, 35.421739 ], [ -108.724637, 35.415389 ], [ -108.742268, 35.415522 ], [ -108.742484, 35.408468 ] ], [ [ -108.72433, 35.278469 ], [ -108.71569, 35.278479 ], [ -108.715558, 35.285135 ], [ -108.72435, 35.285117 ], [ -108.72433, 35.278469 ] ], [ [ -108.68442, 35.479397 ], [ -108.684313, 35.465249 ], [ -108.679698, 35.465318 ], [ -108.679808, 35.479442 ], [ -108.68442, 35.479397 ] ], [ [ -108.67531, 35.46534 ], [ -108.671686, 35.465358 ], [ -108.671748, 35.479543 ], [ -108.675447, 35.479496 ], [ -108.67531, 35.46534 ] ], [ [ -108.664321, 35.398121 ], [ -108.657864, 35.398126 ], [ -108.657899, 35.407675 ], [ -108.664152, 35.407668 ], [ -108.664321, 35.398121 ] ], [ [ -108.661834, 35.421794 ], [ -108.654026, 35.421794 ], [ -108.654097, 35.437196 ], [ -108.6619, 35.437177 ], [ -108.661834, 35.421794 ] ], [ [ -108.645074, 35.450678 ], [ -108.644961, 35.44368 ], [ -108.636547, 35.443723 ], [ -108.637068, 35.450993 ], [ -108.645074, 35.450678 ] ], [ [ -108.641535, 35.65242 ], [ -108.625637, 35.652717 ], [ -108.62948, 35.659783 ], [ -108.641668, 35.659772 ], [ -108.641535, 35.65242 ] ], [ [ -108.618174, 35.63857 ], [ -108.609068, 35.638538 ], [ -108.608637, 35.652487 ], [ -108.617889, 35.652579 ], [ -108.618174, 35.63857 ] ], [ [ -108.617238, 35.538947 ], [ -108.599755, 35.537665 ], [ -108.599487, 35.559304 ], [ -108.60855, 35.559159 ], [ -108.608418, 35.562594 ], [ -108.612334, 35.561913 ], [ -108.611968, 35.565847 ], [ -108.617329, 35.565662 ], [ -108.617238, 35.538947 ] ], [ [ -108.617418, 35.579815 ], [ -108.61251, 35.579822 ], [ -108.61306, 35.587833 ], [ -108.617337, 35.587957 ], [ -108.617418, 35.579815 ] ], [ [ -108.617264, 35.609379 ], [ -108.608215, 35.609231 ], [ -108.608231, 35.616265 ], [ -108.617193, 35.616256 ], [ -108.617264, 35.609379 ] ], [ [ -108.600598, 35.623926 ], [ -108.582484, 35.623871 ], [ -108.582376, 35.638444 ], [ -108.600713, 35.638508 ], [ -108.600598, 35.623926 ] ], [ [ -108.582416, 35.645184 ], [ -108.573323, 35.645372 ], [ -108.57383, 35.652335 ], [ -108.582416, 35.652332 ], [ -108.582416, 35.645184 ] ], [ [ -108.582204, 35.594599 ], [ -108.581956, 35.57972 ], [ -108.565301, 35.579951 ], [ -108.565321, 35.565918 ], [ -108.547565, 35.566163 ], [ -108.54748, 35.580043 ], [ -108.565134, 35.580007 ], [ -108.565015, 35.594655 ], [ -108.582204, 35.594599 ] ], [ [ -108.573719, 35.619499 ], [ -108.565659, 35.619502 ], [ -108.565663, 35.624071 ], [ -108.573726, 35.624098 ], [ -108.573719, 35.619499 ] ], [ [ -108.569525, 35.652265 ], [ -108.556169, 35.652083 ], [ -108.553237, 35.652732 ], [ -108.557136, 35.659652 ], [ -108.569531, 35.659623 ], [ -108.569525, 35.652265 ] ], [ [ -108.556205, 35.594539 ], [ -108.547276, 35.594648 ], [ -108.547306, 35.602083 ], [ -108.556082, 35.601954 ], [ -108.556205, 35.594539 ] ], [ [ -108.545717, 35.535238 ], [ -108.528725, 35.535221 ], [ -108.528725, 35.538111 ], [ -108.545718, 35.538168 ], [ -108.545717, 35.535238 ] ], [ [ -108.51832, 35.56632 ], [ -108.510251, 35.56627 ], [ -108.511164, 35.580377 ], [ -108.518325, 35.580539 ], [ -108.51832, 35.56632 ] ], [ [ -108.511839, 35.653422 ], [ -108.511773, 35.638238 ], [ -108.494284, 35.63852 ], [ -108.493562, 35.624078 ], [ -108.475924, 35.624169 ], [ -108.476485, 35.638787 ], [ -108.494284, 35.638604 ], [ -108.494395, 35.654108 ], [ -108.48174, 35.654191 ], [ -108.484574, 35.659552 ], [ -108.503868, 35.659701 ], [ -108.502929, 35.653624 ], [ -108.511839, 35.653422 ] ], [ [ -108.506217, 35.61018 ], [ -108.493681, 35.610197 ], [ -108.493616, 35.617705 ], [ -108.506192, 35.617695 ], [ -108.506217, 35.61018 ] ], [ [ -108.493734, 35.601197 ], [ -108.49356, 35.594853 ], [ -108.485124, 35.594753 ], [ -108.485276, 35.601974 ], [ -108.493734, 35.601197 ] ], [ [ -108.476079, 35.587495 ], [ -108.457858, 35.587994 ], [ -108.457746, 35.596029 ], [ -108.476095, 35.594862 ], [ -108.476079, 35.587495 ] ], [ [ -108.466961, 35.653885 ], [ -108.446514, 35.653725 ], [ -108.446439, 35.659083 ], [ -108.466965, 35.659335 ], [ -108.466961, 35.653885 ] ], [ [ -108.406217, 35.552557 ], [ -108.387642, 35.552511 ], [ -108.387603, 35.559366 ], [ -108.406143, 35.559395 ], [ -108.406217, 35.552557 ] ], [ [ -108.405101, 35.617559 ], [ -108.396877, 35.617559 ], [ -108.396879, 35.624445 ], [ -108.405029, 35.624463 ], [ -108.405101, 35.617559 ] ], [ [ -108.40499, 35.63933 ], [ -108.387747, 35.639203 ], [ -108.387715, 35.610321 ], [ -108.379087, 35.610363 ], [ -108.378977, 35.639184 ], [ -108.387747, 35.639417 ], [ -108.387705, 35.643451 ], [ -108.38752, 35.65365 ], [ -108.378259, 35.65361 ], [ -108.378395, 35.658402 ], [ -108.394825, 35.658522 ], [ -108.393103, 35.653759 ], [ -108.404556, 35.654 ], [ -108.40499, 35.63933 ] ], [ [ -108.387816, 35.581349 ], [ -108.3875, 35.566852 ], [ -108.370345, 35.566724 ], [ -108.370318, 35.596179 ], [ -108.374208, 35.595916 ], [ -108.374331, 35.588423 ], [ -108.379096, 35.588389 ], [ -108.378988, 35.581436 ], [ -108.387816, 35.581349 ] ], [ [ -108.361575, 35.645853 ], [ -108.352981, 35.645712 ], [ -108.352956, 35.652914 ], [ -108.33965, 35.652268 ], [ -108.339784, 35.656674 ], [ -108.357879, 35.657291 ], [ -108.357859, 35.65291 ], [ -108.361603, 35.653183 ], [ -108.361575, 35.645853 ] ], [ [ -108.353143, 35.602914 ], [ -108.335471, 35.602761 ], [ -108.335177, 35.61005 ], [ -108.352545, 35.610196 ], [ -108.353143, 35.602914 ] ], [ [ -108.335712, 35.523763 ], [ -108.31757, 35.52322 ], [ -108.317354, 35.538417 ], [ -108.335648, 35.538148 ], [ -108.335712, 35.523763 ] ], [ [ -108.3349, 35.610293 ], [ -108.31756, 35.610204 ], [ -108.317432, 35.625168 ], [ -108.33495, 35.625006 ], [ -108.3349, 35.610293 ] ], [ [ -108.31133, 35.581615 ], [ -108.307418, 35.580084 ], [ -108.307503, 35.581806 ], [ -108.31133, 35.581615 ] ], [ [ -108.300451, 35.639155 ], [ -108.281897, 35.639102 ], [ -108.281966, 35.65338 ], [ -108.269481, 35.653053 ], [ -108.269511, 35.658537 ], [ -108.287259, 35.658506 ], [ -108.287274, 35.653263 ], [ -108.300472, 35.653319 ], [ -108.300451, 35.639155 ] ], [ [ -108.271994, 35.972373 ], [ -108.253629, 35.972693 ], [ -108.253554, 35.959168 ], [ -108.271843, 35.958822 ], [ -108.271707, 35.943824 ], [ -108.253576, 35.943824 ], [ -108.253598, 35.928849 ], [ -108.271571, 35.928849 ], [ -108.271442, 35.914552 ], [ -108.261874, 35.914558 ], [ -108.261886, 35.900371 ], [ -108.253207, 35.900346 ], [ -108.253908, 35.914563 ], [ -108.236045, 35.914265 ], [ -108.236038, 35.900297 ], [ -108.222045, 35.900256 ], [ -108.222045, 35.914298 ], [ -108.201426, 35.913892 ], [ -108.200542, 35.885525 ], [ -108.192798, 35.885366 ], [ -108.192697, 35.892992 ], [ -108.182324, 35.892984 ], [ -108.182186, 35.914174 ], [ -108.164637, 35.914347 ], [ -108.165151, 35.943812 ], [ -108.18361, 35.943899 ], [ -108.18364, 35.958599 ], [ -108.201402, 35.958594 ], [ -108.20134, 35.943899 ], [ -108.219467, 35.943855 ], [ -108.21898, 35.986704 ], [ -108.235871, 35.986682 ], [ -108.235872, 36.002305 ], [ -108.219474, 36.002404 ], [ -108.220201, 36.016792 ], [ -108.202491, 36.016929 ], [ -108.202478, 36.00249 ], [ -108.213309, 36.000365 ], [ -108.202913, 35.987818 ], [ -108.165534, 35.987852 ], [ -108.166104, 36.031893 ], [ -108.184753, 36.031773 ], [ -108.185009, 36.036555 ], [ -108.184925, 36.046289 ], [ -108.166549, 36.046219 ], [ -108.167021, 36.060846 ], [ -108.184801, 36.060714 ], [ -108.18459, 36.075312 ], [ -108.19293, 36.075217 ], [ -108.193019, 36.089826 ], [ -108.220368, 36.089653 ], [ -108.220126, 36.104249 ], [ -108.238717, 36.104338 ], [ -108.238816, 36.119052 ], [ -108.256016, 36.119091 ], [ -108.256107, 36.104187 ], [ -108.271813, 36.104226 ], [ -108.271812, 36.031187 ], [ -108.256031, 36.031182 ], [ -108.256083, 36.053286 ], [ -108.246598, 36.053303 ], [ -108.246577, 36.046144 ], [ -108.238207, 36.046312 ], [ -108.2377, 36.033739 ], [ -108.23777, 36.031196 ], [ -108.255255, 36.0311 ], [ -108.255874, 36.009806 ], [ -108.264969, 36.009797 ], [ -108.264956, 36.016633 ], [ -108.271803, 36.017008 ], [ -108.271771, 36.002183 ], [ -108.255067, 36.002195 ], [ -108.253612, 35.986612 ], [ -108.2721, 35.986873 ], [ -108.271994, 35.972373 ] ], [ [ -108.271638, 36.279331 ], [ -108.25716, 36.279265 ], [ -108.257279, 36.249952 ], [ -108.230129, 36.249944 ], [ -108.230304, 36.244148 ], [ -108.20855, 36.249923 ], [ -108.185951, 36.249898 ], [ -108.18609, 36.26417 ], [ -108.203195, 36.264236 ], [ -108.202967, 36.278783 ], [ -108.211727, 36.278899 ], [ -108.211696, 36.286571 ], [ -108.271642, 36.286638 ], [ -108.271638, 36.279331 ] ], [ [ -108.270776, 35.85662 ], [ -108.253257, 35.856688 ], [ -108.252758, 35.827451 ], [ -108.21735, 35.827206 ], [ -108.217506, 35.841396 ], [ -108.209341, 35.841338 ], [ -108.209136, 35.848251 ], [ -108.218693, 35.848246 ], [ -108.218561, 35.870803 ], [ -108.201665, 35.870846 ], [ -108.201556, 35.874546 ], [ -108.218232, 35.874546 ], [ -108.217534, 35.884826 ], [ -108.235662, 35.885032 ], [ -108.235344, 35.870422 ], [ -108.270819, 35.870725 ], [ -108.270776, 35.85662 ] ], [ [ -108.269692, 35.681469 ], [ -108.252319, 35.681092 ], [ -108.252794, 35.69673 ], [ -108.269804, 35.696636 ], [ -108.269692, 35.681469 ] ], [ [ -108.264213, 35.617684 ], [ -108.254403, 35.61756 ], [ -108.254364, 35.624539 ], [ -108.264155, 35.624701 ], [ -108.264213, 35.617684 ] ], [ [ -108.253048, 35.877638 ], [ -108.245245, 35.877704 ], [ -108.245304, 35.885566 ], [ -108.253103, 35.885487 ], [ -108.253048, 35.877638 ] ], [ [ -108.252201, 35.666602 ], [ -108.252175, 35.652813 ], [ -108.216578, 35.652749 ], [ -108.21654, 35.659587 ], [ -108.208453, 35.659444 ], [ -108.208591, 35.666751 ], [ -108.252201, 35.666602 ] ], [ [ -108.238275, 36.221389 ], [ -108.220765, 36.221345 ], [ -108.220747, 36.227663 ], [ -108.212411, 36.227654 ], [ -108.212406, 36.231691 ], [ -108.220745, 36.231691 ], [ -108.220747, 36.235908 ], [ -108.238366, 36.235926 ], [ -108.238275, 36.221389 ] ], [ [ -108.22905, 35.6231 ], [ -108.228589, 35.617784 ], [ -108.220437, 35.61797 ], [ -108.220965, 35.624357 ], [ -108.22905, 35.6231 ] ], [ [ -108.228933, 35.581104 ], [ -108.210398, 35.581064 ], [ -108.210426, 35.595427 ], [ -108.228678, 35.595529 ], [ -108.228933, 35.581104 ] ], [ [ -108.219977, 36.662211 ], [ -108.215563, 36.662155 ], [ -108.215545, 36.669325 ], [ -108.219708, 36.669445 ], [ -108.219977, 36.662211 ] ], [ [ -108.218867, 35.711354 ], [ -108.198693, 35.711379 ], [ -108.19902, 35.726012 ], [ -108.21842, 35.72603 ], [ -108.218867, 35.711354 ] ], [ [ -108.218275, 35.73997 ], [ -108.208182, 35.740063 ], [ -108.20824, 35.754595 ], [ -108.218269, 35.754197 ], [ -108.218275, 35.73997 ] ], [ [ -108.214093, 36.364833 ], [ -108.196384, 36.364833 ], [ -108.196386, 36.378932 ], [ -108.214109, 36.37895 ], [ -108.214093, 36.364833 ] ], [ [ -108.211532, 36.141134 ], [ -108.202787, 36.141022 ], [ -108.202997, 36.148498 ], [ -108.211518, 36.148432 ], [ -108.211532, 36.141134 ] ], [ [ -108.210473, 35.631873 ], [ -108.20121, 35.631733 ], [ -108.201342, 35.63859 ], [ -108.210433, 35.638684 ], [ -108.210473, 35.631873 ] ], [ [ -108.202506, 36.119196 ], [ -108.193652, 36.119185 ], [ -108.193631, 36.133217 ], [ -108.202507, 36.133187 ], [ -108.202506, 36.119196 ] ], [ [ -108.201053, 35.819448 ], [ -108.200995, 35.812071 ], [ -108.191957, 35.812193 ], [ -108.191956, 35.819448 ], [ -108.201053, 35.819448 ] ], [ [ -108.199893, 35.666494 ], [ -108.191096, 35.667267 ], [ -108.191117, 35.673784 ], [ -108.199905, 35.673852 ], [ -108.199893, 35.666494 ] ], [ [ -108.194052, 36.155016 ], [ -108.194047, 36.14846 ], [ -108.184592, 36.14824 ], [ -108.185453, 36.154996 ], [ -108.194052, 36.155016 ] ], [ [ -108.192386, 35.63877 ], [ -108.175313, 35.6387 ], [ -108.176116, 35.652718 ], [ -108.192177, 35.652726 ], [ -108.192386, 35.63877 ] ], [ [ -108.184518, 36.133215 ], [ -108.176042, 36.133192 ], [ -108.176042, 36.119169 ], [ -108.179986, 36.119166 ], [ -108.179944, 36.108409 ], [ -108.17602, 36.108337 ], [ -108.176049, 36.111451 ], [ -108.166412, 36.111323 ], [ -108.166413, 36.126708 ], [ -108.148798, 36.126548 ], [ -108.148755, 36.133518 ], [ -108.139431, 36.13346 ], [ -108.139396, 36.140276 ], [ -108.148714, 36.140139 ], [ -108.148666, 36.147892 ], [ -108.166286, 36.148026 ], [ -108.166344, 36.138014 ], [ -108.172657, 36.137896 ], [ -108.172245, 36.148082 ], [ -108.178272, 36.148174 ], [ -108.178406, 36.143794 ], [ -108.180456, 36.148176 ], [ -108.180957, 36.143919 ], [ -108.184217, 36.143897 ], [ -108.184518, 36.133215 ] ], [ [ -108.184565, 36.089712 ], [ -108.166921, 36.089907 ], [ -108.166759, 36.10404 ], [ -108.184242, 36.104203 ], [ -108.184565, 36.089712 ] ], [ [ -108.181586, 35.681263 ], [ -108.163507, 35.681122 ], [ -108.163398, 35.684595 ], [ -108.157851, 35.684584 ], [ -108.156021, 35.68935 ], [ -108.16136, 35.689387 ], [ -108.161642, 35.696384 ], [ -108.171931, 35.696362 ], [ -108.171954, 35.689464 ], [ -108.181472, 35.689183 ], [ -108.181586, 35.681263 ] ], [ [ -108.17543, 35.566356 ], [ -108.157774, 35.566438 ], [ -108.15788, 35.580869 ], [ -108.140465, 35.580797 ], [ -108.140333, 35.595489 ], [ -108.131294, 35.595444 ], [ -108.13124, 35.601887 ], [ -108.122699, 35.602413 ], [ -108.122729, 35.609549 ], [ -108.140238, 35.609537 ], [ -108.140453, 35.595491 ], [ -108.157813, 35.595524 ], [ -108.157884, 35.581831 ], [ -108.175387, 35.581117 ], [ -108.17543, 35.566356 ] ], [ [ -108.161084, 36.60339 ], [ -108.15277, 36.603334 ], [ -108.152775, 36.610954 ], [ -108.161085, 36.610915 ], [ -108.161084, 36.60339 ] ], [ [ -108.159596, 36.08806 ], [ -108.155157, 36.089893 ], [ -108.155274, 36.091623 ], [ -108.159449, 36.091716 ], [ -108.159596, 36.08806 ] ], [ [ -108.158233, 35.652728 ], [ -108.158228, 35.639409 ], [ -108.140733, 35.639455 ], [ -108.14075, 35.651758 ], [ -108.127797, 35.652575 ], [ -108.127647, 35.659812 ], [ -108.13684, 35.659675 ], [ -108.136817, 35.667312 ], [ -108.127707, 35.667945 ], [ -108.127263, 35.674294 ], [ -108.136497, 35.674296 ], [ -108.136886, 35.667313 ], [ -108.145714, 35.667471 ], [ -108.145486, 35.65223 ], [ -108.158233, 35.652728 ] ], [ [ -108.157493, 35.521501 ], [ -108.15739, 35.508256 ], [ -108.139674, 35.507413 ], [ -108.139576, 35.515101 ], [ -108.130541, 35.515102 ], [ -108.130599, 35.52146 ], [ -108.157493, 35.521501 ] ], [ [ -108.150577, 36.002783 ], [ -108.130081, 36.002693 ], [ -108.130234, 36.017351 ], [ -108.14723, 36.017055 ], [ -108.150577, 36.002783 ] ], [ [ -108.146163, 35.922264 ], [ -108.137928, 35.922291 ], [ -108.137909, 35.928961 ], [ -108.146305, 35.928954 ], [ -108.146163, 35.922264 ] ], [ [ -108.146275, 35.914596 ], [ -108.146075, 35.899766 ], [ -108.128064, 35.899145 ], [ -108.128367, 35.914626 ], [ -108.146275, 35.914596 ] ], [ [ -108.145722, 35.746893 ], [ -108.132378, 35.746974 ], [ -108.132341, 35.74334 ], [ -108.127779, 35.743301 ], [ -108.127545, 35.75457 ], [ -108.145852, 35.754528 ], [ -108.145722, 35.746893 ] ], [ [ -108.145402, 36.437298 ], [ -108.126646, 36.436945 ], [ -108.125962, 36.445244 ], [ -108.117475, 36.445281 ], [ -108.117475, 36.45211 ], [ -108.144652, 36.452203 ], [ -108.145402, 36.437298 ] ], [ [ -108.144566, 36.421634 ], [ -108.108444, 36.42157 ], [ -108.108478, 36.42916 ], [ -108.144648, 36.42916 ], [ -108.144566, 36.421634 ] ], [ [ -108.144234, 36.622875 ], [ -108.139594, 36.622554 ], [ -108.139717, 36.626078 ], [ -108.144267, 36.62617 ], [ -108.144234, 36.622875 ] ], [ [ -108.143948, 36.604386 ], [ -108.134574, 36.604471 ], [ -108.134468, 36.611041 ], [ -108.143625, 36.611099 ], [ -108.143948, 36.604386 ] ], [ [ -108.135593, 36.553633 ], [ -108.117209, 36.553554 ], [ -108.117178, 36.567685 ], [ -108.135475, 36.567652 ], [ -108.135593, 36.553633 ] ], [ [ -108.128122, 35.958414 ], [ -108.109939, 35.958682 ], [ -108.11013, 35.973368 ], [ -108.129287, 35.973133 ], [ -108.128122, 35.958414 ] ], [ [ -108.128151, 35.871284 ], [ -108.110761, 35.871006 ], [ -108.109853, 35.884338 ], [ -108.128043, 35.884058 ], [ -108.128151, 35.871284 ] ], [ [ -108.126093, 36.480841 ], [ -108.117133, 36.480898 ], [ -108.117141, 36.488641 ], [ -108.126043, 36.488439 ], [ -108.126093, 36.480841 ] ], [ [ -108.121775, 35.52148 ], [ -108.105913, 35.521627 ], [ -108.105519, 35.537798 ], [ -108.121923, 35.537958 ], [ -108.121775, 35.52148 ] ], [ [ -108.121221, 36.032098 ], [ -108.120454, 36.017315 ], [ -108.113043, 36.017315 ], [ -108.113031, 36.03239 ], [ -108.121221, 36.032098 ] ], [ [ -108.118926, 35.672195 ], [ -108.118932, 35.667144 ], [ -108.110037, 35.667157 ], [ -108.109883, 35.674051 ], [ -108.118926, 35.672195 ] ], [ [ -108.118697, 35.658424 ], [ -108.118695, 35.652678 ], [ -108.10979, 35.652699 ], [ -108.110091, 35.659963 ], [ -108.118697, 35.658424 ] ], [ [ -108.110149, 35.689277 ], [ -108.100682, 35.689277 ], [ -108.100594, 35.695997 ], [ -108.109913, 35.695938 ], [ -108.110149, 35.689277 ] ], [ [ -108.090286, 36.545868 ], [ -108.05431, 36.545878 ], [ -108.054202, 36.581929 ], [ -108.072069, 36.582079 ], [ -108.072096, 36.575304 ], [ -108.081157, 36.575295 ], [ -108.081157, 36.567608 ], [ -108.090002, 36.567604 ], [ -108.090286, 36.545868 ] ], [ [ -108.088909, 36.42473 ], [ -108.085669, 36.422311 ], [ -108.063161, 36.422302 ], [ -108.063161, 36.428791 ], [ -108.072235, 36.428776 ], [ -108.072217, 36.437204 ], [ -108.088909, 36.437204 ], [ -108.088909, 36.42473 ] ], [ [ -108.086871, 35.56628 ], [ -108.079229, 35.56615 ], [ -108.07935, 35.573379 ], [ -108.086889, 35.573488 ], [ -108.086871, 35.56628 ] ], [ [ -108.08291, 35.666672 ], [ -108.074466, 35.666689 ], [ -108.074487, 35.681346 ], [ -108.082795, 35.681342 ], [ -108.08291, 35.666672 ] ], [ [ -108.072734, 36.451927 ], [ -108.045028, 36.451859 ], [ -108.045114, 36.459347 ], [ -108.063062, 36.459187 ], [ -108.062744, 36.466655 ], [ -108.071798, 36.46677 ], [ -108.072734, 36.451927 ] ], [ [ -108.057873, 36.611397 ], [ -108.054328, 36.611395 ], [ -108.054463, 36.614928 ], [ -108.057738, 36.614824 ], [ -108.057873, 36.611397 ] ], [ [ -108.056317, 35.707133 ], [ -108.049932, 35.703902 ], [ -108.050249, 35.69605 ], [ -107.984208, 35.696081 ], [ -107.984408, 35.710685 ], [ -108.020397, 35.710581 ], [ -108.020393, 35.703307 ], [ -108.029347, 35.703328 ], [ -108.029376, 35.710559 ], [ -108.055909, 35.710762 ], [ -108.056317, 35.707133 ] ], [ [ -108.05421, 36.589254 ], [ -108.045419, 36.589184 ], [ -108.045419, 36.582121 ], [ -108.03615, 36.583002 ], [ -108.036413, 36.596526 ], [ -108.054216, 36.596682 ], [ -108.05421, 36.589254 ] ], [ [ -108.053739, 36.524537 ], [ -108.03579, 36.524755 ], [ -108.03581, 36.531443 ], [ -108.026583, 36.531579 ], [ -108.026847, 36.524641 ], [ -108.008832, 36.524661 ], [ -108.008775, 36.531083 ], [ -108.018126, 36.530868 ], [ -108.018192, 36.539031 ], [ -108.054006, 36.538592 ], [ -108.053739, 36.524537 ] ], [ [ -108.036016, 36.436306 ], [ -108.018234, 36.436355 ], [ -108.018396, 36.451568 ], [ -108.036239, 36.451396 ], [ -108.036016, 36.436306 ] ], [ [ -108.033092, 35.638347 ], [ -108.024527, 35.638317 ], [ -108.024213, 35.645518 ], [ -108.033193, 35.645143 ], [ -108.033092, 35.638347 ] ], [ [ -108.012115, 35.725052 ], [ -108.003401, 35.724934 ], [ -108.003416, 35.731921 ], [ -108.012115, 35.731917 ], [ -108.012115, 35.725052 ] ], [ [ -108.003502, 35.652955 ], [ -107.984948, 35.652827 ], [ -107.984928, 35.658353 ], [ -107.994779, 35.65813 ], [ -107.994998, 35.666477 ], [ -108.00308, 35.666784 ], [ -108.003502, 35.652955 ] ], [ [ -107.967906, 35.587189 ], [ -107.963782, 35.587197 ], [ -107.963625, 35.591638 ], [ -107.968017, 35.592161 ], [ -107.967906, 35.587189 ] ], [ [ -107.954498, 36.386123 ], [ -107.963554, 36.386137 ], [ -107.963471, 36.379156 ], [ -107.954463, 36.379155 ], [ -107.954498, 36.386123 ] ], [ [ -107.981295, 35.566429 ], [ -107.981275, 35.580149 ], [ -107.998117, 35.580149 ], [ -107.998131, 35.594376 ], [ -108.006506, 35.594356 ], [ -108.006506, 35.601387 ], [ -108.015339, 35.60157 ], [ -108.015329, 35.594347 ], [ -108.033849, 35.594639 ], [ -108.03367, 35.588379 ], [ -108.041609, 35.588396 ], [ -108.040015, 35.580134 ], [ -108.069488, 35.580866 ], [ -108.069443, 35.566312 ], [ -108.05163, 35.566191 ], [ -108.051416, 35.552067 ], [ -108.033627, 35.551743 ], [ -108.033346, 35.566155 ], [ -107.981295, 35.566429 ] ], [ [ -108.000384, 36.393685 ], [ -108.000412, 36.38688 ], [ -107.991301, 36.38688 ], [ -107.991301, 36.393703 ], [ -108.000384, 36.393685 ] ], [ [ -108.014492, 35.537622 ], [ -108.014497, 35.551463 ], [ -108.024138, 35.551605 ], [ -108.024245, 35.543609 ], [ -108.033616, 35.543809 ], [ -108.03369, 35.537804 ], [ -108.014492, 35.537622 ] ], [ [ -108.074348, 35.739975 ], [ -108.09211, 35.73985 ], [ -108.092413, 35.725338 ], [ -108.07426, 35.725453 ], [ -108.074348, 35.739975 ] ], [ [ -108.075707, 36.002535 ], [ -108.094351, 36.00262 ], [ -108.093814, 35.987564 ], [ -108.075085, 35.98753 ], [ -108.075707, 36.002535 ] ], [ [ -108.111024, 35.783283 ], [ -108.11014, 35.797971 ], [ -108.127962, 35.798323 ], [ -108.128224, 35.783329 ], [ -108.111024, 35.783283 ] ], [ [ -108.193535, 36.185028 ], [ -108.202812, 36.185027 ], [ -108.202376, 36.177304 ], [ -108.193535, 36.177324 ], [ -108.193535, 36.185028 ] ], [ [ -108.220681, 36.162507 ], [ -108.212232, 36.162491 ], [ -108.212103, 36.169791 ], [ -108.220471, 36.169821 ], [ -108.220681, 36.162507 ] ], [ [ -108.247474, 35.423745 ], [ -108.229547, 35.423777 ], [ -108.229212, 35.437892 ], [ -108.23787, 35.437906 ], [ -108.237982, 35.430938 ], [ -108.247313, 35.431027 ], [ -108.247474, 35.423745 ] ], [ [ -108.637174, 35.465545 ], [ -108.63684, 35.458809 ], [ -108.631374, 35.458839 ], [ -108.631424, 35.465444 ], [ -108.637174, 35.465545 ] ], [ [ -108.964669, 35.234359 ], [ -108.964676, 35.248727 ], [ -108.982259, 35.24862 ], [ -108.982259, 35.234376 ], [ -108.964669, 35.234359 ] ], [ [ -108.982437, 35.206311 ], [ -108.970194, 35.206239 ], [ -108.970279, 35.213075 ], [ -108.964758, 35.213083 ], [ -108.964727, 35.219235 ], [ -108.952134, 35.219213 ], [ -108.95214, 35.227266 ], [ -108.946566, 35.227266 ], [ -108.946575, 35.234151 ], [ -108.964669, 35.234359 ], [ -108.964682, 35.23043 ], [ -108.982881, 35.230781 ], [ -108.982437, 35.206311 ] ], [ [ -109.008631, 35.321443 ], [ -109.008588, 35.306954 ], [ -109.017685, 35.30696 ], [ -109.017696, 35.292289 ], [ -109.000559, 35.292335 ], [ -108.999987, 35.321441 ], [ -109.008631, 35.321443 ] ], [ [ -109.008697, 35.33591 ], [ -108.999583, 35.33591 ], [ -108.999767, 35.343549 ], [ -109.0087, 35.343522 ], [ -109.008697, 35.33591 ] ], [ [ -109.01788, 35.263496 ], [ -109.000068, 35.263439 ], [ -108.999999, 35.277691 ], [ -109.009093, 35.27763 ], [ -109.009114, 35.270774 ], [ -109.017831, 35.270772 ], [ -109.01788, 35.263496 ] ], [ [ -109.026984, 35.336121 ], [ -109.02702, 35.351225 ], [ -109.043047, 35.35121 ], [ -109.043047, 35.336306 ], [ -109.026984, 35.336121 ] ], [ [ -109.035791, 35.26351 ], [ -109.0358, 35.277411 ], [ -109.046255675319998, 35.277411312483302 ], [ -109.046168794560003, 35.263551756810301 ], [ -109.035791, 35.26351 ] ], [ [ -109.301404, 35.213446 ], [ -109.297604, 35.211573 ], [ -109.297629, 35.213527 ], [ -109.301404, 35.213446 ] ], [ [ -111.519488, 35.742733 ], [ -111.519583, 35.757467 ], [ -111.536627, 35.752534 ], [ -111.536135, 35.742837 ], [ -111.519488, 35.742733 ] ], [ [ -109.026952, 35.36536 ], [ -109.026868, 35.358396 ], [ -109.017551, 35.358393 ], [ -109.022148, 35.36534 ], [ -109.026952, 35.36536 ] ], [ [ -108.630915, 35.522946 ], [ -108.635345, 35.521115 ], [ -108.630919, 35.521099 ], [ -108.630915, 35.522946 ] ], [ [ -108.670431, 35.609155 ], [ -108.670306, 35.594719 ], [ -108.653331, 35.594855 ], [ -108.653359, 35.609173 ], [ -108.670431, 35.609155 ] ], [ [ -108.706946, 35.450638 ], [ -108.706766, 35.444635 ], [ -108.696702, 35.4447 ], [ -108.696824, 35.437158 ], [ -108.724752, 35.437043 ], [ -108.724709, 35.429852 ], [ -108.706634, 35.429851 ], [ -108.706472, 35.413608 ], [ -108.697942, 35.413613 ], [ -108.697942, 35.407745 ], [ -108.707044, 35.40787 ], [ -108.706738, 35.393202 ], [ -108.689459, 35.393026 ], [ -108.688976, 35.400051 ], [ -108.701989, 35.399788 ], [ -108.701989, 35.403192 ], [ -108.693881, 35.403484 ], [ -108.689647, 35.407408 ], [ -108.670769, 35.407774 ], [ -108.670718, 35.414672 ], [ -108.679701, 35.414633 ], [ -108.679891, 35.421796 ], [ -108.689759, 35.421754 ], [ -108.688966, 35.450573 ], [ -108.706946, 35.450638 ] ], [ [ -108.812948, 35.378991 ], [ -108.813086, 35.372031 ], [ -108.795419, 35.37203 ], [ -108.795419, 35.378998 ], [ -108.812948, 35.378991 ] ], [ [ -108.84755, 35.407877 ], [ -108.830029, 35.407399 ], [ -108.830615, 35.379422 ], [ -108.812948, 35.378991 ], [ -108.812547, 35.393672 ], [ -108.777176, 35.393271 ], [ -108.777075, 35.400633 ], [ -108.759665, 35.400753 ], [ -108.759633, 35.422011 ], [ -108.768103, 35.422064 ], [ -108.7685, 35.415072 ], [ -108.777014, 35.414736 ], [ -108.77707, 35.407498 ], [ -108.795472, 35.406932 ], [ -108.795566, 35.421781 ], [ -108.813501, 35.421949 ], [ -108.813618, 35.414749 ], [ -108.803866, 35.414749 ], [ -108.803866, 35.406955 ], [ -108.813632, 35.406943 ], [ -108.813622, 35.413479 ], [ -108.821576, 35.413499 ], [ -108.821808, 35.407213 ], [ -108.829672, 35.407748 ], [ -108.829644, 35.41495 ], [ -108.837828, 35.414971 ], [ -108.837824, 35.422626 ], [ -108.846802, 35.42309 ], [ -108.84755, 35.407877 ] ], [ [ -108.918365, 35.451115 ], [ -108.918843, 35.435686 ], [ -108.908335, 35.435945 ], [ -108.908332, 35.451102 ], [ -108.918365, 35.451115 ] ], [ [ -108.919826, 35.364654 ], [ -108.919816, 35.35854 ], [ -108.910768, 35.358376 ], [ -108.909957, 35.35057 ], [ -108.883905, 35.350018 ], [ -108.883731, 35.338214 ], [ -108.86624, 35.338235 ], [ -108.866289, 35.349919 ], [ -108.876752, 35.350183 ], [ -108.876781, 35.357442 ], [ -108.865767, 35.357453 ], [ -108.865746, 35.378671 ], [ -108.877452, 35.378942 ], [ -108.877918, 35.37109 ], [ -108.883392, 35.371118 ], [ -108.883378, 35.364516 ], [ -108.919826, 35.364654 ] ], [ [ -108.936289, 35.435707 ], [ -108.936345, 35.422255 ], [ -108.922297, 35.422271 ], [ -108.922297, 35.435685 ], [ -108.936289, 35.435707 ] ], [ [ -108.989909, 35.565417 ], [ -108.989907, 35.55958 ], [ -108.973542, 35.55958 ], [ -108.973698, 35.565332 ], [ -108.989909, 35.565417 ] ], [ [ -108.955188, 35.33603 ], [ -108.955233, 35.332832 ], [ -108.950266, 35.33283 ], [ -108.950266, 35.328522 ], [ -108.946864, 35.328511 ], [ -108.946869, 35.336128 ], [ -108.955188, 35.33603 ] ], [ [ -108.955456, 35.378991 ], [ -108.955282, 35.372235 ], [ -108.972901, 35.372236 ], [ -108.972904, 35.365188 ], [ -108.990817, 35.365161 ], [ -108.990889, 35.35093 ], [ -108.972907, 35.350935 ], [ -108.972765, 35.335839 ], [ -108.955188, 35.33603 ], [ -108.954995, 35.351069 ], [ -108.936882, 35.351018 ], [ -108.936787, 35.360444 ], [ -108.9403, 35.360448 ], [ -108.942583, 35.368072 ], [ -108.951172, 35.370643 ], [ -108.951076, 35.37898 ], [ -108.955456, 35.378991 ] ], [ [ -108.990668, 35.392098 ], [ -108.990675, 35.379245 ], [ -108.955456, 35.378991 ], [ -108.955641, 35.383194 ], [ -108.960561, 35.383214 ], [ -108.963325, 35.388933 ], [ -108.98213, 35.385723 ], [ -108.982115, 35.392063 ], [ -108.990668, 35.392098 ] ], [ [ -108.964889, 35.277291 ], [ -108.964794, 35.263431 ], [ -108.945378, 35.263336 ], [ -108.946342, 35.2778 ], [ -108.964889, 35.277291 ] ], [ [ -108.973102, 35.406467 ], [ -108.973153, 35.392038 ], [ -108.968177, 35.392246 ], [ -108.968178, 35.406795 ], [ -108.973102, 35.406467 ] ], [ [ -108.892709, 35.234777 ], [ -108.875648, 35.234732 ], [ -108.875648, 35.249031 ], [ -108.892468, 35.249024 ], [ -108.892469, 35.261832 ], [ -108.896644, 35.261832 ], [ -108.896586, 35.248919 ], [ -108.902046, 35.248973 ], [ -108.902021, 35.241804 ], [ -108.892722, 35.241798 ], [ -108.892709, 35.234777 ] ], [ [ -108.900945, 35.21314 ], [ -108.90078, 35.205597 ], [ -108.892352, 35.205534 ], [ -108.892518, 35.21314 ], [ -108.900945, 35.21314 ] ], [ [ -108.779574, 35.323057 ], [ -108.779574, 35.336504 ], [ -108.795621, 35.336503 ], [ -108.795657, 35.323057 ], [ -108.830413, 35.323059 ], [ -108.830336, 35.3071 ], [ -108.79554, 35.307048 ], [ -108.795023, 35.323057 ], [ -108.779574, 35.323057 ] ], [ [ -108.787444, 35.292054 ], [ -108.768822, 35.292099 ], [ -108.768752, 35.299389 ], [ -108.778858, 35.299387 ], [ -108.778932, 35.306973 ], [ -108.761544, 35.30706 ], [ -108.761269, 35.323082 ], [ -108.776365, 35.323038 ], [ -108.779574, 35.323057 ], [ -108.779572, 35.306984 ], [ -108.787426, 35.305868 ], [ -108.787444, 35.292054 ] ], [ [ -108.80366, 35.292053 ], [ -108.80366, 35.27832 ], [ -108.787419, 35.278308 ], [ -108.787444, 35.292054 ], [ -108.80366, 35.292053 ] ], [ [ -108.821918, 35.292038 ], [ -108.80366, 35.292053 ], [ -108.80366, 35.299075 ], [ -108.821852, 35.299075 ], [ -108.821918, 35.292038 ] ], [ [ -108.831747, 35.349728 ], [ -108.813378, 35.349907 ], [ -108.813315, 35.357626 ], [ -108.821465, 35.357688 ], [ -108.821573, 35.364881 ], [ -108.831753, 35.364623 ], [ -108.831747, 35.349728 ] ], [ [ -108.803675, 35.249221 ], [ -108.795613, 35.249265 ], [ -108.795615, 35.256656 ], [ -108.803675, 35.256659 ], [ -108.803675, 35.249221 ] ], [ [ -108.759155, 35.364753 ], [ -108.759115, 35.350641 ], [ -108.741705, 35.350641 ], [ -108.741777, 35.364727 ], [ -108.759155, 35.364753 ] ], [ [ -108.671748, 35.479543 ], [ -108.65759, 35.479725 ], [ -108.661926, 35.486443 ], [ -108.666539, 35.486518 ], [ -108.662444, 35.493983 ], [ -108.671901, 35.494144 ], [ -108.671748, 35.479543 ] ], [ [ -108.654026, 35.421794 ], [ -108.653977, 35.407607 ], [ -108.635358, 35.407697 ], [ -108.635333, 35.421796 ], [ -108.654026, 35.421794 ] ], [ [ -108.547565, 35.566163 ], [ -108.548091, 35.55494 ], [ -108.529273, 35.554215 ], [ -108.529524, 35.566609 ], [ -108.547565, 35.566163 ] ], [ [ -108.565321, 35.565918 ], [ -108.581631, 35.566067 ], [ -108.582054, 35.552106 ], [ -108.565412, 35.552176 ], [ -108.565321, 35.565918 ] ], [ [ -108.5294, 35.610101 ], [ -108.529453, 35.59509 ], [ -108.511691, 35.595203 ], [ -108.511751, 35.602378 ], [ -108.520366, 35.602522 ], [ -108.520404, 35.610116 ], [ -108.5294, 35.610101 ] ], [ [ -108.547886, 35.624084 ], [ -108.547732, 35.610016 ], [ -108.5294, 35.610101 ], [ -108.529317, 35.624014 ], [ -108.547886, 35.624084 ] ], [ [ -108.547895, 35.63854 ], [ -108.529307, 35.63857 ], [ -108.528524, 35.652272 ], [ -108.516789, 35.653032 ], [ -108.522027, 35.659682 ], [ -108.538555, 35.659696 ], [ -108.534288, 35.652098 ], [ -108.547891, 35.651768 ], [ -108.547895, 35.63854 ] ], [ [ -108.565663, 35.624071 ], [ -108.547886, 35.624084 ], [ -108.547895, 35.63854 ], [ -108.56579, 35.63887 ], [ -108.565663, 35.624071 ] ], [ [ -108.441427, 35.580371 ], [ -108.423693, 35.580281 ], [ -108.423737, 35.588677 ], [ -108.432278, 35.588595 ], [ -108.432522, 35.596274 ], [ -108.441378, 35.595929 ], [ -108.441427, 35.580371 ] ], [ [ -108.458008, 35.566648 ], [ -108.441439, 35.566596 ], [ -108.441427, 35.580371 ], [ -108.457964, 35.58045 ], [ -108.458008, 35.566648 ] ], [ [ -108.475806, 35.566703 ], [ -108.475283, 35.552493 ], [ -108.458078, 35.55249 ], [ -108.458008, 35.566648 ], [ -108.475806, 35.566703 ] ], [ [ -108.493259, 35.566759 ], [ -108.475806, 35.566703 ], [ -108.475762, 35.580544 ], [ -108.493405, 35.580588 ], [ -108.493259, 35.566759 ] ], [ [ -108.510251, 35.56627 ], [ -108.510288, 35.551555 ], [ -108.493259, 35.551496 ], [ -108.493259, 35.566759 ], [ -108.510251, 35.56627 ] ], [ [ -108.511164, 35.580377 ], [ -108.502313, 35.580604 ], [ -108.502295, 35.587696 ], [ -108.511349, 35.587766 ], [ -108.511164, 35.580377 ] ], [ [ -108.440211, 35.623876 ], [ -108.440338, 35.627384 ], [ -108.457563, 35.627851 ], [ -108.457606, 35.624436 ], [ -108.440211, 35.623876 ] ], [ [ -108.440641, 35.609859 ], [ -108.422879, 35.609819 ], [ -108.422571, 35.623975 ], [ -108.424986, 35.623478 ], [ -108.440211, 35.623876 ], [ -108.440641, 35.609859 ] ], [ [ -108.467121, 35.616907 ], [ -108.467987, 35.601773 ], [ -108.441069, 35.601623 ], [ -108.440641, 35.609859 ], [ -108.451058, 35.610059 ], [ -108.451075, 35.617 ], [ -108.467121, 35.616907 ] ], [ [ -108.475924, 35.624169 ], [ -108.475291, 35.616875 ], [ -108.467121, 35.616907 ], [ -108.466823, 35.624215 ], [ -108.475924, 35.624169 ] ], [ [ -108.317354, 35.538417 ], [ -108.308398, 35.538391 ], [ -108.308507, 35.543962 ], [ -108.3175, 35.543985 ], [ -108.317354, 35.538417 ] ], [ [ -108.18364, 35.958599 ], [ -108.147247, 35.958622 ], [ -108.147254, 35.969531 ], [ -108.183644, 35.971895 ], [ -108.18364, 35.958599 ] ], [ [ -108.220126, 36.104249 ], [ -108.211927, 36.104242 ], [ -108.211815, 36.111611 ], [ -108.220409, 36.111618 ], [ -108.220126, 36.104249 ] ], [ [ -108.255979, 36.133398 ], [ -108.220935, 36.133452 ], [ -108.220906, 36.148157 ], [ -108.255979, 36.147576 ], [ -108.255985, 36.155329 ], [ -108.271849, 36.155309 ], [ -108.271829, 36.147451 ], [ -108.255943, 36.147515 ], [ -108.255979, 36.133398 ] ], [ [ -108.256016, 36.119091 ], [ -108.255979, 36.133398 ], [ -108.271798, 36.133403 ], [ -108.271868, 36.119126 ], [ -108.256016, 36.119091 ] ], [ [ -108.261886, 35.900371 ], [ -108.271388, 35.900399 ], [ -108.271358, 35.892956 ], [ -108.261904, 35.892933 ], [ -108.261886, 35.900371 ] ], [ [ -108.252319, 35.681092 ], [ -108.252141, 35.673682 ], [ -108.241869, 35.673719 ], [ -108.241632, 35.681506 ], [ -108.252319, 35.681092 ] ], [ [ -108.19902, 35.726012 ], [ -108.189684, 35.72598 ], [ -108.189779, 35.732427 ], [ -108.199268, 35.732701 ], [ -108.19902, 35.726012 ] ], [ [ -108.051575, 35.594545 ], [ -108.051302, 35.588121 ], [ -108.042579, 35.588398 ], [ -108.042344, 35.594549 ], [ -108.051575, 35.594545 ] ], [ [ -108.105252, 35.594983 ], [ -108.121284, 35.59495 ], [ -108.122616, 35.580891 ], [ -108.10507, 35.580646 ], [ -108.105252, 35.594983 ] ], [ [ -108.1054, 35.609333 ], [ -108.105252, 35.594983 ], [ -108.08718, 35.594856 ], [ -108.087084, 35.588306 ], [ -108.069359, 35.588278 ], [ -108.069262, 35.594752 ], [ -108.051575, 35.594545 ], [ -108.051594, 35.609414 ], [ -108.069304, 35.608925 ], [ -108.069267, 35.616337 ], [ -108.087315, 35.616489 ], [ -108.087267, 35.608927 ], [ -108.1054, 35.609333 ] ], [ [ -108.12291, 35.62401 ], [ -108.122708, 35.613541 ], [ -108.114173, 35.613542 ], [ -108.114315, 35.609516 ], [ -108.1054, 35.609333 ], [ -108.1053, 35.62371 ], [ -108.12291, 35.62401 ] ], [ [ -108.140733, 35.639455 ], [ -108.140442, 35.624214 ], [ -108.12291, 35.62401 ], [ -108.122745, 35.632243 ], [ -108.131031, 35.632166 ], [ -108.131031, 35.639458 ], [ -108.140733, 35.639455 ] ], [ [ -108.105913, 35.521627 ], [ -108.106021, 35.513842 ], [ -108.095948, 35.513758 ], [ -108.095915, 35.521738 ], [ -108.105913, 35.521627 ] ], [ [ -108.074466, 35.666689 ], [ -108.074695, 35.652857 ], [ -108.056498, 35.652952 ], [ -108.056555, 35.666682 ], [ -108.074466, 35.666689 ] ], [ [ -109.0358, 35.277411 ], [ -109.027011, 35.277411 ], [ -109.027063, 35.29233 ], [ -109.035809, 35.292305 ], [ -109.0358, 35.277411 ] ], [ [ -108.936345, 35.422255 ], [ -108.954774, 35.422314 ], [ -108.954807, 35.407645 ], [ -108.936391, 35.408816 ], [ -108.93634, 35.393668 ], [ -108.941089, 35.393376 ], [ -108.940962, 35.389091 ], [ -108.950562, 35.38878 ], [ -108.950435, 35.386101 ], [ -108.945958, 35.386097 ], [ -108.945968, 35.379133 ], [ -108.936374, 35.378985 ], [ -108.935983, 35.364779 ], [ -108.919826, 35.364654 ], [ -108.919828, 35.378885 ], [ -108.883255, 35.379008 ], [ -108.883281, 35.393442 ], [ -108.848072, 35.393506 ], [ -108.84755, 35.407877 ], [ -108.867025, 35.408553 ], [ -108.86686, 35.422588 ], [ -108.875084, 35.422514 ], [ -108.874948, 35.415577 ], [ -108.882926, 35.415576 ], [ -108.88315, 35.443575 ], [ -108.900136, 35.443859 ], [ -108.899953, 35.435563 ], [ -108.890104, 35.435663 ], [ -108.890169, 35.430046 ], [ -108.899896, 35.429966 ], [ -108.899209, 35.408722 ], [ -108.936391, 35.408871 ], [ -108.936345, 35.422255 ] ], [ [ -108.972765, 35.335839 ], [ -108.99084, 35.335681 ], [ -108.990862, 35.321442 ], [ -108.97261, 35.321652 ], [ -108.972765, 35.335839 ] ], [ [ -108.990889, 35.35093 ], [ -108.999751, 35.351163 ], [ -108.999583, 35.343548 ], [ -108.990938, 35.343555 ], [ -108.990889, 35.35093 ] ], [ [ -108.990675, 35.379245 ], [ -109.009246, 35.379237 ], [ -109.008624, 35.365291 ], [ -108.990817, 35.365222 ], [ -108.990675, 35.379245 ] ], [ [ -108.795621, 35.336503 ], [ -108.795737, 35.349674 ], [ -108.804748, 35.349692 ], [ -108.804814, 35.336481 ], [ -108.795621, 35.336503 ] ], [ [ -108.831753, 35.364623 ], [ -108.831231, 35.371188 ], [ -108.840999, 35.37084 ], [ -108.841276, 35.364163 ], [ -108.831753, 35.364623 ] ], [ [ -108.183644, 35.971895 ], [ -108.183644, 35.980399 ], [ -108.199981, 35.980471 ], [ -108.199981, 35.971895 ], [ -108.183644, 35.971895 ] ], [ [ -108.122616, 35.580891 ], [ -108.130978, 35.580761 ], [ -108.131017, 35.573902 ], [ -108.122613, 35.57395 ], [ -108.122616, 35.580891 ] ], [ [ -109.035809, 35.292305 ], [ -109.035815, 35.306992 ], [ -109.02691, 35.307013 ], [ -109.026108, 35.321448 ], [ -109.008631, 35.321443 ], [ -109.008697, 35.33591 ], [ -109.026984, 35.336121 ], [ -109.026955, 35.321448 ], [ -109.043341, 35.321481 ], [ -109.046349251741006, 35.292338985884598 ], [ -109.035809, 35.292305 ] ], [ [ -108.954807, 35.407645 ], [ -108.963464, 35.407095 ], [ -108.963466, 35.392489 ], [ -108.954845, 35.392802 ], [ -108.954807, 35.407645 ] ] ], [ [ [ -107.166634, 35.826547 ], [ -107.157958, 35.826447 ], [ -107.157882, 35.819658 ], [ -107.16649, 35.819661 ], [ -107.166634, 35.826547 ] ] ], [ [ [ -107.203364, 35.088865 ], [ -107.199753, 35.089003 ], [ -107.199759, 35.095533 ], [ -107.179426, 35.095528 ], [ -107.174165, 35.103708 ], [ -107.163701, 35.108888 ], [ -107.171201, 35.119191 ], [ -107.163604, 35.132193 ], [ -107.181775, 35.1348 ], [ -107.194102, 35.143973 ], [ -107.184504, 35.154808 ], [ -107.1925, 35.162584 ], [ -107.182679, 35.16794 ], [ -107.186127, 35.167881 ], [ -107.185617, 35.183021 ], [ -107.178524, 35.182169 ], [ -107.173637, 35.186575 ], [ -107.180697, 35.18654 ], [ -107.184297, 35.19374 ], [ -107.171659, 35.191951 ], [ -107.173801, 35.194952 ], [ -107.170966, 35.198004 ], [ -107.172779, 35.200213 ], [ -107.175817, 35.198059 ], [ -107.175742, 35.210987 ], [ -107.171133, 35.211086 ], [ -107.170874, 35.219433 ], [ -107.16397, 35.219426 ], [ -107.164625, 35.241957 ], [ -107.154384, 35.246451 ], [ -107.152911, 35.240303 ], [ -107.156432, 35.235505 ], [ -107.146531, 35.237631 ], [ -107.141306, 35.233823 ], [ -107.132561, 35.233806 ], [ -107.132307, 35.219362 ], [ -107.134727, 35.218488 ], [ -107.131712, 35.212999 ], [ -107.141646, 35.211251 ], [ -107.131183, 35.206057 ], [ -107.133352, 35.200732 ], [ -107.138709, 35.200463 ], [ -107.135099, 35.197425 ], [ -107.121566, 35.202234 ], [ -107.127381, 35.196951 ], [ -107.121799, 35.194976 ], [ -107.128107, 35.18922 ], [ -107.039588, 35.189554 ], [ -107.039403, 35.156058 ], [ -107.001307, 35.15602 ], [ -107.000949, 35.131601 ], [ -106.956256, 35.130916 ], [ -106.956275, 35.120065 ], [ -106.947393, 35.120113 ], [ -106.946911, 35.10963 ], [ -106.943005, 35.103314 ], [ -106.946374, 35.101114 ], [ -106.943976, 35.098002 ], [ -106.947592, 35.092734 ], [ -106.946275, 35.08424 ], [ -106.947634, 35.078058 ], [ -106.950363, 35.077484 ], [ -106.951516, 35.058449 ], [ -106.973007, 35.058249 ], [ -106.97243, 35.029638 ], [ -106.991804, 35.030023 ], [ -106.992031, 35.059182 ], [ -107.096896, 35.058412 ], [ -107.097156, 35.045065 ], [ -107.145113, 35.044633 ], [ -107.148384, 35.039786 ], [ -107.159347, 35.044626 ], [ -107.167211, 35.039808 ], [ -107.167105, 35.03585 ], [ -107.161798, 35.03292 ], [ -107.165355, 35.03037 ], [ -107.154796, 35.023736 ], [ -107.162267, 35.020478 ], [ -107.1748, 35.027235 ], [ -107.180045, 35.036502 ], [ -107.186051, 35.0403 ], [ -107.203729, 35.026696 ], [ -107.203364, 35.088865 ] ], [ [ -106.973007, 35.058249 ], [ -106.973393, 35.069122 ], [ -106.981897, 35.069005 ], [ -106.981769, 35.058132 ], [ -106.973007, 35.058249 ] ] ], [ [ [ -107.210946, 35.711418 ], [ -107.18881, 35.711755 ], [ -107.188478, 35.696932 ], [ -107.20203, 35.69665 ], [ -107.201959, 35.704117 ], [ -107.211023, 35.704022 ], [ -107.210946, 35.711418 ] ] ], [ [ [ -107.220236, 35.848763 ], [ -107.193836, 35.848544 ], [ -107.194008, 35.855641 ], [ -107.184597, 35.855695 ], [ -107.184295, 35.826508 ], [ -107.194016, 35.826506 ], [ -107.193786, 35.834384 ], [ -107.202214, 35.834499 ], [ -107.202213, 35.841312 ], [ -107.220121, 35.841389 ], [ -107.220236, 35.848763 ] ] ], [ [ [ -107.228577, 35.863026 ], [ -107.211655, 35.862955 ], [ -107.211544, 35.855773 ], [ -107.228567, 35.855865 ], [ -107.228577, 35.863026 ] ] ], [ [ [ -107.237862, 35.855886 ], [ -107.228567, 35.855865 ], [ -107.22868, 35.848781 ], [ -107.23779, 35.848799 ], [ -107.237862, 35.855886 ] ] ], [ [ [ -107.237953, 35.885152 ], [ -107.202501, 35.885003 ], [ -107.202648, 35.891864 ], [ -107.211353, 35.891762 ], [ -107.211021, 35.906467 ], [ -107.200125, 35.906458 ], [ -107.202465, 35.899143 ], [ -107.184547, 35.896324 ], [ -107.184622, 35.885013 ], [ -107.189181, 35.885067 ], [ -107.18901, 35.87054 ], [ -107.184715, 35.870519 ], [ -107.184707, 35.862565 ], [ -107.193961, 35.862508 ], [ -107.194008, 35.855641 ], [ -107.202506, 35.855663 ], [ -107.202443, 35.870784 ], [ -107.229081, 35.870856 ], [ -107.228971, 35.878022 ], [ -107.238123, 35.878069 ], [ -107.237953, 35.885152 ] ] ], [ [ [ -107.246212, 35.919515 ], [ -107.245896, 35.927312 ], [ -107.237738, 35.927184 ], [ -107.237865, 35.919268 ], [ -107.246212, 35.919515 ] ] ], [ [ [ -107.264357, 35.906326 ], [ -107.264168, 35.912858 ], [ -107.255228, 35.912913 ], [ -107.255419, 35.905783 ], [ -107.264357, 35.906326 ] ] ], [ [ [ -107.273006, 35.905837 ], [ -107.26439, 35.905866 ], [ -107.26477, 35.899115 ], [ -107.272901, 35.899113 ], [ -107.273006, 35.905837 ] ] ], [ [ [ -107.28212, 35.870986 ], [ -107.26442, 35.870811 ], [ -107.264333, 35.863528 ], [ -107.282123, 35.863702 ], [ -107.28212, 35.870986 ] ] ], [ [ [ -107.299528, 35.682697 ], [ -107.299389, 35.704416 ], [ -107.273133, 35.704334 ], [ -107.273191, 35.675099 ], [ -107.290572, 35.675009 ], [ -107.2906, 35.6826 ], [ -107.299528, 35.682697 ] ] ], [ [ [ -107.299771, 35.719163 ], [ -107.290841, 35.719246 ], [ -107.29082, 35.711557 ], [ -107.299565, 35.711572 ], [ -107.299771, 35.719163 ] ] ], [ [ [ -107.300316, 35.7765 ], [ -107.291257, 35.776251 ], [ -107.291253, 35.769318 ], [ -107.300212, 35.769358 ], [ -107.300316, 35.7765 ] ] ], [ [ [ -107.308414, 35.674916 ], [ -107.290572, 35.675009 ], [ -107.290717, 35.660298 ], [ -107.308408, 35.66042 ], [ -107.308414, 35.674916 ] ] ], [ [ [ -107.326804, 35.689416 ], [ -107.317705, 35.68946 ], [ -107.317616, 35.697151 ], [ -107.326508, 35.697129 ], [ -107.326561, 35.703917 ], [ -107.317247, 35.703835 ], [ -107.317365, 35.697228 ], [ -107.308506, 35.697104 ], [ -107.308422, 35.682836 ], [ -107.326676, 35.682864 ], [ -107.326804, 35.689416 ] ] ], [ [ [ -107.333082, 36.027622 ], [ -107.324452, 36.027507 ], [ -107.324572, 36.020218 ], [ -107.333331, 36.02034 ], [ -107.333082, 36.027622 ] ] ], [ [ [ -107.335857, 35.891811 ], [ -107.326498, 35.891827 ], [ -107.326478, 35.884449 ], [ -107.335755, 35.884545 ], [ -107.335857, 35.891811 ] ] ], [ [ [ -107.336225, 35.796478 ], [ -107.3267, 35.796478 ], [ -107.326591, 35.781003 ], [ -107.336166, 35.7811 ], [ -107.336225, 35.796478 ] ] ], [ [ [ -107.344396, 35.689556 ], [ -107.335118, 35.689524 ], [ -107.335174, 35.674039 ], [ -107.326184, 35.674048 ], [ -107.326639, 35.668704 ], [ -107.344355, 35.668826 ], [ -107.344396, 35.689556 ] ] ], [ [ [ -107.353442, 35.977312 ], [ -107.344864, 35.977217 ], [ -107.344768, 35.970561 ], [ -107.353356, 35.970541 ], [ -107.353442, 35.977312 ] ] ], [ [ [ -107.353993, 35.777238 ], [ -107.353926, 35.790811 ], [ -107.344213, 35.790665 ], [ -107.344311, 35.775279 ], [ -107.353993, 35.777238 ] ] ], [ [ [ -107.361144, 35.941231 ], [ -107.344753, 35.941155 ], [ -107.344924, 35.94887 ], [ -107.353912, 35.949143 ], [ -107.353836, 35.957333 ], [ -107.336642, 35.957734 ], [ -107.33608, 35.977138 ], [ -107.344864, 35.977217 ], [ -107.345, 35.998819 ], [ -107.315333, 35.998604 ], [ -107.315558, 36.00631 ], [ -107.30674, 36.006175 ], [ -107.30665, 36.012967 ], [ -107.299002, 36.012957 ], [ -107.299092, 35.998441 ], [ -107.290808, 35.998313 ], [ -107.290772, 35.982917 ], [ -107.28234, 35.982934 ], [ -107.282235, 35.977126 ], [ -107.27232, 35.976771 ], [ -107.272071, 35.968712 ], [ -107.308653, 35.969823 ], [ -107.308646, 35.955186 ], [ -107.299392, 35.95526 ], [ -107.297755, 35.962681 ], [ -107.272016, 35.962551 ], [ -107.272309, 35.955377 ], [ -107.299102, 35.955296 ], [ -107.299235, 35.948403 ], [ -107.264736, 35.948737 ], [ -107.264754, 35.955428 ], [ -107.256051, 35.955646 ], [ -107.25577, 35.969977 ], [ -107.264436, 35.969927 ], [ -107.264469, 35.977047 ], [ -107.237723, 35.977324 ], [ -107.237713, 35.970252 ], [ -107.228711, 35.97015 ], [ -107.228628, 35.955774 ], [ -107.237574, 35.955751 ], [ -107.237578, 35.941623 ], [ -107.255606, 35.941823 ], [ -107.255349, 35.934557 ], [ -107.264919, 35.934701 ], [ -107.264927, 35.941806 ], [ -107.269931, 35.942616 ], [ -107.275222, 35.940467 ], [ -107.275056, 35.937143 ], [ -107.279999, 35.937145 ], [ -107.279906, 35.928258 ], [ -107.253528, 35.927542 ], [ -107.255412, 35.919852 ], [ -107.290567, 35.921169 ], [ -107.29047, 35.912944 ], [ -107.30864, 35.912759 ], [ -107.308646, 35.926306 ], [ -107.326227, 35.926448 ], [ -107.326133, 35.922616 ], [ -107.318525, 35.92252 ], [ -107.318633, 35.916246 ], [ -107.326327, 35.916034 ], [ -107.326244, 35.919108 ], [ -107.345145, 35.919118 ], [ -107.345145, 35.912324 ], [ -107.351906, 35.912324 ], [ -107.354238, 35.934196 ], [ -107.361135, 35.934244 ], [ -107.361144, 35.941231 ] ], [ [ -107.326101, 35.957776 ], [ -107.318021, 35.957841 ], [ -107.317634, 35.962744 ], [ -107.32488, 35.963188 ], [ -107.326101, 35.957776 ] ] ], [ [ [ -107.361505, 35.906957 ], [ -107.344659, 35.906959 ], [ -107.344557, 35.899396 ], [ -107.361511, 35.899396 ], [ -107.361505, 35.906957 ] ] ], [ [ [ -107.362266, 35.825812 ], [ -107.353411, 35.825728 ], [ -107.353602, 35.819776 ], [ -107.345336, 35.819671 ], [ -107.345518, 35.826272 ], [ -107.32636, 35.8263 ], [ -107.326376, 35.811547 ], [ -107.308603, 35.811717 ], [ -107.308598, 35.818173 ], [ -107.318345, 35.81821 ], [ -107.318262, 35.826472 ], [ -107.308592, 35.826308 ], [ -107.308576, 35.847735 ], [ -107.317288, 35.847589 ], [ -107.317386, 35.839823 ], [ -107.32653, 35.839663 ], [ -107.326508, 35.847427 ], [ -107.344888, 35.847538 ], [ -107.34488, 35.856356 ], [ -107.353287, 35.856319 ], [ -107.3533, 35.863065 ], [ -107.344751, 35.862972 ], [ -107.344691, 35.870671 ], [ -107.318301, 35.870206 ], [ -107.318915, 35.906898 ], [ -107.308641, 35.906813 ], [ -107.308624, 35.88539 ], [ -107.299894, 35.885238 ], [ -107.300128, 35.87074 ], [ -107.291007, 35.870903 ], [ -107.290877, 35.84198 ], [ -107.299794, 35.842106 ], [ -107.299832, 35.835049 ], [ -107.290938, 35.834998 ], [ -107.290911, 35.826974 ], [ -107.282179, 35.82701 ], [ -107.282374, 35.819854 ], [ -107.27307, 35.819901 ], [ -107.273011, 35.827181 ], [ -107.282083, 35.827173 ], [ -107.281984, 35.841882 ], [ -107.273083, 35.841851 ], [ -107.273171, 35.834562 ], [ -107.255293, 35.834631 ], [ -107.255382, 35.841743 ], [ -107.26454, 35.841803 ], [ -107.264566, 35.849128 ], [ -107.273189, 35.849154 ], [ -107.27321, 35.856461 ], [ -107.264612, 35.856314 ], [ -107.264695, 35.849289 ], [ -107.246828, 35.849084 ], [ -107.246806, 35.841595 ], [ -107.228892, 35.841488 ], [ -107.229148, 35.834516 ], [ -107.220179, 35.834411 ], [ -107.219931, 35.826815 ], [ -107.210903, 35.826625 ], [ -107.210716, 35.811693 ], [ -107.229367, 35.811373 ], [ -107.229027, 35.805585 ], [ -107.246295, 35.805828 ], [ -107.246403, 35.813109 ], [ -107.254959, 35.813086 ], [ -107.25492, 35.80578 ], [ -107.264364, 35.805782 ], [ -107.264354, 35.81306 ], [ -107.273201, 35.813036 ], [ -107.273315, 35.798463 ], [ -107.290616, 35.79835 ], [ -107.290092, 35.790602 ], [ -107.264714, 35.791169 ], [ -107.264543, 35.783912 ], [ -107.255327, 35.78394 ], [ -107.255325, 35.798269 ], [ -107.210896, 35.7981 ], [ -107.211083, 35.783617 ], [ -107.202056, 35.783939 ], [ -107.20232, 35.812898 ], [ -107.184183, 35.812636 ], [ -107.184194, 35.819804 ], [ -107.175657, 35.819756 ], [ -107.17556, 35.812684 ], [ -107.148136, 35.812743 ], [ -107.147662, 35.798636 ], [ -107.166053, 35.798478 ], [ -107.166089, 35.791086 ], [ -107.157399, 35.791243 ], [ -107.157552, 35.7765 ], [ -107.174763, 35.776428 ], [ -107.174842, 35.769303 ], [ -107.183647, 35.768233 ], [ -107.184048, 35.755078 ], [ -107.212246, 35.754576 ], [ -107.212132, 35.740399 ], [ -107.229361, 35.740261 ], [ -107.229361, 35.733292 ], [ -107.220338, 35.733306 ], [ -107.220202, 35.72581 ], [ -107.22879, 35.725805 ], [ -107.228547, 35.718696 ], [ -107.237514, 35.718625 ], [ -107.237341, 35.696931 ], [ -107.254873, 35.696932 ], [ -107.255293, 35.71129 ], [ -107.263486, 35.711393 ], [ -107.263793, 35.718718 ], [ -107.25524, 35.718735 ], [ -107.255293, 35.73176 ], [ -107.246961, 35.731703 ], [ -107.2468, 35.725936 ], [ -107.237534, 35.725798 ], [ -107.237923, 35.747186 ], [ -107.255448, 35.74738 ], [ -107.25563, 35.754774 ], [ -107.264824, 35.754701 ], [ -107.264943, 35.740442 ], [ -107.281669, 35.740389 ], [ -107.28176, 35.733005 ], [ -107.291391, 35.733058 ], [ -107.291267, 35.747749 ], [ -107.273508, 35.7476 ], [ -107.273748, 35.754818 ], [ -107.282322, 35.754892 ], [ -107.282331, 35.762234 ], [ -107.291312, 35.762281 ], [ -107.291253, 35.769318 ], [ -107.273424, 35.769232 ], [ -107.273419, 35.776395 ], [ -107.282133, 35.77654 ], [ -107.282447, 35.78372 ], [ -107.308624, 35.784089 ], [ -107.308615, 35.796198 ], [ -107.318142, 35.796199 ], [ -107.318121, 35.805003 ], [ -107.327351, 35.805011 ], [ -107.327137, 35.811554 ], [ -107.3454, 35.811768 ], [ -107.344279, 35.796675 ], [ -107.362604, 35.796785 ], [ -107.362266, 35.825812 ] ], [ [ -107.246551, 35.754807 ], [ -107.237816, 35.754761 ], [ -107.237845, 35.762004 ], [ -107.246491, 35.762035 ], [ -107.246551, 35.754807 ] ], [ [ -107.237669, 35.812752 ], [ -107.229301, 35.812426 ], [ -107.229099, 35.819538 ], [ -107.237484, 35.819554 ], [ -107.237669, 35.812752 ] ], [ [ -107.21485, 35.769005 ], [ -107.200796, 35.769132 ], [ -107.200939, 35.778719 ], [ -107.214838, 35.778819 ], [ -107.21485, 35.769005 ] ], [ [ -107.273424, 35.769232 ], [ -107.273506, 35.762153 ], [ -107.25597, 35.762154 ], [ -107.256251, 35.769173 ], [ -107.273424, 35.769232 ] ] ], [ [ [ -107.368332, 36.057374 ], [ -107.359682, 36.057311 ], [ -107.359687, 36.029093 ], [ -107.368177, 36.029179 ], [ -107.368332, 36.057374 ] ] ], [ [ [ -107.371519, 35.739177 ], [ -107.36305, 35.738768 ], [ -107.363092, 35.747424 ], [ -107.326073, 35.747459 ], [ -107.326146, 35.740004 ], [ -107.308703, 35.739997 ], [ -107.308619, 35.725989 ], [ -107.317495, 35.725997 ], [ -107.317499, 35.718185 ], [ -107.308587, 35.718285 ], [ -107.308559, 35.711597 ], [ -107.327773, 35.711842 ], [ -107.326932, 35.72608 ], [ -107.335893, 35.725965 ], [ -107.335972, 35.73248 ], [ -107.344627, 35.732464 ], [ -107.344204, 35.740383 ], [ -107.362036, 35.74047 ], [ -107.362066, 35.732673 ], [ -107.35044, 35.732795 ], [ -107.350465, 35.726357 ], [ -107.371331, 35.726132 ], [ -107.371519, 35.739177 ] ] ], [ [ [ -107.375913, 35.895795 ], [ -107.365933, 35.895891 ], [ -107.366239, 35.888269 ], [ -107.376252, 35.88819 ], [ -107.375913, 35.895795 ] ] ], [ [ [ -107.37723, 36.085186 ], [ -107.368397, 36.085202 ], [ -107.368386, 36.078104 ], [ -107.359682, 36.078058 ], [ -107.359534, 36.085261 ], [ -107.32347, 36.085175 ], [ -107.323711, 36.07105 ], [ -107.332938, 36.07105 ], [ -107.332754, 36.07802 ], [ -107.350576, 36.078203 ], [ -107.350599, 36.07105 ], [ -107.377287, 36.071234 ], [ -107.37723, 36.085186 ] ] ], [ [ [ -107.379503, 35.991827 ], [ -107.37026, 35.991775 ], [ -107.370349, 35.984596 ], [ -107.379508, 35.984578 ], [ -107.379503, 35.991827 ] ] ], [ [ [ -107.380384, 35.775435 ], [ -107.380264, 35.783441 ], [ -107.370552, 35.783408 ], [ -107.370573, 35.775449 ], [ -107.380384, 35.775435 ] ] ], [ [ [ -107.380417, 35.927294 ], [ -107.370555, 35.927219 ], [ -107.370475, 35.913429 ], [ -107.380551, 35.913418 ], [ -107.380417, 35.927294 ] ] ], [ [ [ -107.381311, 35.84123 ], [ -107.380643, 35.855925 ], [ -107.370536, 35.855842 ], [ -107.370612, 35.848673 ], [ -107.361769, 35.848385 ], [ -107.361946, 35.840733 ], [ -107.353197, 35.840703 ], [ -107.353, 35.833098 ], [ -107.362004, 35.833177 ], [ -107.361927, 35.840491 ], [ -107.381311, 35.84123 ] ] ], [ [ [ -107.389687, 35.813263 ], [ -107.369799, 35.813135 ], [ -107.369799, 35.804372 ], [ -107.38989, 35.804386 ], [ -107.389687, 35.813263 ] ] ], [ [ [ -107.39418, 34.41929 ], [ -107.385644, 34.41951 ], [ -107.385633, 34.412348 ], [ -107.376677, 34.412352 ], [ -107.376646, 34.40529 ], [ -107.394268, 34.404996 ], [ -107.39418, 34.41929 ] ] ], [ [ [ -107.394376, 34.390549 ], [ -107.384816, 34.390524 ], [ -107.384918, 34.376128 ], [ -107.394381, 34.376267 ], [ -107.394376, 34.390549 ] ] ], [ [ [ -107.397098, 35.97779 ], [ -107.370334, 35.978238 ], [ -107.370349, 35.984596 ], [ -107.361159, 35.984481 ], [ -107.360693, 35.970716 ], [ -107.396572, 35.970223 ], [ -107.397098, 35.97779 ] ] ], [ [ [ -107.398424, 35.840264 ], [ -107.381365, 35.840449 ], [ -107.381449, 35.827075 ], [ -107.398404, 35.827055 ], [ -107.398424, 35.840264 ] ] ], [ [ [ -107.399469, 35.804389 ], [ -107.38989, 35.804386 ], [ -107.389872, 35.798462 ], [ -107.399469, 35.798462 ], [ -107.399469, 35.804389 ] ] ], [ [ [ -107.403079, 34.405163 ], [ -107.394268, 34.404996 ], [ -107.394376, 34.390549 ], [ -107.403452, 34.390763 ], [ -107.403079, 34.405163 ] ] ], [ [ [ -107.404156, 36.08563 ], [ -107.386602, 36.085367 ], [ -107.386801, 36.078586 ], [ -107.404392, 36.078721 ], [ -107.404156, 36.08563 ] ] ], [ [ [ -107.406746, 35.733607 ], [ -107.406723, 35.738902 ], [ -107.397871, 35.738704 ], [ -107.39775, 35.732653 ], [ -107.406746, 35.733607 ] ] ], [ [ [ -107.408394, 35.798476 ], [ -107.399469, 35.798462 ], [ -107.399485, 35.791251 ], [ -107.408394, 35.791251 ], [ -107.408394, 35.798476 ] ] ], [ [ [ -107.415378, 35.935658 ], [ -107.406947, 35.935658 ], [ -107.406947, 35.928233 ], [ -107.415378, 35.928233 ], [ -107.415378, 35.935658 ] ] ], [ [ [ -107.415851, 35.949174 ], [ -107.415519, 35.95632 ], [ -107.40608, 35.956328 ], [ -107.405834, 35.949105 ], [ -107.415851, 35.949174 ] ] ], [ [ [ -107.415639, 35.892954 ], [ -107.406164, 35.892808 ], [ -107.406211, 35.885988 ], [ -107.397733, 35.884934 ], [ -107.397743, 35.899583 ], [ -107.415718, 35.899825 ], [ -107.415536, 35.912879 ], [ -107.407059, 35.912865 ], [ -107.407082, 35.919989 ], [ -107.397646, 35.919932 ], [ -107.397678, 35.899733 ], [ -107.37992, 35.899556 ], [ -107.379706, 35.884558 ], [ -107.371046, 35.88478 ], [ -107.371488, 35.8782 ], [ -107.353517, 35.878128 ], [ -107.3533, 35.863065 ], [ -107.389849, 35.862713 ], [ -107.389579, 35.869766 ], [ -107.416106, 35.869885 ], [ -107.415639, 35.892954 ] ] ], [ [ [ -107.416123, 35.73255 ], [ -107.406747, 35.732542 ], [ -107.40676, 35.724547 ], [ -107.416125, 35.724477 ], [ -107.416123, 35.73255 ] ] ], [ [ [ -107.456619, 36.138496 ], [ -107.447011, 36.138446 ], [ -107.44796, 36.127554 ], [ -107.456851, 36.131519 ], [ -107.456619, 36.138496 ] ] ], [ [ [ -107.459937, 35.922345 ], [ -107.459947, 35.928827 ], [ -107.451534, 35.928776 ], [ -107.452049, 35.920406 ], [ -107.459937, 35.922345 ] ] ], [ [ [ -107.461339, 35.971424 ], [ -107.442503, 35.971343 ], [ -107.442225, 35.963496 ], [ -107.42567, 35.963351 ], [ -107.425333, 35.970641 ], [ -107.415083, 35.970572 ], [ -107.415519, 35.95632 ], [ -107.433487, 35.95601 ], [ -107.433498, 35.949108 ], [ -107.443021, 35.94913 ], [ -107.443168, 35.96293 ], [ -107.461363, 35.963241 ], [ -107.461339, 35.971424 ] ] ], [ [ [ -107.478805, 35.942472 ], [ -107.469866, 35.942332 ], [ -107.470088, 35.950375 ], [ -107.45107, 35.950347 ], [ -107.451017, 35.934908 ], [ -107.478592, 35.934942 ], [ -107.478805, 35.942472 ] ] ], [ [ [ -107.486749, 35.77539 ], [ -107.469997, 35.775413 ], [ -107.469815, 35.79045 ], [ -107.432967, 35.790257 ], [ -107.433068, 35.78251 ], [ -107.450405, 35.782729 ], [ -107.449973, 35.768855 ], [ -107.432855, 35.768754 ], [ -107.432854, 35.762725 ], [ -107.424338, 35.762732 ], [ -107.424318, 35.755141 ], [ -107.451012, 35.755069 ], [ -107.450861, 35.768368 ], [ -107.486743, 35.768273 ], [ -107.486749, 35.77539 ] ] ], [ [ [ -107.492858, 36.207663 ], [ -107.476317, 36.207634 ], [ -107.476327, 36.204293 ], [ -107.480465, 36.2043 ], [ -107.480475, 36.200853 ], [ -107.488611, 36.200868 ], [ -107.488694, 36.19648 ], [ -107.492848, 36.196514 ], [ -107.492858, 36.207663 ] ] ], [ [ [ -107.496037, 35.783418 ], [ -107.486585, 35.783268 ], [ -107.486749, 35.77539 ], [ -107.495691, 35.775463 ], [ -107.496037, 35.783418 ] ] ], [ [ [ -107.498622, 36.217987 ], [ -107.47589, 36.21761 ], [ -107.476083, 36.214879 ], [ -107.498635, 36.211775 ], [ -107.498622, 36.217987 ] ] ], [ [ [ -107.499141, 35.915182 ], [ -107.46835, 35.914699 ], [ -107.46873, 35.900507 ], [ -107.499255, 35.900391 ], [ -107.499141, 35.915182 ] ] ], [ [ [ -107.500681, 36.167892 ], [ -107.491537, 36.16783 ], [ -107.491576, 36.160573 ], [ -107.4801, 36.159765 ], [ -107.47404, 36.160055 ], [ -107.473896, 36.168131 ], [ -107.465143, 36.168105 ], [ -107.465318, 36.160959 ], [ -107.456502, 36.16073 ], [ -107.45695, 36.153617 ], [ -107.474311, 36.154009 ], [ -107.47417, 36.146404 ], [ -107.491866, 36.14656 ], [ -107.491797, 36.153535 ], [ -107.500751, 36.153411 ], [ -107.500681, 36.167892 ] ] ], [ [ [ -107.501479, 36.066807 ], [ -107.501132, 36.094449 ], [ -107.492139, 36.094551 ], [ -107.49223, 36.116114 ], [ -107.483483, 36.116174 ], [ -107.483571, 36.108792 ], [ -107.474429, 36.108767 ], [ -107.474341, 36.123145 ], [ -107.448047, 36.122792 ], [ -107.448204, 36.10846 ], [ -107.43895, 36.108484 ], [ -107.439145, 36.131307 ], [ -107.421495, 36.13131 ], [ -107.421494, 36.124001 ], [ -107.430512, 36.123992 ], [ -107.430439, 36.115787 ], [ -107.421647, 36.115886 ], [ -107.421573, 36.101491 ], [ -107.412639, 36.101351 ], [ -107.412831, 36.071509 ], [ -107.386602, 36.071442 ], [ -107.386831, 36.064549 ], [ -107.39553, 36.064379 ], [ -107.395407, 36.050297 ], [ -107.386581, 36.050336 ], [ -107.386378, 36.028241 ], [ -107.395324, 36.028312 ], [ -107.395246, 36.013227 ], [ -107.430423, 36.013089 ], [ -107.430269, 35.999436 ], [ -107.447256, 35.999559 ], [ -107.440798, 36.000017 ], [ -107.440412, 36.013006 ], [ -107.46671, 36.013159 ], [ -107.46673, 36.021169 ], [ -107.457975, 36.021101 ], [ -107.457878, 36.028413 ], [ -107.43055, 36.028454 ], [ -107.430866, 36.064386 ], [ -107.422023, 36.064965 ], [ -107.422125, 36.07179 ], [ -107.439657, 36.071814 ], [ -107.439535, 36.086948 ], [ -107.458505, 36.08701 ], [ -107.45863, 36.080058 ], [ -107.46795, 36.079557 ], [ -107.474444, 36.079622 ], [ -107.474469, 36.087051 ], [ -107.483918, 36.086748 ], [ -107.483879, 36.072304 ], [ -107.492653, 36.072274 ], [ -107.492566, 36.065595 ], [ -107.501479, 36.066807 ] ], [ [ -107.430747, 36.087025 ], [ -107.421733, 36.087418 ], [ -107.421852, 36.094377 ], [ -107.430633, 36.094298 ], [ -107.430747, 36.087025 ] ], [ [ -107.448204, 36.10846 ], [ -107.456915, 36.108635 ], [ -107.456992, 36.101882 ], [ -107.448315, 36.101867 ], [ -107.448204, 36.10846 ] ], [ [ -107.474469, 36.087051 ], [ -107.466278, 36.087275 ], [ -107.466023, 36.093989 ], [ -107.474481, 36.094076 ], [ -107.474469, 36.087051 ] ] ], [ [ [ -107.514177, 35.782708 ], [ -107.504482, 35.782708 ], [ -107.504482, 35.775728 ], [ -107.514176, 35.775728 ], [ -107.514177, 35.782708 ] ] ], [ [ [ -107.517231, 36.161582 ], [ -107.509486, 36.161586 ], [ -107.509358, 36.154143 ], [ -107.517116, 36.154158 ], [ -107.517231, 36.161582 ] ] ], [ [ [ -107.519571, 36.007184 ], [ -107.501501, 36.007263 ], [ -107.501367, 35.999923 ], [ -107.49675, 35.999892 ], [ -107.496035, 35.985433 ], [ -107.514755, 35.98548 ], [ -107.514755, 36.000025 ], [ -107.519632, 36.001081 ], [ -107.519571, 36.007184 ] ] ], [ [ [ -107.523678, 35.667974 ], [ -107.504534, 35.66793 ], [ -107.504535, 35.682893 ], [ -107.514251, 35.682788 ], [ -107.514281, 35.67539 ], [ -107.523236, 35.67541 ], [ -107.523341, 35.712038 ], [ -107.505142, 35.711958 ], [ -107.505457, 35.726597 ], [ -107.487322, 35.726321 ], [ -107.487318, 35.71809 ], [ -107.495557, 35.718456 ], [ -107.495309, 35.711632 ], [ -107.487532, 35.711439 ], [ -107.486943, 35.683524 ], [ -107.468559, 35.683517 ], [ -107.468696, 35.689639 ], [ -107.477383, 35.689859 ], [ -107.477176, 35.704367 ], [ -107.469072, 35.704454 ], [ -107.469299, 35.726048 ], [ -107.440916, 35.725704 ], [ -107.440925, 35.718317 ], [ -107.450503, 35.718464 ], [ -107.450639, 35.704618 ], [ -107.432979, 35.704392 ], [ -107.432843, 35.689797 ], [ -107.442132, 35.689838 ], [ -107.442668, 35.69642 ], [ -107.450819, 35.696417 ], [ -107.450881, 35.683506 ], [ -107.432966, 35.683494 ], [ -107.432973, 35.660351 ], [ -107.44285, 35.660271 ], [ -107.442851, 35.667562 ], [ -107.451492, 35.667496 ], [ -107.451477, 35.682062 ], [ -107.468218, 35.682206 ], [ -107.46846, 35.674916 ], [ -107.459464, 35.674928 ], [ -107.459442, 35.660835 ], [ -107.451275, 35.660883 ], [ -107.451235, 35.653254 ], [ -107.46871, 35.653317 ], [ -107.468672, 35.660478 ], [ -107.477839, 35.660563 ], [ -107.477904, 35.667945 ], [ -107.486731, 35.667896 ], [ -107.48673, 35.6606 ], [ -107.523678, 35.6606 ], [ -107.523678, 35.667974 ] ], [ [ -107.468696, 35.689639 ], [ -107.459699, 35.689938 ], [ -107.45976, 35.696507 ], [ -107.468641, 35.696146 ], [ -107.468696, 35.689639 ] ] ], [ [ [ -107.527517, 36.110603 ], [ -107.518717, 36.110532 ], [ -107.518805, 36.103256 ], [ -107.527545, 36.103302 ], [ -107.527517, 36.110603 ] ] ], [ [ [ -107.532996, 34.318324 ], [ -107.515382, 34.318465 ], [ -107.51515, 34.304007 ], [ -107.532944, 34.303837 ], [ -107.532996, 34.318324 ] ] ], [ [ [ -107.53652, 36.081441 ], [ -107.509787, 36.081674 ], [ -107.509828, 36.073606 ], [ -107.536593, 36.073561 ], [ -107.53652, 36.081441 ] ] ], [ [ [ -107.537152, 36.037134 ], [ -107.537131, 36.04421 ], [ -107.501598, 36.04425 ], [ -107.501803, 36.057954 ], [ -107.482904, 36.057968 ], [ -107.48406, 36.028613 ], [ -107.501603, 36.028713 ], [ -107.501647, 36.036694 ], [ -107.51933, 36.036737 ], [ -107.519411, 36.013787 ], [ -107.528807, 36.01405 ], [ -107.528495, 36.036969 ], [ -107.537152, 36.037134 ] ] ], [ [ [ -107.537327, 36.00727 ], [ -107.528318, 36.007459 ], [ -107.531688, 36.000143 ], [ -107.537398, 36.000185 ], [ -107.537327, 36.00727 ] ] ], [ [ [ -107.538673, 36.155767 ], [ -107.526824, 36.155667 ], [ -107.526995, 36.147154 ], [ -107.537457, 36.147289 ], [ -107.538673, 36.155767 ] ] ], [ [ [ -107.539685, 35.776634 ], [ -107.530653, 35.776809 ], [ -107.530641, 35.768788 ], [ -107.540036, 35.76881 ], [ -107.539685, 35.776634 ] ] ], [ [ [ -107.540457, 35.889888 ], [ -107.52272, 35.892908 ], [ -107.522928, 35.9003 ], [ -107.51405, 35.900333 ], [ -107.51405, 35.907304 ], [ -107.504431, 35.907304 ], [ -107.504846, 35.885369 ], [ -107.540625, 35.885494 ], [ -107.540457, 35.889888 ] ] ], [ [ [ -107.545159, 36.08844 ], [ -107.536265, 36.088583 ], [ -107.53652, 36.081441 ], [ -107.545234, 36.081198 ], [ -107.545159, 36.08844 ] ] ], [ [ [ -107.545275, 36.073614 ], [ -107.536593, 36.073561 ], [ -107.536971, 36.058298 ], [ -107.545501, 36.058277 ], [ -107.545275, 36.073614 ] ] ], [ [ [ -107.545519, 36.051665 ], [ -107.537158, 36.051607 ], [ -107.537095, 36.044336 ], [ -107.545448, 36.044343 ], [ -107.545519, 36.051665 ] ] ], [ [ [ -107.562953, 36.073627 ], [ -107.553995, 36.073725 ], [ -107.553907, 36.064495 ], [ -107.562819, 36.064516 ], [ -107.562953, 36.073627 ] ] ], [ [ [ -107.563044, 36.095754 ], [ -107.554185, 36.095756 ], [ -107.554029, 36.088417 ], [ -107.563019, 36.088349 ], [ -107.563044, 36.095754 ] ] ], [ [ [ -107.563177, 36.036456 ], [ -107.554572, 36.036661 ], [ -107.554384, 36.0294 ], [ -107.563178, 36.029462 ], [ -107.563177, 36.036456 ] ] ], [ [ [ -107.563055, 34.477925 ], [ -107.537801, 34.477896 ], [ -107.53761, 34.492387 ], [ -107.532965, 34.492363 ], [ -107.532779, 34.521655 ], [ -107.515652, 34.521659 ], [ -107.515502, 34.507161 ], [ -107.498356, 34.507045 ], [ -107.498464, 34.492321 ], [ -107.4807, 34.492034 ], [ -107.480511, 34.477237 ], [ -107.463096, 34.477921 ], [ -107.463215, 34.490785 ], [ -107.411008, 34.492258 ], [ -107.411132, 34.44901 ], [ -107.428466, 34.448987 ], [ -107.428551, 34.434661 ], [ -107.394075, 34.434427 ], [ -107.39418, 34.41929 ], [ -107.41109, 34.420064 ], [ -107.411298, 34.376454 ], [ -107.394381, 34.376267 ], [ -107.3941, 34.361833 ], [ -107.41129, 34.361794 ], [ -107.411074, 34.318163 ], [ -107.438574, 34.317818 ], [ -107.438781, 34.304186 ], [ -107.497899, 34.303261 ], [ -107.497806, 34.318084 ], [ -107.515382, 34.318465 ], [ -107.515562, 34.332872 ], [ -107.533097, 34.332614 ], [ -107.532912, 34.347382 ], [ -107.515625, 34.347322 ], [ -107.515557, 34.376808 ], [ -107.533067, 34.376485 ], [ -107.533137, 34.390936 ], [ -107.550674, 34.391029 ], [ -107.550564, 34.40563 ], [ -107.515285, 34.405591 ], [ -107.515415, 34.409287 ], [ -107.532994, 34.409328 ], [ -107.532744, 34.420048 ], [ -107.515586, 34.419936 ], [ -107.515769, 34.435691 ], [ -107.532806, 34.434893 ], [ -107.53291, 34.448824 ], [ -107.541448, 34.448819 ], [ -107.541323, 34.452108 ], [ -107.550362, 34.448756 ], [ -107.5504, 34.463391 ], [ -107.563269, 34.463452 ], [ -107.563055, 34.477925 ] ] ], [ [ [ -107.567953, 34.536234 ], [ -107.558879, 34.536241 ], [ -107.5591, 34.52147 ], [ -107.567969, 34.521545 ], [ -107.567953, 34.536234 ] ] ], [ [ [ -107.569039, 36.23423 ], [ -107.561323, 36.23423 ], [ -107.561323, 36.227454 ], [ -107.569037, 36.227465 ], [ -107.569039, 36.23423 ] ] ], [ [ [ -107.572555, 34.376266 ], [ -107.572394, 34.390859 ], [ -107.563707, 34.390911 ], [ -107.564054, 34.37624 ], [ -107.572555, 34.376266 ] ] ], [ [ [ -107.574692, 35.78341 ], [ -107.573986, 35.81214 ], [ -107.530831, 35.812349 ], [ -107.530522, 35.804732 ], [ -107.522333, 35.804687 ], [ -107.522392, 35.790733 ], [ -107.539431, 35.790749 ], [ -107.539204, 35.783213 ], [ -107.547195, 35.783107 ], [ -107.547349, 35.797524 ], [ -107.557199, 35.79748 ], [ -107.55686, 35.783311 ], [ -107.574692, 35.78341 ] ] ], [ [ [ -107.585437, 34.521522 ], [ -107.567969, 34.521545 ], [ -107.568045, 34.506889 ], [ -107.57664, 34.506805 ], [ -107.576741, 34.51389 ], [ -107.585404, 34.513865 ], [ -107.585437, 34.521522 ] ] ], [ [ [ -107.585506, 34.463493 ], [ -107.567606, 34.46346 ], [ -107.56789, 34.455982 ], [ -107.575202, 34.455865 ], [ -107.575045, 34.447138 ], [ -107.584969, 34.447232 ], [ -107.585506, 34.463493 ] ] ], [ [ [ -107.585421, 34.550776 ], [ -107.567962, 34.55061 ], [ -107.567953, 34.536234 ], [ -107.585518, 34.536106 ], [ -107.585421, 34.550776 ] ] ], [ [ [ -107.58538, 34.434588 ], [ -107.567854, 34.434453 ], [ -107.567684, 34.448942 ], [ -107.557612, 34.448968 ], [ -107.557725, 34.442322 ], [ -107.550167, 34.44239 ], [ -107.550155, 34.434155 ], [ -107.563496, 34.434382 ], [ -107.563589, 34.426846 ], [ -107.585558, 34.427258 ], [ -107.58538, 34.434588 ] ] ], [ [ [ -107.590152, 36.000268 ], [ -107.59013, 36.029773 ], [ -107.580876, 36.02956 ], [ -107.581503, 36.022413 ], [ -107.545516, 36.022415 ], [ -107.545626, 36.000219 ], [ -107.557015, 36.000256 ], [ -107.557033, 35.993043 ], [ -107.547455, 35.993038 ], [ -107.546299, 35.985786 ], [ -107.537599, 35.985663 ], [ -107.537664, 35.971313 ], [ -107.557098, 35.971344 ], [ -107.557054, 35.985916 ], [ -107.576195, 35.986144 ], [ -107.576825, 36.000261 ], [ -107.590152, 36.000268 ] ] ], [ [ [ -107.59982, 35.790444 ], [ -107.591491, 35.790445 ], [ -107.591488, 35.783553 ], [ -107.599818, 35.78365 ], [ -107.59982, 35.790444 ] ] ], [ [ [ -107.600411, 35.86319 ], [ -107.591287, 35.863143 ], [ -107.591351, 35.855318 ], [ -107.60047, 35.855366 ], [ -107.600411, 35.86319 ] ] ], [ [ [ -107.602971, 34.507136 ], [ -107.594799, 34.506886 ], [ -107.594884, 34.49255 ], [ -107.603021, 34.492653 ], [ -107.602971, 34.507136 ] ] ], [ [ [ -107.609983, 35.797529 ], [ -107.609367, 35.812264 ], [ -107.604641, 35.812281 ], [ -107.603805, 35.804844 ], [ -107.591475, 35.804131 ], [ -107.591443, 35.797513 ], [ -107.609983, 35.797529 ] ] ], [ [ [ -107.616945, 36.044646 ], [ -107.616865, 36.051946 ], [ -107.607608, 36.051875 ], [ -107.607967, 36.044568 ], [ -107.616945, 36.044646 ] ] ], [ [ [ -107.620262, 34.463768 ], [ -107.602949, 34.463867 ], [ -107.602696, 34.456649 ], [ -107.611671, 34.456612 ], [ -107.611619, 34.449323 ], [ -107.620341, 34.449344 ], [ -107.620262, 34.463768 ] ] ], [ [ [ -107.626418, 35.993316 ], [ -107.626385, 36.030419 ], [ -107.617531, 36.030255 ], [ -107.617478, 36.037647 ], [ -107.589918, 36.037268 ], [ -107.59013, 36.029773 ], [ -107.598982, 36.029961 ], [ -107.599071, 36.022707 ], [ -107.608646, 36.022946 ], [ -107.609311, 36.000284 ], [ -107.616905, 36.000287 ], [ -107.616905, 35.993316 ], [ -107.626418, 35.993316 ] ] ], [ [ [ -107.627392, 35.797568 ], [ -107.609983, 35.797529 ], [ -107.609805, 35.783878 ], [ -107.627489, 35.78393 ], [ -107.627392, 35.797568 ] ] ], [ [ [ -107.633526, 36.284773 ], [ -107.611836, 36.286134 ], [ -107.611888, 36.278861 ], [ -107.615472, 36.276792 ], [ -107.61574, 36.271757 ], [ -107.624244, 36.271753 ], [ -107.624254, 36.278023 ], [ -107.633374, 36.278024 ], [ -107.633526, 36.284773 ] ] ], [ [ [ -107.645271, 35.900012 ], [ -107.626521, 35.899895 ], [ -107.626531, 35.885519 ], [ -107.645605, 35.885596 ], [ -107.645271, 35.900012 ] ] ], [ [ [ -107.646855, 35.709141 ], [ -107.629308, 35.70992 ], [ -107.629315, 35.696667 ], [ -107.646855, 35.696667 ], [ -107.646855, 35.709141 ] ] ], [ [ [ -107.651751, 36.139674 ], [ -107.651311, 36.153784 ], [ -107.642837, 36.15383 ], [ -107.6429, 36.146983 ], [ -107.633795, 36.146968 ], [ -107.633895, 36.154406 ], [ -107.624629, 36.154241 ], [ -107.62457, 36.161493 ], [ -107.606925, 36.16156 ], [ -107.607126, 36.154371 ], [ -107.598158, 36.154279 ], [ -107.59811, 36.168596 ], [ -107.553816, 36.168487 ], [ -107.55372, 36.182271 ], [ -107.544787, 36.182313 ], [ -107.544807, 36.19003 ], [ -107.535751, 36.190098 ], [ -107.538131, 36.175215 ], [ -107.509883, 36.175369 ], [ -107.509985, 36.168612 ], [ -107.53588, 36.168428 ], [ -107.535849, 36.161053 ], [ -107.544891, 36.160952 ], [ -107.544732, 36.132111 ], [ -107.536048, 36.132163 ], [ -107.536032, 36.139181 ], [ -107.491948, 36.139337 ], [ -107.492065, 36.13191 ], [ -107.500844, 36.132014 ], [ -107.500866, 36.125083 ], [ -107.51873, 36.125029 ], [ -107.518696, 36.117658 ], [ -107.527378, 36.117614 ], [ -107.527422, 36.125042 ], [ -107.545302, 36.125083 ], [ -107.544879, 36.103361 ], [ -107.581079, 36.103388 ], [ -107.581023, 36.110741 ], [ -107.5722, 36.110791 ], [ -107.571392, 36.146618 ], [ -107.589365, 36.146662 ], [ -107.589643, 36.125088 ], [ -107.598438, 36.125082 ], [ -107.598331, 36.132442 ], [ -107.642805, 36.132949 ], [ -107.642925, 36.139791 ], [ -107.651751, 36.139674 ] ], [ [ -107.571893, 36.154279 ], [ -107.562542, 36.154355 ], [ -107.562572, 36.16215 ], [ -107.571077, 36.162058 ], [ -107.571893, 36.154279 ] ], [ [ -107.566621, 36.133407 ], [ -107.553415, 36.132568 ], [ -107.553692, 36.14009 ], [ -107.566629, 36.140121 ], [ -107.566621, 36.133407 ] ] ], [ [ [ -107.660722, 36.139286 ], [ -107.652374, 36.139503 ], [ -107.652462, 36.132633 ], [ -107.660699, 36.13276 ], [ -107.660722, 36.139286 ] ] ], [ [ [ -107.664152, 35.725348 ], [ -107.646855, 35.725348 ], [ -107.646855, 35.70992 ], [ -107.664152, 35.70992 ], [ -107.664152, 35.725348 ] ] ], [ [ [ -107.664196, 35.674283 ], [ -107.647072, 35.674283 ], [ -107.647072, 35.667464 ], [ -107.664196, 35.667464 ], [ -107.664196, 35.674283 ] ] ], [ [ [ -107.664129, 35.885669 ], [ -107.645605, 35.885596 ], [ -107.645982, 35.870847 ], [ -107.664639, 35.870772 ], [ -107.664129, 35.885669 ] ] ], [ [ [ -107.665175, 35.855665 ], [ -107.646305, 35.855833 ], [ -107.645982, 35.870847 ], [ -107.626531, 35.871142 ], [ -107.626541, 35.855572 ], [ -107.646301, 35.855778 ], [ -107.645728, 35.840649 ], [ -107.66528, 35.840422 ], [ -107.665175, 35.855665 ] ] ], [ [ [ -107.673958, 35.738977 ], [ -107.664092, 35.739986 ], [ -107.664092, 35.733261 ], [ -107.673958, 35.733261 ], [ -107.673958, 35.738977 ] ] ], [ [ [ -107.678581, 36.132194 ], [ -107.660754, 36.132392 ], [ -107.661065, 36.125182 ], [ -107.678504, 36.124851 ], [ -107.678581, 36.132194 ] ] ], [ [ [ -107.67881, 36.292542 ], [ -107.660812, 36.292278 ], [ -107.660755, 36.284541 ], [ -107.642417, 36.284749 ], [ -107.642369, 36.256338 ], [ -107.633417, 36.2563 ], [ -107.633551, 36.263397 ], [ -107.615112, 36.26406 ], [ -107.614924, 36.256819 ], [ -107.607155, 36.256798 ], [ -107.606997, 36.24924 ], [ -107.588666, 36.249181 ], [ -107.588735, 36.234969 ], [ -107.597506, 36.235014 ], [ -107.59745, 36.242292 ], [ -107.615761, 36.242377 ], [ -107.615731, 36.247988 ], [ -107.642424, 36.249134 ], [ -107.64245, 36.256337 ], [ -107.660664, 36.25594 ], [ -107.660807, 36.277941 ], [ -107.678613, 36.277839 ], [ -107.67881, 36.292542 ] ] ], [ [ [ -107.680011, 36.037871 ], [ -107.670173, 36.037872 ], [ -107.670173, 36.030849 ], [ -107.661529, 36.030849 ], [ -107.662055, 36.022077 ], [ -107.65312, 36.021834 ], [ -107.653079, 36.015376 ], [ -107.679554, 36.015251 ], [ -107.680011, 36.037871 ] ] ], [ [ [ -107.680803, 36.059273 ], [ -107.670994, 36.059244 ], [ -107.671013, 36.06641 ], [ -107.643996, 36.06653 ], [ -107.64359, 36.088328 ], [ -107.616835, 36.088435 ], [ -107.617113, 36.073695 ], [ -107.626217, 36.07388 ], [ -107.626279, 36.059118 ], [ -107.634856, 36.05915 ], [ -107.634993, 36.052011 ], [ -107.643411, 36.051779 ], [ -107.643893, 36.059355 ], [ -107.653328, 36.059013 ], [ -107.653075, 36.05135 ], [ -107.644144, 36.051677 ], [ -107.644015, 36.045542 ], [ -107.680121, 36.045067 ], [ -107.680803, 36.059273 ] ] ], [ [ [ -107.681789, 35.709941 ], [ -107.664152, 35.70992 ], [ -107.664173, 35.696512 ], [ -107.681808, 35.696525 ], [ -107.681789, 35.709941 ] ] ], [ [ [ -107.682872, 35.900246 ], [ -107.663552, 35.90016 ], [ -107.664129, 35.885669 ], [ -107.682853, 35.885744 ], [ -107.682872, 35.900246 ] ] ], [ [ [ -107.687454, 36.219763 ], [ -107.67846, 36.219917 ], [ -107.678146, 36.21261 ], [ -107.687105, 36.212568 ], [ -107.687454, 36.219763 ] ] ], [ [ [ -107.695996, 36.299916 ], [ -107.686787, 36.299984 ], [ -107.686852, 36.306853 ], [ -107.679003, 36.306855 ], [ -107.67881, 36.292542 ], [ -107.696068, 36.292583 ], [ -107.695996, 36.299916 ] ] ], [ [ [ -107.699907, 35.956857 ], [ -107.699838, 36.000732 ], [ -107.681475, 36.000591 ], [ -107.681337, 35.985887 ], [ -107.673051, 35.985897 ], [ -107.673028, 35.992668 ], [ -107.662989, 35.992654 ], [ -107.662948, 36.000482 ], [ -107.671172, 36.000531 ], [ -107.670961, 36.007926 ], [ -107.662076, 36.007873 ], [ -107.662174, 36.000478 ], [ -107.64472, 36.000387 ], [ -107.644559, 35.985819 ], [ -107.654464, 35.985869 ], [ -107.65448, 35.978116 ], [ -107.64506, 35.978148 ], [ -107.645565, 35.956496 ], [ -107.626629, 35.956323 ], [ -107.626649, 35.986116 ], [ -107.616677, 35.986109 ], [ -107.616677, 35.978469 ], [ -107.609218, 35.978469 ], [ -107.609222, 35.971127 ], [ -107.604228, 35.971525 ], [ -107.604273, 35.979954 ], [ -107.591888, 35.979783 ], [ -107.59187, 35.986407 ], [ -107.609464, 35.986403 ], [ -107.609473, 35.992739 ], [ -107.58521, 35.992741 ], [ -107.58521, 35.986076 ], [ -107.576113, 35.98611 ], [ -107.57612, 35.972205 ], [ -107.585645, 35.972082 ], [ -107.585329, 35.956278 ], [ -107.57622, 35.956294 ], [ -107.575664, 35.9143 ], [ -107.547765, 35.914406 ], [ -107.547754, 35.908212 ], [ -107.557681, 35.90802 ], [ -107.558025, 35.900593 ], [ -107.540773, 35.900394 ], [ -107.540527, 35.914433 ], [ -107.522285, 35.914337 ], [ -107.52237, 35.907822 ], [ -107.526809, 35.907568 ], [ -107.530922, 35.900101 ], [ -107.54025, 35.900165 ], [ -107.540459, 35.892782 ], [ -107.557482, 35.892871 ], [ -107.55768, 35.885583 ], [ -107.548427, 35.885428 ], [ -107.548327, 35.878704 ], [ -107.557623, 35.878629 ], [ -107.557739, 35.855952 ], [ -107.568326, 35.856063 ], [ -107.568431, 35.870583 ], [ -107.574637, 35.870588 ], [ -107.575011, 35.885809 ], [ -107.591405, 35.88593 ], [ -107.59121, 35.906776 ], [ -107.609711, 35.906805 ], [ -107.609683, 35.9103 ], [ -107.62665, 35.906761 ], [ -107.626779, 35.91401 ], [ -107.645162, 35.913997 ], [ -107.645089, 35.928407 ], [ -107.663115, 35.928594 ], [ -107.66327, 35.935959 ], [ -107.681598, 35.93596 ], [ -107.681172, 35.956875 ], [ -107.699907, 35.956857 ] ], [ [ -107.626779, 35.91401 ], [ -107.609654, 35.914044 ], [ -107.609544, 35.927948 ], [ -107.626948, 35.928219 ], [ -107.626779, 35.91401 ] ], [ [ -107.645089, 35.928407 ], [ -107.635196, 35.928305 ], [ -107.635196, 35.942353 ], [ -107.64484, 35.942422 ], [ -107.645089, 35.928407 ] ], [ [ -107.681172, 35.956875 ], [ -107.671856, 35.956768 ], [ -107.673139, 35.977884 ], [ -107.681416, 35.978023 ], [ -107.681172, 35.956875 ] ] ], [ [ [ -107.700413, 35.928641 ], [ -107.663115, 35.928594 ], [ -107.663487, 35.913972 ], [ -107.645162, 35.913997 ], [ -107.645271, 35.900012 ], [ -107.663552, 35.90016 ], [ -107.663679, 35.906662 ], [ -107.672675, 35.906665 ], [ -107.672665, 35.91396 ], [ -107.700502, 35.913188 ], [ -107.700413, 35.928641 ] ] ], [ [ [ -107.704224, 36.23433 ], [ -107.695356, 36.234353 ], [ -107.695668, 36.219843 ], [ -107.704153, 36.21984 ], [ -107.704224, 36.23433 ] ] ], [ [ [ -107.705026, 36.095971 ], [ -107.696752, 36.09592 ], [ -107.696648, 36.088888 ], [ -107.705172, 36.088948 ], [ -107.705026, 36.095971 ] ] ], [ [ [ -107.714027, 35.835039 ], [ -107.704388, 35.835144 ], [ -107.704453, 35.830737 ], [ -107.714246, 35.830799 ], [ -107.714027, 35.835039 ] ] ], [ [ [ -107.731361, 36.153852 ], [ -107.722645, 36.153872 ], [ -107.722786, 36.146988 ], [ -107.731399, 36.146716 ], [ -107.731361, 36.153852 ] ] ], [ [ [ -107.736292, 35.651805 ], [ -107.735645, 35.689372 ], [ -107.725781, 35.689371 ], [ -107.725769, 35.696184 ], [ -107.735636, 35.695991 ], [ -107.735227, 35.710703 ], [ -107.718234, 35.711216 ], [ -107.717959, 35.725043 ], [ -107.70016, 35.725532 ], [ -107.700614, 35.703982 ], [ -107.708128, 35.704078 ], [ -107.708131, 35.696421 ], [ -107.681808, 35.696525 ], [ -107.681808, 35.689371 ], [ -107.700717, 35.689372 ], [ -107.701228, 35.682081 ], [ -107.717969, 35.681981 ], [ -107.717401, 35.666919 ], [ -107.701381, 35.667014 ], [ -107.70119, 35.651843 ], [ -107.736292, 35.651805 ] ], [ [ -107.725781, 35.689371 ], [ -107.725767, 35.682088 ], [ -107.717966, 35.682077 ], [ -107.717327, 35.689377 ], [ -107.725781, 35.689371 ] ] ], [ [ [ -107.739097, 36.183114 ], [ -107.73087, 36.182925 ], [ -107.731386, 36.204743 ], [ -107.713579, 36.204745 ], [ -107.7137, 36.211867 ], [ -107.695299, 36.211984 ], [ -107.695246, 36.196907 ], [ -107.677996, 36.196857 ], [ -107.677968, 36.205188 ], [ -107.660039, 36.205294 ], [ -107.660051, 36.212029 ], [ -107.651046, 36.212178 ], [ -107.650738, 36.205246 ], [ -107.633173, 36.205282 ], [ -107.632919, 36.19798 ], [ -107.624328, 36.198123 ], [ -107.624342, 36.190685 ], [ -107.678036, 36.190494 ], [ -107.677998, 36.182763 ], [ -107.669445, 36.182806 ], [ -107.66939, 36.176266 ], [ -107.687272, 36.17615 ], [ -107.687413, 36.183012 ], [ -107.695499, 36.18304 ], [ -107.69533, 36.175953 ], [ -107.7217, 36.176232 ], [ -107.721837, 36.169063 ], [ -107.739305, 36.168988 ], [ -107.739097, 36.183114 ] ], [ [ -107.695499, 36.18304 ], [ -107.695529, 36.196995 ], [ -107.721821, 36.19661 ], [ -107.721586, 36.182722 ], [ -107.695499, 36.18304 ] ] ], [ [ [ -107.739216, 36.654092 ], [ -107.73087, 36.654206 ], [ -107.730974, 36.647257 ], [ -107.739629, 36.647103 ], [ -107.739216, 36.654092 ] ] ], [ [ [ -107.740603, 36.458432 ], [ -107.731954, 36.458443 ], [ -107.73213, 36.509591 ], [ -107.723164, 36.509434 ], [ -107.723097, 36.444314 ], [ -107.732402, 36.444113 ], [ -107.732374, 36.451324 ], [ -107.740247, 36.451263 ], [ -107.740603, 36.458432 ] ] ], [ [ [ -107.749732, 36.139659 ], [ -107.740555, 36.139505 ], [ -107.740627, 36.132944 ], [ -107.749644, 36.133056 ], [ -107.749732, 36.139659 ] ] ], [ [ [ -107.749872, 36.386666 ], [ -107.749626, 36.408406 ], [ -107.731835, 36.408147 ], [ -107.731873, 36.437163 ], [ -107.69674, 36.437106 ], [ -107.696721, 36.42986 ], [ -107.686718, 36.429981 ], [ -107.686549, 36.414929 ], [ -107.704995, 36.414858 ], [ -107.705264, 36.429481 ], [ -107.722917, 36.429391 ], [ -107.722908, 36.42265 ], [ -107.713954, 36.422325 ], [ -107.714056, 36.415527 ], [ -107.722572, 36.415455 ], [ -107.72266, 36.393553 ], [ -107.741284, 36.393744 ], [ -107.741247, 36.386762 ], [ -107.749872, 36.386666 ] ] ], [ [ [ -107.752076, 35.782794 ], [ -107.734821, 35.78278 ], [ -107.734937, 35.767777 ], [ -107.752053, 35.767871 ], [ -107.752076, 35.782794 ] ] ], [ [ [ -107.757621, 36.176191 ], [ -107.75761, 36.183015 ], [ -107.749156, 36.183071 ], [ -107.749334, 36.176149 ], [ -107.757621, 36.176191 ] ] ], [ [ [ -107.771398, 35.796936 ], [ -107.752746, 35.79699 ], [ -107.752076, 35.782794 ], [ -107.771701, 35.782843 ], [ -107.771398, 35.796936 ] ] ], [ [ [ -107.772134, 35.76796 ], [ -107.752053, 35.767871 ], [ -107.752124, 35.753643 ], [ -107.772045, 35.754002 ], [ -107.772134, 35.76796 ] ] ], [ [ [ -107.780064, 35.754139 ], [ -107.772045, 35.754002 ], [ -107.771965, 35.746868 ], [ -107.780174, 35.746707 ], [ -107.780064, 35.754139 ] ] ], [ [ [ -107.785103, 36.589455 ], [ -107.766877, 36.589965 ], [ -107.767104, 36.596764 ], [ -107.739893, 36.596987 ], [ -107.740462, 36.617411 ], [ -107.748787, 36.618228 ], [ -107.749111, 36.625074 ], [ -107.739248, 36.625311 ], [ -107.739555, 36.63935 ], [ -107.730779, 36.639204 ], [ -107.730505, 36.567824 ], [ -107.722479, 36.567627 ], [ -107.72285, 36.516612 ], [ -107.73191, 36.516658 ], [ -107.731687, 36.523677 ], [ -107.740351, 36.523918 ], [ -107.740325, 36.531411 ], [ -107.731506, 36.531573 ], [ -107.731752, 36.546495 ], [ -107.740277, 36.546536 ], [ -107.74092, 36.538816 ], [ -107.749529, 36.53868 ], [ -107.74897, 36.561291 ], [ -107.73985, 36.561209 ], [ -107.74004, 36.567649 ], [ -107.748502, 36.568095 ], [ -107.749041, 36.581981 ], [ -107.767105, 36.582117 ], [ -107.767249, 36.574883 ], [ -107.776402, 36.574917 ], [ -107.776261, 36.582209 ], [ -107.785062, 36.582274 ], [ -107.785103, 36.589455 ] ] ], [ [ [ -107.786105, 36.371875 ], [ -107.777114, 36.372078 ], [ -107.776991, 36.364843 ], [ -107.786171, 36.364933 ], [ -107.786105, 36.371875 ] ] ], [ [ [ -107.788441, 35.900629 ], [ -107.770305, 35.90052 ], [ -107.770544, 35.90726 ], [ -107.753583, 35.906884 ], [ -107.753394, 35.900293 ], [ -107.736019, 35.900025 ], [ -107.735999, 35.885854 ], [ -107.682853, 35.885744 ], [ -107.683081, 35.870843 ], [ -107.664639, 35.870772 ], [ -107.665175, 35.855665 ], [ -107.682673, 35.855373 ], [ -107.682724, 35.840685 ], [ -107.66528, 35.840422 ], [ -107.665081, 35.826465 ], [ -107.618109, 35.826747 ], [ -107.618115, 35.81968 ], [ -107.609163, 35.819736 ], [ -107.609367, 35.812264 ], [ -107.625367, 35.812058 ], [ -107.627392, 35.797568 ], [ -107.646588, 35.797453 ], [ -107.645283, 35.812102 ], [ -107.663926, 35.812212 ], [ -107.663931, 35.797021 ], [ -107.752746, 35.79699 ], [ -107.754743, 35.809549 ], [ -107.752739, 35.811618 ], [ -107.727169, 35.811508 ], [ -107.727037, 35.818357 ], [ -107.735223, 35.818065 ], [ -107.735238, 35.826304 ], [ -107.700749, 35.826844 ], [ -107.700964, 35.848379 ], [ -107.71789, 35.848375 ], [ -107.717637, 35.840577 ], [ -107.770318, 35.840601 ], [ -107.770443, 35.855264 ], [ -107.752447, 35.855259 ], [ -107.752539, 35.871195 ], [ -107.770392, 35.871283 ], [ -107.770412, 35.878473 ], [ -107.779402, 35.878474 ], [ -107.779402, 35.886178 ], [ -107.788244, 35.885613 ], [ -107.788441, 35.900629 ] ], [ [ -107.735883, 35.871173 ], [ -107.735757, 35.85523 ], [ -107.726989, 35.855391 ], [ -107.726946, 35.871191 ], [ -107.735883, 35.871173 ] ], [ [ -107.665081, 35.826465 ], [ -107.673184, 35.826711 ], [ -107.673211, 35.812281 ], [ -107.664508, 35.812219 ], [ -107.665081, 35.826465 ] ] ], [ [ [ -107.787982, 35.871676 ], [ -107.770392, 35.871283 ], [ -107.770443, 35.855264 ], [ -107.778767, 35.855266 ], [ -107.778636, 35.848304 ], [ -107.788799, 35.848614 ], [ -107.787982, 35.871676 ] ] ], [ [ [ -107.788874, 35.782871 ], [ -107.771701, 35.782843 ], [ -107.772134, 35.76796 ], [ -107.788822, 35.768147 ], [ -107.788874, 35.782871 ] ] ], [ [ [ -107.789363, 35.796494 ], [ -107.78891, 35.841459 ], [ -107.770318, 35.840601 ], [ -107.770669, 35.833473 ], [ -107.761783, 35.833066 ], [ -107.761663, 35.826398 ], [ -107.753354, 35.826233 ], [ -107.752739, 35.811618 ], [ -107.771162, 35.811696 ], [ -107.771398, 35.796936 ], [ -107.789363, 35.796494 ] ] ], [ [ [ -107.796067, 35.64579 ], [ -107.787093, 35.645861 ], [ -107.787224, 35.637969 ], [ -107.795897, 35.637888 ], [ -107.796067, 35.64579 ] ] ], [ [ [ -107.803777, 36.147038 ], [ -107.785737, 36.146896 ], [ -107.785528, 36.161795 ], [ -107.767375, 36.161653 ], [ -107.767431, 36.168826 ], [ -107.785579, 36.16881 ], [ -107.785582, 36.183195 ], [ -107.77647, 36.183178 ], [ -107.776414, 36.176336 ], [ -107.757623, 36.176178 ], [ -107.757768, 36.168797 ], [ -107.739305, 36.168988 ], [ -107.739361, 36.161565 ], [ -107.749353, 36.161643 ], [ -107.749935, 36.139625 ], [ -107.766729, 36.146762 ], [ -107.766731, 36.139635 ], [ -107.757632, 36.139412 ], [ -107.757777, 36.132324 ], [ -107.767671, 36.132508 ], [ -107.767688, 36.13964 ], [ -107.803654, 36.139991 ], [ -107.803777, 36.147038 ] ] ], [ [ [ -107.804148, 36.32854 ], [ -107.795435, 36.328609 ], [ -107.795138, 36.321475 ], [ -107.803944, 36.321414 ], [ -107.804148, 36.32854 ] ] ], [ [ [ -107.804176, 36.387585 ], [ -107.795431, 36.387582 ], [ -107.79531, 36.379895 ], [ -107.804067, 36.37976 ], [ -107.804176, 36.387585 ] ] ], [ [ [ -107.805608, 36.00125 ], [ -107.78629, 36.001166 ], [ -107.786269, 35.986174 ], [ -107.805608, 35.986174 ], [ -107.805608, 36.00125 ] ] ], [ [ [ -107.813256, 36.103189 ], [ -107.803262, 36.103146 ], [ -107.803303, 36.110227 ], [ -107.786239, 36.11052 ], [ -107.7862, 36.1183 ], [ -107.777574, 36.118297 ], [ -107.777574, 36.103261 ], [ -107.793691, 36.103261 ], [ -107.793691, 36.096022 ], [ -107.813361, 36.095956 ], [ -107.813256, 36.103189 ] ] ], [ [ [ -107.829759, 36.306338 ], [ -107.82111, 36.306356 ], [ -107.821148, 36.299517 ], [ -107.829778, 36.299475 ], [ -107.829759, 36.306338 ] ] ], [ [ [ -107.830734, 36.189414 ], [ -107.822562, 36.189636 ], [ -107.821397, 36.207879 ], [ -107.821484, 36.255698 ], [ -107.83023, 36.255676 ], [ -107.830162, 36.262918 ], [ -107.78559, 36.262995 ], [ -107.785671, 36.270355 ], [ -107.777143, 36.270343 ], [ -107.777135, 36.277984 ], [ -107.768244, 36.278017 ], [ -107.768148, 36.285102 ], [ -107.786008, 36.285152 ], [ -107.78603, 36.292244 ], [ -107.77652, 36.292154 ], [ -107.776744, 36.306782 ], [ -107.768409, 36.306921 ], [ -107.768591, 36.314234 ], [ -107.776927, 36.314353 ], [ -107.776994, 36.321401 ], [ -107.768188, 36.321446 ], [ -107.768076, 36.34325 ], [ -107.777087, 36.343304 ], [ -107.776994, 36.335835 ], [ -107.794468, 36.335843 ], [ -107.794524, 36.357393 ], [ -107.786345, 36.357251 ], [ -107.786189, 36.349745 ], [ -107.777084, 36.34959 ], [ -107.776991, 36.364843 ], [ -107.767866, 36.364757 ], [ -107.76793, 36.37966 ], [ -107.758843, 36.379624 ], [ -107.75907, 36.386672 ], [ -107.749872, 36.386666 ], [ -107.75003, 36.37267 ], [ -107.758254, 36.37253 ], [ -107.757968, 36.364959 ], [ -107.767865, 36.36469 ], [ -107.767654, 36.350417 ], [ -107.749651, 36.349995 ], [ -107.749176, 36.342763 ], [ -107.723391, 36.342776 ], [ -107.723693, 36.339409 ], [ -107.731431, 36.339582 ], [ -107.731531, 36.335612 ], [ -107.758672, 36.335541 ], [ -107.758727, 36.328308 ], [ -107.7496, 36.328343 ], [ -107.749705, 36.321134 ], [ -107.731458, 36.321358 ], [ -107.731586, 36.32839 ], [ -107.721835, 36.328429 ], [ -107.722613, 36.306924 ], [ -107.713829, 36.306942 ], [ -107.71421, 36.299346 ], [ -107.705243, 36.299026 ], [ -107.705293, 36.285115 ], [ -107.713932, 36.28511 ], [ -107.714319, 36.299416 ], [ -107.740199, 36.2995 ], [ -107.740142, 36.314569 ], [ -107.758947, 36.313947 ], [ -107.759311, 36.299432 ], [ -107.751144, 36.299429 ], [ -107.751138, 36.292388 ], [ -107.742109, 36.292393 ], [ -107.742086, 36.285452 ], [ -107.749389, 36.285414 ], [ -107.750877, 36.269873 ], [ -107.767661, 36.269904 ], [ -107.767655, 36.262854 ], [ -107.777094, 36.262599 ], [ -107.777094, 36.256013 ], [ -107.785859, 36.256077 ], [ -107.785671, 36.248769 ], [ -107.793981, 36.248859 ], [ -107.793989, 36.241258 ], [ -107.803698, 36.241269 ], [ -107.803756, 36.234357 ], [ -107.812104, 36.234336 ], [ -107.812193, 36.212691 ], [ -107.803676, 36.212688 ], [ -107.803683, 36.219397 ], [ -107.776565, 36.219866 ], [ -107.776582, 36.227182 ], [ -107.785528, 36.227197 ], [ -107.785436, 36.234015 ], [ -107.776548, 36.234118 ], [ -107.776541, 36.241005 ], [ -107.758286, 36.241048 ], [ -107.758239, 36.255934 ], [ -107.750574, 36.256098 ], [ -107.750875, 36.263151 ], [ -107.741371, 36.26308 ], [ -107.741378, 36.256243 ], [ -107.732525, 36.256352 ], [ -107.732519, 36.248776 ], [ -107.714324, 36.248956 ], [ -107.71404, 36.263473 ], [ -107.696758, 36.263503 ], [ -107.696758, 36.258335 ], [ -107.704309, 36.258335 ], [ -107.704224, 36.23433 ], [ -107.730564, 36.234508 ], [ -107.730559, 36.218702 ], [ -107.748381, 36.218955 ], [ -107.74895, 36.205122 ], [ -107.767453, 36.205236 ], [ -107.767328, 36.197953 ], [ -107.775862, 36.197942 ], [ -107.77595, 36.205089 ], [ -107.803295, 36.205077 ], [ -107.803211, 36.190645 ], [ -107.794317, 36.190617 ], [ -107.793958, 36.176448 ], [ -107.821444, 36.176021 ], [ -107.821638, 36.182228 ], [ -107.830447, 36.181983 ], [ -107.830734, 36.189414 ] ] ], [ [ [ -107.830741, 35.971839 ], [ -107.821937, 35.971812 ], [ -107.821922, 35.986537 ], [ -107.805608, 35.986174 ], [ -107.804458, 35.971839 ], [ -107.821876, 35.971812 ], [ -107.821876, 35.96443 ], [ -107.830741, 35.96443 ], [ -107.830741, 35.971839 ] ] ], [ [ [ -107.838456, 36.270349 ], [ -107.830154, 36.270349 ], [ -107.830162, 36.262918 ], [ -107.838456, 36.262875 ], [ -107.838456, 36.270349 ] ] ], [ [ [ -107.838877, 36.001442 ], [ -107.821921, 36.001345 ], [ -107.821922, 35.986537 ], [ -107.838877, 35.986537 ], [ -107.838877, 36.001442 ] ] ], [ [ [ -107.840186, 36.1469 ], [ -107.829355, 36.146875 ], [ -107.829472, 36.139182 ], [ -107.840177, 36.139202 ], [ -107.840186, 36.1469 ] ] ], [ [ [ -107.840503, 35.378519 ], [ -107.840407, 35.391631 ], [ -107.822578, 35.391823 ], [ -107.822278, 35.377424 ], [ -107.840503, 35.378519 ] ] ], [ [ [ -107.847706, 36.234004 ], [ -107.830296, 36.23401 ], [ -107.830163, 36.219539 ], [ -107.839273, 36.219409 ], [ -107.839424, 36.226563 ], [ -107.8477, 36.226594 ], [ -107.847706, 36.234004 ] ] ], [ [ [ -107.847897, 36.212275 ], [ -107.839181, 36.212351 ], [ -107.839149, 36.204841 ], [ -107.847892, 36.204823 ], [ -107.847897, 36.212275 ] ] ], [ [ [ -107.852404, 36.430701 ], [ -107.796469, 36.430171 ], [ -107.796439, 36.423493 ], [ -107.812186, 36.423444 ], [ -107.812334, 36.416008 ], [ -107.816326, 36.416022 ], [ -107.816453, 36.405347 ], [ -107.821128, 36.405351 ], [ -107.821194, 36.400875 ], [ -107.830153, 36.400968 ], [ -107.830267, 36.393879 ], [ -107.825602, 36.393834 ], [ -107.825652, 36.390419 ], [ -107.834179, 36.3905 ], [ -107.834136, 36.394133 ], [ -107.838774, 36.394087 ], [ -107.839012, 36.408613 ], [ -107.830073, 36.408504 ], [ -107.829987, 36.41578 ], [ -107.833292, 36.415794 ], [ -107.833292, 36.419524 ], [ -107.839044, 36.419524 ], [ -107.839027, 36.424627 ], [ -107.852494, 36.424628 ], [ -107.852404, 36.430701 ] ] ], [ [ [ -107.852498, 36.0812 ], [ -107.840013, 36.088434 ], [ -107.768297, 36.088908 ], [ -107.768259, 36.103618 ], [ -107.758277, 36.103614 ], [ -107.758171, 36.117992 ], [ -107.731923, 36.117848 ], [ -107.731622, 36.139599 ], [ -107.713607, 36.139428 ], [ -107.713351, 36.168425 ], [ -107.704335, 36.16855 ], [ -107.704216, 36.161389 ], [ -107.694988, 36.161333 ], [ -107.694771, 36.154002 ], [ -107.68741, 36.153976 ], [ -107.68734, 36.146604 ], [ -107.695408, 36.146705 ], [ -107.695498, 36.132244 ], [ -107.686769, 36.132102 ], [ -107.686462, 36.103025 ], [ -107.713748, 36.103369 ], [ -107.713831, 36.096107 ], [ -107.731723, 36.096287 ], [ -107.731654, 36.103191 ], [ -107.750081, 36.103715 ], [ -107.750271, 36.088867 ], [ -107.731558, 36.088819 ], [ -107.731447, 36.079881 ], [ -107.740587, 36.081653 ], [ -107.754494, 36.076442 ], [ -107.772287, 36.076707 ], [ -107.785038, 36.066851 ], [ -107.801859, 36.062432 ], [ -107.812493, 36.055209 ], [ -107.817538, 36.064476 ], [ -107.825233, 36.069876 ], [ -107.828534, 36.078708 ], [ -107.852498, 36.0812 ] ], [ [ -107.695498, 36.132244 ], [ -107.70438, 36.132362 ], [ -107.704313, 36.13946 ], [ -107.713348, 36.139434 ], [ -107.714055, 36.118012 ], [ -107.704704, 36.117987 ], [ -107.704494, 36.12492 ], [ -107.695737, 36.124728 ], [ -107.695498, 36.132244 ] ] ], [ [ [ -107.856709, 36.270505 ], [ -107.85666, 36.277539 ], [ -107.84774, 36.277499 ], [ -107.847749, 36.270321 ], [ -107.856709, 36.270505 ] ] ], [ [ [ -107.857843, 35.37731 ], [ -107.840528, 35.37762 ], [ -107.840455, 35.369225 ], [ -107.849887, 35.369166 ], [ -107.849995, 35.36282 ], [ -107.858084, 35.362916 ], [ -107.857843, 35.37731 ] ] ], [ [ [ -107.865327, 35.498101 ], [ -107.856918, 35.499716 ], [ -107.856938, 35.493176 ], [ -107.865343, 35.493195 ], [ -107.865327, 35.498101 ] ] ], [ [ [ -107.865488, 36.326489 ], [ -107.857267, 36.328377 ], [ -107.857357, 36.321057 ], [ -107.865566, 36.321104 ], [ -107.865488, 36.326489 ] ] ], [ [ [ -107.865891, 35.529095 ], [ -107.857133, 35.529164 ], [ -107.857025, 35.521503 ], [ -107.865768, 35.521448 ], [ -107.865891, 35.529095 ] ] ], [ [ [ -107.866079, 36.352161 ], [ -107.866079, 36.357593 ], [ -107.858068, 36.357593 ], [ -107.858068, 36.350698 ], [ -107.866079, 36.352161 ] ] ], [ [ [ -107.874379, 36.299382 ], [ -107.865381, 36.299446 ], [ -107.865458, 36.292142 ], [ -107.874247, 36.292222 ], [ -107.874379, 36.299382 ] ] ], [ [ [ -107.874512, 36.247848 ], [ -107.8662, 36.247902 ], [ -107.86619, 36.240143 ], [ -107.8746, 36.240189 ], [ -107.874512, 36.247848 ] ] ], [ [ [ -107.874619, 35.507582 ], [ -107.865308, 35.507539 ], [ -107.865323, 35.499645 ], [ -107.874882, 35.499549 ], [ -107.874619, 35.507582 ] ] ], [ [ [ -107.874949, 36.401306 ], [ -107.874581, 36.437501 ], [ -107.856181, 36.437382 ], [ -107.856493, 36.408246 ], [ -107.865717, 36.408325 ], [ -107.86578, 36.401251 ], [ -107.874949, 36.401306 ] ] ], [ [ [ -107.875561, 35.333714 ], [ -107.859001, 35.333686 ], [ -107.858709, 35.319738 ], [ -107.875361, 35.319722 ], [ -107.875561, 35.333714 ] ] ], [ [ [ -107.878053, 35.362876 ], [ -107.868075, 35.362891 ], [ -107.865705, 35.348096 ], [ -107.877489, 35.348082 ], [ -107.878053, 35.362876 ] ] ], [ [ [ -107.878487, 36.288756 ], [ -107.870093, 36.28873 ], [ -107.870203, 36.282095 ], [ -107.878579, 36.280806 ], [ -107.878487, 36.288756 ] ] ], [ [ [ -107.883331, 36.335455 ], [ -107.874506, 36.33526 ], [ -107.874434, 36.320904 ], [ -107.883664, 36.320864 ], [ -107.883331, 36.335455 ] ] ], [ [ [ -107.894613, 35.456504 ], [ -107.894584, 35.46358 ], [ -107.885268, 35.463559 ], [ -107.885287, 35.456548 ], [ -107.894613, 35.456504 ] ] ], [ [ [ -107.895217, 36.016127 ], [ -107.882049, 36.016054 ], [ -107.881805, 36.009141 ], [ -107.895181, 36.008994 ], [ -107.895217, 36.016127 ] ] ], [ [ [ -107.895474, 35.34827 ], [ -107.877489, 35.348082 ], [ -107.877514, 35.341347 ], [ -107.895457, 35.341296 ], [ -107.895474, 35.34827 ] ] ], [ [ [ -107.896118, 35.405875 ], [ -107.877857, 35.406113 ], [ -107.878211, 35.392294 ], [ -107.895964, 35.392115 ], [ -107.896118, 35.405875 ] ] ], [ [ [ -107.901856, 36.197456 ], [ -107.883521, 36.197582 ], [ -107.883363, 36.204922 ], [ -107.87582, 36.204858 ], [ -107.875853, 36.219204 ], [ -107.848073, 36.219119 ], [ -107.847897, 36.212275 ], [ -107.856872, 36.212306 ], [ -107.856172, 36.20507 ], [ -107.847892, 36.204823 ], [ -107.847131, 36.190995 ], [ -107.858687, 36.190601 ], [ -107.859143, 36.154307 ], [ -107.876763, 36.154466 ], [ -107.876743, 36.146928 ], [ -107.893671, 36.146986 ], [ -107.89367, 36.151321 ], [ -107.8855, 36.151303 ], [ -107.88553, 36.161549 ], [ -107.876147, 36.161465 ], [ -107.8762, 36.190209 ], [ -107.901898, 36.190287 ], [ -107.901856, 36.197456 ] ] ], [ [ [ -107.909941, 35.507701 ], [ -107.909739, 35.522524 ], [ -107.882826, 35.522512 ], [ -107.882696, 35.536269 ], [ -107.865918, 35.536499 ], [ -107.865891, 35.529095 ], [ -107.874986, 35.529085 ], [ -107.874619, 35.507582 ], [ -107.909941, 35.507701 ] ] ], [ [ [ -107.910399, 36.298672 ], [ -107.888151, 36.298859 ], [ -107.890588, 36.28457 ], [ -107.901996, 36.284439 ], [ -107.902149, 36.291624 ], [ -107.91055, 36.291646 ], [ -107.910399, 36.298672 ] ] ], [ [ [ -107.911082, 36.262807 ], [ -107.901111, 36.262868 ], [ -107.901047, 36.269714 ], [ -107.874444, 36.269858 ], [ -107.874352, 36.255577 ], [ -107.892417, 36.255747 ], [ -107.892421, 36.248019 ], [ -107.883548, 36.247934 ], [ -107.883497, 36.225936 ], [ -107.892686, 36.226101 ], [ -107.8928, 36.24065 ], [ -107.910978, 36.240786 ], [ -107.911082, 36.262807 ] ] ], [ [ [ -107.911162, 36.386689 ], [ -107.893808, 36.386446 ], [ -107.89375, 36.394121 ], [ -107.902343, 36.393952 ], [ -107.902065, 36.40107 ], [ -107.893447, 36.401021 ], [ -107.893205, 36.415548 ], [ -107.883021, 36.415487 ], [ -107.883709, 36.401389 ], [ -107.874949, 36.401306 ], [ -107.874951, 36.386687 ], [ -107.86582, 36.386634 ], [ -107.865884, 36.379365 ], [ -107.857276, 36.379285 ], [ -107.857212, 36.386538 ], [ -107.865563, 36.386631 ], [ -107.865456, 36.393971 ], [ -107.838774, 36.394087 ], [ -107.839023, 36.379011 ], [ -107.847756, 36.379095 ], [ -107.847907, 36.371835 ], [ -107.857199, 36.371907 ], [ -107.857327, 36.364842 ], [ -107.866357, 36.364897 ], [ -107.866344, 36.372022 ], [ -107.875131, 36.372095 ], [ -107.875243, 36.364861 ], [ -107.883682, 36.364799 ], [ -107.883657, 36.357629 ], [ -107.892868, 36.357717 ], [ -107.892532, 36.379189 ], [ -107.911244, 36.379375 ], [ -107.911162, 36.386689 ] ], [ [ -107.874951, 36.386687 ], [ -107.883826, 36.386761 ], [ -107.883919, 36.379266 ], [ -107.874942, 36.379089 ], [ -107.874951, 36.386687 ] ] ], [ [ [ -107.912309, 35.470569 ], [ -107.907357, 35.470608 ], [ -107.907333, 35.47856 ], [ -107.899393, 35.478585 ], [ -107.899158, 35.470867 ], [ -107.894427, 35.470856 ], [ -107.894584, 35.46358 ], [ -107.912304, 35.463513 ], [ -107.912309, 35.470569 ] ] ], [ [ [ -107.912583, 36.124545 ], [ -107.894712, 36.124393 ], [ -107.894814, 36.117342 ], [ -107.86739, 36.117244 ], [ -107.867392, 36.124202 ], [ -107.859058, 36.124178 ], [ -107.859092, 36.131043 ], [ -107.850124, 36.130946 ], [ -107.850022, 36.117111 ], [ -107.859077, 36.117112 ], [ -107.859198, 36.088414 ], [ -107.866351, 36.088368 ], [ -107.866441, 36.081609 ], [ -107.876911, 36.081558 ], [ -107.87695, 36.109888 ], [ -107.894924, 36.109796 ], [ -107.894934, 36.102872 ], [ -107.912832, 36.102858 ], [ -107.912583, 36.124545 ] ] ], [ [ [ -107.913429, 35.419796 ], [ -107.896296, 35.4198 ], [ -107.896118, 35.405875 ], [ -107.913459, 35.406132 ], [ -107.913429, 35.419796 ] ] ], [ [ [ -107.913528, 35.333986 ], [ -107.893023, 35.33398 ], [ -107.891727, 35.319751 ], [ -107.913322, 35.319499 ], [ -107.913528, 35.333986 ] ] ], [ [ [ -107.913794, 35.392119 ], [ -107.895964, 35.392115 ], [ -107.896462, 35.376762 ], [ -107.877814, 35.376804 ], [ -107.878053, 35.362876 ], [ -107.896297, 35.362742 ], [ -107.896468, 35.376703 ], [ -107.912965, 35.377449 ], [ -107.913794, 35.392119 ] ] ], [ [ [ -107.927208, 35.6082 ], [ -107.909203, 35.608341 ], [ -107.909198, 35.594027 ], [ -107.92703, 35.594041 ], [ -107.927208, 35.6082 ] ] ], [ [ [ -107.928028, 35.637924 ], [ -107.909524, 35.637613 ], [ -107.909362, 35.62278 ], [ -107.92801, 35.622797 ], [ -107.928028, 35.637924 ] ] ], [ [ [ -107.928563, 36.291252 ], [ -107.918916, 36.291373 ], [ -107.919034, 36.284297 ], [ -107.928495, 36.284311 ], [ -107.928563, 36.291252 ] ] ], [ [ [ -107.929007, 36.240836 ], [ -107.919988, 36.24078 ], [ -107.920027, 36.233933 ], [ -107.928865, 36.233762 ], [ -107.929007, 36.240836 ] ] ], [ [ [ -107.930495, 35.426903 ], [ -107.930478, 35.43441 ], [ -107.913394, 35.434329 ], [ -107.913413, 35.426903 ], [ -107.930495, 35.426903 ] ] ], [ [ [ -107.930305, 35.456191 ], [ -107.921378, 35.456789 ], [ -107.921366, 35.463533 ], [ -107.912304, 35.463513 ], [ -107.912222, 35.449305 ], [ -107.930542, 35.448929 ], [ -107.930305, 35.456191 ] ] ], [ [ [ -107.931181, 35.348203 ], [ -107.913734, 35.348106 ], [ -107.913528, 35.333986 ], [ -107.93083, 35.333514 ], [ -107.931181, 35.348203 ] ] ], [ [ [ -107.93172, 35.377504 ], [ -107.912965, 35.377449 ], [ -107.916186, 35.362237 ], [ -107.931474, 35.361932 ], [ -107.93172, 35.377504 ] ] ], [ [ [ -107.931818, 35.768902 ], [ -107.931509, 35.783576 ], [ -107.913602, 35.783501 ], [ -107.913836, 35.768665 ], [ -107.931818, 35.768902 ] ] ], [ [ [ -107.938524, 36.437842 ], [ -107.929214, 36.437705 ], [ -107.929364, 36.430186 ], [ -107.938409, 36.430231 ], [ -107.938524, 36.437842 ] ] ], [ [ [ -107.946932, 35.478382 ], [ -107.94691, 35.50088 ], [ -107.927872, 35.501013 ], [ -107.927763, 35.493385 ], [ -107.910643, 35.493487 ], [ -107.910465, 35.478229 ], [ -107.946932, 35.478382 ] ] ], [ [ [ -107.948157, 35.333442 ], [ -107.93083, 35.333514 ], [ -107.930736, 35.326929 ], [ -107.947991, 35.326903 ], [ -107.948157, 35.333442 ] ] ], [ [ [ -107.948379, 35.413535 ], [ -107.938951, 35.413261 ], [ -107.938975, 35.420484 ], [ -107.931083, 35.419937 ], [ -107.931573, 35.405892 ], [ -107.948486, 35.406008 ], [ -107.948379, 35.413535 ] ] ], [ [ [ -107.948626, 35.783272 ], [ -107.948481, 35.798036 ], [ -107.930709, 35.79798 ], [ -107.930652, 35.79039 ], [ -107.940697, 35.790491 ], [ -107.940653, 35.783987 ], [ -107.948626, 35.783272 ] ] ], [ [ [ -107.954047, 36.334844 ], [ -107.946041, 36.334746 ], [ -107.946083, 36.327655 ], [ -107.954082, 36.327696 ], [ -107.954047, 36.334844 ] ] ], [ [ [ -107.954112, 36.262461 ], [ -107.945522, 36.262449 ], [ -107.945777, 36.255673 ], [ -107.954096, 36.255579 ], [ -107.954112, 36.262461 ] ] ], [ [ [ -107.954986, 36.480195 ], [ -107.946757, 36.480229 ], [ -107.946532, 36.473459 ], [ -107.954931, 36.473322 ], [ -107.954986, 36.480195 ] ] ], [ [ [ -107.955114, 36.350134 ], [ -107.946594, 36.350101 ], [ -107.946563, 36.357947 ], [ -107.938123, 36.35795 ], [ -107.938136, 36.35034 ], [ -107.901917, 36.350089 ], [ -107.901125, 36.328386 ], [ -107.910577, 36.328474 ], [ -107.910749, 36.313552 ], [ -107.919104, 36.313755 ], [ -107.919011, 36.320816 ], [ -107.928158, 36.320809 ], [ -107.928289, 36.313424 ], [ -107.938354, 36.313604 ], [ -107.937798, 36.334981 ], [ -107.946041, 36.334746 ], [ -107.946034, 36.342429 ], [ -107.955131, 36.342427 ], [ -107.955114, 36.350134 ] ] ], [ [ [ -107.956292, 36.203552 ], [ -107.947054, 36.204717 ], [ -107.947186, 36.197422 ], [ -107.956395, 36.197565 ], [ -107.956292, 36.203552 ] ] ], [ [ [ -107.96377, 35.564544 ], [ -107.891602, 35.565477 ], [ -107.891358, 35.542978 ], [ -107.909977, 35.542833 ], [ -107.909739, 35.522524 ], [ -107.945479, 35.5214 ], [ -107.945798, 35.507599 ], [ -107.95525, 35.507338 ], [ -107.955466, 35.52146 ], [ -107.963178, 35.521685 ], [ -107.963125, 35.537015 ], [ -107.946257, 35.537016 ], [ -107.946796, 35.543205 ], [ -107.927441, 35.543613 ], [ -107.928022, 35.55037 ], [ -107.954968, 35.550388 ], [ -107.954968, 35.558343 ], [ -107.964022, 35.558238 ], [ -107.96377, 35.564544 ] ] ], [ [ [ -107.96414, 36.240889 ], [ -107.954787, 36.240902 ], [ -107.954821, 36.234109 ], [ -107.964175, 36.23387 ], [ -107.96414, 36.240889 ] ] ], [ [ [ -107.964228, 36.494983 ], [ -107.955539, 36.495135 ], [ -107.955301, 36.488118 ], [ -107.964232, 36.488077 ], [ -107.964228, 36.494983 ] ] ], [ [ [ -107.965175, 36.21156 ], [ -107.956363, 36.211655 ], [ -107.956283, 36.204634 ], [ -107.965132, 36.204614 ], [ -107.965175, 36.21156 ] ] ], [ [ [ -107.96615, 36.118812 ], [ -107.957454, 36.118754 ], [ -107.957319, 36.124674 ], [ -107.953163, 36.124591 ], [ -107.953082, 36.128023 ], [ -107.958229, 36.128022 ], [ -107.958255, 36.132166 ], [ -107.948556, 36.132063 ], [ -107.948493, 36.118312 ], [ -107.931153, 36.118349 ], [ -107.930952, 36.1395 ], [ -107.921868, 36.139548 ], [ -107.921805, 36.132256 ], [ -107.9124, 36.132063 ], [ -107.912583, 36.124545 ], [ -107.921749, 36.124628 ], [ -107.921921, 36.118321 ], [ -107.930086, 36.118347 ], [ -107.930065, 36.102849 ], [ -107.948327, 36.102902 ], [ -107.948554, 36.110128 ], [ -107.966136, 36.110305 ], [ -107.96615, 36.118812 ] ] ], [ [ [ -107.971962, 36.313486 ], [ -107.954178, 36.313623 ], [ -107.954133, 36.320992 ], [ -107.945971, 36.321021 ], [ -107.94523, 36.28814 ], [ -107.940818, 36.287964 ], [ -107.940673, 36.281158 ], [ -107.937388, 36.281278 ], [ -107.937362, 36.284133 ], [ -107.928495, 36.284311 ], [ -107.928417, 36.277234 ], [ -107.954316, 36.277111 ], [ -107.954223, 36.299358 ], [ -107.963524, 36.299491 ], [ -107.963378, 36.30641 ], [ -107.97213, 36.30632 ], [ -107.971962, 36.313486 ] ] ], [ [ [ -107.972329, 36.334832 ], [ -107.96371, 36.334827 ], [ -107.963503, 36.320521 ], [ -107.97237, 36.320517 ], [ -107.972329, 36.334832 ] ] ], [ [ [ -107.973364, 36.350226 ], [ -107.964021, 36.350432 ], [ -107.963686, 36.342887 ], [ -107.973153, 36.342796 ], [ -107.973364, 36.350226 ] ] ], [ [ [ -107.977433, 36.233456 ], [ -107.96851, 36.233288 ], [ -107.968572, 36.226704 ], [ -107.977471, 36.226731 ], [ -107.977433, 36.233456 ] ] ], [ [ [ -107.980764, 36.291704 ], [ -107.963317, 36.291855 ], [ -107.963545, 36.28445 ], [ -107.981576, 36.284256 ], [ -107.980764, 36.291704 ] ] ], [ [ [ -107.985044, 36.147154 ], [ -107.965928, 36.147232 ], [ -107.966663, 36.11875 ], [ -107.975581, 36.118822 ], [ -107.975315, 36.140161 ], [ -107.985134, 36.139984 ], [ -107.985044, 36.147154 ] ] ], [ [ [ -107.98515, 36.117628 ], [ -107.975599, 36.117515 ], [ -107.975695, 36.110515 ], [ -107.985262, 36.110447 ], [ -107.98515, 36.117628 ] ] ], [ [ [ -108.000167, 35.405881 ], [ -107.982321, 35.406022 ], [ -107.982459, 35.388156 ], [ -107.991032, 35.383834 ], [ -107.991043, 35.391147 ], [ -108.000034, 35.391174 ], [ -108.000167, 35.405881 ] ] ], [ [ [ -108.000339, 35.377013 ], [ -107.965358, 35.377023 ], [ -107.96527, 35.39166 ], [ -107.931808, 35.392001 ], [ -107.931785, 35.384009 ], [ -107.939803, 35.384009 ], [ -107.939802, 35.376779 ], [ -107.948706, 35.376707 ], [ -107.949057, 35.358501 ], [ -107.948922, 35.355695 ], [ -107.939256, 35.355702 ], [ -107.939499, 35.361887 ], [ -107.931474, 35.361932 ], [ -107.931181, 35.348203 ], [ -107.948874, 35.348474 ], [ -107.948892, 35.340472 ], [ -107.957699, 35.340459 ], [ -107.957738, 35.354503 ], [ -107.965976, 35.35449 ], [ -107.966123, 35.348415 ], [ -107.982897, 35.347912 ], [ -107.982793, 35.362516 ], [ -108.000385, 35.362498 ], [ -108.000339, 35.377013 ] ], [ [ -107.982793, 35.362516 ], [ -107.965398, 35.362602 ], [ -107.965424, 35.369535 ], [ -107.982281, 35.369539 ], [ -107.982793, 35.362516 ] ] ], [ [ [ -108.000273, 35.43549 ], [ -107.990724, 35.436227 ], [ -107.99058, 35.428557 ], [ -108.000595, 35.428102 ], [ -108.000273, 35.43549 ] ] ], [ [ [ -108.001997, 36.103195 ], [ -107.985662, 36.103314 ], [ -107.985642, 36.096141 ], [ -107.994342, 36.096067 ], [ -107.994296, 36.089142 ], [ -108.001986, 36.089254 ], [ -108.001997, 36.103195 ] ] ], [ [ [ -108.003346, 36.161755 ], [ -107.985537, 36.160911 ], [ -107.985713, 36.153719 ], [ -107.993838, 36.153834 ], [ -107.993989, 36.147088 ], [ -108.003201, 36.147109 ], [ -108.003346, 36.161755 ] ] ], [ [ [ -108.007171, 35.577222 ], [ -108.002958, 35.577222 ], [ -108.002958, 35.571422 ], [ -108.007171, 35.571202 ], [ -108.007171, 35.577222 ] ] ], [ [ [ -108.012082, 36.089462 ], [ -108.001986, 36.089254 ], [ -108.001968, 36.081822 ], [ -108.012147, 36.081875 ], [ -108.012082, 36.089462 ] ] ], [ [ [ -108.0138, 36.002276 ], [ -108.003704, 36.002235 ], [ -108.003669, 35.994546 ], [ -108.013804, 35.99452 ], [ -108.0138, 36.002276 ] ] ], [ [ [ -108.016541, 36.314085 ], [ -108.007146, 36.314003 ], [ -108.00698, 36.30689 ], [ -107.989792, 36.306393 ], [ -107.989931, 36.313238 ], [ -107.981444, 36.313211 ], [ -107.981273, 36.306414 ], [ -107.989599, 36.306393 ], [ -107.989557, 36.300169 ], [ -108.016339, 36.300275 ], [ -108.016541, 36.314085 ] ] ], [ [ [ -108.019093, 36.415861 ], [ -108.010336, 36.415864 ], [ -108.010439, 36.408136 ], [ -108.019129, 36.408147 ], [ -108.019093, 36.415861 ] ] ], [ [ [ -108.034164, 36.299771 ], [ -108.026022, 36.29963 ], [ -108.025752, 36.293152 ], [ -108.034042, 36.293329 ], [ -108.034164, 36.299771 ] ] ], [ [ [ -108.034984, 36.262493 ], [ -108.017175, 36.262845 ], [ -108.018375, 36.241285 ], [ -108.034604, 36.24133 ], [ -108.034984, 36.262493 ] ] ], [ [ [ -108.035006, 36.277656 ], [ -108.025288, 36.27796 ], [ -108.025399, 36.270478 ], [ -108.034934, 36.270563 ], [ -108.035006, 36.277656 ] ] ], [ [ [ -108.043323, 35.574792 ], [ -108.033334, 35.574792 ], [ -108.033346, 35.566155 ], [ -108.043323, 35.566177 ], [ -108.043323, 35.574792 ] ] ], [ [ [ -108.04508, 36.379395 ], [ -108.036545, 36.379416 ], [ -108.036356, 36.358308 ], [ -108.04463, 36.358295 ], [ -108.04508, 36.379395 ] ] ], [ [ [ -108.053462, 36.327953 ], [ -108.053429, 36.335967 ], [ -108.017471, 36.336046 ], [ -108.017708, 36.328441 ], [ -108.008786, 36.328592 ], [ -108.008533, 36.32127 ], [ -108.017741, 36.321237 ], [ -108.017927, 36.328252 ], [ -108.026351, 36.32836 ], [ -108.026381, 36.321319 ], [ -108.035128, 36.321444 ], [ -108.035153, 36.327822 ], [ -108.053462, 36.327953 ] ] ], [ [ [ -108.058165, 36.060812 ], [ -108.04015, 36.060826 ], [ -108.03996, 36.046108 ], [ -108.058056, 36.046032 ], [ -108.058165, 36.060812 ] ] ], [ [ [ -108.059524, 36.177136 ], [ -108.053786, 36.241395 ], [ -108.034848, 36.24126 ], [ -108.036873, 36.220245 ], [ -108.018597, 36.220146 ], [ -108.018543, 36.197501 ], [ -107.99458, 36.197517 ], [ -107.994589, 36.190766 ], [ -107.977465, 36.190677 ], [ -107.977422, 36.182641 ], [ -107.967307, 36.182689 ], [ -107.967247, 36.176132 ], [ -107.993655, 36.176178 ], [ -107.99371, 36.180813 ], [ -108.003718, 36.180764 ], [ -108.003721, 36.186639 ], [ -108.016539, 36.186531 ], [ -108.016472, 36.190276 ], [ -108.042126, 36.19025 ], [ -108.042124, 36.1771 ], [ -108.059524, 36.177136 ] ] ], [ [ [ -108.059583, 36.148329 ], [ -108.049817, 36.148314 ], [ -108.050074, 36.154653 ], [ -108.041011, 36.15457 ], [ -108.040804, 36.16933 ], [ -108.02203, 36.169348 ], [ -108.02077, 36.176148 ], [ -108.003021, 36.17602 ], [ -108.003346, 36.161755 ], [ -108.012642, 36.161674 ], [ -108.011897, 36.147242 ], [ -108.022541, 36.147342 ], [ -108.022579, 36.136921 ], [ -108.02107, 36.118527 ], [ -108.001754, 36.118347 ], [ -108.002012, 36.103695 ], [ -108.021753, 36.103849 ], [ -108.022262, 36.07526 ], [ -108.05803, 36.075833 ], [ -108.058023, 36.08908 ], [ -108.040625, 36.089053 ], [ -108.04062, 36.10334 ], [ -108.058424, 36.103878 ], [ -108.058402, 36.118673 ], [ -108.040597, 36.118649 ], [ -108.040509, 36.12696 ], [ -108.048878, 36.126997 ], [ -108.049154, 36.133527 ], [ -108.058356, 36.133545 ], [ -108.059583, 36.148329 ] ], [ [ -108.040625, 36.089053 ], [ -108.040628, 36.082224 ], [ -108.031183, 36.082224 ], [ -108.031127, 36.089011 ], [ -108.040625, 36.089053 ] ] ], [ [ [ -108.062994, 36.372273 ], [ -108.054389, 36.37227 ], [ -108.054352, 36.365094 ], [ -108.063023, 36.365074 ], [ -108.062994, 36.372273 ] ] ], [ [ [ -108.065341, 35.306009 ], [ -108.047472, 35.305808 ], [ -108.047332, 35.291536 ], [ -108.065377, 35.291611 ], [ -108.065341, 35.306009 ] ] ], [ [ [ -108.0699, 35.356416 ], [ -108.052149, 35.35699 ], [ -108.052245, 35.349101 ], [ -108.069575, 35.349223 ], [ -108.0699, 35.356416 ] ] ], [ [ [ -108.070159, 35.334571 ], [ -108.052351, 35.33462 ], [ -108.052592, 35.321757 ], [ -108.0701, 35.321704 ], [ -108.070159, 35.334571 ] ] ], [ [ [ -108.070385, 35.37199 ], [ -108.052716, 35.37199 ], [ -108.052666, 35.364134 ], [ -108.070373, 35.364119 ], [ -108.070385, 35.37199 ] ] ], [ [ [ -108.071206, 36.335355 ], [ -108.063108, 36.33551 ], [ -108.063226, 36.321595 ], [ -108.07124, 36.321667 ], [ -108.071206, 36.335355 ] ] ], [ [ [ -108.071781, 36.357743 ], [ -108.063408, 36.357754 ], [ -108.063, 36.350637 ], [ -108.071745, 36.350215 ], [ -108.071781, 36.357743 ] ] ], [ [ [ -108.07642, 36.133682 ], [ -108.058356, 36.133545 ], [ -108.058402, 36.118673 ], [ -108.076554, 36.11878 ], [ -108.07642, 36.133682 ] ] ], [ [ [ -108.077012, 36.075886 ], [ -108.05803, 36.075833 ], [ -108.058165, 36.060812 ], [ -108.076343, 36.060954 ], [ -108.077012, 36.075886 ] ] ], [ [ [ -108.077704, 36.191138 ], [ -108.077618, 36.206139 ], [ -108.068305, 36.206127 ], [ -108.068453, 36.191138 ], [ -108.077704, 36.191138 ] ] ], [ [ [ -108.08032, 36.371814 ], [ -108.072049, 36.371856 ], [ -108.072015, 36.36486 ], [ -108.080217, 36.364834 ], [ -108.08032, 36.371814 ] ] ], [ [ [ -108.083337, 35.270154 ], [ -108.065107, 35.270108 ], [ -108.06507, 35.262688 ], [ -108.0833, 35.262692 ], [ -108.083337, 35.270154 ] ] ], [ [ [ -108.083374, 35.291651 ], [ -108.065377, 35.291611 ], [ -108.065338, 35.2843 ], [ -108.074004, 35.284286 ], [ -108.073943, 35.277251 ], [ -108.08326, 35.277315 ], [ -108.083374, 35.291651 ] ] ], [ [ [ -108.087267, 35.608927 ], [ -108.069304, 35.608925 ], [ -108.069262, 35.594752 ], [ -108.08718, 35.594856 ], [ -108.087267, 35.608927 ] ] ], [ [ [ -108.094339, 36.054599 ], [ -108.076275, 36.054638 ], [ -108.076244, 36.04677 ], [ -108.094322, 36.046707 ], [ -108.094339, 36.054599 ] ] ], [ [ [ -108.094685, 36.118891 ], [ -108.076554, 36.11878 ], [ -108.077252, 36.104052 ], [ -108.094879, 36.104315 ], [ -108.094685, 36.118891 ] ] ], [ [ [ -108.09502, 36.148334 ], [ -108.076673, 36.148316 ], [ -108.076921, 36.177157 ], [ -108.059708, 36.177089 ], [ -108.059583, 36.148329 ], [ -108.076326, 36.148329 ], [ -108.07642, 36.133682 ], [ -108.094546, 36.133792 ], [ -108.09502, 36.148334 ] ] ], [ [ [ -108.096287, 35.356975 ], [ -108.087648, 35.356974 ], [ -108.087648, 35.349308 ], [ -108.069575, 35.349223 ], [ -108.070159, 35.334571 ], [ -108.087752, 35.334946 ], [ -108.087736, 35.349311 ], [ -108.096291, 35.349238 ], [ -108.096287, 35.356975 ] ] ], [ [ [ -108.098341, 36.379108 ], [ -108.089593, 36.379126 ], [ -108.08957, 36.364805 ], [ -108.080217, 36.364834 ], [ -108.080328, 36.350293 ], [ -108.08949, 36.350265 ], [ -108.089569, 36.364668 ], [ -108.098251, 36.364656 ], [ -108.098341, 36.379108 ] ] ], [ [ [ -108.108356, 36.385823 ], [ -108.098343, 36.385854 ], [ -108.098341, 36.379108 ], [ -108.108343, 36.379069 ], [ -108.108356, 36.385823 ] ] ], [ [ [ -108.112316, 36.104461 ], [ -108.094879, 36.104315 ], [ -108.094898, 36.096094 ], [ -108.084421, 36.096112 ], [ -108.084267, 36.089397 ], [ -108.076311, 36.089193 ], [ -108.077012, 36.075886 ], [ -108.094782, 36.076 ], [ -108.094735, 36.08947 ], [ -108.112468, 36.089497 ], [ -108.112316, 36.104461 ] ] ], [ [ [ -108.117866, 35.284965 ], [ -108.11029, 35.284862 ], [ -108.1103, 35.291668 ], [ -108.100111, 35.291699 ], [ -108.100186, 35.277703 ], [ -108.117838, 35.277882 ], [ -108.117866, 35.284965 ] ] ], [ [ [ -108.122032, 36.191189 ], [ -108.077704, 36.191138 ], [ -108.077513, 36.180975 ], [ -108.082294, 36.180962 ], [ -108.082276, 36.17767 ], [ -108.12208, 36.177867 ], [ -108.122032, 36.191189 ] ] ], [ [ [ -108.122175, 36.16261 ], [ -108.11367, 36.162811 ], [ -108.113611, 36.155065 ], [ -108.122104, 36.154994 ], [ -108.122175, 36.16261 ] ] ], [ [ [ -108.12336, 35.880975 ], [ -108.115334, 35.881162 ], [ -108.115935, 35.87321 ], [ -108.12332, 35.873346 ], [ -108.12336, 35.880975 ] ] ], [ [ [ -108.123697, 35.321594 ], [ -108.105181, 35.321362 ], [ -108.104598, 35.33506 ], [ -108.087752, 35.334946 ], [ -108.087821, 35.321542 ], [ -108.0701, 35.321704 ], [ -108.070176, 35.306062 ], [ -108.083448, 35.306046 ], [ -108.083374, 35.291651 ], [ -108.100111, 35.291699 ], [ -108.099512, 35.306032 ], [ -108.087577, 35.305986 ], [ -108.087509, 35.309478 ], [ -108.123547, 35.306173 ], [ -108.123697, 35.321594 ] ] ], [ [ [ -108.123822, 35.350218 ], [ -108.105083, 35.349426 ], [ -108.104598, 35.33506 ], [ -108.123767, 35.335638 ], [ -108.123822, 35.350218 ] ] ], [ [ [ -108.124093, 35.377073 ], [ -108.119694, 35.377921 ], [ -108.119833, 35.381542 ], [ -108.124098, 35.381713 ], [ -108.124103, 35.386533 ], [ -108.104204, 35.386329 ], [ -108.104142, 35.378396 ], [ -108.087912, 35.378479 ], [ -108.087972, 35.363222 ], [ -108.094942, 35.362978 ], [ -108.095222, 35.370194 ], [ -108.099134, 35.370106 ], [ -108.099542, 35.362939 ], [ -108.124279, 35.363103 ], [ -108.124093, 35.377073 ] ] ], [ [ [ -108.130454, 36.089581 ], [ -108.112468, 36.089497 ], [ -108.112824, 36.07604 ], [ -108.130579, 36.076195 ], [ -108.130454, 36.089581 ] ] ], [ [ [ -108.139829, 35.430453 ], [ -108.123028, 35.430537 ], [ -108.122365, 35.423842 ], [ -108.139937, 35.423807 ], [ -108.139829, 35.430453 ] ] ], [ [ [ -108.141139, 35.458102 ], [ -108.131686, 35.45812 ], [ -108.131387, 35.451219 ], [ -108.140893, 35.45109 ], [ -108.141139, 35.458102 ] ] ], [ [ [ -108.148654, 36.177127 ], [ -108.130211, 36.177062 ], [ -108.130229, 36.162605 ], [ -108.148575, 36.162628 ], [ -108.148654, 36.177127 ] ] ], [ [ [ -108.157335, 36.140315 ], [ -108.148714, 36.140139 ], [ -108.148755, 36.133518 ], [ -108.15734, 36.133571 ], [ -108.157335, 36.140315 ] ] ], [ [ [ -108.157401, 35.362854 ], [ -108.138977, 35.362854 ], [ -108.139126, 35.350504 ], [ -108.157401, 35.350532 ], [ -108.157401, 35.362854 ] ] ], [ [ [ -108.157318, 35.379811 ], [ -108.157912, 35.395544 ], [ -108.139395, 35.395544 ], [ -108.140082, 35.379742 ], [ -108.157318, 35.379811 ] ] ], [ [ [ -108.167388, 36.193091 ], [ -108.148765, 36.193029 ], [ -108.148654, 36.177127 ], [ -108.167225, 36.177259 ], [ -108.167388, 36.193091 ] ] ], [ [ [ -108.20134, 35.943899 ], [ -108.18361, 35.943899 ], [ -108.182966, 35.928322 ], [ -108.201388, 35.928635 ], [ -108.20134, 35.943899 ] ] ], [ [ [ -108.202126, 36.06065 ], [ -108.184801, 36.060714 ], [ -108.184925, 36.046289 ], [ -108.20212, 36.046169 ], [ -108.202126, 36.06065 ] ] ], [ [ [ -108.202622, 36.031513 ], [ -108.184753, 36.031773 ], [ -108.185166, 36.016986 ], [ -108.202491, 36.016929 ], [ -108.202622, 36.031513 ] ] ], [ [ [ -108.213561, 36.694046 ], [ -108.208709, 36.694863 ], [ -108.208746, 36.690064 ], [ -108.213701, 36.690071 ], [ -108.213561, 36.694046 ] ] ], [ [ [ -108.220341, 36.074965 ], [ -108.202047, 36.074932 ], [ -108.202126, 36.06065 ], [ -108.220264, 36.060518 ], [ -108.220341, 36.074965 ] ] ], [ [ [ -108.220346, 36.031517 ], [ -108.220343, 36.045902 ], [ -108.202057, 36.04609 ], [ -108.202622, 36.031513 ], [ -108.220346, 36.031517 ] ] ], [ [ [ -108.220658, 36.206385 ], [ -108.211092, 36.207216 ], [ -108.211088, 36.198657 ], [ -108.22067, 36.198669 ], [ -108.220658, 36.206385 ] ] ], [ [ [ -108.23585, 35.943781 ], [ -108.219467, 35.943855 ], [ -108.219404, 35.921841 ], [ -108.227005, 35.921808 ], [ -108.227015, 35.93546 ], [ -108.235854, 35.935422 ], [ -108.23585, 35.943781 ] ] ], [ [ [ -108.23777, 36.031196 ], [ -108.220346, 36.031517 ], [ -108.220201, 36.016792 ], [ -108.237988, 36.016521 ], [ -108.23777, 36.031196 ] ] ], [ [ [ -108.238154, 36.08972 ], [ -108.220368, 36.089653 ], [ -108.220341, 36.074965 ], [ -108.238163, 36.074987 ], [ -108.238154, 36.08972 ] ] ], [ [ [ -108.243298, 36.71149 ], [ -108.233836, 36.711283 ], [ -108.23388, 36.707505 ], [ -108.24352, 36.707519 ], [ -108.243298, 36.71149 ] ] ], [ [ [ -108.253554, 35.959168 ], [ -108.235893, 35.958683 ], [ -108.23585, 35.943781 ], [ -108.253576, 35.943824 ], [ -108.253554, 35.959168 ] ] ], [ [ [ -108.253612, 35.986612 ], [ -108.235871, 35.986682 ], [ -108.235449, 35.972501 ], [ -108.253629, 35.972693 ], [ -108.253612, 35.986612 ] ] ], [ [ [ -108.253612, 35.927516 ], [ -108.236185, 35.928853 ], [ -108.236187, 35.921735 ], [ -108.253668, 35.922185 ], [ -108.253612, 35.927516 ] ] ], [ [ [ -108.255967, 36.075045 ], [ -108.238163, 36.074987 ], [ -108.238209, 36.06039 ], [ -108.255978, 36.060442 ], [ -108.255967, 36.075045 ] ] ], [ [ [ -108.264628, 36.08943 ], [ -108.25587, 36.089615 ], [ -108.255967, 36.075045 ], [ -108.264464, 36.075087 ], [ -108.264628, 36.08943 ] ] ], [ [ [ -108.273578, 34.959797 ], [ -108.256387, 34.959298 ], [ -108.256426, 34.945369 ], [ -108.273812, 34.945595 ], [ -108.273578, 34.959797 ] ] ], [ [ [ -108.328605, 34.974977 ], [ -108.328638, 34.981425 ], [ -108.31965, 34.981388 ], [ -108.319687, 34.974024 ], [ -108.328605, 34.974977 ] ] ], [ [ [ -108.345985, 34.973785 ], [ -108.328699, 34.973945 ], [ -108.328711, 34.970351 ], [ -108.346031, 34.970348 ], [ -108.345985, 34.973785 ] ] ], [ [ [ -108.346301, 35.003407 ], [ -108.328679, 35.003278 ], [ -108.32861, 34.988785 ], [ -108.345972, 34.988451 ], [ -108.346301, 35.003407 ] ] ], [ [ [ -108.362048, 34.711831 ], [ -108.344659, 34.711661 ], [ -108.344908, 34.696929 ], [ -108.362216, 34.696796 ], [ -108.362048, 34.711831 ] ] ], [ [ [ -108.363673, 35.074596 ], [ -108.346424, 35.075229 ], [ -108.346253, 35.060751 ], [ -108.363781, 35.060697 ], [ -108.363673, 35.074596 ] ] ], [ [ [ -108.36403, 35.042455 ], [ -108.359327, 35.042452 ], [ -108.359343, 35.035229 ], [ -108.355095, 35.035328 ], [ -108.354939, 35.031834 ], [ -108.364034, 35.031837 ], [ -108.36403, 35.042455 ] ] ], [ [ [ -108.364016, 34.988169 ], [ -108.345972, 34.988451 ], [ -108.345985, 34.973785 ], [ -108.364315, 34.973492 ], [ -108.364016, 34.988169 ] ] ], [ [ [ -108.382435, 35.090625 ], [ -108.363725, 35.090544 ], [ -108.363668, 35.075208 ], [ -108.381925, 35.075496 ], [ -108.382435, 35.090625 ] ] ], [ [ [ -108.397083, 34.740844 ], [ -108.396755, 34.755131 ], [ -108.379233, 34.755001 ], [ -108.37921, 34.740359 ], [ -108.397083, 34.740844 ] ] ], [ [ [ -108.399011, 35.075203 ], [ -108.381925, 35.075496 ], [ -108.381523, 35.060657 ], [ -108.398998, 35.060674 ], [ -108.399011, 35.075203 ] ] ], [ [ [ -108.399127, 34.987521 ], [ -108.381672, 34.9873 ], [ -108.381744, 34.980058 ], [ -108.399148, 34.980313 ], [ -108.399127, 34.987521 ] ] ], [ [ [ -108.399204, 35.00262 ], [ -108.398884, 35.017739 ], [ -108.381515, 35.017114 ], [ -108.381612, 35.001474 ], [ -108.399204, 35.00262 ] ] ], [ [ [ -108.404648, 35.523325 ], [ -108.387231, 35.523472 ], [ -108.387529, 35.509152 ], [ -108.404673, 35.509124 ], [ -108.404648, 35.523325 ] ] ], [ [ [ -108.414096, 34.769613 ], [ -108.396689, 34.769663 ], [ -108.396755, 34.755131 ], [ -108.414455, 34.755199 ], [ -108.414096, 34.769613 ] ] ], [ [ [ -108.416447, 35.08984 ], [ -108.399357, 35.089842 ], [ -108.399011, 35.075203 ], [ -108.412345, 35.075075 ], [ -108.412226, 35.082232 ], [ -108.407955, 35.082287 ], [ -108.407855, 35.086084 ], [ -108.416534, 35.08611 ], [ -108.416447, 35.08984 ] ] ], [ [ [ -108.416829, 35.060077 ], [ -108.398998, 35.060674 ], [ -108.399239, 35.046279 ], [ -108.41674, 35.046334 ], [ -108.416829, 35.060077 ] ] ], [ [ [ -108.417126, 35.119015 ], [ -108.399462, 35.119121 ], [ -108.399122, 35.104628 ], [ -108.416835, 35.104298 ], [ -108.417126, 35.119015 ] ] ], [ [ [ -108.417266, 35.002558 ], [ -108.399224, 35.002472 ], [ -108.399127, 34.987765 ], [ -108.407959, 34.987997 ], [ -108.407992, 34.995095 ], [ -108.416999, 34.995121 ], [ -108.417266, 35.002558 ] ] ], [ [ [ -108.434392, 35.045997 ], [ -108.41674, 35.046334 ], [ -108.416534, 35.032109 ], [ -108.42121, 35.032178 ], [ -108.421113, 35.041138 ], [ -108.425566, 35.041137 ], [ -108.426116, 35.0357 ], [ -108.434808, 35.035544 ], [ -108.434392, 35.045997 ] ] ], [ [ [ -108.4355, 34.98853 ], [ -108.426224, 34.988368 ], [ -108.425554, 34.980964 ], [ -108.416794, 34.980986 ], [ -108.416733, 34.973571 ], [ -108.435365, 34.973126 ], [ -108.4355, 34.98853 ] ] ], [ [ [ -108.440714, 35.523294 ], [ -108.423909, 35.523283 ], [ -108.42362, 35.509243 ], [ -108.44032, 35.50929 ], [ -108.440714, 35.523294 ] ] ], [ [ [ -108.449846, 34.769486 ], [ -108.431943, 34.76954 ], [ -108.432282, 34.755205 ], [ -108.45006, 34.755162 ], [ -108.449846, 34.769486 ] ] ], [ [ [ -108.451945, 35.075467 ], [ -108.416735, 35.075014 ], [ -108.416829, 35.060077 ], [ -108.45241, 35.06099 ], [ -108.451945, 35.075467 ] ] ], [ [ [ -108.453456, 34.988825 ], [ -108.452208, 35.003137 ], [ -108.434913, 35.002674 ], [ -108.4355, 34.98853 ], [ -108.453456, 34.988825 ] ] ], [ [ [ -108.469265, 34.929242 ], [ -108.468674, 34.943837 ], [ -108.450633, 34.944117 ], [ -108.451053, 34.929229 ], [ -108.469265, 34.929242 ] ] ], [ [ [ -108.469802, 35.06084 ], [ -108.45241, 35.06099 ], [ -108.452272, 35.046242 ], [ -108.469868, 35.046479 ], [ -108.469802, 35.06084 ] ] ], [ [ [ -108.469926, 35.010342 ], [ -108.452165, 35.010392 ], [ -108.452208, 35.003137 ], [ -108.469922, 35.003124 ], [ -108.469926, 35.010342 ] ] ], [ [ [ -108.487534, 34.987701 ], [ -108.487248, 35.002346 ], [ -108.469922, 35.003124 ], [ -108.469622, 34.98839 ], [ -108.487534, 34.987701 ] ] ], [ [ [ -108.504972, 34.987941 ], [ -108.496108, 34.987867 ], [ -108.495096, 34.973969 ], [ -108.504024, 34.974251 ], [ -108.504972, 34.987941 ] ] ], [ [ [ -108.506128, 35.018843 ], [ -108.488593, 35.017934 ], [ -108.487248, 35.002346 ], [ -108.505461, 35.003345 ], [ -108.506128, 35.018843 ] ] ], [ [ [ -108.5127, 34.932877 ], [ -108.503345, 34.933374 ], [ -108.503211, 34.929683 ], [ -108.513423, 34.929615 ], [ -108.5127, 34.932877 ] ] ], [ [ [ -108.519282, 34.944195 ], [ -108.505716, 34.943812 ], [ -108.50569, 34.940495 ], [ -108.514597, 34.940683 ], [ -108.514927, 34.929801 ], [ -108.519634, 34.929448 ], [ -108.519282, 34.944195 ] ] ] ] } },
{ "type": "Feature", "properties": { "AIANNHCE": "2460", "NAMELSAD": "Nisqually Reservation", "NAME": "Nisqually", "AREA_TYPE": "Reservation", "STATE_NAMES": "Washington", "DECLARATIONS": 1, "OWN_REQUEST": 0, "UNDER_STATE": 1, "FIRST_YEAR": 2022.0, "LATEST_YEAR": 2022.0, "INCIDENT_LIST": "Flood", "POPULATION": 513, "LAND_SQ_MI": 7.9, "N_COUNTIES": 2, "COUNTY_NAMES": "Pierce County; Thurston County", "COUNTY_DISASTER_MAX": 4 }, "geometry": { "type": "Polygon", "coordinates": [ [ [ -122.696828, 47.040583 ], [ -122.685611, 47.040726 ], [ -122.684762, 47.044188 ], [ -122.62567, 47.033777 ], [ -122.625318, 46.995934 ], [ -122.657702, 46.995989 ], [ -122.671385, 46.999934 ], [ -122.675248, 47.003687 ], [ -122.67511, 47.007147 ], [ -122.671761, 47.007066 ], [ -122.675072, 47.010527 ], [ -122.69644, 47.025168 ], [ -122.696828, 47.040583 ] ] ] } },
{ "type": "Feature", "properties": { "AIANNHCE": "4610", "NAMELSAD": "Wind River Reservation and Off-Reservation Trust Land", "NAME": "Wind River", "AREA_TYPE": "Reservation", "STATE_NAMES": "Wyoming", "DECLARATIONS": 1, "OWN_REQUEST": 0, "UNDER_STATE": 1, "FIRST_YEAR": 2011.0, "LATEST_YEAR": 2011.0, "INCIDENT_LIST": "Severe Storm", "POPULATION": 25858, "LAND_SQ_MI": 3474.5, "N_COUNTIES": 3, "COUNTY_NAMES": "Fremont County; Hot Springs County; Sublette County", "COUNTY_DISASTER_MAX": 2 }, "geometry": { "type": "MultiPolygon", "coordinates": [ [ [ [ -108.235465, 43.593382 ], [ -108.22049, 43.59338 ], [ -108.220474, 43.58611 ], [ -108.235442, 43.58611 ], [ -108.235465, 43.593382 ] ] ], [ [ [ -109.474296, 43.491315 ], [ -109.469175, 43.500752 ], [ -109.470441, 43.505309 ], [ -109.464148, 43.511654 ], [ -109.467575, 43.516686 ], [ -109.462192, 43.534862 ], [ -109.464127, 43.540418 ], [ -109.45626, 43.551728 ], [ -109.457143, 43.567949 ], [ -109.455143, 43.576292 ], [ -109.449625, 43.582351 ], [ -109.450589, 43.585997 ], [ -109.4253, 43.59894 ], [ -109.403153, 43.604669 ], [ -109.383309, 43.620674 ], [ -109.385166, 43.633316 ], [ -109.363529, 43.650644 ], [ -109.368104, 43.664882 ], [ -109.372956, 43.666175 ], [ -109.373445, 43.669172 ], [ -109.368607, 43.673776 ], [ -109.369011, 43.678094 ], [ -109.358952, 43.686453 ], [ -109.304031, 43.720719 ], [ -109.250695, 43.758745 ], [ -109.235824, 43.762261 ], [ -109.20935, 43.732942 ], [ -109.206774, 43.723597 ], [ -109.197958, 43.713726 ], [ -109.182224, 43.703338 ], [ -109.15274, 43.690513 ], [ -109.137252, 43.690639 ], [ -109.110408, 43.684419 ], [ -109.105842, 43.6754 ], [ -109.067299, 43.656234 ], [ -109.049513, 43.636572 ], [ -108.987306, 43.623832 ], [ -108.969736, 43.622823 ], [ -108.963956, 43.62562 ], [ -108.937919, 43.62695 ], [ -108.882483, 43.658948 ], [ -108.857978, 43.666939 ], [ -108.837903, 43.662748 ], [ -108.787435, 43.666334 ], [ -108.782685, 43.668833 ], [ -108.782597, 43.672104 ], [ -108.767907, 43.674052 ], [ -108.767906, 43.677607 ], [ -108.762884, 43.67759 ], [ -108.762883, 43.681281 ], [ -108.752931, 43.683094 ], [ -108.752931, 43.680428 ], [ -108.748003, 43.682745 ], [ -108.748006, 43.686535 ], [ -108.720733, 43.694426 ], [ -108.714952, 43.702164 ], [ -108.71503, 43.709274 ], [ -108.702294, 43.715086 ], [ -108.6544, 43.71107 ], [ -108.643074, 43.715302 ], [ -108.639536, 43.713034 ], [ -108.614541, 43.715877 ], [ -108.584705, 43.730276 ], [ -108.593743, 43.730413 ], [ -108.593156, 43.744834 ], [ -108.583002, 43.744803 ], [ -108.58283, 43.752389 ], [ -108.588443, 43.752412 ], [ -108.588273, 43.748349 ], [ -108.598357, 43.748347 ], [ -108.598171, 43.759924 ], [ -108.591805, 43.759903 ], [ -108.591743, 43.76301 ], [ -108.571875, 43.762967 ], [ -108.573664, 43.729655 ], [ -108.562538, 43.727315 ], [ -108.558633, 43.730688 ], [ -108.558726, 43.737662 ], [ -108.544001, 43.737804 ], [ -108.543805, 43.734118 ], [ -108.524029, 43.734177 ], [ -108.523889, 43.73059 ], [ -108.514238, 43.7308 ], [ -108.51419, 43.72725 ], [ -108.503391, 43.727169 ], [ -108.503588, 43.723446 ], [ -108.498646, 43.723535 ], [ -108.498677, 43.720276 ], [ -108.4789, 43.720222 ], [ -108.478874, 43.723886 ], [ -108.463364, 43.723791 ], [ -108.463389, 43.712882 ], [ -108.488802, 43.712786 ], [ -108.486949, 43.708224 ], [ -108.489502, 43.705085 ], [ -108.474142, 43.70283 ], [ -108.472544, 43.698359 ], [ -108.463251, 43.697643 ], [ -108.461375, 43.694121 ], [ -108.456536, 43.697265 ], [ -108.4475, 43.693228 ], [ -108.437006, 43.694945 ], [ -108.436038, 43.691462 ], [ -108.424169, 43.690243 ], [ -108.420171, 43.686161 ], [ -108.419974, 43.688498 ], [ -108.408466, 43.690925 ], [ -108.403214, 43.686782 ], [ -108.395567, 43.691903 ], [ -108.393922, 43.688791 ], [ -108.392249, 43.691402 ], [ -108.382092, 43.687195 ], [ -108.372036, 43.690049 ], [ -108.372409, 43.68526 ], [ -108.367361, 43.686793 ], [ -108.365528, 43.683294 ], [ -108.358788, 43.686275 ], [ -108.356337, 43.684071 ], [ -108.354211, 43.687628 ], [ -108.354841, 43.593342 ], [ -108.339701, 43.593342 ], [ -108.339769, 43.600663 ], [ -108.334651, 43.600661 ], [ -108.33465, 43.582322 ], [ -108.339645, 43.582322 ], [ -108.339645, 43.579166 ], [ -108.156234, 43.579242 ], [ -108.15427, 42.90509 ], [ -108.541524, 42.906054 ], [ -108.589431, 42.905858 ], [ -108.592174, 42.90347 ], [ -108.597177, 42.905789 ], [ -108.608827, 42.898014 ], [ -108.611144, 42.891857 ], [ -108.614064, 42.89232 ], [ -108.614313, 42.884428 ], [ -108.618361, 42.883454 ], [ -108.617408, 42.881277 ], [ -108.621032, 42.88221 ], [ -108.621651, 42.878878 ], [ -108.631196, 42.880834 ], [ -108.628443, 42.876678 ], [ -108.639777, 42.874311 ], [ -108.643405, 42.870169 ], [ -108.647843, 42.873591 ], [ -108.659109, 42.871281 ], [ -108.66319, 42.874427 ], [ -108.667963, 42.873617 ], [ -108.667268, 42.869648 ], [ -108.683818, 42.870799 ], [ -108.694966, 42.85421 ], [ -108.699452, 42.853889 ], [ -108.718014, 42.860984 ], [ -108.721611, 42.876241 ], [ -108.731612, 42.883727 ], [ -108.732329, 42.888465 ], [ -108.755447, 42.888262 ], [ -108.765269, 42.891351 ], [ -108.77516, 42.880524 ], [ -108.782243, 42.879345 ], [ -108.802189, 42.888358 ], [ -108.829933, 42.892392 ], [ -108.859094, 42.886889 ], [ -108.865664, 42.874128 ], [ -108.884519, 42.871271 ], [ -108.886162, 42.868697 ], [ -109.108208, 42.866533 ], [ -109.325773, 42.86878 ], [ -109.330457, 42.874952 ], [ -109.331911, 42.89542 ], [ -109.338533, 42.897512 ], [ -109.345358, 42.918896 ], [ -109.356412, 42.924745 ], [ -109.359591, 42.933453 ], [ -109.370658, 42.945728 ], [ -109.384112, 42.939288 ], [ -109.397757, 42.939198 ], [ -109.400155, 42.945743 ], [ -109.411206, 42.955459 ], [ -109.428757, 42.960662 ], [ -109.432364, 42.968151 ], [ -109.454235, 42.970272 ], [ -109.458171, 42.976801 ], [ -109.459909, 43.441988 ], [ -109.46177, 43.447938 ], [ -109.467464, 43.451196 ], [ -109.464132, 43.459974 ], [ -109.467306, 43.463541 ], [ -109.46812, 43.480064 ], [ -109.473556, 43.483662 ], [ -109.474296, 43.491315 ] ] ] ] } },
{ "type": "Feature", "properties": { "AIANNHCE": "1355", "NAMELSAD": "Grand Portage Reservation and Off-Reservation Trust Land", "NAME": "Grand Portage", "AREA_TYPE": "Reservation", "STATE_NAMES": "Minnesota", "DECLARATIONS": 1, "OWN_REQUEST": 0, "UNDER_STATE": 1, "FIRST_YEAR": 2012.0, "LATEST_YEAR": 2012.0, "INCIDENT_LIST": "Severe Storm", "POPULATION": 631, "LAND_SQ_MI": 74.5, "N_COUNTIES": 1, "COUNTY_NAMES": "Cook County", "COUNTY_DISASTER_MAX": 3 }, "geometry": { "type": "MultiPolygon", "coordinates": [ [ [ [ -89.560454718666904, 47.969881153992397 ], [ -89.555888, 47.972993 ], [ -89.553486, 47.973339 ], [ -89.560454718666904, 47.969881153992397 ] ] ], [ [ [ -89.563542, 47.977561 ], [ -89.562046428551895, 47.979171461842697 ], [ -89.558907034733807, 47.978996507081597 ], [ -89.563542, 47.977561 ] ] ], [ [ [ -89.566331, 47.971348 ], [ -89.562385, 47.971828 ], [ -89.562759, 47.971097 ], [ -89.566331, 47.971348 ] ] ], [ [ [ -89.586851560098907, 47.959960699460098 ], [ -89.577486, 47.966162 ], [ -89.566886335957193, 47.967244376137202 ], [ -89.571158, 47.96401 ], [ -89.586851560098907, 47.959960699460098 ] ] ], [ [ [ -89.588066, 47.969563 ], [ -89.581013, 47.976296 ], [ -89.582543, 47.97897 ], [ -89.567285, 47.978292 ], [ -89.583065, 47.968422 ], [ -89.588066, 47.969563 ] ] ], [ [ [ -89.5918633188017, 47.966440706771202 ], [ -89.589323, 47.967781 ], [ -89.5865, 47.967599 ], [ -89.5918633188017, 47.966440706771202 ] ] ], [ [ [ -89.664644, 47.953384 ], [ -89.661743, 47.954788 ], [ -89.655105, 47.952737 ], [ -89.660115, 47.950785 ], [ -89.664644, 47.953384 ] ] ], [ [ [ -89.886478633500801, 47.986305848513197 ], [ -89.873286, 47.985419 ], [ -89.868153, 47.989898 ], [ -89.846244, 47.992717 ], [ -89.842709, 47.997422 ], [ -89.84485, 48.003104 ], [ -89.831825, 47.9994 ], [ -89.819802, 48.015099 ], [ -89.807445, 48.017224 ], [ -89.806016, 48.014026 ], [ -89.797744, 48.014505 ], [ -89.791853, 48.018204 ], [ -89.779427, 48.018361 ], [ -89.77585, 48.022449 ], [ -89.773673, 48.020072 ], [ -89.749314, 48.023325 ], [ -89.742569, 48.019834 ], [ -89.723164, 48.020481 ], [ -89.719655, 48.018175 ], [ -89.724318, 48.016485 ], [ -89.724044, 48.013675 ], [ -89.717102, 48.017172 ], [ -89.715906, 48.009246 ], [ -89.708145, 48.010162 ], [ -89.701438, 48.006211 ], [ -89.688879, 48.01078 ], [ -89.673798, 48.01151 ], [ -89.667128, 48.007421 ], [ -89.663212, 48.010618 ], [ -89.657051, 48.009954 ], [ -89.651065, 48.003625 ], [ -89.645447, 48.006204 ], [ -89.637995, 48.00378 ], [ -89.637173, 48.009308 ], [ -89.617867, 48.010947 ], [ -89.610351, 48.01778 ], [ -89.607821, 48.006566 ], [ -89.585859, 48.001179 ], [ -89.583962, 47.995878 ], [ -89.545191, 48.001078 ], [ -89.52722, 47.999458 ], [ -89.511423, 48.005068 ], [ -89.493977, 48.00471 ], [ -89.545687, 47.993979 ], [ -89.566382, 47.992815 ], [ -89.573028, 47.989604 ], [ -89.574659, 47.984631 ], [ -89.601029, 47.9803 ], [ -89.609003, 47.980622 ], [ -89.613894, 47.984949 ], [ -89.606089, 47.988792 ], [ -89.611651, 47.994709 ], [ -89.624529, 47.99466 ], [ -89.649591, 47.97929 ], [ -89.639545, 47.95359 ], [ -89.65757, 47.967026 ], [ -89.681371, 47.963642 ], [ -89.690527, 47.953479 ], [ -89.681934, 47.949777 ], [ -89.681847, 47.944968 ], [ -89.703208, 47.939595 ], [ -89.758651, 47.907492 ], [ -89.75988, 47.904067 ], [ -89.773961, 47.902073 ], [ -89.794152, 47.892021 ], [ -89.846271, 47.878587 ], [ -89.85396, 47.873997 ], [ -89.868711, 47.8744 ], [ -89.868502, 47.884986 ], [ -89.873559, 47.884986 ], [ -89.873559, 47.888435 ], [ -89.868452, 47.888435 ], [ -89.867773, 47.934924 ], [ -89.85893, 47.934476 ], [ -89.858485, 47.946173 ], [ -89.854639, 47.946061 ], [ -89.886478633500801, 47.986305848513197 ] ] ] ] } },
{ "type": "Feature", "properties": { "AIANNHCE": "0760", "NAMELSAD": "Colville Reservation and Off-Reservation Trust Land", "NAME": "Colville", "AREA_TYPE": "Reservation", "STATE_NAMES": "Washington", "DECLARATIONS": 7, "OWN_REQUEST": 2, "UNDER_STATE": 5, "FIRST_YEAR": 2012.0, "LATEST_YEAR": 2024.0, "INCIDENT_LIST": "Fire; Flood; Severe Storm", "POPULATION": 7259, "LAND_SQ_MI": 2116.0, "N_COUNTIES": 7, "COUNTY_NAMES": "Ferry County; Okanogan County; Stevens County and others", "COUNTY_DISASTER_MAX": 9 }, "geometry": { "type": "MultiPolygon", "coordinates": [ [ [ [ -119.738906, 48.25612 ], [ -119.732224, 48.260197 ], [ -119.726637, 48.267322 ], [ -119.729183, 48.269864 ], [ -119.721666, 48.275586 ], [ -119.693767, 48.284246 ], [ -119.669643, 48.298022 ], [ -119.658225, 48.298082 ], [ -119.609909, 48.318272 ], [ -119.605663, 48.329407 ], [ -119.606849, 48.34274 ], [ -119.581929, 48.359174 ], [ -119.567178, 48.374904 ], [ -119.557092, 48.378163 ], [ -119.545512, 48.394252 ], [ -119.533108, 48.392979 ], [ -119.52656, 48.404261 ], [ -119.526476, 48.411319 ], [ -119.513029, 48.412196 ], [ -119.488998, 48.403881 ], [ -119.473765, 48.409789 ], [ -119.470081, 48.418312 ], [ -119.469663, 48.460426 ], [ -119.483778, 48.473111 ], [ -119.481889, 48.480896 ], [ -118.189206, 48.481597 ], [ -118.206507, 48.470296 ], [ -118.212207, 48.457695 ], [ -118.212007, 48.449995 ], [ -118.202906, 48.442195 ], [ -118.200406, 48.426295 ], [ -118.203505, 48.409694 ], [ -118.189704, 48.391494 ], [ -118.181903, 48.372894 ], [ -118.180202, 48.335693 ], [ -118.175602, 48.319492 ], [ -118.164901, 48.304492 ], [ -118.1563, 48.298692 ], [ -118.150754, 48.282253 ], [ -118.140002, 48.268327 ], [ -118.151598, 48.240691 ], [ -118.1949, 48.212489 ], [ -118.1895, 48.207589 ], [ -118.187599, 48.199089 ], [ -118.196599, 48.190589 ], [ -118.191298, 48.158588 ], [ -118.196498, 48.145287 ], [ -118.205698, 48.138587 ], [ -118.247606, 48.134658 ], [ -118.254392, 48.12853 ], [ -118.253588, 48.112979 ], [ -118.237499, 48.104786 ], [ -118.231098, 48.088285 ], [ -118.234998, 48.079085 ], [ -118.233198, 48.065285 ], [ -118.238198, 48.058184 ], [ -118.245198, 48.054684 ], [ -118.257892, 48.059778 ], [ -118.264472, 48.058277 ], [ -118.267202, 48.047059 ], [ -118.275476, 48.040567 ], [ -118.3161, 48.041648 ], [ -118.339475, 48.049761 ], [ -118.358905, 48.049427 ], [ -118.402407, 48.026382 ], [ -118.375354, 47.999882 ], [ -118.370645, 47.985569 ], [ -118.34874, 47.971782 ], [ -118.356089, 47.929317 ], [ -118.339996, 47.900178 ], [ -118.341241, 47.892431 ], [ -118.349911, 47.882572 ], [ -118.34817, 47.87488 ], [ -118.355671, 47.859814 ], [ -118.357065, 47.841599 ], [ -118.36815, 47.833 ], [ -118.383451, 47.830363 ], [ -118.416493, 47.835015 ], [ -118.44582, 47.845496 ], [ -118.456165, 47.854474 ], [ -118.456978, 47.874879 ], [ -118.464235, 47.881899 ], [ -118.496642, 47.873999 ], [ -118.531297, 47.874878 ], [ -118.53922, 47.877653 ], [ -118.543977, 47.888575 ], [ -118.534588, 47.901207 ], [ -118.533498, 47.914877 ], [ -118.570396, 47.932318 ], [ -118.59805, 47.929186 ], [ -118.607045, 47.931231 ], [ -118.624781, 47.927554 ], [ -118.634285, 47.929886 ], [ -118.647371, 47.925562 ], [ -118.661953, 47.937407 ], [ -118.6926, 47.94215 ], [ -118.707625, 47.933579 ], [ -118.711682, 47.903347 ], [ -118.730325, 47.900169 ], [ -118.76989, 47.912905 ], [ -118.811877, 47.920285 ], [ -118.829403, 47.933139 ], [ -118.834857, 47.95321 ], [ -118.846686, 47.957697 ], [ -118.869302, 47.956549 ], [ -118.900627, 47.947941 ], [ -118.950712, 47.941303 ], [ -118.978101, 47.945277 ], [ -118.982754, 47.949782 ], [ -118.982431, 47.969117 ], [ -118.963918, 47.985916 ], [ -118.960706, 47.9988 ], [ -118.952164, 48.009001 ], [ -118.950782, 48.018884 ], [ -118.978857, 48.036873 ], [ -119.004725, 48.044278 ], [ -119.018794, 48.069784 ], [ -119.02464, 48.103117 ], [ -119.029537, 48.114193 ], [ -119.055848, 48.136465 ], [ -119.070085, 48.140402 ], [ -119.098325, 48.137671 ], [ -119.130963, 48.151187 ], [ -119.153728, 48.144973 ], [ -119.177023, 48.128286 ], [ -119.192322, 48.128559 ], [ -119.211656, 48.116219 ], [ -119.233006, 48.113294 ], [ -119.252553, 48.102586 ], [ -119.269423, 48.104561 ], [ -119.292075, 48.114973 ], [ -119.307295, 48.111782 ], [ -119.327521, 48.096656 ], [ -119.327934, 48.070274 ], [ -119.333111, 48.056036 ], [ -119.341229, 48.049847 ], [ -119.366691, 48.052798 ], [ -119.402233, 48.050418 ], [ -119.423252, 48.062562 ], [ -119.440732, 48.078667 ], [ -119.484172, 48.0787 ], [ -119.499309, 48.082702 ], [ -119.516111, 48.074784 ], [ -119.517571, 48.062615 ], [ -119.524131, 48.057043 ], [ -119.545807, 48.049735 ], [ -119.5644, 48.035474 ], [ -119.595103, 48.020856 ], [ -119.607546, 48.010704 ], [ -119.615522, 47.99903 ], [ -119.633379, 47.996397 ], [ -119.651765, 48.000008 ], [ -119.684564, 48.019783 ], [ -119.693075, 48.028522 ], [ -119.693712, 48.032056 ], [ -119.670466, 48.067921 ], [ -119.672665, 48.081045 ], [ -119.685292, 48.093222 ], [ -119.704845, 48.082795 ], [ -119.721932, 48.082484 ], [ -119.736301, 48.097619 ], [ -119.71334, 48.100207 ], [ -119.703536, 48.106175 ], [ -119.693151, 48.106363 ], [ -119.684871, 48.113992 ], [ -119.682372, 48.124912 ], [ -119.665236, 48.153421 ], [ -119.679278, 48.178347 ], [ -119.681463, 48.19138 ], [ -119.701168, 48.204092 ], [ -119.715901, 48.208698 ], [ -119.721498, 48.219176 ], [ -119.736742, 48.231528 ], [ -119.73351, 48.236631 ], [ -119.738906, 48.25612 ] ] ], [ [ [ -120.139983, 47.886017 ], [ -120.129634, 47.885853 ], [ -120.129542, 47.879135 ], [ -120.139946, 47.878728 ], [ -120.139983, 47.886017 ] ] ] ] } },
{ "type": "Feature", "properties": { "AIANNHCE": "2490", "NAMELSAD": "Northern Cheyenne Indian Reservation and Off-Reservation Trust Land", "NAME": "Northern Cheyenne", "AREA_TYPE": "Reservation", "STATE_NAMES": "Montana; South Dakota", "DECLARATIONS": 3, "OWN_REQUEST": 0, "UNDER_STATE": 3, "FIRST_YEAR": 2011.0, "LATEST_YEAR": 2021.0, "INCIDENT_LIST": "Fire; Severe Storm", "POPULATION": 4329, "LAND_SQ_MI": 707.2, "N_COUNTIES": 3, "COUNTY_NAMES": "Rosebud County; Big Horn County; Meade County", "COUNTY_DISASTER_MAX": 7 }, "geometry": { "type": "MultiPolygon", "coordinates": [ [ [ [ -103.418147, 44.466969 ], [ -103.408015, 44.466999 ], [ -103.40798, 44.474493 ], [ -103.397691, 44.473948 ], [ -103.397888, 44.463498 ], [ -103.418108, 44.460049 ], [ -103.418147, 44.466969 ] ] ], [ [ [ -103.418361, 44.488647 ], [ -103.408454, 44.488925 ], [ -103.408465, 44.48185 ], [ -103.418349, 44.481807 ], [ -103.418361, 44.488647 ] ] ], [ [ [ -103.439133, 44.470523 ], [ -103.428009, 44.470526 ], [ -103.428031, 44.464171 ], [ -103.439133, 44.467418 ], [ -103.439133, 44.470523 ] ] ], [ [ [ -106.693601, 45.358886 ], [ -106.688489, 45.358886 ], [ -106.688532, 45.380509 ], [ -106.668333, 45.380514 ], [ -106.66835, 45.395101 ], [ -106.647592, 45.395099 ], [ -106.647589, 45.380892 ], [ -106.62678, 45.380882 ], [ -106.626824, 45.366299 ], [ -106.647307, 45.365553 ], [ -106.647273, 45.351703 ], [ -106.668149, 45.351703 ], [ -106.66815, 45.358811 ], [ -106.673262, 45.358811 ], [ -106.673263, 45.355219 ], [ -106.693601, 45.355219 ], [ -106.693601, 45.358886 ] ] ], [ [ [ -106.798057, 45.122019 ], [ -106.782121, 45.119124 ], [ -106.781887, 45.115083 ], [ -106.798062, 45.115102 ], [ -106.798057, 45.122019 ] ] ], [ [ [ -106.81812, 45.1035 ], [ -106.813119, 45.103532 ], [ -106.813086, 45.107299 ], [ -106.792646, 45.107068 ], [ -106.797499, 45.102597 ], [ -106.797456, 45.097986 ], [ -106.806579, 45.099623 ], [ -106.803006, 45.096169 ], [ -106.813499, 45.096101 ], [ -106.818171, 45.099651 ], [ -106.81812, 45.1035 ] ] ], [ [ [ -107.01969, 45.353917 ], [ -107.016289, 45.691401 ], [ -106.974049, 45.691144 ], [ -106.974069, 45.684125 ], [ -106.846491, 45.683828 ], [ -106.846476, 45.676587 ], [ -106.604469, 45.676273 ], [ -106.604586, 45.683481 ], [ -106.544405, 45.683411 ], [ -106.543633, 45.690656 ], [ -106.378216, 45.685611 ], [ -106.378227, 45.67837 ], [ -106.337209, 45.67921 ], [ -106.336963, 45.684305 ], [ -106.285899, 45.683536 ], [ -106.283064, 45.679688 ], [ -106.285434, 45.674665 ], [ -106.290976, 45.676239 ], [ -106.284356, 45.664571 ], [ -106.289595, 45.663723 ], [ -106.287577, 45.653932 ], [ -106.295255, 45.653494 ], [ -106.295949, 45.651036 ], [ -106.278834, 45.640958 ], [ -106.282951, 45.636065 ], [ -106.291797, 45.633742 ], [ -106.275023, 45.633037 ], [ -106.27659, 45.628776 ], [ -106.284854, 45.625553 ], [ -106.286251, 45.619483 ], [ -106.274981, 45.621618 ], [ -106.271855, 45.618717 ], [ -106.273508, 45.616229 ], [ -106.283043, 45.617784 ], [ -106.2799, 45.615849 ], [ -106.285077, 45.611262 ], [ -106.281057, 45.609261 ], [ -106.276218, 45.61145 ], [ -106.274505, 45.607771 ], [ -106.267616, 45.605764 ], [ -106.274572, 45.597964 ], [ -106.27953, 45.600749 ], [ -106.289243, 45.597388 ], [ -106.289856, 45.601345 ], [ -106.294412, 45.598347 ], [ -106.288497, 45.595843 ], [ -106.286711, 45.589527 ], [ -106.294812, 45.588528 ], [ -106.294824, 45.58599 ], [ -106.281801, 45.580179 ], [ -106.2868, 45.577583 ], [ -106.282619, 45.571559 ], [ -106.285409, 45.560559 ], [ -106.290831, 45.56056 ], [ -106.287105, 45.55493 ], [ -106.29795, 45.55379 ], [ -106.295269, 45.551688 ], [ -106.297515, 45.548254 ], [ -106.301449, 45.549712 ], [ -106.30806, 45.541813 ], [ -106.308817, 45.545281 ], [ -106.312165, 45.545221 ], [ -106.313801, 45.542737 ], [ -106.309862, 45.539753 ], [ -106.311816, 45.537041 ], [ -106.32103, 45.543168 ], [ -106.321156, 45.536194 ], [ -106.310156, 45.532217 ], [ -106.32533, 45.531592 ], [ -106.325435, 45.528073 ], [ -106.319938, 45.526941 ], [ -106.320785, 45.520026 ], [ -106.323345, 45.523797 ], [ -106.32786, 45.523815 ], [ -106.324643, 45.516826 ], [ -106.332132, 45.518297 ], [ -106.336643, 45.512982 ], [ -106.331795, 45.502586 ], [ -106.333525, 45.505164 ], [ -106.341585, 45.505077 ], [ -106.341937, 45.499998 ], [ -106.345583, 45.497456 ], [ -106.355307, 45.495637 ], [ -106.356474, 45.492384 ], [ -106.349998, 45.490568 ], [ -106.348724, 45.486553 ], [ -106.356705, 45.486684 ], [ -106.361201, 45.475845 ], [ -106.376009, 45.473661 ], [ -106.379139, 45.470444 ], [ -106.383915, 45.472919 ], [ -106.386628, 45.471041 ], [ -106.38302, 45.467492 ], [ -106.385038, 45.465224 ], [ -106.395462, 45.463629 ], [ -106.4004, 45.466473 ], [ -106.401491, 45.462513 ], [ -106.396676, 45.459178 ], [ -106.392089, 45.462407 ], [ -106.388058, 45.460846 ], [ -106.392721, 45.45206 ], [ -106.396615, 45.450781 ], [ -106.400114, 45.453631 ], [ -106.4025, 45.44828 ], [ -106.410268, 45.452534 ], [ -106.410911, 45.450027 ], [ -106.406439, 45.447476 ], [ -106.412924, 45.445855 ], [ -106.410665, 45.44365 ], [ -106.412939, 45.441513 ], [ -106.416966, 45.445171 ], [ -106.417842, 45.441375 ], [ -106.426271, 45.441087 ], [ -106.425903, 45.437767 ], [ -106.432233, 45.43291 ], [ -106.426044, 45.430697 ], [ -106.436742, 45.42089 ], [ -106.438337, 45.413956 ], [ -106.445095, 45.415275 ], [ -106.446181, 45.421402 ], [ -106.461295, 45.419015 ], [ -106.457145, 45.404926 ], [ -106.461897, 45.408289 ], [ -106.46383, 45.397789 ], [ -106.471962, 45.39983 ], [ -106.474165, 45.397775 ], [ -106.465062, 45.392779 ], [ -106.480653, 45.392409 ], [ -106.477024, 45.385505 ], [ -106.479722, 45.388713 ], [ -106.482213, 45.383964 ], [ -106.484664, 45.386797 ], [ -106.500162, 45.374859 ], [ -106.53337, 45.389512 ], [ -106.545776, 45.38942 ], [ -106.545598, 45.384351 ], [ -106.566362, 45.384506 ], [ -106.566419, 45.38074 ], [ -106.591691, 45.380726 ], [ -106.591577, 45.38799 ], [ -106.607184, 45.387703 ], [ -106.608236, 45.399629 ], [ -106.629141, 45.404521 ], [ -106.638163, 45.40081 ], [ -106.662351, 45.401679 ], [ -106.672352, 45.398394 ], [ -106.696634, 45.404571 ], [ -106.729616, 45.407405 ], [ -106.729543, 45.35148 ], [ -107.01969, 45.353917 ] ], [ [ -106.586647, 45.391516 ], [ -106.581324, 45.3918 ], [ -106.581091, 45.394914 ], [ -106.586587, 45.395149 ], [ -106.586647, 45.391516 ] ] ] ] } },
{ "type": "Feature", "properties": { "AIANNHCE": "4700", "NAMELSAD": "Yankton Reservation", "NAME": "Yankton", "AREA_TYPE": "Reservation", "STATE_NAMES": "Nebraska; South Dakota", "DECLARATIONS": 1, "OWN_REQUEST": 0, "UNDER_STATE": 1, "FIRST_YEAR": 2020.0, "LATEST_YEAR": 2020.0, "INCIDENT_LIST": "Severe Storm", "POPULATION": 6604, "LAND_SQ_MI": 665.1, "N_COUNTIES": 7, "COUNTY_NAMES": "Charles Mix County; Bon Homme County; Boyd County and others", "COUNTY_DISASTER_MAX": 6 }, "geometry": { "type": "Polygon", "coordinates": [ [ [ -98.680688, 43.373157 ], [ -98.069044, 43.184887 ], [ -98.077108, 43.16833 ], [ -98.089817, 43.152543 ], [ -98.092823, 43.119066 ], [ -98.103001, 43.112682 ], [ -98.105241, 43.109251 ], [ -98.103303, 43.105456 ], [ -98.107764, 43.101978 ], [ -98.106542, 43.094133 ], [ -98.109534, 43.087477 ], [ -98.10641, 43.083384 ], [ -98.109342, 43.081279 ], [ -98.105751, 43.077369 ], [ -98.110333, 43.073433 ], [ -98.106705, 43.059278 ], [ -98.103272, 43.056535 ], [ -98.102792, 43.037117 ], [ -98.094868, 43.029846 ], [ -98.110108, 43.022979 ], [ -98.108044, 43.013855 ], [ -98.111721, 43.013121 ], [ -98.111093, 43.006764 ], [ -98.114178, 43.006534 ], [ -98.110772, 42.997244 ], [ -98.107127, 42.998526 ], [ -98.106531, 42.992351 ], [ -98.103602, 42.992375 ], [ -98.105252, 42.990087 ], [ -98.101681, 42.98869 ], [ -98.100886, 42.982267 ], [ -98.093937, 42.978655 ], [ -98.096614, 42.975315 ], [ -98.092782, 42.973921 ], [ -98.098853, 42.968498 ], [ -98.094709, 42.964955 ], [ -98.098601, 42.963353 ], [ -98.097975, 42.958871 ], [ -98.101276, 42.958321 ], [ -98.101584, 42.952534 ], [ -98.107653, 42.947637 ], [ -98.108677, 42.942857 ], [ -98.103724, 42.937918 ], [ -98.113994, 42.936976 ], [ -98.108732, 42.933365 ], [ -98.112684, 42.932745 ], [ -98.113273, 42.928788 ], [ -98.106642, 42.926252 ], [ -98.106795, 42.922821 ], [ -98.109689, 42.923209 ], [ -98.11429, 42.917146 ], [ -98.111051, 42.913489 ], [ -98.123215, 42.91083 ], [ -98.111876, 42.894482 ], [ -98.115909, 42.881854 ], [ -98.113606, 42.879202 ], [ -98.118855, 42.87444 ], [ -98.117047, 42.869386 ], [ -98.122957, 42.87151 ], [ -98.123701, 42.868605 ], [ -98.130855, 42.869704 ], [ -98.129802, 42.866066 ], [ -98.139472, 42.864744 ], [ -98.138951, 42.856281 ], [ -98.142496, 42.85626 ], [ -98.147723, 42.849516 ], [ -98.150922, 42.853381 ], [ -98.154156, 42.851896 ], [ -98.154496, 42.855098 ], [ -98.160746, 42.851966 ], [ -98.162954, 42.849817 ], [ -98.153447, 42.845822 ], [ -98.153079053416405, 42.839065448144602 ], [ -98.171113, 42.837114 ], [ -98.219826, 42.853157 ], [ -98.25181, 42.872824 ], [ -98.280007, 42.874996 ], [ -98.325864, 42.8865 ], [ -98.34623, 42.902747 ], [ -98.42074, 42.931924 ], [ -98.444145, 42.929242 ], [ -98.448309, 42.936428 ], [ -98.467356, 42.947556 ], [ -98.490483, 42.977948 ], [ -98.495747, 42.988032 ], [ -98.499058, 43.005944 ], [ -98.511247, 43.025322 ], [ -98.524871, 43.039347 ], [ -98.543192, 43.051357 ], [ -98.557477, 43.058965 ], [ -98.615767, 43.073994 ], [ -98.653002, 43.071279 ], [ -98.678024, 43.074008 ], [ -98.680688, 43.373157 ] ] ] } },
{ "type": "Feature", "properties": { "AIANNHCE": "3145", "NAMELSAD": "Resighini Rancheria", "NAME": "Resighini", "AREA_TYPE": "Rancheria", "STATE_NAMES": "California", "DECLARATIONS": 1, "OWN_REQUEST": 1, "UNDER_STATE": 0, "FIRST_YEAR": 2017.0, "LATEST_YEAR": 2017.0, "INCIDENT_LIST": "Severe Storm", "POPULATION": 49, "LAND_SQ_MI": 0.4, "N_COUNTIES": 1, "COUNTY_NAMES": "Del Norte County", "COUNTY_DISASTER_MAX": 6 }, "geometry": { "type": "Polygon", "coordinates": [ [ [ -124.027582, 41.51673 ], [ -124.003358, 41.517142 ], [ -124.003371, 41.513448 ], [ -124.025656, 41.51176 ], [ -124.027643, 41.508546 ], [ -124.027582, 41.51673 ] ] ] } },
{ "type": "Feature", "properties": { "AIANNHCE": "4560", "NAMELSAD": "Washoe Ranches Trust Land", "NAME": "Washoe Ranches", "AREA_TYPE": "Off-Reservation Trust Land", "STATE_NAMES": "California; Nevada", "DECLARATIONS": 1, "OWN_REQUEST": 0, "UNDER_STATE": 1, "FIRST_YEAR": 2017.0, "LATEST_YEAR": 2017.0, "INCIDENT_LIST": "Severe Storm", "POPULATION": 3256, "LAND_SQ_MI": 145.0, "N_COUNTIES": 5, "COUNTY_NAMES": "Douglas County; Carson City; Alpine County and others", "COUNTY_DISASTER_MAX": 4 }, "geometry": { "type": "MultiPolygon", "coordinates": [ [ [ [ -119.463304, 38.900639 ], [ -119.459747, 38.903068 ], [ -119.459758, 38.899859 ], [ -119.463304, 38.900639 ] ] ], [ [ [ -119.468008, 39.013392 ], [ -119.463233, 39.013392 ], [ -119.463233, 39.009491 ], [ -119.468008, 39.009491 ], [ -119.468008, 39.013392 ] ] ], [ [ [ -119.463989, 38.903078 ], [ -119.468466, 38.906597 ], [ -119.463989, 38.906597 ], [ -119.463989, 38.903078 ] ] ], [ [ [ -119.473038, 39.001952 ], [ -119.46822, 39.001959 ], [ -119.46822, 38.997937 ], [ -119.473038, 38.997938 ], [ -119.473038, 39.001952 ] ] ], [ [ [ -119.473086, 38.89515 ], [ -119.455329, 38.896488 ], [ -119.455329, 38.882011 ], [ -119.464378, 38.87842 ], [ -119.464378, 38.874796 ], [ -119.45578, 38.874799 ], [ -119.45578, 38.867523 ], [ -119.473088, 38.86753 ], [ -119.473086, 38.89515 ] ] ], [ [ [ -119.477316, 39.013392 ], [ -119.472515, 39.013392 ], [ -119.472515, 39.009517 ], [ -119.477316, 39.009512 ], [ -119.477316, 39.013392 ] ] ], [ [ [ -119.479883, 38.838412 ], [ -119.465794, 38.838414 ], [ -119.465772, 38.834713 ], [ -119.479885, 38.834692 ], [ -119.479883, 38.838412 ] ] ], [ [ [ -119.480437, 38.871139 ], [ -119.477991, 38.876602 ], [ -119.477991, 38.871139 ], [ -119.480437, 38.871139 ] ] ], [ [ [ -119.486939, 39.001635 ], [ -119.48219, 39.00194 ], [ -119.48219, 38.99794 ], [ -119.486939, 38.997941 ], [ -119.486939, 39.001635 ] ] ], [ [ [ -119.48739, 38.682894 ], [ -119.482949, 38.682894 ], [ -119.483076, 38.693842 ], [ -119.469195, 38.693861 ], [ -119.469112, 38.701116 ], [ -119.464499, 38.701205 ], [ -119.464499, 38.693916 ], [ -119.45983, 38.693916 ], [ -119.459773, 38.679294 ], [ -119.48739, 38.679205 ], [ -119.48739, 38.682894 ] ] ], [ [ [ -119.490994, 39.078653 ], [ -119.481638, 39.078621 ], [ -119.481735, 39.067371 ], [ -119.486557, 39.06741 ], [ -119.48655, 39.07491 ], [ -119.491004, 39.074948 ], [ -119.490994, 39.078653 ] ] ], [ [ [ -119.505182, 39.085906 ], [ -119.495757, 39.082344 ], [ -119.495758, 39.07864 ], [ -119.505191, 39.075164 ], [ -119.505182, 39.085906 ] ] ], [ [ [ -119.505187, 39.07162 ], [ -119.495557, 39.07162 ], [ -119.495557, 39.067838 ], [ -119.500322, 39.067838 ], [ -119.500322, 39.06043 ], [ -119.505187, 39.060508 ], [ -119.505187, 39.07162 ] ] ], [ [ [ -119.507361, 38.771248 ], [ -119.503312, 38.773024 ], [ -119.503314, 38.771272 ], [ -119.507361, 38.771248 ] ] ], [ [ [ -119.514536, 39.10023 ], [ -119.505053, 39.100244 ], [ -119.505069, 39.096501 ], [ -119.514511, 39.096499 ], [ -119.514536, 39.10023 ] ] ], [ [ [ -119.517089, 38.791038 ], [ -119.507932, 38.794675 ], [ -119.503293, 38.787381 ], [ -119.517089, 38.787383 ], [ -119.517089, 38.791038 ] ] ], [ [ [ -119.517131, 38.809127 ], [ -119.512606, 38.809127 ], [ -119.512606, 38.805507 ], [ -119.517131, 38.805507 ], [ -119.517131, 38.809127 ] ] ], [ [ [ -119.519182, 39.075978 ], [ -119.51919, 39.078719 ], [ -119.514336, 39.078712 ], [ -119.514347, 39.075157 ], [ -119.519182, 39.075978 ] ] ], [ [ [ -119.547712, 39.086379 ], [ -119.528844, 39.08595 ], [ -119.528881, 39.08227 ], [ -119.523827, 39.082263 ], [ -119.523832, 39.078637 ], [ -119.528199, 39.078643 ], [ -119.528208, 39.071623 ], [ -119.51878, 39.071611 ], [ -119.518789, 39.064436 ], [ -119.537637, 39.064454 ], [ -119.537634, 39.060747 ], [ -119.542498, 39.060736 ], [ -119.542488, 39.064363 ], [ -119.547057, 39.064383 ], [ -119.547097, 39.071716 ], [ -119.537864, 39.071688 ], [ -119.537835, 39.078794 ], [ -119.547678, 39.078796 ], [ -119.547712, 39.086379 ] ] ], [ [ [ -119.556822, 38.697548 ], [ -119.552282, 38.697547 ], [ -119.552246, 38.701142 ], [ -119.556858, 38.701171 ], [ -119.556817, 38.704095 ], [ -119.547636, 38.703693 ], [ -119.547643, 38.701064 ], [ -119.543125, 38.701209 ], [ -119.543182, 38.697636 ], [ -119.540422, 38.697408 ], [ -119.539867, 38.701104 ], [ -119.506071, 38.697549 ], [ -119.506033, 38.693668 ], [ -119.501168, 38.693726 ], [ -119.501207, 38.690135 ], [ -119.519704, 38.686609 ], [ -119.519231, 38.679128 ], [ -119.528334, 38.679037 ], [ -119.529035, 38.690099 ], [ -119.533646, 38.690096 ], [ -119.533815, 38.693826 ], [ -119.53837, 38.693912 ], [ -119.538138, 38.682525 ], [ -119.540890787891996, 38.682282418840103 ], [ -119.547711, 38.689787 ], [ -119.552575459815003, 38.690395387181802 ], [ -119.552282, 38.693922 ], [ -119.556895, 38.694409 ], [ -119.556822, 38.697548 ] ] ], [ [ [ -119.568943, 38.728429 ], [ -119.563668, 38.724322 ], [ -119.564139, 38.7187 ], [ -119.568935, 38.718685 ], [ -119.568943, 38.728429 ] ] ], [ [ [ -119.590204, 38.899556 ], [ -119.5809, 38.899557 ], [ -119.5809, 38.892324 ], [ -119.585273, 38.892326 ], [ -119.590204, 38.899556 ] ] ], [ [ [ -119.595153, 38.906901 ], [ -119.58994, 38.906887 ], [ -119.589945, 38.903327 ], [ -119.59521, 38.903155 ], [ -119.595153, 38.906901 ] ] ], [ [ [ -119.59616, 38.874548 ], [ -119.58682, 38.878153 ], [ -119.582188, 38.870824 ], [ -119.59616, 38.870824 ], [ -119.59616, 38.874548 ] ] ], [ [ [ -119.600792, 38.881758 ], [ -119.59616, 38.881758 ], [ -119.59616, 38.878153 ], [ -119.600792, 38.878153 ], [ -119.600792, 38.881758 ] ] ], [ [ [ -119.610001, 38.85998 ], [ -119.591391, 38.863652 ], [ -119.595987, 38.85623 ], [ -119.591288, 38.856252 ], [ -119.591286, 38.852541 ], [ -119.610003, 38.85628 ], [ -119.610001, 38.85998 ] ] ], [ [ [ -119.613817, 38.831568 ], [ -119.611626, 38.832175 ], [ -119.610228, 38.829155 ], [ -119.612436, 38.828549 ], [ -119.613817, 38.831568 ] ] ], [ [ [ -119.62288, 38.910676 ], [ -119.61803, 38.910676 ], [ -119.61803, 38.903302 ], [ -119.622795, 38.903305 ], [ -119.62288, 38.910676 ] ] ], [ [ [ -119.630786, 38.747363 ], [ -119.630755122308003, 38.744471646936098 ], [ -119.634932032912005, 38.747355181622503 ], [ -119.630786, 38.747363 ] ] ], [ [ [ -119.659738, 38.933406 ], [ -119.654906, 38.940025 ], [ -119.631791, 38.940037 ], [ -119.631791, 38.932798 ], [ -119.638098, 38.932815 ], [ -119.638013, 38.929053 ], [ -119.625296, 38.927282 ], [ -119.625193, 38.923729 ], [ -119.619454, 38.923707 ], [ -119.619359, 38.919358 ], [ -119.604079, 38.919385 ], [ -119.604093, 38.914216 ], [ -119.599311, 38.914215 ], [ -119.599354, 38.91791 ], [ -119.585058, 38.917876 ], [ -119.585058, 38.910431 ], [ -119.594692, 38.910456 ], [ -119.595153, 38.906901 ], [ -119.599464, 38.906902 ], [ -119.599523, 38.910509 ], [ -119.608809, 38.910513 ], [ -119.608809, 38.914208 ], [ -119.627499, 38.915228 ], [ -119.62748, 38.922027 ], [ -119.632601, 38.922027 ], [ -119.632687, 38.925808 ], [ -119.641495, 38.925899 ], [ -119.641447, 38.92956 ], [ -119.65516, 38.929463 ], [ -119.659738, 38.933406 ] ] ], [ [ [ -119.677157, 39.01206 ], [ -119.677148, 39.027358 ], [ -119.630906, 39.027402 ], [ -119.630907, 39.012045 ], [ -119.640389, 39.012037 ], [ -119.640386, 39.004914 ], [ -119.649748, 39.00491 ], [ -119.649762, 39.012023 ], [ -119.677157, 39.01206 ] ] ], [ [ [ -119.672643, 38.997608 ], [ -119.677208, 39.001261 ], [ -119.672639, 39.001255 ], [ -119.672643, 38.997608 ] ] ], [ [ [ -119.677277, 38.870496 ], [ -119.67284, 38.870496 ], [ -119.67284, 38.866884 ], [ -119.677277, 38.866884 ], [ -119.677277, 38.870496 ] ] ], [ [ [ -119.691034, 38.801965 ], [ -119.677249, 38.801964 ], [ -119.67727, 38.852423 ], [ -119.658761, 38.852293 ], [ -119.65877, 38.867019 ], [ -119.651153, 38.867015 ], [ -119.651127, 38.874581 ], [ -119.642922, 38.87483 ], [ -119.642816, 38.881831 ], [ -119.609731, 38.881802 ], [ -119.609731, 38.888934 ], [ -119.604456, 38.88893 ], [ -119.604456, 38.896037 ], [ -119.595251, 38.896037 ], [ -119.595243, 38.88888 ], [ -119.60546, 38.885314 ], [ -119.60547, 38.871121 ], [ -119.623736, 38.87088 ], [ -119.623751, 38.852201 ], [ -119.64136, 38.852041 ], [ -119.641365, 38.8453 ], [ -119.632511, 38.841915 ], [ -119.632511, 38.838458 ], [ -119.641488, 38.838473 ], [ -119.641485, 38.82389 ], [ -119.627972, 38.823893 ], [ -119.627969, 38.83115 ], [ -119.623325, 38.83115 ], [ -119.623334, 38.827439 ], [ -119.614162, 38.827437 ], [ -119.618716, 38.820143 ], [ -119.609478, 38.820143 ], [ -119.609478, 38.816563 ], [ -119.604924, 38.816563 ], [ -119.604924, 38.820143 ], [ -119.600284, 38.820155 ], [ -119.600283, 38.831117 ], [ -119.609695, 38.831118 ], [ -119.609715, 38.841988 ], [ -119.619124, 38.841988 ], [ -119.619124, 38.852555 ], [ -119.5864, 38.849094 ], [ -119.586385, 38.831077 ], [ -119.568069, 38.831077 ], [ -119.568067, 38.838553 ], [ -119.558772, 38.838553 ], [ -119.558772, 38.842092 ], [ -119.56817, 38.842092 ], [ -119.568171, 38.849117 ], [ -119.577534, 38.849117 ], [ -119.57752, 38.852673 ], [ -119.568279, 38.852675 ], [ -119.568292, 38.85859 ], [ -119.572847, 38.859886 ], [ -119.572848, 38.856291 ], [ -119.577273, 38.856292 ], [ -119.577255, 38.888149 ], [ -119.580892, 38.888842 ], [ -119.5809, 38.892324 ], [ -119.572139, 38.892299 ], [ -119.572007, 38.888621 ], [ -119.566541, 38.888879 ], [ -119.56656, 38.914576 ], [ -119.556962, 38.914556 ], [ -119.55694, 38.921741 ], [ -119.566315, 38.921763 ], [ -119.566325, 38.932711 ], [ -119.561914, 38.932711 ], [ -119.561908, 38.939875 ], [ -119.56639, 38.939875 ], [ -119.56639, 38.950888 ], [ -119.570448, 38.950888 ], [ -119.570448, 38.954558 ], [ -119.566208, 38.954558 ], [ -119.566208, 38.961806 ], [ -119.58378, 38.961806 ], [ -119.583796, 38.968948 ], [ -119.622063, 38.968948 ], [ -119.622055, 38.983074 ], [ -119.612044, 38.983067 ], [ -119.612073, 39.020288 ], [ -119.602443, 39.020288 ], [ -119.602464, 39.013145 ], [ -119.592916, 39.013145 ], [ -119.592916, 39.005636 ], [ -119.602745, 39.005636 ], [ -119.602746, 38.998391 ], [ -119.593542, 38.998394 ], [ -119.593542, 38.984018 ], [ -119.56493, 38.986858 ], [ -119.564904, 39.005762 ], [ -119.547109, 39.005806 ], [ -119.547061, 39.013565 ], [ -119.556105, 39.013685 ], [ -119.556145, 39.028094 ], [ -119.547438, 39.028093 ], [ -119.54744, 39.057072 ], [ -119.528698, 39.057085 ], [ -119.528699, 39.049802 ], [ -119.509936, 39.053466 ], [ -119.509943, 39.046159 ], [ -119.505203, 39.04617 ], [ -119.505199, 39.038921 ], [ -119.509918, 39.038935 ], [ -119.509884, 39.028054 ], [ -119.491089, 39.028055 ], [ -119.491108, 39.013397 ], [ -119.509877, 39.013398 ], [ -119.509626, 39.009459 ], [ -119.500591, 39.005613 ], [ -119.500587, 38.997948 ], [ -119.491517, 38.997942 ], [ -119.491517, 38.990304 ], [ -119.537358, 38.99033 ], [ -119.537354, 38.997549 ], [ -119.546641, 38.997552 ], [ -119.546686, 38.979529 ], [ -119.542141, 38.979523 ], [ -119.542159, 38.983327 ], [ -119.532804, 38.983456 ], [ -119.532789, 38.976094 ], [ -119.528354, 38.976094 ], [ -119.528216, 38.983459 ], [ -119.486859, 38.983478 ], [ -119.486856, 38.987241 ], [ -119.472555, 38.987233 ], [ -119.472503, 38.946849 ], [ -119.481891, 38.9469 ], [ -119.481904, 38.954609 ], [ -119.490888, 38.954616 ], [ -119.490915, 38.947335 ], [ -119.486411, 38.947344 ], [ -119.48641, 38.928598 ], [ -119.491064, 38.928622 ], [ -119.491127, 38.917882 ], [ -119.482044, 38.914162 ], [ -119.482046, 38.899865 ], [ -119.473091, 38.903422 ], [ -119.473086, 38.896496 ], [ -119.482027, 38.8965 ], [ -119.48203, 38.892913 ], [ -119.486701, 38.892915 ], [ -119.48669, 38.896319 ], [ -119.519476, 38.896319 ], [ -119.51947, 38.903682 ], [ -119.509983, 38.903682 ], [ -119.509983, 38.91445 ], [ -119.514642, 38.91445 ], [ -119.514642, 38.907176 ], [ -119.519403, 38.907176 ], [ -119.519403, 38.910722 ], [ -119.528756, 38.910722 ], [ -119.528756, 38.907124 ], [ -119.523995, 38.907124 ], [ -119.52398, 38.903397 ], [ -119.538529, 38.903397 ], [ -119.538529, 38.899809 ], [ -119.533541, 38.899667 ], [ -119.533541, 38.896162 ], [ -119.524124, 38.899753 ], [ -119.524124, 38.881755 ], [ -119.514977, 38.881755 ], [ -119.514966, 38.86751 ], [ -119.502158, 38.867507 ], [ -119.502158, 38.852797 ], [ -119.512493, 38.852797 ], [ -119.512493, 38.838291 ], [ -119.535872, 38.838291 ], [ -119.535867, 38.834767 ], [ -119.540342, 38.834743 ], [ -119.540342, 38.830917 ], [ -119.530801, 38.830917 ], [ -119.530789, 38.816316 ], [ -119.54887, 38.816316 ], [ -119.549136, 38.81271 ], [ -119.558517, 38.816269 ], [ -119.558517, 38.809105 ], [ -119.53067, 38.809105 ], [ -119.53067, 38.801848 ], [ -119.535361, 38.801848 ], [ -119.535367, 38.787353 ], [ -119.53074, 38.787353 ], [ -119.53074, 38.780015 ], [ -119.54925, 38.780015 ], [ -119.55209, 38.740701 ], [ -119.538523, 38.740701 ], [ -119.5385, 38.758456 ], [ -119.547423, 38.762131 ], [ -119.544655, 38.769385 ], [ -119.535871, 38.769383 ], [ -119.53537, 38.765648 ], [ -119.51244, 38.76567 ], [ -119.512465, 38.771226 ], [ -119.507361, 38.771248 ], [ -119.50609, 38.758385 ], [ -119.515285, 38.758383 ], [ -119.515291, 38.751357 ], [ -119.497014, 38.751355 ], [ -119.497014, 38.744372 ], [ -119.478573, 38.744432 ], [ -119.478573, 38.75165 ], [ -119.483201, 38.751686 ], [ -119.483201, 38.755186 ], [ -119.478527, 38.755186 ], [ -119.473898, 38.762221 ], [ -119.464642, 38.762258 ], [ -119.464642, 38.765684 ], [ -119.460014, 38.765684 ], [ -119.460029, 38.708178 ], [ -119.515409, 38.708162 ], [ -119.515424, 38.715451 ], [ -119.53396, 38.715484 ], [ -119.534452, 38.722768 ], [ -119.552229, 38.722775 ], [ -119.552234, 38.719134 ], [ -119.561171, 38.719164 ], [ -119.561175, 38.730035 ], [ -119.55705, 38.730043 ], [ -119.557619, 38.733621 ], [ -119.561169, 38.733637 ], [ -119.56129, 38.743761 ], [ -119.570192, 38.744244 ], [ -119.570032, 38.736586 ], [ -119.619332460231007, 38.736585999999697 ], [ -119.625863, 38.741094365087903 ], [ -119.625848, 38.75113 ], [ -119.635047, 38.751152 ], [ -119.635047, 38.747434549274203 ], [ -119.661352111802003, 38.765594311236498 ], [ -119.677235, 38.765596 ], [ -119.677078, 38.780162 ], [ -119.691009, 38.780163 ], [ -119.691034, 38.801965 ] ], [ [ -119.664755, 38.824314 ], [ -119.659957, 38.824332 ], [ -119.659945, 38.827864 ], [ -119.664778, 38.827893 ], [ -119.664755, 38.824314 ] ], [ [ -119.664377, 38.802034 ], [ -119.659911, 38.802034 ], [ -119.659911, 38.809508 ], [ -119.664377, 38.809508 ], [ -119.664377, 38.802034 ] ], [ [ -119.623182, 38.772918 ], [ -119.61394, 38.772918 ], [ -119.61394, 38.780327 ], [ -119.623182, 38.780327 ], [ -119.623182, 38.772918 ] ], [ [ -119.614072, 38.795087 ], [ -119.609482, 38.795087 ], [ -119.609482, 38.791398 ], [ -119.604776, 38.791398 ], [ -119.60503, 38.798696 ], [ -119.614169, 38.798714 ], [ -119.614072, 38.795087 ] ], [ [ -119.586342, 38.819952 ], [ -119.5816, 38.819952 ], [ -119.5816, 38.823649 ], [ -119.586342, 38.823649 ], [ -119.586342, 38.819952 ] ], [ [ -119.57939, 38.747691 ], [ -119.574631, 38.747691 ], [ -119.574631, 38.751431 ], [ -119.57939, 38.751431 ], [ -119.57939, 38.747691 ] ], [ [ -119.572974, 38.878078 ], [ -119.56826, 38.878069 ], [ -119.56826, 38.881776 ], [ -119.572974, 38.881776 ], [ -119.572974, 38.878078 ] ], [ [ -119.572405, 38.783757 ], [ -119.567749, 38.783757 ], [ -119.567749, 38.791094 ], [ -119.572405, 38.791094 ], [ -119.572405, 38.783757 ] ], [ [ -119.565581, 38.754917 ], [ -119.561074, 38.754917 ], [ -119.561074, 38.758545 ], [ -119.565581, 38.758545 ], [ -119.565581, 38.754917 ] ], [ [ -119.565545, 38.747719 ], [ -119.561074, 38.747696 ], [ -119.561075, 38.751487 ], [ -119.565545, 38.751487 ], [ -119.565545, 38.747719 ] ], [ [ -119.553834, 38.874352 ], [ -119.544162, 38.874352 ], [ -119.544159, 38.881725 ], [ -119.554016, 38.881727 ], [ -119.553834, 38.874352 ] ], [ [ -119.55225, 38.733583 ], [ -119.543034, 38.733583 ], [ -119.543034, 38.737259 ], [ -119.55225, 38.737259 ], [ -119.55225, 38.733583 ] ], [ [ -119.544296, 38.870846 ], [ -119.54429, 38.863579 ], [ -119.539269, 38.863579 ], [ -119.539264, 38.867215 ], [ -119.53438, 38.867211 ], [ -119.534383, 38.870854 ], [ -119.544296, 38.870846 ] ], [ [ -119.539247, 38.878089 ], [ -119.534209, 38.878089 ], [ -119.534207, 38.881734 ], [ -119.539243, 38.881729 ], [ -119.539247, 38.878089 ] ], [ [ -119.538043, 39.03533 ], [ -119.52858, 39.03533 ], [ -119.52858, 39.042625 ], [ -119.538043, 39.042625 ], [ -119.538043, 39.03533 ] ], [ [ -119.537806, 39.005571 ], [ -119.523646, 39.005567 ], [ -119.519129, 39.013594 ], [ -119.537803, 39.013595 ], [ -119.537806, 39.005571 ] ], [ [ -119.535365, 38.849223 ], [ -119.530407, 38.849224 ], [ -119.530416, 38.852863 ], [ -119.535365, 38.852863 ], [ -119.535365, 38.849223 ] ], [ [ -119.524393, 38.947442 ], [ -119.519541, 38.947013 ], [ -119.519541, 38.950658 ], [ -119.524366, 38.950658 ], [ -119.524393, 38.947442 ] ], [ [ -119.523714, 38.968762 ], [ -119.51442, 38.968775 ], [ -119.514415, 38.976005 ], [ -119.523712, 38.975993 ], [ -119.523714, 38.968762 ] ], [ [ -119.509913, 38.968775 ], [ -119.505225, 38.968782 ], [ -119.505222, 38.976079 ], [ -119.509909, 38.976106 ], [ -119.509913, 38.968775 ] ], [ [ -119.491141, 38.899993 ], [ -119.486569, 38.900028 ], [ -119.48657, 38.903599 ], [ -119.491141, 38.90358 ], [ -119.491141, 38.899993 ] ], [ [ -119.483147, 38.979712 ], [ -119.478747, 38.97955 ], [ -119.478618, 38.982543 ], [ -119.482968, 38.982667 ], [ -119.483147, 38.979712 ] ], [ [ -119.482101, 38.965304 ], [ -119.477341, 38.965304 ], [ -119.477341, 38.968967 ], [ -119.482116, 38.968967 ], [ -119.482101, 38.965304 ] ], [ [ -119.604776, 38.791398 ], [ -119.604776, 38.787642 ], [ -119.600129, 38.787642 ], [ -119.600129, 38.791398 ], [ -119.604776, 38.791398 ] ] ], [ [ [ -119.695905, 39.113763 ], [ -119.620751, 39.114561 ], [ -119.621651, 39.100467 ], [ -119.60273, 39.100461 ], [ -119.602681, 39.097074 ], [ -119.599991, 39.096955 ], [ -119.597987, 39.100463 ], [ -119.56998, 39.100451 ], [ -119.56998, 39.096599 ], [ -119.593332, 39.093432 ], [ -119.593269, 39.086513 ], [ -119.621646, 39.086005 ], [ -119.621677, 39.079074 ], [ -119.631078, 39.079073 ], [ -119.630606, 39.107252 ], [ -119.639981, 39.107262 ], [ -119.640026, 39.099982 ], [ -119.677423, 39.09929 ], [ -119.677431, 39.1064 ], [ -119.695919, 39.106409 ], [ -119.695905, 39.113763 ] ] ], [ [ [ -119.714375, 38.823554 ], [ -119.704892, 38.823552 ], [ -119.704889, 38.808957 ], [ -119.714372, 38.808956 ], [ -119.714375, 38.823554 ] ] ], [ [ [ -119.714622, 39.124871 ], [ -119.695905, 39.124902 ], [ -119.695905, 39.113763 ], [ -119.705244, 39.113783 ], [ -119.705729, 39.121096 ], [ -119.714622, 39.121097 ], [ -119.714622, 39.124871 ] ] ] ] } },
{ "type": "Feature", "properties": { "AIANNHCE": "1150", "NAMELSAD": "Fort Belknap Reservation and Off-Reservation Trust Land", "NAME": "Fort Belknap", "AREA_TYPE": "Reservation", "STATE_NAMES": "Montana", "DECLARATIONS": 4, "OWN_REQUEST": 0, "UNDER_STATE": 4, "FIRST_YEAR": 2011.0, "LATEST_YEAR": 2024.0, "INCIDENT_LIST": "Flood; Severe Storm", "POPULATION": 3389, "LAND_SQ_MI": 1014.8, "N_COUNTIES": 2, "COUNTY_NAMES": "Blaine County; Phillips County", "COUNTY_DISASTER_MAX": 6 }, "geometry": { "type": "MultiPolygon", "coordinates": [ [ [ [ -108.909812, 47.913994 ], [ -108.888361, 47.91419 ], [ -108.888421, 47.899701 ], [ -108.877166, 47.899755 ], [ -108.877022, 47.885323 ], [ -108.888491, 47.88525 ], [ -108.888493, 47.870608 ], [ -108.909817, 47.873776 ], [ -108.909788, 47.885099 ], [ -108.904739, 47.885168 ], [ -108.904718, 47.896056 ], [ -108.893611, 47.895988 ], [ -108.893566, 47.899603 ], [ -108.910085, 47.899279 ], [ -108.909812, 47.913994 ] ] ], [ [ [ -108.937439, 47.993097 ], [ -108.92587, 47.993134 ], [ -108.925843, 48.000912 ], [ -108.931137, 48.0009 ], [ -108.93115, 48.004516 ], [ -108.920705, 48.004434 ], [ -108.920696, 48.001057 ], [ -108.915075, 48.001056 ], [ -108.91532, 47.993049 ], [ -108.909403, 47.993049 ], [ -108.909304, 47.986763 ], [ -108.937349, 47.986574 ], [ -108.937439, 47.993097 ] ] ], [ [ [ -108.952423, 48.117911 ], [ -108.952419, 48.137245 ], [ -108.946788, 48.137243 ], [ -108.946811, 48.133585 ], [ -108.930838, 48.133788 ], [ -108.930972, 48.129331 ], [ -108.941653, 48.129253 ], [ -108.941722, 48.117199 ], [ -108.952423, 48.117911 ] ] ], [ [ [ -108.980168, 48.019098 ], [ -108.974481, 48.019088 ], [ -108.974461, 48.02268 ], [ -108.963696, 48.022639 ], [ -108.963799, 48.015448 ], [ -108.958407, 48.015457 ], [ -108.958458, 48.011838 ], [ -108.97439, 48.011826 ], [ -108.974362, 48.015438 ], [ -108.980213, 48.015433 ], [ -108.980168, 48.019098 ] ] ], [ [ [ -108.995837, 48.162673 ], [ -108.990584, 48.162692 ], [ -108.990572, 48.155548 ], [ -108.973896, 48.15244 ], [ -108.973966, 48.16259 ], [ -108.984933, 48.162568 ], [ -108.984914, 48.169805 ], [ -108.973992, 48.16985 ], [ -108.974001, 48.166135 ], [ -108.957805, 48.16612 ], [ -108.957757, 48.162599 ], [ -108.952411, 48.162587 ], [ -108.952374, 48.155368 ], [ -108.941709, 48.151897 ], [ -108.941696, 48.148211 ], [ -108.936121, 48.148203 ], [ -108.936106, 48.144566 ], [ -108.952313, 48.144522 ], [ -108.952325, 48.148108 ], [ -108.995693, 48.148187 ], [ -108.995837, 48.162673 ] ] ], [ [ [ -108.995949, 48.177189 ], [ -108.974252, 48.180799 ], [ -108.97405, 48.173483 ], [ -108.995856, 48.169819 ], [ -108.995949, 48.177189 ] ] ], [ [ [ -109.049614, 48.015878 ], [ -109.049522, 48.018298 ], [ -109.044275, 48.018322 ], [ -109.044096, 48.021889 ], [ -109.049448, 48.021969 ], [ -109.048817, 48.033957 ], [ -109.043584, 48.033919 ], [ -109.043982, 48.030077 ], [ -109.028097, 48.030006 ], [ -109.028223, 48.015438 ], [ -109.049614, 48.015878 ] ] ], [ [ [ -109.081604, 48.121185 ], [ -109.069102, 48.12113 ], [ -109.069011, 48.116896 ], [ -109.074872, 48.116743 ], [ -109.074885, 48.113354 ], [ -109.055217, 48.113627 ], [ -109.055197, 48.109466 ], [ -109.049659, 48.109534 ], [ -109.049639, 48.116994 ], [ -109.044365, 48.116811 ], [ -109.044411, 48.113505 ], [ -109.034004, 48.113532 ], [ -109.034063, 48.119916 ], [ -109.038707, 48.119946 ], [ -109.038741, 48.125329 ], [ -109.023041, 48.12535 ], [ -109.023063, 48.12951 ], [ -109.017396, 48.129526 ], [ -109.017373, 48.125157 ], [ -109.005477, 48.125191 ], [ -109.005771, 48.121471 ], [ -108.990616, 48.1214 ], [ -108.99057, 48.129259 ], [ -108.979256, 48.129228 ], [ -108.979444, 48.121451 ], [ -108.97403, 48.121457 ], [ -108.974036, 48.109857 ], [ -108.968709, 48.109935 ], [ -108.968719, 48.102856 ], [ -108.963224, 48.10288 ], [ -108.963156, 48.113802 ], [ -108.968663, 48.113757 ], [ -108.968645, 48.117189 ], [ -108.952435, 48.117199 ], [ -108.952646, 48.102905 ], [ -108.94188, 48.102864 ], [ -108.941901, 48.09932 ], [ -108.936326, 48.099371 ], [ -108.936331, 48.106227 ], [ -108.930953, 48.106226 ], [ -108.931094, 48.099052 ], [ -108.914629, 48.099098 ], [ -108.914687, 48.120865 ], [ -108.919985, 48.120816 ], [ -108.920074, 48.13365 ], [ -108.909121, 48.133663 ], [ -108.909521, 48.141324 ], [ -108.919533, 48.1405 ], [ -108.919702, 48.154903 ], [ -108.930691, 48.157973 ], [ -108.930807, 48.162638 ], [ -108.898226, 48.162704 ], [ -108.898398, 48.177329 ], [ -108.887461, 48.177512 ], [ -108.887572, 48.191679 ], [ -108.908743, 48.191646 ], [ -108.908857, 48.198662 ], [ -108.887627, 48.198548 ], [ -108.888133, 48.535818 ], [ -108.882794, 48.539179 ], [ -108.878409, 48.538154 ], [ -108.877971, 48.543583 ], [ -108.871353, 48.54411 ], [ -108.875327, 48.542708 ], [ -108.871967, 48.536868 ], [ -108.874742, 48.533657 ], [ -108.861926, 48.532106 ], [ -108.865584, 48.524429 ], [ -108.85453, 48.523694 ], [ -108.854372, 48.519509 ], [ -108.861679, 48.516986 ], [ -108.861671, 48.513986 ], [ -108.839672, 48.513984 ], [ -108.839127, 48.50693 ], [ -108.834997, 48.508278 ], [ -108.830491, 48.503916 ], [ -108.819571, 48.508112 ], [ -108.821005, 48.504913 ], [ -108.815948, 48.503127 ], [ -108.813981, 48.498401 ], [ -108.793822, 48.503202 ], [ -108.803392, 48.491728 ], [ -108.799687, 48.49069 ], [ -108.790641, 48.488592 ], [ -108.790278, 48.491267 ], [ -108.784014, 48.492796 ], [ -108.779551, 48.48546 ], [ -108.772645, 48.492465 ], [ -108.773162, 48.48633 ], [ -108.770003, 48.485606 ], [ -108.750703, 48.493656 ], [ -108.74117, 48.487069 ], [ -108.738025, 48.494654 ], [ -108.734877, 48.491736 ], [ -108.737152, 48.487544 ], [ -108.734109, 48.485869 ], [ -108.72703, 48.49727 ], [ -108.72481, 48.490107 ], [ -108.713583, 48.485481 ], [ -108.713023, 48.491402 ], [ -108.720974, 48.494479 ], [ -108.713957, 48.498013 ], [ -108.721956, 48.500484 ], [ -108.715712, 48.501253 ], [ -108.691902, 48.490587 ], [ -108.697542, 48.485832 ], [ -108.688765, 48.486048 ], [ -108.690335, 48.479147 ], [ -108.681515, 48.480475 ], [ -108.670945, 48.474425 ], [ -108.66908, 48.480971 ], [ -108.664869, 48.481421 ], [ -108.66574, 48.484878 ], [ -108.661881, 48.486385 ], [ -108.658161, 48.48243 ], [ -108.653763, 48.482619 ], [ -108.654708, 48.488707 ], [ -108.651917, 48.490516 ], [ -108.631111, 48.483723 ], [ -108.631887, 48.480998 ], [ -108.637267, 48.480939 ], [ -108.627945, 48.476648 ], [ -108.627824, 48.469824 ], [ -108.620442, 48.473804 ], [ -108.620575, 48.477679 ], [ -108.61646, 48.478194 ], [ -108.613609, 48.47274 ], [ -108.608919, 48.477455 ], [ -108.606156, 48.476035 ], [ -108.607191, 48.468653 ], [ -108.603346, 48.468296 ], [ -108.596956, 48.480227 ], [ -108.590098, 48.479109 ], [ -108.591045, 48.475378 ], [ -108.588152, 48.474254 ], [ -108.58193, 48.479055 ], [ -108.573442, 48.478174 ], [ -108.575526, 48.483214 ], [ -108.572259, 48.484892 ], [ -108.570958, 48.480236 ], [ -108.560854, 48.477663 ], [ -108.564343, 48.474976 ], [ -108.557479, 48.476033 ], [ -108.558446, 48.471181 ], [ -108.548997, 48.472376 ], [ -108.548756, 48.470339 ], [ -108.558214, 48.469273 ], [ -108.557801, 48.464735 ], [ -108.562942, 48.468714 ], [ -108.564228, 48.466637 ], [ -108.562298, 48.461394 ], [ -108.556344, 48.461021 ], [ -108.561872, 48.457541 ], [ -108.549601, 48.454713 ], [ -108.547428, 48.449403 ], [ -108.5404, 48.448583 ], [ -108.546552, 48.443475 ], [ -108.541532, 48.442038 ], [ -108.544072, 48.438995 ], [ -108.540137, 48.435898 ], [ -108.53402, 48.438071 ], [ -108.537607, 48.441465 ], [ -108.530555, 48.439804 ], [ -108.517675, 48.443983 ], [ -108.522175, 48.438281 ], [ -108.511571, 48.441394 ], [ -108.506185, 48.43229 ], [ -108.50953, 48.429095 ], [ -108.497608, 48.426307 ], [ -108.495069, 48.428546 ], [ -108.500698, 48.429352 ], [ -108.50071, 48.43323 ], [ -108.495274, 48.433845 ], [ -108.48533, 48.428088 ], [ -108.494177, 48.425149 ], [ -108.483343, 48.420815 ], [ -108.470795, 48.429013 ], [ -108.474498, 48.42358 ], [ -108.472262, 48.414891 ], [ -108.469162, 48.414384 ], [ -108.469135, 48.421533 ], [ -108.46405, 48.423516 ], [ -108.46284, 48.428103 ], [ -108.447074, 48.412899 ], [ -108.438726, 48.419603 ], [ -108.446722, 48.423735 ], [ -108.440601, 48.429068 ], [ -108.431335, 48.426669 ], [ -108.43399, 48.432652 ], [ -108.427, 48.431387 ], [ -108.425836, 48.435866 ], [ -108.428696, 48.440054 ], [ -108.423063, 48.444761 ], [ -108.418093, 48.441266 ], [ -108.408559, 48.44829 ], [ -108.404453, 48.443734 ], [ -108.398007, 48.445079 ], [ -108.404848, 48.440772 ], [ -108.393266, 48.437769 ], [ -108.392342, 48.442519 ], [ -108.384014, 48.437818 ], [ -108.377545, 48.44233 ], [ -108.374174, 48.436443 ], [ -108.368209, 48.44143 ], [ -108.359574, 48.439003 ], [ -108.367579, 48.430923 ], [ -108.359116, 48.429113 ], [ -108.35425, 48.432563 ], [ -108.353691, 48.428051 ], [ -108.346561, 48.428048 ], [ -108.348087, 48.424046 ], [ -108.343927, 48.420021 ], [ -108.33268, 48.428684 ], [ -108.327952, 48.428393 ], [ -108.328593, 48.417669 ], [ -108.316414, 48.41817 ], [ -108.316146, 48.41045 ], [ -108.310068, 48.411805 ], [ -108.298265, 48.406347 ], [ -108.289376, 48.398189 ], [ -108.300595, 48.399109 ], [ -108.297851, 48.391798 ], [ -108.280966, 48.386419 ], [ -108.365107, 47.888409 ], [ -108.38007, 47.883916 ], [ -108.385183, 47.886164 ], [ -108.400058, 47.883462 ], [ -108.40319, 47.887526 ], [ -108.443755, 47.896403 ], [ -108.456153, 47.893981 ], [ -108.468294, 47.901259 ], [ -108.474727, 47.909385 ], [ -108.483158, 47.91259 ], [ -108.487637, 47.918564 ], [ -108.482676, 47.921487 ], [ -108.484771, 47.923575 ], [ -108.500698, 47.92973 ], [ -108.451917, 47.977219 ], [ -108.569564, 47.981272 ], [ -108.597801, 47.991923 ], [ -108.607579, 47.990997 ], [ -108.623259, 47.957242 ], [ -108.625587, 47.920411 ], [ -108.637566, 47.922872 ], [ -108.656132, 47.919979 ], [ -108.662132, 47.924967 ], [ -108.665277, 47.92207 ], [ -108.885352, 47.922729 ], [ -108.885511, 48.026351 ], [ -108.893336, 48.026365 ], [ -108.893328, 48.022785 ], [ -108.904115, 48.022754 ], [ -108.904128, 48.033596 ], [ -108.893387, 48.033642 ], [ -108.893295, 48.037575 ], [ -108.885547, 48.037562 ], [ -108.885587, 48.048393 ], [ -108.897896, 48.044709 ], [ -108.897975, 48.051925 ], [ -108.909483, 48.051946 ], [ -108.909635, 48.033686 ], [ -108.920348, 48.033701 ], [ -108.920471, 48.030022 ], [ -108.925996, 48.029994 ], [ -108.925684, 48.048249 ], [ -108.947105, 48.05193 ], [ -108.947121, 48.044666 ], [ -108.952755, 48.044705 ], [ -108.95249, 48.059171 ], [ -108.974242, 48.059245 ], [ -108.97425, 48.06649 ], [ -108.978817, 48.066517 ], [ -108.978773, 48.059247 ], [ -108.990161, 48.059323 ], [ -108.989975, 48.066362 ], [ -108.984808, 48.066353 ], [ -108.984816, 48.070019 ], [ -108.995991, 48.069965 ], [ -108.995968, 48.073733 ], [ -109.022129, 48.073753 ], [ -109.022251, 48.081281 ], [ -109.027293, 48.081265 ], [ -109.027387, 48.077559 ], [ -109.039418, 48.077574 ], [ -109.039333, 48.080797 ], [ -109.060455, 48.080825 ], [ -109.060253, 48.102465 ], [ -109.068897, 48.102532 ], [ -109.068823, 48.095604 ], [ -109.081245, 48.098796 ], [ -109.081604, 48.121185 ] ], [ [ -109.038697, 48.088068 ], [ -109.017489, 48.087922 ], [ -109.017195, 48.10242 ], [ -109.038739, 48.102473 ], [ -109.038697, 48.088068 ] ], [ [ -109.007037, 48.088218 ], [ -108.995673, 48.08817 ], [ -108.995123, 48.103537 ], [ -109.00655, 48.102637 ], [ -109.007037, 48.088218 ] ], [ [ -108.995907, 48.106222 ], [ -108.990215, 48.106264 ], [ -108.990222, 48.113553 ], [ -108.995705, 48.113491 ], [ -108.995907, 48.106222 ] ], [ [ -108.925513, 48.08109 ], [ -108.920186, 48.081113 ], [ -108.920168, 48.084531 ], [ -108.925496, 48.084427 ], [ -108.925513, 48.08109 ] ], [ [ -108.909341, 48.088057 ], [ -108.88562, 48.08799 ], [ -108.885638, 48.102565 ], [ -108.90933, 48.102831 ], [ -108.909341, 48.088057 ] ], [ [ -108.909292, 48.10985 ], [ -108.903867, 48.109905 ], [ -108.903894, 48.113549 ], [ -108.909319, 48.113566 ], [ -108.909292, 48.10985 ] ], [ [ -108.903133, 48.12511 ], [ -108.896724, 48.125325 ], [ -108.896779, 48.130977 ], [ -108.903257, 48.131038 ], [ -108.903133, 48.12511 ] ], [ [ -108.898506, 48.131461 ], [ -108.887145, 48.132114 ], [ -108.887152, 48.13377 ], [ -108.898484, 48.133746 ], [ -108.898506, 48.131461 ] ], [ [ -108.984816, 48.070019 ], [ -108.974176, 48.070076 ], [ -108.974222, 48.073751 ], [ -108.968539, 48.073739 ], [ -108.968604, 48.080683 ], [ -108.957954, 48.080638 ], [ -108.957916, 48.077099 ], [ -108.952556, 48.077046 ], [ -108.952488, 48.070082 ], [ -108.968825, 48.070023 ], [ -108.968897, 48.066598 ], [ -108.947209, 48.066587 ], [ -108.947225, 48.062815 ], [ -108.936389, 48.062812 ], [ -108.936465, 48.059177 ], [ -108.931024, 48.059196 ], [ -108.930997, 48.07012 ], [ -108.936291, 48.070153 ], [ -108.936355, 48.081061 ], [ -108.941836, 48.08103 ], [ -108.941786, 48.084581 ], [ -108.936498, 48.084577 ], [ -108.936516, 48.088149 ], [ -108.920233, 48.088127 ], [ -108.920145, 48.09527 ], [ -108.930866, 48.091645 ], [ -108.930819, 48.095402 ], [ -108.947144, 48.095408 ], [ -108.947126, 48.099173 ], [ -108.95249, 48.099164 ], [ -108.952439, 48.088215 ], [ -108.979626, 48.088224 ], [ -108.979573, 48.073707 ], [ -108.984778, 48.073729 ], [ -108.984816, 48.070019 ] ] ], [ [ [ -109.082103, 48.040875 ], [ -109.081625, 48.066745 ], [ -109.022192, 48.065954 ], [ -109.022156, 48.062517 ], [ -109.027497, 48.062454 ], [ -109.027571, 48.059614 ], [ -109.02235, 48.059577 ], [ -109.022385, 48.051593 ], [ -109.027507, 48.051532 ], [ -109.027489, 48.048418 ], [ -109.000723, 48.04804 ], [ -109.000723, 48.044671 ], [ -108.995973, 48.044677 ], [ -108.995997, 48.048086 ], [ -108.985093, 48.048072 ], [ -108.985164, 48.051781 ], [ -108.978788, 48.05177 ], [ -108.978773, 48.059247 ], [ -108.974242, 48.059245 ], [ -108.974274, 48.04473 ], [ -108.990461, 48.044666 ], [ -108.990397, 48.037118 ], [ -108.995922, 48.037112 ], [ -108.995914, 48.029965 ], [ -109.006867, 48.032952 ], [ -109.006833, 48.039948 ], [ -109.012703, 48.039997 ], [ -109.012711, 48.044901 ], [ -109.033207, 48.045052 ], [ -109.03326, 48.036643 ], [ -109.05301, 48.036578 ], [ -109.052847, 48.040497 ], [ -109.082103, 48.040875 ] ], [ [ -109.065844, 48.044763 ], [ -109.038825, 48.045072 ], [ -109.038795, 48.062242 ], [ -109.060291, 48.06227 ], [ -109.060257, 48.048937 ], [ -109.065888, 48.049066 ], [ -109.065844, 48.044763 ] ] ] ] } },
{ "type": "Feature", "properties": { "AIANNHCE": "2785", "NAMELSAD": "Picuris Pueblo", "NAME": "Picuris", "AREA_TYPE": "Pueblo", "STATE_NAMES": "New Mexico", "DECLARATIONS": 1, "OWN_REQUEST": 0, "UNDER_STATE": 1, "FIRST_YEAR": 2011.0, "LATEST_YEAR": 2011.0, "INCIDENT_LIST": "Severe Storm", "POPULATION": 2323, "LAND_SQ_MI": 27.4, "N_COUNTIES": 1, "COUNTY_NAMES": "Taos County", "COUNTY_DISASTER_MAX": 2 }, "geometry": { "type": "Polygon", "coordinates": [ [ [ -105.756422, 36.238236 ], [ -105.662582, 36.238411 ], [ -105.662573, 36.162388 ], [ -105.756164, 36.162618 ], [ -105.756422, 36.238236 ] ] ] } },
{ "type": "Feature", "properties": { "AIANNHCE": "5780", "NAMELSAD": "Pawnee OTSA", "NAME": "Pawnee", "AREA_TYPE": "Oklahoma Tribal Statistical Area", "STATE_NAMES": "Oklahoma", "DECLARATIONS": 2, "OWN_REQUEST": 0, "UNDER_STATE": 2, "FIRST_YEAR": 2017.0, "LATEST_YEAR": 2019.0, "INCIDENT_LIST": "Severe Storm", "POPULATION": 15389, "LAND_SQ_MI": 515.0, "N_COUNTIES": 5, "COUNTY_NAMES": "Pawnee County; Osage County; Payne County and others", "COUNTY_DISASTER_MAX": 7 }, "geometry": { "type": "Polygon", "coordinates": [ [ [ -96.925556, 36.462694 ], [ -96.887563, 36.472783 ], [ -96.875321, 36.470915 ], [ -96.851853, 36.491056 ], [ -96.837911, 36.511749 ], [ -96.837714, 36.520767 ], [ -96.826363, 36.529506 ], [ -96.820613, 36.539317 ], [ -96.798149, 36.553557 ], [ -96.76947, 36.565407 ], [ -96.753554, 36.562601 ], [ -96.732669, 36.543233 ], [ -96.723489, 36.520178 ], [ -96.724851, 36.503204 ], [ -96.706267, 36.486212 ], [ -96.706195, 36.477564 ], [ -96.718075, 36.45398 ], [ -96.717126, 36.445344 ], [ -96.710769, 36.437656 ], [ -96.690165, 36.424108 ], [ -96.678459, 36.420854 ], [ -96.635727, 36.425908 ], [ -96.627391, 36.422227 ], [ -96.620232, 36.40995 ], [ -96.606449, 36.403268 ], [ -96.600545, 36.380628 ], [ -96.586464, 36.373862 ], [ -96.572128, 36.375987 ], [ -96.540725, 36.400402 ], [ -96.526598, 36.394223 ], [ -96.518709, 36.377576 ], [ -96.523144, 36.365215 ], [ -96.534179, 36.355957 ], [ -96.559027, 36.348543 ], [ -96.572459, 36.332635 ], [ -96.573481, 36.315709 ], [ -96.563906, 36.306097 ], [ -96.552454, 36.299925 ], [ -96.536411, 36.296416 ], [ -96.515229, 36.298332 ], [ -96.502748, 36.30589 ], [ -96.486993, 36.329617 ], [ -96.461255, 36.333713 ], [ -96.445764, 36.321268 ], [ -96.438533, 36.30505 ], [ -96.436307, 36.289751 ], [ -96.427804, 36.280183 ], [ -96.386793, 36.267137 ], [ -96.362562, 36.250075 ], [ -96.347685, 36.234404 ], [ -96.3366, 36.22884 ], [ -96.322163, 36.226213 ], [ -96.306331, 36.228314 ], [ -96.256624, 36.225676 ], [ -96.244607, 36.210809 ], [ -96.243967, 36.196965 ], [ -96.269183, 36.173684 ], [ -96.268287, 36.16198 ], [ -96.620917, 36.163439 ], [ -96.62212, 36.159903 ], [ -96.819005, 36.158886 ], [ -96.818968, 36.246478 ], [ -96.925069, 36.246474 ], [ -96.925556, 36.462694 ] ] ] } },
{ "type": "Feature", "properties": { "AIANNHCE": "5820", "NAMELSAD": "Sac and Fox OTSA", "NAME": "Sac and Fox", "AREA_TYPE": "Oklahoma Tribal Statistical Area", "STATE_NAMES": "Oklahoma", "DECLARATIONS": 1, "OWN_REQUEST": 0, "UNDER_STATE": 1, "FIRST_YEAR": 2019.0, "LATEST_YEAR": 2019.0, "INCIDENT_LIST": "Flood", "POPULATION": 58975, "LAND_SQ_MI": 740.5, "N_COUNTIES": 6, "COUNTY_NAMES": "Lincoln County; Payne County; Pottawatomie County and others", "COUNTY_DISASTER_MAX": 9 }, "geometry": { "type": "Polygon", "coordinates": [ [ [ -96.930508, 35.316307 ], [ -96.929396, 35.524017 ], [ -96.924106, 35.529539 ], [ -96.928481, 35.529732 ], [ -96.928469, 35.593827 ], [ -96.910582, 35.593937 ], [ -96.908496, 35.608474 ], [ -96.910639, 35.608886 ], [ -96.912057, 35.726672 ], [ -96.90948, 36.027151 ], [ -96.890985, 36.031248 ], [ -96.872, 36.030537 ], [ -96.859823, 36.024861 ], [ -96.840724, 36.022794 ], [ -96.831539, 36.016396 ], [ -96.828684, 36.010179 ], [ -96.819669, 36.008389 ], [ -96.810669, 36.014413 ], [ -96.812831, 36.035827 ], [ -96.82529, 36.047741 ], [ -96.845719, 36.054832 ], [ -96.84525, 36.061832 ], [ -96.830107, 36.065391 ], [ -96.810103, 36.051857 ], [ -96.77948, 36.05444 ], [ -96.744014, 36.051961 ], [ -96.740768, 36.054829 ], [ -96.745593, 36.069832 ], [ -96.74478, 36.076999 ], [ -96.725022, 36.092502 ], [ -96.709271, 36.092434 ], [ -96.699481, 36.086327 ], [ -96.694893, 36.07599 ], [ -96.697554, 36.06399 ], [ -96.692618, 36.043841 ], [ -96.694618, 36.035273 ], [ -96.667087, 36.017911 ], [ -96.657213, 36.018665 ], [ -96.650506, 36.02308 ], [ -96.644058, 36.034279 ], [ -96.639437, 36.052905 ], [ -96.631283, 36.052685 ], [ -96.622353, 36.046919 ], [ -96.619348, 35.855519 ], [ -96.623699, 35.400722 ], [ -96.630182, 35.392695 ], [ -96.633823, 35.393116 ], [ -96.636243, 35.39901 ], [ -96.652425, 35.391649 ], [ -96.654854, 35.395465 ], [ -96.674556, 35.400388 ], [ -96.675319, 35.403942 ], [ -96.679001, 35.402334 ], [ -96.682537, 35.405918 ], [ -96.690002, 35.403856 ], [ -96.690412, 35.407688 ], [ -96.700728, 35.409672 ], [ -96.704536, 35.416829 ], [ -96.720368, 35.412628 ], [ -96.716876, 35.419181 ], [ -96.724807, 35.425007 ], [ -96.73806, 35.419858 ], [ -96.73314, 35.416557 ], [ -96.734264, 35.4138 ], [ -96.741446, 35.414387 ], [ -96.740119, 35.408862 ], [ -96.742784, 35.406825 ], [ -96.7692, 35.41062 ], [ -96.774473, 35.405802 ], [ -96.775809, 35.411275 ], [ -96.780167, 35.406456 ], [ -96.793815, 35.412322 ], [ -96.811133, 35.409371 ], [ -96.82264, 35.413933 ], [ -96.818468, 35.416819 ], [ -96.820562, 35.425431 ], [ -96.825517, 35.42087 ], [ -96.829603, 35.421231 ], [ -96.829489, 35.426883 ], [ -96.835494, 35.426067 ], [ -96.83252, 35.431316 ], [ -96.838828, 35.429639 ], [ -96.842947, 35.432061 ], [ -96.847629, 35.427788 ], [ -96.852372, 35.430434 ], [ -96.854365, 35.426177 ], [ -96.862689, 35.429326 ], [ -96.868814, 35.426748 ], [ -96.86626, 35.422691 ], [ -96.875279, 35.409132 ], [ -96.874968, 35.39626 ], [ -96.873228, 35.394064 ], [ -96.870553, 35.395835 ], [ -96.867696, 35.401299 ], [ -96.8647, 35.399395 ], [ -96.854923, 35.372907 ], [ -96.846611, 35.377863 ], [ -96.842493, 35.375179 ], [ -96.842327, 35.377734 ], [ -96.841742, 35.372471 ], [ -96.833737, 35.372806 ], [ -96.837797, 35.369244 ], [ -96.835539, 35.365643 ], [ -96.826691, 35.365153 ], [ -96.825429, 35.354431 ], [ -96.833028, 35.351295 ], [ -96.829261, 35.344055 ], [ -96.836413, 35.34064 ], [ -96.844747, 35.345696 ], [ -96.855488, 35.344322 ], [ -96.865348, 35.351885 ], [ -96.870482, 35.349365 ], [ -96.867611, 35.342684 ], [ -96.86967, 35.330926 ], [ -96.875367, 35.331677 ], [ -96.882309, 35.327426 ], [ -96.879328, 35.323783 ], [ -96.876892, 35.325578 ], [ -96.879191, 35.318667 ], [ -96.903154, 35.311441 ], [ -96.908592, 35.314622 ], [ -96.930508, 35.316307 ] ] ] } },
{ "type": "Feature", "properties": { "AIANNHCE": "4200", "NAMELSAD": "Tohono O'odham Nation Reservation and Off-Reservation Trust Land", "NAME": "Tohono O'odham Nation", "AREA_TYPE": "Reservation", "STATE_NAMES": "Arizona", "DECLARATIONS": 1, "OWN_REQUEST": 1, "UNDER_STATE": 0, "FIRST_YEAR": 2019.0, "LATEST_YEAR": 2019.0, "INCIDENT_LIST": "Severe Storm", "POPULATION": 9497, "LAND_SQ_MI": 4453.7, "N_COUNTIES": 3, "COUNTY_NAMES": "Pima County; Pinal County; Maricopa County", "COUNTY_DISASTER_MAX": 1 }, "geometry": { "type": "MultiPolygon", "coordinates": [ [ [ [ -111.217214, 32.103731 ], [ -111.019421, 32.104933 ], [ -111.019743, 32.148362 ], [ -111.011594, 32.14841 ], [ -111.011871, 32.119396 ], [ -110.960751, 32.119379 ], [ -110.961346, 32.001484 ], [ -111.216336, 32.000362 ], [ -111.217214, 32.103731 ] ] ], [ [ [ -111.409046, 33.022782 ], [ -111.40623, 33.023169 ], [ -111.406126, 33.016923 ], [ -111.409, 33.01687 ], [ -111.409046, 33.022782 ] ] ], [ [ [ -112.719808, 32.967355 ], [ -112.717608, 32.967376 ], [ -112.717614, 32.960151 ], [ -112.719602, 32.960157 ], [ -112.719808, 32.967355 ] ] ], [ [ [ -112.723762, 33.002948 ], [ -112.722767, 33.00712 ], [ -112.717467, 33.004331 ], [ -112.723762, 33.002948 ] ] ], [ [ [ -112.727493, 32.156947 ], [ -112.727795, 32.331327 ], [ -112.677574, 32.330863 ], [ -112.676497, 32.417971 ], [ -112.575244, 32.418704 ], [ -112.574499, 32.593677 ], [ -112.306591, 32.593807 ], [ -112.306528, 32.637718 ], [ -112.203586, 32.637807 ], [ -112.203574, 32.683593 ], [ -112.149417, 32.681457 ], [ -112.151709, 32.723098 ], [ -112.049585, 32.723605 ], [ -112.049515, 32.767609 ], [ -111.877629, 32.767607 ], [ -111.877427, 32.792392 ], [ -111.774595, 32.792659 ], [ -111.774397, 32.763146 ], [ -111.74058, 32.763052 ], [ -111.740166, 32.758 ], [ -111.740289, 32.718922 ], [ -111.774414, 32.719248 ], [ -111.775788, 32.68077 ], [ -111.792612, 32.679347 ], [ -111.794928, 32.419624 ], [ -111.767521, 32.419581 ], [ -111.767451, 32.374415 ], [ -111.681544, 32.374244 ], [ -111.681824, 32.418998 ], [ -111.590889, 32.419408 ], [ -111.59082, 32.421789 ], [ -111.579342, 32.421903 ], [ -111.578902, 32.374002 ], [ -111.473711, 32.374192 ], [ -111.474284, 32.21595 ], [ -111.235103, 32.219274 ], [ -111.235184, 32.226442 ], [ -111.218073, 32.226486 ], [ -111.217979, 32.190176 ], [ -111.278707, 32.190149 ], [ -111.278695, 32.19734 ], [ -111.291035, 32.197255 ], [ -111.291023, 32.175653 ], [ -111.440884, 32.172531 ], [ -111.440745, 32.10012 ], [ -111.474887, 32.099894 ], [ -111.475538, 32.068759 ], [ -111.47892, 32.068774 ], [ -111.478932, 32.054392 ], [ -111.386102, 32.058636 ], [ -111.386095, 32.04464 ], [ -111.419543, 32.042988 ], [ -111.419343, 32.027919 ], [ -111.478693, 32.024671 ], [ -111.478537, 32.010665 ], [ -111.547338, 32.009828 ], [ -111.547422, 31.981113 ], [ -111.538511, 31.981018 ], [ -111.539554, 31.952068 ], [ -111.54805, 31.952364 ], [ -111.547545, 31.922712 ], [ -111.581185, 31.923719 ], [ -111.581672, 31.894775 ], [ -111.605168, 31.894711 ], [ -111.594665, 31.885619 ], [ -111.599406, 31.871142 ], [ -111.583135, 31.860864 ], [ -111.572126, 31.845342 ], [ -111.576608, 31.835856 ], [ -111.574427, 31.832042 ], [ -111.576553, 31.822481 ], [ -111.582963, 31.811659 ], [ -111.583669, 31.803476 ], [ -111.580312, 31.795315 ], [ -111.587527, 31.789531 ], [ -111.588752, 31.775022 ], [ -111.595826, 31.771087 ], [ -111.594453, 31.767661 ], [ -111.600172, 31.754788 ], [ -111.598496, 31.748984 ], [ -111.616428, 31.73195 ], [ -111.618256, 31.723757 ], [ -111.610679, 31.710849 ], [ -111.618734, 31.703486 ], [ -111.636253, 31.695369 ], [ -111.642448, 31.686305 ], [ -111.631465, 31.682209 ], [ -111.631095, 31.677807 ], [ -111.641564, 31.659268 ], [ -111.643937, 31.648797 ], [ -111.636947, 31.642863 ], [ -111.637331, 31.634055 ], [ -111.647957, 31.621416 ], [ -111.651601, 31.601546 ], [ -111.645301, 31.596281 ], [ -111.645442, 31.592445 ], [ -111.651582, 31.58956 ], [ -111.650848, 31.583083 ], [ -111.645387, 31.574935 ], [ -111.64325, 31.576398 ], [ -111.637913, 31.569985 ], [ -111.627493, 31.565261 ], [ -111.619508, 31.567522 ], [ -111.609143, 31.561212 ], [ -111.600341, 31.562074 ], [ -111.594245, 31.552317 ], [ -111.594266, 31.550243 ], [ -111.623103, 31.550118 ], [ -111.623110872935001, 31.508030317270499 ], [ -112.607760239485003, 31.815789278054702 ], [ -112.606999, 31.895631 ], [ -112.623821, 31.89555 ], [ -112.623701, 31.92406 ], [ -112.649748, 31.942374 ], [ -112.656643, 31.952086 ], [ -112.659824, 31.951324 ], [ -112.661524, 31.956513 ], [ -112.657617, 31.95963 ], [ -112.662947, 31.98281 ], [ -112.655576, 31.999074 ], [ -112.664641, 32.007583 ], [ -112.682715, 32.013983 ], [ -112.690859, 32.027449 ], [ -112.686594, 32.044751 ], [ -112.687819, 32.051891 ], [ -112.696005, 32.055986 ], [ -112.702667, 32.071578 ], [ -112.70276, 32.076294 ], [ -112.697513, 32.080627 ], [ -112.695409, 32.091081 ], [ -112.697416, 32.09723 ], [ -112.691434, 32.102343 ], [ -112.678523, 32.103646 ], [ -112.676094, 32.111062 ], [ -112.669543, 32.11362 ], [ -112.67177, 32.122305 ], [ -112.66785, 32.127762 ], [ -112.667998, 32.156971 ], [ -112.727493, 32.156947 ] ] ], [ [ [ -112.734644, 32.99228 ], [ -112.721758, 32.992331 ], [ -112.721735, 32.988855 ], [ -112.713108, 32.988853 ], [ -112.713048, 32.985414 ], [ -112.734566, 32.985552 ], [ -112.734644, 32.99228 ] ] ], [ [ [ -112.739015, 33.014483 ], [ -112.73458, 33.014515 ], [ -112.734704, 33.010799 ], [ -112.739034, 33.010821 ], [ -112.739015, 33.014483 ] ] ], [ [ [ -112.747389, 33.007151 ], [ -112.745078, 33.009051 ], [ -112.745042, 33.007222 ], [ -112.747389, 33.007151 ] ] ], [ [ [ -112.760465, 33.007137 ], [ -112.756181, 33.007182 ], [ -112.756125, 33.003748 ], [ -112.760426, 33.003717 ], [ -112.760465, 33.007137 ] ] ], [ [ [ -112.798614, 33.023248 ], [ -112.796507, 33.02525 ], [ -112.796459, 33.023256 ], [ -112.798614, 33.023248 ] ] ] ] } },
{ "type": "Feature", "properties": { "AIANNHCE": "0705", "NAMELSAD": "Coeur d'Alene Reservation", "NAME": "Coeur d'Alene", "AREA_TYPE": "Reservation", "STATE_NAMES": "Idaho; Washington", "DECLARATIONS": 1, "OWN_REQUEST": 0, "UNDER_STATE": 1, "FIRST_YEAR": 2016.0, "LATEST_YEAR": 2016.0, "INCIDENT_LIST": "Severe Storm", "POPULATION": 7498, "LAND_SQ_MI": 523.8, "N_COUNTIES": 5, "COUNTY_NAMES": "Benewah County; Kootenai County; Latah County and others", "COUNTY_DISASTER_MAX": 5 }, "geometry": { "type": "Polygon", "coordinates": [ [ [ -117.040519835224998, 47.523331882576898 ], [ -116.849311, 47.522726 ], [ -116.848817, 47.518542 ], [ -116.856268, 47.510481 ], [ -116.868237, 47.503263 ], [ -116.905275, 47.508719 ], [ -116.882462, 47.495484 ], [ -116.876376, 47.486367 ], [ -116.89379, 47.488342 ], [ -116.904037, 47.483881 ], [ -116.914236, 47.488554 ], [ -116.913375, 47.481566 ], [ -116.922198, 47.477363 ], [ -116.925287, 47.471065 ], [ -116.940469, 47.464785 ], [ -116.940211, 47.461814 ], [ -116.924553, 47.465653 ], [ -116.908455, 47.475942 ], [ -116.894897, 47.476726 ], [ -116.888756, 47.473829 ], [ -116.888776, 47.469106 ], [ -116.877842, 47.473168 ], [ -116.876207, 47.469344 ], [ -116.880248, 47.463182 ], [ -116.869388, 47.46574 ], [ -116.864771, 47.45891 ], [ -116.856384, 47.463033 ], [ -116.850401, 47.459069 ], [ -116.800325, 47.4596 ], [ -116.797651, 47.457763 ], [ -116.799355, 47.445803 ], [ -116.451974, 47.449511 ], [ -116.518728, 47.381524 ], [ -116.533994, 47.361504 ], [ -116.826362, 47.042981 ], [ -116.842309, 47.049375 ], [ -116.85103, 47.048393 ], [ -116.858366, 47.052513 ], [ -116.857655, 47.054787 ], [ -116.872216, 47.059084 ], [ -116.883079, 47.066392 ], [ -116.884397, 47.071415 ], [ -116.896191, 47.077896 ], [ -116.925186, 47.081565 ], [ -116.944371, 47.067227 ], [ -116.955043, 47.068822 ], [ -116.963298, 47.080319 ], [ -116.977444, 47.089121 ], [ -116.97625, 47.098397 ], [ -116.967735, 47.115232 ], [ -116.971167, 47.119965 ], [ -116.985009, 47.126458 ], [ -116.995538, 47.126434 ], [ -117.001018, 47.130487 ], [ -117.039821054108998, 47.1272689624222 ], [ -117.040519835224998, 47.523331882576898 ] ] ] } },
{ "type": "Feature", "properties": { "AIANNHCE": "3320", "NAMELSAD": "St. Regis Mohawk Reservation", "NAME": "St. Regis Mohawk", "AREA_TYPE": "Reservation", "STATE_NAMES": "New York", "DECLARATIONS": 1, "OWN_REQUEST": 1, "UNDER_STATE": 0, "FIRST_YEAR": 2024.0, "LATEST_YEAR": 2024.0, "INCIDENT_LIST": "Tropical Storm", "POPULATION": 3657, "LAND_SQ_MI": 19.0, "N_COUNTIES": 2, "COUNTY_NAMES": "Franklin County; St. Lawrence County", "COUNTY_DISASTER_MAX": 6 }, "geometry": { "type": "Polygon", "coordinates": [ [ [ -74.7262280632075, 44.994863072200602 ], [ -74.702018, 45.003322 ], [ -74.683973, 44.99969 ], [ -74.673047, 45.000942 ], [ -74.670297, 45.006194 ], [ -74.661478, 44.999592 ], [ -74.571634517818197, 44.998878576058701 ], [ -74.572098, 44.952335 ], [ -74.612142, 44.952394 ], [ -74.654314, 44.976667 ], [ -74.659856, 44.975154 ], [ -74.663908, 44.978868 ], [ -74.6716, 44.971348 ], [ -74.666656, 44.964583 ], [ -74.674427, 44.95889 ], [ -74.685131, 44.959336 ], [ -74.689482, 44.9529 ], [ -74.720307, 44.953011 ], [ -74.7262280632075, 44.994863072200602 ] ] ] } },
{ "type": "Feature", "properties": { "AIANNHCE": "3030", "NAMELSAD": "Quileute Reservation", "NAME": "Quileute", "AREA_TYPE": "Reservation", "STATE_NAMES": "Washington", "DECLARATIONS": 1, "OWN_REQUEST": 0, "UNDER_STATE": 1, "FIRST_YEAR": 2022.0, "LATEST_YEAR": 2022.0, "INCIDENT_LIST": "Flood", "POPULATION": 367, "LAND_SQ_MI": 2.9, "N_COUNTIES": 1, "COUNTY_NAMES": "Clallam County", "COUNTY_DISASTER_MAX": 10 }, "geometry": { "type": "MultiPolygon", "coordinates": [ [ [ [ -124.586636, 47.907543 ], [ -124.582292, 47.91021 ], [ -124.570234, 47.909701 ], [ -124.575036, 47.90681 ], [ -124.574039, 47.903122 ], [ -124.585151, 47.903541 ], [ -124.586636, 47.907543 ] ] ], [ [ [ -124.641426, 47.907853 ], [ -124.639344938478004, 47.920474 ], [ -124.614689, 47.920772 ], [ -124.609457, 47.913031 ], [ -124.584612, 47.910345 ], [ -124.588696, 47.905883 ], [ -124.584489, 47.902755 ], [ -124.590823, 47.902658 ], [ -124.590282, 47.90839 ], [ -124.612691, 47.908058 ], [ -124.611474, 47.895678 ], [ -124.605804, 47.895676 ], [ -124.605406, 47.887019 ], [ -124.618134, 47.886517 ], [ -124.621237, 47.888361 ], [ -124.621408, 47.895695 ], [ -124.629823086152996, 47.895789018400201 ], [ -124.633107, 47.90387 ], [ -124.641426, 47.907853 ] ] ], [ [ [ -124.652237, 47.910033 ], [ -124.645704, 47.907375 ], [ -124.645942, 47.904189 ], [ -124.65164, 47.905282 ], [ -124.652237, 47.910033 ] ] ] ] } },
{ "type": "Feature", "properties": { "AIANNHCE": "0435", "NAMELSAD": "Cahuilla Reservation", "NAME": "Cahuilla", "AREA_TYPE": "Reservation", "STATE_NAMES": "California", "DECLARATIONS": 1, "OWN_REQUEST": 1, "UNDER_STATE": 0, "FIRST_YEAR": 2019.0, "LATEST_YEAR": 2019.0, "INCIDENT_LIST": "Severe Storm", "POPULATION": 54, "LAND_SQ_MI": 28.9, "N_COUNTIES": 1, "COUNTY_NAMES": "Riverside County", "COUNTY_DISASTER_MAX": 5 }, "geometry": { "type": "Polygon", "coordinates": [ [ [ -116.787997, 33.540916 ], [ -116.753342, 33.540733 ], [ -116.753302, 33.562526 ], [ -116.735986, 33.562627 ], [ -116.735992, 33.540694 ], [ -116.63134, 33.540446 ], [ -116.631698, 33.49893 ], [ -116.692454, 33.498414 ], [ -116.692455, 33.487752 ], [ -116.697309, 33.487717 ], [ -116.697308, 33.491442 ], [ -116.719543, 33.490832 ], [ -116.719521, 33.495525 ], [ -116.730219, 33.4954 ], [ -116.730246, 33.498887 ], [ -116.736294, 33.498788 ], [ -116.736229, 33.490269 ], [ -116.744386, 33.490303 ], [ -116.744391, 33.495379 ], [ -116.752891, 33.495473 ], [ -116.753134, 33.49933 ], [ -116.787786, 33.499699 ], [ -116.787997, 33.540916 ] ] ] } },
{ "type": "Feature", "properties": { "AIANNHCE": "2270", "NAMELSAD": "Mille Lacs Reservation and Off-Reservation Trust Land", "NAME": "Mille Lacs", "AREA_TYPE": "Reservation", "STATE_NAMES": "Minnesota", "DECLARATIONS": 2, "OWN_REQUEST": 0, "UNDER_STATE": 2, "FIRST_YEAR": 2011.0, "LATEST_YEAR": 2012.0, "INCIDENT_LIST": "Severe Storm", "POPULATION": 4508, "LAND_SQ_MI": 98.8, "N_COUNTIES": 6, "COUNTY_NAMES": "Mille Lacs County; Pine County; Aitkin County and others", "COUNTY_DISASTER_MAX": 6 }, "geometry": { "type": "MultiPolygon", "coordinates": [ [ [ [ -92.362672, 46.0419 ], [ -92.362655, 46.049048 ], [ -92.357128, 46.049012 ], [ -92.357124, 46.041898 ], [ -92.362672, 46.0419 ] ] ], [ [ [ -92.464124, 46.054979 ], [ -92.467182, 46.055651 ], [ -92.464124, 46.055959 ], [ -92.464124, 46.054979 ] ] ], [ [ [ -92.467367, 46.066004 ], [ -92.446381, 46.066295 ], [ -92.446337, 46.062663 ], [ -92.46738, 46.062973 ], [ -92.467367, 46.066004 ] ] ], [ [ [ -92.477779, 46.062896 ], [ -92.46738, 46.062973 ], [ -92.467392, 46.059344 ], [ -92.477844, 46.059334 ], [ -92.477779, 46.062896 ] ] ], [ [ [ -92.493656, 46.068404 ], [ -92.484943, 46.068437 ], [ -92.48467, 46.06457 ], [ -92.477779, 46.062896 ], [ -92.493784, 46.062902 ], [ -92.493656, 46.068404 ] ] ], [ [ [ -92.519094, 46.055446 ], [ -92.513615, 46.055462 ], [ -92.51388, 46.04811 ], [ -92.519265, 46.048107 ], [ -92.519094, 46.055446 ] ] ], [ [ [ -92.540128, 46.008504 ], [ -92.529321, 46.012241 ], [ -92.529626, 45.997793 ], [ -92.540074, 45.997808 ], [ -92.540128, 46.008504 ] ] ], [ [ [ -92.547967, 46.070207 ], [ -92.542533, 46.07022 ], [ -92.542657, 46.062827 ], [ -92.547971, 46.062865 ], [ -92.547967, 46.070207 ] ] ], [ [ [ -92.55343, 46.038265 ], [ -92.553291, 46.041108 ], [ -92.541766, 46.040972 ], [ -92.541979, 46.026388 ], [ -92.547336, 46.02811 ], [ -92.54606, 46.03508 ], [ -92.55343, 46.038265 ] ] ], [ [ [ -92.720764, 46.0086 ], [ -92.718506, 46.011688 ], [ -92.718506, 46.00859 ], [ -92.720764, 46.0086 ] ] ], [ [ [ -92.800407, 45.924232 ], [ -92.790096, 45.924791 ], [ -92.790096, 45.921149 ], [ -92.784859, 45.921149 ], [ -92.784859, 45.917507 ], [ -92.795224, 45.917507 ], [ -92.795224, 45.913865 ], [ -92.800407, 45.913865 ], [ -92.800407, 45.924232 ] ] ], [ [ [ -92.83074, 45.997203 ], [ -92.82531, 45.99703 ], [ -92.8253, 45.992996 ], [ -92.830641, 45.992993 ], [ -92.83074, 45.997203 ] ] ], [ [ [ -92.898245, 46.010988 ], [ -92.895265, 46.010972 ], [ -92.89532, 46.006933 ], [ -92.898629, 46.006933 ], [ -92.898245, 46.010988 ] ] ], [ [ [ -93.052363, 45.87188 ], [ -93.0468, 45.87175 ], [ -93.046787, 45.868254 ], [ -93.052248, 45.868287 ], [ -93.052363, 45.87188 ] ] ], [ [ [ -93.252847, 46.806353 ], [ -93.244113, 46.806657 ], [ -93.244758, 46.799066 ], [ -93.253739, 46.796544 ], [ -93.252847, 46.806353 ] ] ], [ [ [ -93.262987, 46.541405 ], [ -93.25271, 46.54145 ], [ -93.252591, 46.53786 ], [ -93.262938, 46.537903 ], [ -93.262987, 46.541405 ] ] ], [ [ [ -93.27247, 46.509034 ], [ -93.266672, 46.50898 ], [ -93.26663, 46.505155 ], [ -93.272541, 46.505129 ], [ -93.27247, 46.509034 ] ] ], [ [ [ -93.278877, 46.562802 ], [ -93.273247, 46.562878 ], [ -93.273288, 46.559013 ], [ -93.27872, 46.559093 ], [ -93.278877, 46.562802 ] ] ], [ [ [ -93.28332, 46.523248 ], [ -93.277994, 46.523177 ], [ -93.278003, 46.519523 ], [ -93.283289, 46.519552 ], [ -93.28332, 46.523248 ] ] ], [ [ [ -93.283458, 46.538607 ], [ -93.278446, 46.538667 ], [ -93.273422, 46.54099 ], [ -93.273391, 46.536867 ], [ -93.283458, 46.538607 ] ] ], [ [ [ -93.283871, 46.548336 ], [ -93.278406, 46.548418 ], [ -93.278407, 46.544874 ], [ -93.273276, 46.544873 ], [ -93.273337, 46.541301 ], [ -93.283589, 46.541263 ], [ -93.283871, 46.548336 ] ] ], [ [ [ -93.286913, 46.68834 ], [ -93.277449, 46.688267 ], [ -93.274598, 46.68455 ], [ -93.288549, 46.684612 ], [ -93.286913, 46.68834 ] ] ], [ [ [ -93.291884, 46.780721 ], [ -93.283817, 46.782312 ], [ -93.283799, 46.781054 ], [ -93.291884, 46.780721 ] ] ], [ [ [ -93.461795, 46.444331 ], [ -93.451253, 46.444177 ], [ -93.450872, 46.436627 ], [ -93.455563, 46.436748 ], [ -93.461795, 46.444331 ] ] ], [ [ [ -93.503454, 46.30168 ], [ -93.494849, 46.301776 ], [ -93.494703, 46.297969 ], [ -93.503487, 46.298053 ], [ -93.503454, 46.30168 ] ] ], [ [ [ -93.733322, 46.412741 ], [ -93.724495, 46.412738 ], [ -93.728348, 46.409019 ], [ -93.733365, 46.409072 ], [ -93.733322, 46.412741 ] ] ], [ [ [ -93.810912, 46.243128 ], [ -93.796149, 46.243205 ], [ -93.638048, 46.196834 ], [ -93.463325, 46.153979 ], [ -93.431831, 46.153991 ], [ -93.430313, 46.161526 ], [ -93.419722, 46.161487 ], [ -93.419687, 46.154272 ], [ -93.431835, 46.153881 ], [ -93.432445, 46.068034 ], [ -93.810526, 46.07024 ], [ -93.810912, 46.243128 ] ], [ [ -93.515552, 46.069276 ], [ -93.515403, 46.069262 ], [ -93.515551, 46.069481 ], [ -93.515552, 46.069276 ] ] ], [ [ [ -93.886219, 46.593394 ], [ -93.88277, 46.592863 ], [ -93.882619, 46.583428 ], [ -93.885367, 46.583449 ], [ -93.886219, 46.593394 ] ] ] ] } },
{ "type": "Feature", "properties": { "AIANNHCE": "0010", "NAMELSAD": "Acoma Pueblo and Off-Reservation Trust Land", "NAME": "Acoma", "AREA_TYPE": "Pueblo", "STATE_NAMES": "New Mexico", "DECLARATIONS": 4, "OWN_REQUEST": 1, "UNDER_STATE": 3, "FIRST_YEAR": 2011.0, "LATEST_YEAR": 2018.0, "INCIDENT_LIST": "Flood; Severe Storm", "POPULATION": 3094, "LAND_SQ_MI": 602.7, "N_COUNTIES": 3, "COUNTY_NAMES": "Cibola County; Socorro County; Catron County", "COUNTY_DISASTER_MAX": 3 }, "geometry": { "type": "MultiPolygon", "coordinates": [ [ [ [ -107.33826, 34.829863 ], [ -107.329526, 34.82988 ], [ -107.328897, 34.826245 ], [ -107.337687, 34.82618 ], [ -107.33826, 34.829863 ] ] ], [ [ [ -107.351728, 34.855696 ], [ -107.343489, 34.85567 ], [ -107.343547, 34.848252 ], [ -107.351774, 34.848307 ], [ -107.351728, 34.855696 ] ] ], [ [ [ -107.390642, 34.824028 ], [ -107.381698, 34.824067 ], [ -107.381663, 34.81301 ], [ -107.386725, 34.812137 ], [ -107.386007, 34.816548 ], [ -107.390455, 34.816489 ], [ -107.390642, 34.824028 ] ] ], [ [ [ -107.412976, 34.805069 ], [ -107.404413, 34.804992 ], [ -107.404364, 34.79763 ], [ -107.412944, 34.797765 ], [ -107.412976, 34.805069 ] ] ], [ [ [ -107.413001, 34.76869 ], [ -107.412879, 34.783157 ], [ -107.395507, 34.783123 ], [ -107.393498, 34.768581 ], [ -107.413001, 34.76869 ] ] ], [ [ [ -107.422386, 34.674931 ], [ -107.418084, 34.674938 ], [ -107.418071, 34.671387 ], [ -107.422413, 34.671375 ], [ -107.422386, 34.674931 ] ] ], [ [ [ -107.430863, 34.768851 ], [ -107.413001, 34.76869 ], [ -107.413148, 34.754192 ], [ -107.43096, 34.75434 ], [ -107.430863, 34.768851 ] ] ], [ [ [ -107.431106, 34.69643 ], [ -107.41358, 34.696482 ], [ -107.413621, 34.682144 ], [ -107.431045, 34.682047 ], [ -107.431106, 34.69643 ] ] ], [ [ [ -107.439436, 34.812499 ], [ -107.430765, 34.812442 ], [ -107.430744, 34.808798 ], [ -107.439637, 34.808916 ], [ -107.439436, 34.812499 ] ] ], [ [ [ -107.439737, 34.754361 ], [ -107.43096, 34.75434 ], [ -107.43101, 34.747062 ], [ -107.439699, 34.747101 ], [ -107.439737, 34.754361 ] ] ], [ [ [ -107.448603, 34.682009 ], [ -107.431045, 34.682047 ], [ -107.431203, 34.667786 ], [ -107.448617, 34.667382 ], [ -107.448603, 34.682009 ] ] ], [ [ [ -107.466072, 34.794457 ], [ -107.448316, 34.798265 ], [ -107.448409, 34.783356 ], [ -107.457019, 34.783229 ], [ -107.453004, 34.790327 ], [ -107.460804, 34.790521 ], [ -107.461742, 34.787147 ], [ -107.465915, 34.786896 ], [ -107.466072, 34.794457 ] ] ], [ [ [ -107.466199, 34.768937 ], [ -107.448516, 34.768894 ], [ -107.448517, 34.765262 ], [ -107.457363, 34.76529 ], [ -107.457406, 34.761628 ], [ -107.448452, 34.761437 ], [ -107.448461, 34.754358 ], [ -107.466253, 34.754379 ], [ -107.466199, 34.768937 ] ] ], [ [ [ -107.466281, 34.739781 ], [ -107.448645, 34.739847 ], [ -107.448665, 34.72536 ], [ -107.457483, 34.725347 ], [ -107.457467, 34.732619 ], [ -107.466288, 34.732639 ], [ -107.466281, 34.739781 ] ] ], [ [ [ -107.483821, 34.72507 ], [ -107.475039, 34.725079 ], [ -107.475002, 34.71789 ], [ -107.470729, 34.717996 ], [ -107.470748, 34.714378 ], [ -107.482836, 34.714204 ], [ -107.483821, 34.72507 ] ] ], [ [ [ -107.515764, 34.713353 ], [ -107.511577, 34.713156 ], [ -107.511455, 34.710389 ], [ -107.515785, 34.710629 ], [ -107.515764, 34.713353 ] ] ], [ [ [ -107.518927, 34.7836 ], [ -107.501439, 34.783563 ], [ -107.501504, 34.779891 ], [ -107.518959, 34.779958 ], [ -107.518927, 34.7836 ] ] ], [ [ [ -107.558965, 35.071439 ], [ -107.556692, 35.073615 ], [ -107.556591, 35.071431 ], [ -107.558965, 35.071439 ] ] ], [ [ [ -107.566799, 35.08465 ], [ -107.557235, 35.08471 ], [ -107.553452, 35.073933 ], [ -107.566039, 35.077043 ], [ -107.566799, 35.08465 ] ] ], [ [ [ -107.606714, 34.454814 ], [ -107.602045, 34.454839 ], [ -107.601964, 34.451184 ], [ -107.606566, 34.451206 ], [ -107.606714, 34.454814 ] ] ], [ [ [ -107.647782, 35.131557 ], [ -107.643442, 35.131555 ], [ -107.643358, 35.117249 ], [ -107.647772, 35.117248 ], [ -107.647782, 35.131557 ] ] ], [ [ [ -107.679108, 35.102883 ], [ -107.678479, 35.131526 ], [ -107.672514, 35.131506 ], [ -107.670958, 35.138631 ], [ -107.660916, 35.140387 ], [ -107.660798, 35.153275 ], [ -107.652065, 35.153153 ], [ -107.652105, 35.145986 ], [ -107.656485, 35.146041 ], [ -107.65667, 35.136263 ], [ -107.660903, 35.135125 ], [ -107.657189, 35.133835 ], [ -107.672105, 35.129731 ], [ -107.669056, 35.123887 ], [ -107.660988, 35.125662 ], [ -107.661112, 35.102777 ], [ -107.679108, 35.102883 ] ] ], [ [ [ -107.695568, 35.14618 ], [ -107.678549, 35.145958 ], [ -107.678531, 35.14235 ], [ -107.67375, 35.142493 ], [ -107.674091, 35.135132 ], [ -107.678497, 35.135134 ], [ -107.678479, 35.131526 ], [ -107.696008, 35.131459 ], [ -107.695568, 35.14618 ] ] ], [ [ [ -107.766008, 35.175285 ], [ -107.67839, 35.174597 ], [ -107.678017, 35.160442 ], [ -107.713401, 35.160419 ], [ -107.713162, 35.153281 ], [ -107.695611, 35.153327 ], [ -107.695568, 35.14618 ], [ -107.70417, 35.14625 ], [ -107.704475, 35.138868 ], [ -107.713262, 35.138917 ], [ -107.713558, 35.131361 ], [ -107.731103, 35.131329 ], [ -107.731049, 35.145768 ], [ -107.717555, 35.146062 ], [ -107.718072, 35.160442 ], [ -107.765998, 35.160876 ], [ -107.766008, 35.175285 ] ] ], [ [ [ -107.80022, 34.959569 ], [ -107.791034, 34.959334 ], [ -107.790804, 34.952354 ], [ -107.80007, 34.952437 ], [ -107.80022, 34.959569 ] ] ], [ [ [ -107.802648, 34.986545 ], [ -107.798041, 34.986764 ], [ -107.798085, 34.972807 ], [ -107.802418, 34.972797 ], [ -107.802648, 34.986545 ] ] ], [ [ [ -107.840282, 34.943153 ], [ -107.826505, 34.943274 ], [ -107.826574, 34.935863 ], [ -107.83597, 34.935644 ], [ -107.836001, 34.938914 ], [ -107.84022, 34.939016 ], [ -107.840282, 34.943153 ] ] ], [ [ [ -107.85346, 34.855916 ], [ -107.835841, 34.856172 ], [ -107.835803, 34.863878 ], [ -107.831089, 34.863841 ], [ -107.835767, 34.871034 ], [ -107.830902, 34.871099 ], [ -107.830999, 34.867413 ], [ -107.826618, 34.867373 ], [ -107.826745, 34.863781 ], [ -107.822461, 34.863734 ], [ -107.822617, 34.859876 ], [ -107.818347, 34.860029 ], [ -107.818565, 34.85613 ], [ -107.813998, 34.856138 ], [ -107.813939, 34.852576 ], [ -107.800268, 34.852109 ], [ -107.800056, 34.84114 ], [ -107.81848, 34.841227 ], [ -107.818497, 34.852731 ], [ -107.83575, 34.852326 ], [ -107.835898, 34.845228 ], [ -107.853313, 34.845333 ], [ -107.85346, 34.855916 ] ] ], [ [ [ -107.90498, 34.755758 ], [ -107.903593, 34.768493 ], [ -107.89706, 34.777939 ], [ -107.870847, 34.806265 ], [ -107.864446, 34.819081 ], [ -107.864346, 34.831437 ], [ -107.85942, 34.833185 ], [ -107.852603, 34.829924 ], [ -107.837297, 34.832827 ], [ -107.8159, 34.826466 ], [ -107.805436, 34.837158 ], [ -107.79503, 34.839179 ], [ -107.782494, 34.850625 ], [ -107.787838, 34.858027 ], [ -107.800413, 34.86172 ], [ -107.811033, 34.88447 ], [ -107.810567, 34.889116 ], [ -107.817749, 34.893876 ], [ -107.819152, 34.899446 ], [ -107.83463, 34.901799 ], [ -107.836574, 34.906731 ], [ -107.840425, 34.906545 ], [ -107.840415, 34.902358 ], [ -107.836007, 34.902088 ], [ -107.835869, 34.887108 ], [ -107.8535, 34.885625 ], [ -107.853456, 34.882032 ], [ -107.862085, 34.882139 ], [ -107.862059, 34.874891 ], [ -107.875073, 34.874879 ], [ -107.875103, 34.871187 ], [ -107.883816, 34.871256 ], [ -107.8838, 34.873697 ], [ -107.87938, 34.878582 ], [ -107.871487, 34.878561 ], [ -107.870699, 34.882245 ], [ -107.866435, 34.882252 ], [ -107.866412, 34.893253 ], [ -107.857981, 34.896553 ], [ -107.857912, 34.918031 ], [ -107.853594, 34.918264 ], [ -107.853401, 34.932872 ], [ -107.84471, 34.932725 ], [ -107.844773, 34.929101 ], [ -107.84042, 34.929014 ], [ -107.840364, 34.925404 ], [ -107.844837, 34.925478 ], [ -107.844964, 34.918229 ], [ -107.83621, 34.917975 ], [ -107.836003, 34.907242 ], [ -107.822347, 34.915995 ], [ -107.822362, 34.926624 ], [ -107.833291, 34.918056 ], [ -107.840479, 34.921632 ], [ -107.835348, 34.932914 ], [ -107.80106, 34.93324 ], [ -107.801, 34.940148 ], [ -107.783977, 34.938615 ], [ -107.773042, 34.950765 ], [ -107.772956, 34.958608 ], [ -107.751697, 34.958703 ], [ -107.751342, 35.091268 ], [ -107.723017, 35.083375 ], [ -107.557101, 35.069667 ], [ -107.556431, 35.07129 ], [ -107.544826, 35.067583 ], [ -107.543253, 34.8697 ], [ -107.518116, 34.870941 ], [ -107.519279, 34.783724 ], [ -107.623382, 34.783264 ], [ -107.623856, 34.696551 ], [ -107.553777, 34.696804 ], [ -107.553856, 34.68201 ], [ -107.536383, 34.681844 ], [ -107.536205, 34.696507 ], [ -107.448981, 34.696298 ], [ -107.448603, 34.682009 ], [ -107.457588, 34.681805 ], [ -107.457576, 34.667313 ], [ -107.448617, 34.667382 ], [ -107.448756, 34.653321 ], [ -107.466288, 34.653186 ], [ -107.46666, 34.667231 ], [ -107.484177, 34.667342 ], [ -107.48381, 34.653039 ], [ -107.492578, 34.649483 ], [ -107.492539, 34.653042 ], [ -107.501316, 34.653017 ], [ -107.501355, 34.638535 ], [ -107.518863, 34.638672 ], [ -107.515053, 34.579551 ], [ -107.533655, 34.580627 ], [ -107.533672, 34.564973 ], [ -107.55091, 34.564912 ], [ -107.551088, 34.550582 ], [ -107.542408, 34.550542 ], [ -107.5422, 34.535876 ], [ -107.533763, 34.535873 ], [ -107.532965, 34.492363 ], [ -107.53761, 34.492387 ], [ -107.537801, 34.477896 ], [ -107.563055, 34.477925 ], [ -107.563297, 34.461664 ], [ -107.567681, 34.461677 ], [ -107.567722, 34.476164 ], [ -107.589716, 34.476258 ], [ -107.589661, 34.468939 ], [ -107.585545, 34.468868 ], [ -107.585506, 34.463493 ], [ -107.66375, 34.463822 ], [ -107.663861, 34.475662 ], [ -107.67212, 34.47585 ], [ -107.672132, 34.489815 ], [ -107.725928, 34.489602 ], [ -107.725438, 34.475592 ], [ -107.7777, 34.47801 ], [ -107.77741, 34.492159 ], [ -107.773149, 34.492228 ], [ -107.773513, 34.50686 ], [ -107.77779, 34.50684 ], [ -107.777407, 34.549851 ], [ -107.760054, 34.549678 ], [ -107.759792, 34.564011 ], [ -107.709309, 34.563238 ], [ -107.707832, 34.609621 ], [ -107.729715, 34.609212 ], [ -107.729543, 34.696128 ], [ -107.874054, 34.696382 ], [ -107.882814, 34.707044 ], [ -107.882457, 34.729692 ], [ -107.87562, 34.739047 ], [ -107.870764, 34.739952 ], [ -107.867553, 34.746673 ], [ -107.861604, 34.749493 ], [ -107.861358, 34.762593 ], [ -107.886757, 34.772504 ], [ -107.897518, 34.768268 ], [ -107.901907, 34.757498 ], [ -107.90498, 34.755758 ] ], [ [ -107.699618, 34.526064 ], [ -107.694919, 34.526108 ], [ -107.694568, 34.533229 ], [ -107.699293, 34.533193 ], [ -107.699618, 34.526064 ] ], [ [ -107.676771, 34.696082 ], [ -107.659227, 34.696185 ], [ -107.659236, 34.703729 ], [ -107.676937, 34.703703 ], [ -107.676771, 34.696082 ] ], [ [ -107.615546, 34.596475 ], [ -107.611234, 34.596545 ], [ -107.611163, 34.593312 ], [ -107.602549, 34.593333 ], [ -107.606872, 34.600255 ], [ -107.615395, 34.600281 ], [ -107.615546, 34.596475 ] ], [ [ -107.603021, 34.492653 ], [ -107.594884, 34.49255 ], [ -107.594799, 34.506886 ], [ -107.602971, 34.507136 ], [ -107.603021, 34.492653 ] ], [ [ -107.585518, 34.536106 ], [ -107.567953, 34.536234 ], [ -107.567962, 34.55061 ], [ -107.585421, 34.550776 ], [ -107.585518, 34.536106 ] ], [ [ -107.475476, 34.681881 ], [ -107.466441, 34.681746 ], [ -107.466453, 34.689013 ], [ -107.475262, 34.68905 ], [ -107.475476, 34.681881 ] ], [ [ -107.484177, 34.667342 ], [ -107.484303, 34.68191 ], [ -107.501468, 34.68208 ], [ -107.501442, 34.667534 ], [ -107.484177, 34.667342 ] ], [ [ -107.518863, 34.638672 ], [ -107.518877, 34.652953 ], [ -107.536115, 34.653108 ], [ -107.531797, 34.645823 ], [ -107.527452, 34.64581 ], [ -107.523165, 34.638717 ], [ -107.518863, 34.638672 ] ], [ [ -107.536383, 34.681844 ], [ -107.536244, 34.667663 ], [ -107.519233, 34.667733 ], [ -107.519318, 34.681801 ], [ -107.536383, 34.681844 ] ], [ [ -107.567953, 34.536234 ], [ -107.567969, 34.521545 ], [ -107.5591, 34.52147 ], [ -107.558879, 34.536241 ], [ -107.567953, 34.536234 ] ], [ [ -107.567969, 34.521545 ], [ -107.585437, 34.521522 ], [ -107.585404, 34.513865 ], [ -107.576741, 34.51389 ], [ -107.57664, 34.506805 ], [ -107.568045, 34.506889 ], [ -107.567969, 34.521545 ] ] ] ] } },
{ "type": "Feature", "properties": { "AIANNHCE": "0990", "NAMELSAD": "Eastern Cherokee Reservation", "NAME": "Eastern Cherokee", "AREA_TYPE": "Reservation", "STATE_NAMES": "North Carolina", "DECLARATIONS": 3, "OWN_REQUEST": 1, "UNDER_STATE": 2, "FIRST_YEAR": 2013.0, "LATEST_YEAR": 2024.0, "INCIDENT_LIST": "Flood; Mud/Landslide; Tropical Storm", "POPULATION": 7587, "LAND_SQ_MI": 82.7, "N_COUNTIES": 5, "COUNTY_NAMES": "Swain County; Jackson County; Cherokee County and others", "COUNTY_DISASTER_MAX": 3 }, "geometry": { "type": "MultiPolygon", "coordinates": [ [ [ [ -83.385833, 35.468947 ], [ -83.386965, 35.472453 ], [ -83.37875, 35.47342 ], [ -83.381177, 35.476665 ], [ -83.37593, 35.477144 ], [ -83.367223, 35.484147 ], [ -83.366063, 35.491377 ], [ -83.370421, 35.492871 ], [ -83.367553, 35.500708 ], [ -83.35904, 35.496332 ], [ -83.347718, 35.508959 ], [ -83.337215, 35.504954 ], [ -83.314789, 35.512195 ], [ -83.303076, 35.503314 ], [ -83.302092, 35.498325 ], [ -83.297029, 35.501922 ], [ -83.301008, 35.507159 ], [ -83.30212, 35.511756 ], [ -83.292456, 35.518575 ], [ -83.290817, 35.524117 ], [ -83.285094, 35.522802 ], [ -83.28496, 35.527021 ], [ -83.292637, 35.527352 ], [ -83.291393, 35.531807 ], [ -83.29511, 35.532288 ], [ -83.285378, 35.539055 ], [ -83.305138, 35.559336 ], [ -83.257343, 35.593853 ], [ -83.180288, 35.518963 ], [ -83.180844, 35.514823 ], [ -83.173346, 35.512259 ], [ -83.185734, 35.51019 ], [ -83.194584, 35.520061 ], [ -83.207683, 35.518024 ], [ -83.215535, 35.526447 ], [ -83.231701, 35.525926 ], [ -83.234552, 35.530318 ], [ -83.243059, 35.527738 ], [ -83.246549, 35.521632 ], [ -83.254296, 35.517414 ], [ -83.257381, 35.516889 ], [ -83.261976, 35.522326 ], [ -83.26981, 35.521032 ], [ -83.273387, 35.511846 ], [ -83.287362, 35.522826 ], [ -83.300054, 35.506479 ], [ -83.289468, 35.507356 ], [ -83.285837, 35.513462 ], [ -83.271951, 35.509063 ], [ -83.264327, 35.520442 ], [ -83.26168, 35.514556 ], [ -83.255259, 35.513572 ], [ -83.236229, 35.526239 ], [ -83.232678, 35.523292 ], [ -83.221366, 35.523495 ], [ -83.209784, 35.511828 ], [ -83.196511, 35.517326 ], [ -83.187929, 35.506025 ], [ -83.168786, 35.507868 ], [ -83.156218, 35.496162 ], [ -83.160661, 35.498463 ], [ -83.160853, 35.492428 ], [ -83.228412, 35.440235 ], [ -83.237775, 35.438536 ], [ -83.254462, 35.447424 ], [ -83.282506, 35.447421 ], [ -83.281823, 35.453761 ], [ -83.288617, 35.451933 ], [ -83.290359, 35.459615 ], [ -83.299847, 35.460162 ], [ -83.306808, 35.466859 ], [ -83.311362, 35.46204 ], [ -83.315312, 35.460977 ], [ -83.32327, 35.465544 ], [ -83.32867, 35.458809 ], [ -83.332238, 35.459832 ], [ -83.336159, 35.465774 ], [ -83.331661, 35.469825 ], [ -83.333514, 35.471071 ], [ -83.344685, 35.464449 ], [ -83.357812, 35.445946 ], [ -83.366109, 35.446027 ], [ -83.364303, 35.452883 ], [ -83.369233, 35.455367 ], [ -83.367002, 35.458691 ], [ -83.371641, 35.455937 ], [ -83.381892, 35.456372 ], [ -83.384411, 35.457781 ], [ -83.381389, 35.466127 ], [ -83.388115, 35.46645 ], [ -83.385833, 35.468947 ] ], [ [ -83.372494, 35.464262 ], [ -83.369014, 35.465611 ], [ -83.367373, 35.465541 ], [ -83.369689, 35.467392 ], [ -83.372494, 35.464262 ] ], [ [ -83.313338, 35.497906 ], [ -83.31302, 35.4965 ], [ -83.313143, 35.49799 ], [ -83.313338, 35.497906 ] ], [ [ -83.287701, 35.549199 ], [ -83.283638, 35.547254 ], [ -83.281253, 35.551392 ], [ -83.285646, 35.553 ], [ -83.287701, 35.549199 ] ] ], [ [ [ -83.389448, 35.44737 ], [ -83.390495, 35.444932 ], [ -83.386386, 35.441242 ], [ -83.383111, 35.444401 ], [ -83.377389, 35.441535 ], [ -83.377745, 35.437362 ], [ -83.384761, 35.436517 ], [ -83.387332, 35.441694 ], [ -83.393196, 35.444292 ], [ -83.389448, 35.44737 ] ] ], [ [ [ -83.399164, 35.458695 ], [ -83.395145, 35.461176 ], [ -83.398742, 35.465076 ], [ -83.396331, 35.464432 ], [ -83.394761, 35.470199 ], [ -83.386276, 35.469279 ], [ -83.388938, 35.465683 ], [ -83.389193, 35.463709 ], [ -83.385681, 35.462604 ], [ -83.393097, 35.456814 ], [ -83.392748, 35.45347 ], [ -83.399164, 35.458695 ] ] ], [ [ [ -83.407588, 35.427772 ], [ -83.409243, 35.439089 ], [ -83.400753, 35.446966 ], [ -83.39702, 35.443111 ], [ -83.39866, 35.436002 ], [ -83.407588, 35.427772 ] ] ], [ [ [ -83.442499, 35.394611 ], [ -83.440346, 35.400785 ], [ -83.438919, 35.396596 ], [ -83.431683, 35.398218 ], [ -83.428918, 35.409702 ], [ -83.429098, 35.400899 ], [ -83.423259, 35.395558 ], [ -83.425445, 35.391082 ], [ -83.417605, 35.394285 ], [ -83.420583, 35.402262 ], [ -83.418492, 35.405547 ], [ -83.415487, 35.402482 ], [ -83.411813, 35.405214 ], [ -83.413042, 35.410145 ], [ -83.40526, 35.406062 ], [ -83.406904, 35.41447 ], [ -83.39485, 35.413107 ], [ -83.407194, 35.415031 ], [ -83.408424, 35.421086 ], [ -83.413045, 35.422313 ], [ -83.410725, 35.426564 ], [ -83.404552, 35.421308 ], [ -83.398577, 35.424258 ], [ -83.401251, 35.428087 ], [ -83.395468, 35.425693 ], [ -83.380772, 35.435911 ], [ -83.371737, 35.435073 ], [ -83.373659, 35.43225 ], [ -83.369448, 35.432043 ], [ -83.37397, 35.418605 ], [ -83.371275, 35.416203 ], [ -83.375114, 35.414669 ], [ -83.372889, 35.41097 ], [ -83.376935, 35.409133 ], [ -83.374615, 35.399275 ], [ -83.383489, 35.406002 ], [ -83.392316, 35.405901 ], [ -83.391437, 35.397247 ], [ -83.387984, 35.396399 ], [ -83.398727, 35.392928 ], [ -83.404762, 35.385193 ], [ -83.414612, 35.381438 ], [ -83.418509, 35.384733 ], [ -83.43017, 35.384618 ], [ -83.430452, 35.389801 ], [ -83.426769, 35.393098 ], [ -83.43221, 35.397172 ], [ -83.442499, 35.394611 ] ], [ [ -83.40991, 35.400605 ], [ -83.406315, 35.400334 ], [ -83.404595, 35.404884 ], [ -83.40792, 35.405572 ], [ -83.40991, 35.400605 ] ], [ [ -83.387076, 35.410691 ], [ -83.384849, 35.406756 ], [ -83.379694, 35.408771 ], [ -83.385154, 35.410957 ], [ -83.376932, 35.415314 ], [ -83.387076, 35.410691 ] ], [ [ -83.387748, 35.427075 ], [ -83.381659, 35.425833 ], [ -83.38018, 35.432996 ], [ -83.383375, 35.433624 ], [ -83.387748, 35.427075 ] ] ], [ [ [ -83.72304, 35.364278 ], [ -83.722996, 35.371935 ], [ -83.716302, 35.371833 ], [ -83.716351, 35.364075 ], [ -83.72304, 35.364278 ] ] ], [ [ [ -83.780321, 35.311336 ], [ -83.77483, 35.311152 ], [ -83.775051, 35.305937 ], [ -83.780258, 35.306081 ], [ -83.780321, 35.311336 ] ] ], [ [ [ -83.787997, 35.358109 ], [ -83.775028, 35.358897 ], [ -83.774471, 35.351414 ], [ -83.78756, 35.35065 ], [ -83.787997, 35.358109 ] ] ], [ [ [ -83.799405, 35.347544 ], [ -83.791981, 35.347423 ], [ -83.79218, 35.342469 ], [ -83.799569, 35.342751 ], [ -83.799405, 35.347544 ] ] ], [ [ [ -83.809431, 35.32001 ], [ -83.808446, 35.320977 ], [ -83.80806, 35.319775 ], [ -83.809431, 35.32001 ] ] ], [ [ [ -83.827313, 35.351663 ], [ -83.814828, 35.351539 ], [ -83.814923, 35.34644 ], [ -83.827536, 35.346786 ], [ -83.827313, 35.351663 ] ] ], [ [ [ -83.840136, 35.321805 ], [ -83.837794, 35.322453 ], [ -83.840233, 35.325691 ], [ -83.826692, 35.325328 ], [ -83.82844, 35.316664 ], [ -83.834292, 35.316812 ], [ -83.834536, 35.308793 ], [ -83.840379, 35.309012 ], [ -83.840136, 35.321805 ] ] ], [ [ [ -83.846617, 35.29735 ], [ -83.8373, 35.297207 ], [ -83.837354, 35.293042 ], [ -83.846714, 35.293221 ], [ -83.846617, 35.29735 ] ] ], [ [ [ -83.852565, 35.227279 ], [ -83.835692, 35.229035 ], [ -83.833856, 35.223508 ], [ -83.838801, 35.222416 ], [ -83.839561, 35.225191 ], [ -83.850705, 35.222297 ], [ -83.852565, 35.227279 ] ] ], [ [ [ -83.861772, 35.21625 ], [ -83.856185, 35.215923 ], [ -83.856885, 35.207764 ], [ -83.862632, 35.208002 ], [ -83.861772, 35.21625 ] ] ], [ [ [ -83.862937, 35.277641 ], [ -83.86123, 35.29402 ], [ -83.85651, 35.292465 ], [ -83.85823, 35.276121 ], [ -83.862937, 35.277641 ] ] ], [ [ [ -83.871613, 35.317556 ], [ -83.8688, 35.321392 ], [ -83.86146, 35.320397 ], [ -83.864474, 35.316094 ], [ -83.871613, 35.317556 ] ] ], [ [ [ -83.878324, 35.325539 ], [ -83.868998, 35.327964 ], [ -83.866635, 35.325362 ], [ -83.875288, 35.322392 ], [ -83.878324, 35.325539 ] ] ], [ [ [ -83.87705, 35.317991 ], [ -83.872935, 35.315294 ], [ -83.874657, 35.311554 ], [ -83.878765, 35.314964 ], [ -83.87705, 35.317991 ] ] ], [ [ [ -83.878779, 35.3069 ], [ -83.877504, 35.308445 ], [ -83.876307, 35.307114 ], [ -83.878779, 35.3069 ] ] ], [ [ [ -83.878787, 35.303794 ], [ -83.87324, 35.305552 ], [ -83.864475, 35.298639 ], [ -83.865304, 35.294794 ], [ -83.875372, 35.296164 ], [ -83.874526, 35.300267 ], [ -83.878787, 35.303794 ] ] ], [ [ [ -83.882484, 35.278657 ], [ -83.875087, 35.28417 ], [ -83.86797, 35.278713 ], [ -83.870632, 35.277501 ], [ -83.866118, 35.272117 ], [ -83.8671, 35.265596 ], [ -83.882484, 35.278657 ] ] ], [ [ [ -83.883618, 35.290864 ], [ -83.87886, 35.292223 ], [ -83.879443, 35.286651 ], [ -83.884347, 35.286846 ], [ -83.883618, 35.290864 ] ] ], [ [ [ -83.884616, 35.295732 ], [ -83.879667, 35.296464 ], [ -83.880373, 35.292975 ], [ -83.884616, 35.295732 ] ] ], [ [ [ -83.900423, 35.340805 ], [ -83.891305, 35.340339 ], [ -83.884502, 35.336901 ], [ -83.892009, 35.336985 ], [ -83.892222, 35.333072 ], [ -83.900739, 35.333464 ], [ -83.900423, 35.340805 ] ] ], [ [ [ -83.9099, 35.158013 ], [ -83.908401, 35.167295 ], [ -83.89729, 35.16677 ], [ -83.89914, 35.157214 ], [ -83.893723, 35.15682 ], [ -83.894598, 35.146028 ], [ -83.900669, 35.146652 ], [ -83.900139, 35.151695 ], [ -83.904635, 35.152004 ], [ -83.904199, 35.157583 ], [ -83.9099, 35.158013 ] ] ], [ [ [ -83.919103, 35.202367 ], [ -83.918676, 35.206995 ], [ -83.911692, 35.206338 ], [ -83.91208, 35.201616 ], [ -83.919103, 35.202367 ] ] ], [ [ [ -83.927259, 35.202928 ], [ -83.919107, 35.202321 ], [ -83.919392, 35.199027 ], [ -83.927704, 35.199451 ], [ -83.927259, 35.202928 ] ] ], [ [ [ -83.940565, 35.196276 ], [ -83.929192, 35.194541 ], [ -83.929964, 35.190307 ], [ -83.920486, 35.189672 ], [ -83.920465, 35.187549 ], [ -83.92985, 35.187778 ], [ -83.929812, 35.183232 ], [ -83.936791, 35.183616 ], [ -83.935914, 35.191881 ], [ -83.940963, 35.191937 ], [ -83.940565, 35.196276 ] ] ], [ [ [ -83.988943, 35.160125 ], [ -83.977037, 35.159562 ], [ -83.976063, 35.166822 ], [ -83.967717, 35.166373 ], [ -83.968428, 35.158329 ], [ -83.977127, 35.158887 ], [ -83.978222, 35.150848 ], [ -83.989422, 35.151491 ], [ -83.988943, 35.160125 ] ] ], [ [ [ -83.994845, 35.116623 ], [ -83.989905, 35.116348 ], [ -83.989414, 35.119919 ], [ -83.975271, 35.11888 ], [ -83.97426, 35.128099 ], [ -83.961918, 35.126891 ], [ -83.96385, 35.110732 ], [ -83.975797, 35.111561 ], [ -83.976651, 35.102764 ], [ -83.991031, 35.103572 ], [ -83.990568, 35.108351 ], [ -83.995658, 35.108744 ], [ -83.994845, 35.116623 ] ] ], [ [ [ -84.013671, 35.096417 ], [ -84.005083, 35.095956 ], [ -84.005926, 35.087 ], [ -84.014554, 35.087433 ], [ -84.013671, 35.096417 ] ] ], [ [ [ -84.04993, 35.115677 ], [ -84.049099, 35.135526 ], [ -84.040365, 35.135044 ], [ -84.039281, 35.130968 ], [ -84.042524, 35.133759 ], [ -84.049259, 35.12859 ], [ -84.04496, 35.124165 ], [ -84.041139, 35.128288 ], [ -84.042361, 35.115089 ], [ -84.04993, 35.115677 ] ] ], [ [ [ -84.096518, 35.142212 ], [ -84.093052, 35.142969 ], [ -84.092543, 35.147074 ], [ -84.072752, 35.145719 ], [ -84.066933, 35.140554 ], [ -84.070031, 35.139829 ], [ -84.067114, 35.135963 ], [ -84.058766, 35.138103 ], [ -84.067037, 35.142497 ], [ -84.066788, 35.145135 ], [ -84.059505, 35.144776 ], [ -84.059771, 35.140206 ], [ -84.054309, 35.139721 ], [ -84.057734, 35.10879 ], [ -84.069209, 35.109388 ], [ -84.068521, 35.116891 ], [ -84.080723, 35.117606 ], [ -84.076636, 35.129218 ], [ -84.093225, 35.132186 ], [ -84.092971, 35.138646 ], [ -84.096267, 35.138946 ], [ -84.096518, 35.142212 ] ], [ [ -84.090377, 35.139221 ], [ -84.086649, 35.140389 ], [ -84.083495, 35.145216 ], [ -84.08733, 35.143901 ], [ -84.090377, 35.139221 ] ], [ [ -84.067679, 35.128504 ], [ -84.062305, 35.121828 ], [ -84.057776, 35.123604 ], [ -84.063034, 35.130279 ], [ -84.067679, 35.128504 ] ], [ [ -84.067377, 35.131682 ], [ -84.068866, 35.136647 ], [ -84.076423, 35.139722 ], [ -84.076705, 35.135406 ], [ -84.067377, 35.131682 ] ] ] ] } },
{ "type": "Feature", "properties": { "AIANNHCE": "2145", "NAMELSAD": "Mashantucket Pequot Reservation and Off-Reservation Trust Land", "NAME": "Mashantucket Pequot", "AREA_TYPE": "Reservation", "STATE_NAMES": "Connecticut", "DECLARATIONS": 5, "OWN_REQUEST": 0, "UNDER_STATE": 5, "FIRST_YEAR": 2011.0, "LATEST_YEAR": 2022.0, "INCIDENT_LIST": "Hurricane; Severe Storm; Snowstorm", "POPULATION": 93, "LAND_SQ_MI": 2.6, "N_COUNTIES": 1, "COUNTY_NAMES": "Southeastern Connecticut Planning Region", "COUNTY_DISASTER_MAX": 8 }, "geometry": { "type": "MultiPolygon", "coordinates": [ [ [ [ -71.975117, 41.450334 ], [ -71.967033, 41.453143 ], [ -71.965312, 41.454482 ], [ -71.96422, 41.452243 ], [ -71.965633, 41.447463 ], [ -71.971246, 41.445842 ], [ -71.975117, 41.450334 ] ] ], [ [ [ -71.989552, 41.472078 ], [ -71.988575, 41.474607 ], [ -71.978752, 41.474988 ], [ -71.979276, 41.472178 ], [ -71.989552, 41.472078 ] ] ], [ [ [ -71.98993, 41.46589 ], [ -71.987958, 41.467758 ], [ -71.987866, 41.466698 ], [ -71.98993, 41.46589 ] ] ], [ [ [ -71.989985, 41.465666 ], [ -71.980517, 41.464419 ], [ -71.9792, 41.472179 ], [ -71.969604, 41.47337 ], [ -71.971513, 41.470531 ], [ -71.962358, 41.472266 ], [ -71.967381, 41.471568 ], [ -71.96277, 41.473114 ], [ -71.967435, 41.474377 ], [ -71.966543, 41.478486 ], [ -71.97359, 41.478282 ], [ -71.968767, 41.479304 ], [ -71.973214, 41.479748 ], [ -71.974823, 41.487048 ], [ -71.951796, 41.469913 ], [ -71.956462, 41.464568 ], [ -71.971766, 41.466245 ], [ -71.965281, 41.454636 ], [ -71.979583, 41.449485 ], [ -71.987406, 41.454046 ], [ -71.989985, 41.465666 ] ], [ [ -71.985559, 41.459863 ], [ -71.983855, 41.458355 ], [ -71.98344, 41.459944 ], [ -71.985559, 41.459863 ] ] ], [ [ [ -71.995277, 41.467342 ], [ -71.992091, 41.466755 ], [ -71.989835, 41.462941 ], [ -71.993622, 41.462801 ], [ -71.995277, 41.467342 ] ] ], [ [ [ -71.998005, 41.472277 ], [ -71.990047, 41.473034 ], [ -71.990168, 41.465964 ], [ -71.991832, 41.468368 ], [ -71.999189, 41.46906 ], [ -71.998005, 41.472277 ] ] ] ] } },
{ "type": "Feature", "properties": { "AIANNHCE": "1475", "NAMELSAD": "Hollywood Reservation", "NAME": "Hollywood", "AREA_TYPE": "Reservation", "STATE_NAMES": "Florida", "DECLARATIONS": 4, "OWN_REQUEST": 2, "UNDER_STATE": 2, "FIRST_YEAR": 2017.0, "LATEST_YEAR": 2023.0, "INCIDENT_LIST": "Hurricane", "POPULATION": 504, "LAND_SQ_MI": 0.8, "N_COUNTIES": 1, "COUNTY_NAMES": "Broward County", "COUNTY_DISASTER_MAX": 7 }, "geometry": { "type": "Polygon", "coordinates": [ [ [ -80.221107, 26.039067 ], [ -80.216682, 26.039192 ], [ -80.216907, 26.045962 ], [ -80.212977, 26.042977 ], [ -80.213066, 26.046546 ], [ -80.210554, 26.046617 ], [ -80.210663, 26.050163 ], [ -80.213524, 26.050105 ], [ -80.21516, 26.046464 ], [ -80.215421, 26.053751 ], [ -80.207466, 26.053961 ], [ -80.208765, 26.042963 ], [ -80.204699, 26.043088 ], [ -80.204473, 26.035794 ], [ -80.216589, 26.035578 ], [ -80.216499, 26.03202 ], [ -80.220953, 26.031838 ], [ -80.221107, 26.039067 ] ] ] } },
{ "type": "Feature", "properties": { "AIANNHCE": "0400", "NAMELSAD": "Burns Paiute Indian Colony and Off-Reservation Trust Land", "NAME": "Burns Paiute", "AREA_TYPE": "Colony", "STATE_NAMES": "Oregon", "DECLARATIONS": 1, "OWN_REQUEST": 1, "UNDER_STATE": 0, "FIRST_YEAR": 2023.0, "LATEST_YEAR": 2023.0, "INCIDENT_LIST": "Mud/Landslide", "POPULATION": 136, "LAND_SQ_MI": 18.9, "N_COUNTIES": 1, "COUNTY_NAMES": "Harney County", "COUNTY_DISASTER_MAX": 0 }, "geometry": { "type": "MultiPolygon", "coordinates": [ [ [ [ -118.569952, 43.565265 ], [ -118.560737, 43.565296 ], [ -118.560648, 43.551422 ], [ -118.569863, 43.551391 ], [ -118.569952, 43.565265 ] ] ], [ [ [ -118.728362, 43.598436 ], [ -118.708484, 43.598523 ], [ -118.708508, 43.584058 ], [ -118.728361, 43.584139 ], [ -118.728362, 43.598436 ] ] ], [ [ [ -118.738794, 43.555228 ], [ -118.728323, 43.555215 ], [ -118.728334, 43.562429 ], [ -118.708431, 43.562445 ], [ -118.708348, 43.54073 ], [ -118.738737, 43.540788 ], [ -118.738794, 43.555228 ] ] ], [ [ [ -118.748299, 43.584213 ], [ -118.738944, 43.584168 ], [ -118.738896, 43.576943 ], [ -118.748291, 43.57697 ], [ -118.748299, 43.584213 ] ] ], [ [ [ -118.758975, 43.59825 ], [ -118.748332, 43.598404 ], [ -118.748299, 43.584213 ], [ -118.758909, 43.584258 ], [ -118.758975, 43.59825 ] ] ], [ [ [ -118.759171, 43.526174 ], [ -118.738624, 43.526269 ], [ -118.738645, 43.518984 ], [ -118.727746, 43.518887 ], [ -118.728214, 43.504254 ], [ -118.738439, 43.504224 ], [ -118.738416, 43.511579 ], [ -118.759142, 43.511604 ], [ -118.759171, 43.526174 ] ] ], [ [ [ -118.768751, 43.569713 ], [ -118.748257, 43.569734 ], [ -118.748147, 43.555243 ], [ -118.759476, 43.555173 ], [ -118.759514, 43.563179 ], [ -118.768718, 43.563157 ], [ -118.768751, 43.569713 ] ] ], [ [ [ -118.768929, 43.533653 ], [ -118.759205, 43.533678 ], [ -118.759171, 43.526174 ], [ -118.768894, 43.52609 ], [ -118.768929, 43.533653 ] ] ], [ [ [ -118.796122, 43.59171 ], [ -118.7864, 43.591607 ], [ -118.786366, 43.584547 ], [ -118.796089, 43.584524 ], [ -118.796122, 43.59171 ] ] ], [ [ [ -118.806732, 43.555017 ], [ -118.759476, 43.555173 ], [ -118.759403, 43.540359 ], [ -118.76896, 43.540336 ], [ -118.768929, 43.533653 ], [ -118.778661, 43.533504 ], [ -118.778683, 43.54006 ], [ -118.796785, 43.540018 ], [ -118.79688, 43.533464 ], [ -118.806243, 43.533467 ], [ -118.806732, 43.555017 ] ] ], [ [ [ -118.806924, 43.599007 ], [ -118.796056, 43.598986 ], [ -118.796122, 43.59171 ], [ -118.806745, 43.59163 ], [ -118.806924, 43.599007 ] ] ], [ [ [ -118.806968, 43.569871 ], [ -118.786465, 43.570174 ], [ -118.786443, 43.563492 ], [ -118.806935, 43.563441 ], [ -118.806968, 43.569871 ] ] ], [ [ [ -118.817131, 43.583589 ], [ -118.807034, 43.583614 ], [ -118.807001, 43.576932 ], [ -118.817098, 43.576907 ], [ -118.817131, 43.583589 ] ] ], [ [ [ -118.817583, 43.606408 ], [ -118.806957, 43.606432 ], [ -118.806937, 43.599007 ], [ -118.817559, 43.598988 ], [ -118.817583, 43.606408 ] ] ], [ [ [ -118.82214, 43.527976 ], [ -118.798023, 43.527896 ], [ -118.797803, 43.518595 ], [ -118.816998, 43.518407 ], [ -118.816958, 43.512177 ], [ -118.797151, 43.511653 ], [ -118.797119, 43.503628 ], [ -118.779436, 43.503823 ], [ -118.77936, 43.497265 ], [ -118.807157, 43.497446 ], [ -118.807189, 43.504803 ], [ -118.817008, 43.504651 ], [ -118.816904, 43.497093 ], [ -118.822122, 43.497386 ], [ -118.82214, 43.527976 ] ] ], [ [ [ -118.831621, 43.562068 ], [ -118.831329, 43.569993 ], [ -118.822127, 43.570032 ], [ -118.822128, 43.56209 ], [ -118.831621, 43.562068 ] ] ], [ [ [ -118.842212, 43.562148 ], [ -118.828218, 43.560646 ], [ -118.829313, 43.555308 ], [ -118.812117, 43.555272 ], [ -118.812042, 43.546563 ], [ -118.831527, 43.546244 ], [ -118.831514, 43.539671 ], [ -118.842173, 43.54002 ], [ -118.842212, 43.562148 ] ] ], [ [ [ -118.852771, 43.606039 ], [ -118.842459, 43.60607 ], [ -118.842251, 43.598722 ], [ -118.852988, 43.598959 ], [ -118.852771, 43.606039 ] ] ], [ [ [ -118.862446, 43.539855 ], [ -118.842173, 43.54002 ], [ -118.842185, 43.533223 ], [ -118.862412, 43.533172 ], [ -118.862446, 43.539855 ] ] ], [ [ [ -118.872664, 43.533148 ], [ -118.862412, 43.533172 ], [ -118.862376, 43.526262 ], [ -118.87263, 43.526354 ], [ -118.872664, 43.533148 ] ] ], [ [ [ -118.872757, 43.555667 ], [ -118.862117, 43.555448 ], [ -118.862302, 43.548431 ], [ -118.872728, 43.548438 ], [ -118.872757, 43.555667 ] ] ], [ [ [ -118.932149, 43.534028 ], [ -118.922532, 43.534048 ], [ -118.922574, 43.54821 ], [ -118.913149, 43.548303 ], [ -118.913034, 43.52591 ], [ -118.932104, 43.525852 ], [ -118.932149, 43.534028 ] ] ], [ [ [ -118.940591, 43.548292 ], [ -118.931892, 43.548399 ], [ -118.931876, 43.540588 ], [ -118.940572, 43.540682 ], [ -118.940591, 43.548292 ] ] ], [ [ [ -119.079335, 43.599596 ], [ -119.079048, 43.613653 ], [ -119.059357, 43.612288 ], [ -119.059335, 43.59596 ], [ -119.069463, 43.596004 ], [ -119.069467, 43.592674 ], [ -119.074503, 43.592683 ], [ -119.074525, 43.599714 ], [ -119.079335, 43.599596 ] ] ], [ [ [ -119.079466, 43.580791 ], [ -119.079397, 43.585494 ], [ -119.0753, 43.584416 ], [ -119.079466, 43.580791 ] ] ], [ [ [ -119.096914, 43.578428 ], [ -119.095675, 43.57977 ], [ -119.095675, 43.578428 ], [ -119.096914, 43.578428 ] ] ] ] } },
{ "type": "Feature", "properties": { "AIANNHCE": "2415", "NAMELSAD": "Narragansett Reservation", "NAME": "Narragansett", "AREA_TYPE": "Reservation", "STATE_NAMES": "Rhode Island", "DECLARATIONS": 1, "OWN_REQUEST": 0, "UNDER_STATE": 1, "FIRST_YEAR": 2022.0, "LATEST_YEAR": 2022.0, "INCIDENT_LIST": "Snowstorm", "POPULATION": 0, "LAND_SQ_MI": 3.2, "N_COUNTIES": 1, "COUNTY_NAMES": "Washington County", "COUNTY_DISASTER_MAX": 7 }, "geometry": { "type": "MultiPolygon", "coordinates": [ [ [ [ -71.635705, 41.396951 ], [ -71.6319, 41.398613 ], [ -71.630943, 41.396534 ], [ -71.634128, 41.394983 ], [ -71.635705, 41.396951 ] ] ], [ [ [ -71.656495, 41.423979 ], [ -71.651598, 41.427625 ], [ -71.647426, 41.428005 ], [ -71.650686, 41.426618 ], [ -71.647477, 41.425742 ], [ -71.650545, 41.419769 ], [ -71.648378, 41.417313 ], [ -71.649904, 41.41694 ], [ -71.65152, 41.418282 ], [ -71.655208, 41.419214 ], [ -71.656495, 41.423979 ] ] ], [ [ [ -71.659148, 41.416164 ], [ -71.651742, 41.418279 ], [ -71.64809, 41.415176 ], [ -71.659148, 41.416164 ] ] ], [ [ [ -71.680132, 41.398028 ], [ -71.679282, 41.406535 ], [ -71.677885, 41.403759 ], [ -71.672999, 41.404329 ], [ -71.66565, 41.39288 ], [ -71.661824, 41.395933 ], [ -71.663491, 41.39872 ], [ -71.654407, 41.402009 ], [ -71.651272, 41.400448 ], [ -71.654187, 41.397342 ], [ -71.652423, 41.394161 ], [ -71.659504, 41.391435 ], [ -71.657146, 41.385605 ], [ -71.659591, 41.385044 ], [ -71.66312, 41.393302 ], [ -71.667162, 41.38761 ], [ -71.66426, 41.38561 ], [ -71.668137, 41.386089 ], [ -71.670937, 41.38728 ], [ -71.669055, 41.390642 ], [ -71.678444, 41.390335 ], [ -71.679948, 41.393094 ], [ -71.673389, 41.395103 ], [ -71.680132, 41.398028 ] ] ], [ [ [ -71.694671, 41.427222 ], [ -71.687383, 41.424044 ], [ -71.681918, 41.429178 ], [ -71.682949, 41.424467 ], [ -71.670138, 41.427834 ], [ -71.665566, 41.423569 ], [ -71.664682, 41.41498 ], [ -71.647459, 41.413839 ], [ -71.645903, 41.411737 ], [ -71.656322, 41.411897 ], [ -71.655514, 41.408965 ], [ -71.648829, 41.410107 ], [ -71.647597, 41.403927 ], [ -71.677385, 41.407895 ], [ -71.68388, 41.41154 ], [ -71.685344, 41.41647 ], [ -71.688331, 41.415989 ], [ -71.685893, 41.419869 ], [ -71.694671, 41.427222 ] ] ], [ [ [ -71.697204, 41.426221 ], [ -71.700371, 41.430876 ], [ -71.695166, 41.42626 ], [ -71.697204, 41.426221 ] ] ] ] } },
{ "type": "Feature", "properties": { "AIANNHCE": "4625", "NAMELSAD": "Winnebago Reservation and Off-Reservation Trust Land", "NAME": "Winnebago", "AREA_TYPE": "Reservation", "STATE_NAMES": "Iowa; Nebraska", "DECLARATIONS": 1, "OWN_REQUEST": 0, "UNDER_STATE": 1, "FIRST_YEAR": 2019.0, "LATEST_YEAR": 2019.0, "INCIDENT_LIST": "Flood", "POPULATION": 2476, "LAND_SQ_MI": 176.7, "N_COUNTIES": 8, "COUNTY_NAMES": "Thurston County; Dixon County; Woodbury County and others", "COUNTY_DISASTER_MAX": 8 }, "geometry": { "type": "MultiPolygon", "coordinates": [ [ [ [ -96.37692, 41.690403 ], [ -96.367013, 41.690353 ], [ -96.367047, 41.683319 ], [ -96.37175, 41.683344 ], [ -96.371754, 41.687109 ], [ -96.376925, 41.687109 ], [ -96.37692, 41.690403 ] ] ], [ [ [ -96.82311, 42.160812 ], [ -96.822289, 42.278133 ], [ -96.356406067881593, 42.276493105625697 ], [ -96.34145, 42.269115 ], [ -96.331331, 42.25943 ], [ -96.327706, 42.249992 ], [ -96.330004, 42.240224 ], [ -96.325547980990805, 42.2361107997178 ], [ -96.309317, 42.236101 ], [ -96.309601, 42.218599 ], [ -96.327201, 42.218477 ], [ -96.3269695359499, 42.226647877123398 ], [ -96.336323, 42.218922 ], [ -96.358141, 42.214088 ], [ -96.359087, 42.207799 ], [ -96.349166, 42.197253 ], [ -96.347715524120304, 42.191329114932401 ], [ -96.554179, 42.191364 ], [ -96.553885, 42.161004 ], [ -96.82311, 42.160812 ] ] ] ] } },
{ "type": "Feature", "properties": { "AIANNHCE": "0845", "NAMELSAD": "Crow Reservation and Off-Reservation Trust Land", "NAME": "Crow", "AREA_TYPE": "Reservation", "STATE_NAMES": "Montana; Wyoming", "DECLARATIONS": 2, "OWN_REQUEST": 0, "UNDER_STATE": 2, "FIRST_YEAR": 2011.0, "LATEST_YEAR": 2012.0, "INCIDENT_LIST": "Fire; Severe Storm", "POPULATION": 7346, "LAND_SQ_MI": 3596.1, "N_COUNTIES": 6, "COUNTY_NAMES": "Big Horn County; Yellowstone County; Treasure County and others", "COUNTY_DISASTER_MAX": 6 }, "geometry": { "type": "MultiPolygon", "coordinates": [ [ [ [ -107.013418, 45.210969 ], [ -107.0106, 45.210969 ], [ -107.010599, 45.207593 ], [ -107.013418, 45.207573 ], [ -107.013418, 45.210969 ] ] ], [ [ [ -107.013418, 45.18194 ], [ -107.013418, 45.18872 ], [ -107.0106, 45.18872 ], [ -107.0106, 45.181564 ], [ -107.013418, 45.18194 ] ] ], [ [ [ -107.015939, 45.979717 ], [ -107.011322, 45.979708 ], [ -107.009883, 46.000755 ], [ -107.011289, 45.960978 ], [ -107.011356, 45.976576 ], [ -107.015922, 45.976561 ], [ -107.015939, 45.979717 ] ] ], [ [ [ -107.016739, 45.950131 ], [ -107.010685, 45.950569 ], [ -107.010709, 45.946585 ], [ -107.016741, 45.946586 ], [ -107.016739, 45.950131 ] ] ], [ [ [ -107.019848, 46.111596 ], [ -107.014898, 46.111546 ], [ -107.015001, 46.107903 ], [ -107.019952, 46.10796 ], [ -107.019848, 46.111596 ] ] ], [ [ [ -107.03024, 46.057433 ], [ -107.019855, 46.057289 ], [ -107.019694, 46.042713 ], [ -107.030079, 46.042857 ], [ -107.03024, 46.057433 ] ] ], [ [ [ -107.030316, 46.133131 ], [ -107.014687, 46.132995 ], [ -107.014988, 46.118638 ], [ -107.030415, 46.118432 ], [ -107.030316, 46.133131 ] ] ], [ [ [ -107.030421, 46.093253 ], [ -107.019766, 46.092968 ], [ -107.020017, 46.085899 ], [ -107.030672, 46.085976 ], [ -107.030421, 46.093253 ] ] ], [ [ [ -107.040994, 46.071584 ], [ -107.040769, 46.079259 ], [ -107.030358, 46.078977 ], [ -107.030539, 46.071486 ], [ -107.040994, 46.071584 ] ] ], [ [ [ -107.041127, 46.108234 ], [ -107.030552, 46.108048 ], [ -107.030668, 46.100302 ], [ -107.041356, 46.100405 ], [ -107.041127, 46.108234 ] ] ], [ [ [ -107.052084, 45.884778 ], [ -107.031714, 45.884071 ], [ -107.031851, 45.876847 ], [ -107.052123, 45.876996 ], [ -107.052084, 45.884778 ] ] ], [ [ [ -107.057835, 45.93551 ], [ -107.051802, 45.935557 ], [ -107.051804, 45.932073 ], [ -107.057836, 45.932058 ], [ -107.057835, 45.93551 ] ] ], [ [ [ -107.07118, 46.014269 ], [ -107.060715, 46.013989 ], [ -107.060358, 45.999411 ], [ -107.070927, 45.999557 ], [ -107.07118, 46.014269 ] ] ], [ [ [ -107.072347, 46.115072 ], [ -107.072313, 46.129713 ], [ -107.061745, 46.129567 ], [ -107.062158, 46.115268 ], [ -107.072347, 46.115072 ] ] ], [ [ [ -107.072846, 45.913476 ], [ -107.051946, 45.913489 ], [ -107.052028, 45.898213 ], [ -107.072785, 45.898101 ], [ -107.072846, 45.913476 ] ] ], [ [ [ -107.077712, 45.859087 ], [ -107.072765, 45.858981 ], [ -107.072731, 45.855402 ], [ -107.07777, 45.855441 ], [ -107.077712, 45.859087 ] ] ], [ [ [ -107.093025, 46.129302 ], [ -107.082871, 46.129342 ], [ -107.083021, 46.115021 ], [ -107.093486, 46.115 ], [ -107.093025, 46.129302 ] ] ], [ [ [ -107.093704, 46.092997 ], [ -107.072593, 46.092983 ], [ -107.072388, 46.085857 ], [ -107.093676, 46.086088 ], [ -107.093704, 46.092997 ] ] ], [ [ [ -107.097816, 45.894224 ], [ -107.09315, 45.894309 ], [ -107.093173, 45.890465 ], [ -107.097954, 45.890381 ], [ -107.097816, 45.894224 ] ] ], [ [ [ -107.09822, 45.884629 ], [ -107.098172, 45.887375 ], [ -107.092911, 45.88744 ], [ -107.092871, 45.883162 ], [ -107.09822, 45.884629 ] ] ], [ [ [ -107.10455, 46.05736 ], [ -107.094308, 46.057147 ], [ -107.09406, 46.050053 ], [ -107.104307, 46.050132 ], [ -107.10455, 46.05736 ] ] ], [ [ [ -107.127065, 46.136892 ], [ -107.116601, 46.136772 ], [ -107.116422, 46.133158 ], [ -107.12691, 46.133259 ], [ -107.127065, 46.136892 ] ] ], [ [ [ -107.127277, 46.306938 ], [ -107.122585, 46.306522 ], [ -107.12329, 46.299624 ], [ -107.12777, 46.299576 ], [ -107.127277, 46.306938 ] ] ], [ [ [ -107.135184, 46.122042 ], [ -107.130038, 46.122106 ], [ -107.130245, 46.114889 ], [ -107.135483, 46.114827 ], [ -107.135184, 46.122042 ] ] ], [ [ [ -107.141301, 46.302222 ], [ -107.137053, 46.30847 ], [ -107.135424, 46.308531 ], [ -107.135598, 46.302131 ], [ -107.141301, 46.302222 ] ] ], [ [ [ -107.145924, 46.080651 ], [ -107.145915, 46.086423 ], [ -107.135529, 46.086174 ], [ -107.135644, 46.078994 ], [ -107.145924, 46.080651 ] ] ], [ [ [ -107.156374, 46.05549 ], [ -107.151384, 46.055538 ], [ -107.151358, 46.05173 ], [ -107.156302, 46.051714 ], [ -107.156374, 46.05549 ] ] ], [ [ [ -107.176745, 46.072096 ], [ -107.156155, 46.071654 ], [ -107.156644, 46.057424 ], [ -107.166985, 46.057582 ], [ -107.1667, 46.065093 ], [ -107.177011, 46.065262 ], [ -107.176745, 46.072096 ] ] ], [ [ [ -107.177201, 45.810945 ], [ -107.166863, 45.811619 ], [ -107.166554, 45.797269 ], [ -107.177061, 45.797263 ], [ -107.177201, 45.810945 ] ] ], [ [ [ -107.192506, 45.840494 ], [ -107.187569, 45.840544 ], [ -107.187376, 45.83219 ], [ -107.192812, 45.832069 ], [ -107.192506, 45.840494 ] ] ], [ [ [ -107.197801, 46.079688 ], [ -107.187176, 46.079508 ], [ -107.187971, 46.072367 ], [ -107.197856, 46.072569 ], [ -107.197801, 46.079688 ] ] ], [ [ [ -107.200107, 46.153479 ], [ -107.194669, 46.153529 ], [ -107.194588, 46.149683 ], [ -107.200033, 46.149634 ], [ -107.200107, 46.153479 ] ] ], [ [ [ -107.207723, 46.108148 ], [ -107.197532, 46.108068 ], [ -107.197754, 46.101083 ], [ -107.208104, 46.10119 ], [ -107.207723, 46.108148 ] ] ], [ [ [ -107.215528, 46.176852 ], [ -107.194814, 46.178633 ], [ -107.194742, 46.171357 ], [ -107.215374, 46.171183 ], [ -107.215528, 46.176852 ] ] ], [ [ [ -107.233615, 45.79345 ], [ -107.223273, 45.790138 ], [ -107.223314, 45.797066 ], [ -107.218513, 45.797063 ], [ -107.218587, 45.782554 ], [ -107.233534, 45.782607 ], [ -107.233615, 45.79345 ] ] ], [ [ [ -107.23931, 46.072599 ], [ -107.229136, 46.072553 ], [ -107.229507, 46.064809 ], [ -107.239084, 46.065574 ], [ -107.23931, 46.072599 ] ] ], [ [ [ -107.23934, 46.118686 ], [ -107.228671, 46.118746 ], [ -107.228857, 46.125967 ], [ -107.218183, 46.125955 ], [ -107.218093, 46.133297 ], [ -107.196699, 46.13331 ], [ -107.197152, 46.12589 ], [ -107.18685, 46.126001 ], [ -107.186913, 46.133155 ], [ -107.181275, 46.133178 ], [ -107.181991, 46.11848 ], [ -107.197389, 46.118539 ], [ -107.197411, 46.122201 ], [ -107.207816, 46.122161 ], [ -107.207947, 46.115094 ], [ -107.239241, 46.115304 ], [ -107.23934, 46.118686 ] ] ], [ [ [ -107.243047, 46.133462 ], [ -107.239183, 46.133467 ], [ -107.239142, 46.125965 ], [ -107.242936, 46.126041 ], [ -107.243047, 46.133462 ] ] ], [ [ [ -107.249487, 45.985512 ], [ -107.238791, 45.985404 ], [ -107.238847, 45.978293 ], [ -107.248984, 45.978242 ], [ -107.249487, 45.985512 ] ] ], [ [ [ -107.258308, 46.178326 ], [ -107.242658, 46.178359 ], [ -107.242691, 46.175096 ], [ -107.247797, 46.175081 ], [ -107.247829, 46.171508 ], [ -107.242671, 46.171525 ], [ -107.242625, 46.164446 ], [ -107.225851, 46.164623 ], [ -107.225759, 46.157267 ], [ -107.247244, 46.157306 ], [ -107.24753, 46.164654 ], [ -107.25808, 46.164647 ], [ -107.258308, 46.178326 ] ] ], [ [ [ -107.258917, 46.133094 ], [ -107.247876, 46.133065 ], [ -107.247904, 46.125659 ], [ -107.258963, 46.125688 ], [ -107.258917, 46.133094 ] ] ], [ [ [ -107.259613, 45.852069 ], [ -107.238574, 45.852069 ], [ -107.238574, 45.841057 ], [ -107.249094, 45.841057 ], [ -107.249094, 45.848381 ], [ -107.259613, 45.848381 ], [ -107.259613, 45.852069 ] ] ], [ [ [ -107.273823, 45.996613 ], [ -107.268298, 45.996592 ], [ -107.268253, 46.000235 ], [ -107.258395, 46.000215 ], [ -107.258455, 45.996597 ], [ -107.263429, 45.996644 ], [ -107.263804, 45.992858 ], [ -107.273851, 45.993063 ], [ -107.273823, 45.996613 ] ] ], [ [ [ -107.279122, 46.086726 ], [ -107.268629, 46.086671 ], [ -107.268704, 46.079793 ], [ -107.260296, 46.07966 ], [ -107.258238, 46.086955 ], [ -107.248152, 46.086905 ], [ -107.248301, 46.072477 ], [ -107.279258, 46.072635 ], [ -107.279122, 46.086726 ] ] ], [ [ [ -107.279514, 46.122644 ], [ -107.258595, 46.12259 ], [ -107.258606, 46.119089 ], [ -107.263859, 46.119102 ], [ -107.263816, 46.115339 ], [ -107.276331, 46.115277 ], [ -107.279561, 46.115993 ], [ -107.279514, 46.122644 ] ] ], [ [ [ -107.283365, 46.171257 ], [ -107.278204, 46.171207 ], [ -107.278158, 46.164127 ], [ -107.283308, 46.16411 ], [ -107.283365, 46.171257 ] ] ], [ [ [ -107.290504, 45.827081 ], [ -107.279576, 45.827141 ], [ -107.279495, 45.819864 ], [ -107.290034, 45.819806 ], [ -107.290504, 45.827081 ] ] ], [ [ [ -107.294066, 46.194085 ], [ -107.286945, 46.194064 ], [ -107.286927, 46.188745 ], [ -107.294342, 46.188736 ], [ -107.294066, 46.194085 ] ] ], [ [ [ -107.296076, 45.967595 ], [ -107.290668, 45.967612 ], [ -107.290678, 45.965676 ], [ -107.296053, 45.964126 ], [ -107.296076, 45.967595 ] ] ], [ [ [ -107.29981, 46.107848 ], [ -107.289037, 46.107849 ], [ -107.288807, 46.100794 ], [ -107.299372, 46.100793 ], [ -107.29981, 46.107848 ] ] ], [ [ [ -107.299857, 46.097343 ], [ -107.289323, 46.093717 ], [ -107.289387, 46.086294 ], [ -107.299972, 46.086354 ], [ -107.299857, 46.097343 ] ] ], [ [ [ -107.300231, 46.014702 ], [ -107.294394, 46.014681 ], [ -107.294303, 46.021708 ], [ -107.283311, 46.021693 ], [ -107.283429, 46.014611 ], [ -107.288977, 46.014612 ], [ -107.289039, 46.007153 ], [ -107.300066, 46.007253 ], [ -107.300231, 46.014702 ] ] ], [ [ [ -107.300237, 46.05069 ], [ -107.30016, 46.058106 ], [ -107.279243, 46.057939 ], [ -107.278957, 46.050588 ], [ -107.300237, 46.05069 ] ] ], [ [ [ -107.309723, 46.150326 ], [ -107.299215, 46.150361 ], [ -107.299288, 46.143694 ], [ -107.309753, 46.143721 ], [ -107.309723, 46.150326 ] ] ], [ [ [ -107.310587, 46.007255 ], [ -107.300066, 46.007253 ], [ -107.300087, 46.000191 ], [ -107.310656, 46.000244 ], [ -107.310587, 46.007255 ] ] ], [ [ [ -107.320822, 46.039736 ], [ -107.315387, 46.039708 ], [ -107.315468, 46.032495 ], [ -107.310322, 46.032469 ], [ -107.310368, 46.028694 ], [ -107.320937, 46.028747 ], [ -107.320822, 46.039736 ] ] ], [ [ [ -107.3309, 46.136317 ], [ -107.330867, 46.143985 ], [ -107.320734, 46.143957 ], [ -107.320806, 46.136282 ], [ -107.3309, 46.136317 ] ] ], [ [ [ -107.333236, 45.897813 ], [ -107.332898, 45.902297 ], [ -107.326985, 45.901932 ], [ -107.326682, 45.897969 ], [ -107.333236, 45.897813 ] ] ], [ [ [ -107.33536, 46.101067 ], [ -107.330431, 46.101043 ], [ -107.330417, 46.107956 ], [ -107.320259, 46.107908 ], [ -107.320312, 46.100883 ], [ -107.314614, 46.100857 ], [ -107.314678, 46.097031 ], [ -107.335372, 46.097108 ], [ -107.33536, 46.101067 ] ] ], [ [ [ -107.340551, 46.192247 ], [ -107.319249, 46.192935 ], [ -107.319176, 46.185204 ], [ -107.340401, 46.185127 ], [ -107.340551, 46.192247 ] ] ], [ [ [ -107.346044, 46.115008 ], [ -107.340665, 46.114995 ], [ -107.34084, 46.108328 ], [ -107.345927, 46.108188 ], [ -107.346044, 46.115008 ] ] ], [ [ [ -107.346362, 46.166435 ], [ -107.340779, 46.167177 ], [ -107.340746, 46.16328 ], [ -107.346392, 46.163382 ], [ -107.346362, 46.166435 ] ] ], [ [ [ -107.352426, 46.061602 ], [ -107.346899, 46.061575 ], [ -107.346784, 46.072496 ], [ -107.310109, 46.07216 ], [ -107.310178, 46.065268 ], [ -107.300115, 46.065232 ], [ -107.30016, 46.058106 ], [ -107.336191, 46.057857 ], [ -107.336205, 46.06162 ], [ -107.341558, 46.061683 ], [ -107.341592, 46.05784 ], [ -107.35246, 46.057894 ], [ -107.352426, 46.061602 ] ] ], [ [ [ -107.361994, 46.101042 ], [ -107.340946, 46.100759 ], [ -107.340956, 46.093394 ], [ -107.362028, 46.094035 ], [ -107.361994, 46.101042 ] ] ], [ [ [ -107.362326, 46.032594 ], [ -107.357129, 46.032558 ], [ -107.357031, 46.028724 ], [ -107.362372, 46.028751 ], [ -107.362326, 46.032594 ] ] ], [ [ [ -107.367316, 46.13658 ], [ -107.362131, 46.136579 ], [ -107.362202, 46.133095 ], [ -107.367426, 46.133104 ], [ -107.367316, 46.13658 ] ] ], [ [ [ -107.372386, 46.206279 ], [ -107.361878, 46.206248 ], [ -107.361832, 46.198831 ], [ -107.372339, 46.198796 ], [ -107.372386, 46.206279 ] ] ], [ [ [ -107.382202, 46.114907 ], [ -107.376963, 46.114853 ], [ -107.376903, 46.121842 ], [ -107.372137, 46.121792 ], [ -107.372112, 46.125453 ], [ -107.36194, 46.125448 ], [ -107.361957, 46.118619 ], [ -107.37218, 46.11865 ], [ -107.376807, 46.111398 ], [ -107.382238, 46.111379 ], [ -107.382202, 46.114907 ] ] ], [ [ [ -107.393183, 46.19913 ], [ -107.382652, 46.199165 ], [ -107.382606, 46.191952 ], [ -107.393125, 46.191848 ], [ -107.393183, 46.19913 ] ] ], [ [ [ -107.393966, 46.220542 ], [ -107.382833, 46.220714 ], [ -107.382883, 46.213288 ], [ -107.39381, 46.213227 ], [ -107.393966, 46.220542 ] ] ], [ [ [ -107.398729, 45.974842 ], [ -107.393749, 45.974851 ], [ -107.39379, 45.982061 ], [ -107.388464, 45.982077 ], [ -107.388395, 45.970875 ], [ -107.398742, 45.970859 ], [ -107.398729, 45.974842 ] ] ], [ [ [ -107.399203, 45.870489 ], [ -107.399113, 45.874143 ], [ -107.394248, 45.874091 ], [ -107.394207, 45.869984 ], [ -107.399203, 45.870489 ] ] ], [ [ [ -107.402865, 46.105053 ], [ -107.397626, 46.105039 ], [ -107.397649, 46.101202 ], [ -107.402888, 46.101215 ], [ -107.402865, 46.105053 ] ] ], [ [ [ -107.403252, 46.177798 ], [ -107.39264, 46.177902 ], [ -107.392594, 46.170688 ], [ -107.403194, 46.170652 ], [ -107.403252, 46.177798 ] ] ], [ [ [ -107.410061, 45.891239 ], [ -107.40486, 45.891354 ], [ -107.404986, 45.884524 ], [ -107.41012, 45.884473 ], [ -107.410061, 45.891239 ] ] ], [ [ [ -107.414491, 45.978489 ], [ -107.404105, 45.978715 ], [ -107.404077, 45.971208 ], [ -107.414453, 45.971067 ], [ -107.414491, 45.978489 ] ] ], [ [ [ -107.425572, 45.873849 ], [ -107.410131, 45.87392 ], [ -107.409774, 45.880701 ], [ -107.404691, 45.880543 ], [ -107.404015, 45.869824 ], [ -107.425799, 45.870161 ], [ -107.425572, 45.873849 ] ] ], [ [ [ -107.430035, 46.032487 ], [ -107.424941, 46.032453 ], [ -107.424948, 46.028688 ], [ -107.430104, 46.028672 ], [ -107.430035, 46.032487 ] ] ], [ [ [ -107.435264, 45.985315 ], [ -107.414515, 45.985456 ], [ -107.414491, 45.978489 ], [ -107.435226, 45.978068 ], [ -107.435264, 45.985315 ] ] ], [ [ [ -107.466651, 45.902597 ], [ -107.451735, 45.902713 ], [ -107.451739, 45.910107 ], [ -107.455998, 45.910293 ], [ -107.455796, 45.913772 ], [ -107.446223, 45.913539 ], [ -107.446052, 45.899054 ], [ -107.466482, 45.898637 ], [ -107.466651, 45.902597 ] ] ], [ [ [ -107.466906, 45.913764 ], [ -107.46111, 45.913916 ], [ -107.46111, 45.906189 ], [ -107.466876, 45.906204 ], [ -107.466906, 45.913764 ] ] ], [ [ [ -107.491756, 46.149949 ], [ -107.485736, 46.157153 ], [ -107.466059, 46.163554 ], [ -107.479181, 46.151137 ], [ -107.491756, 46.149949 ] ] ], [ [ [ -107.553963, 45.96575 ], [ -107.549285, 45.966054 ], [ -107.549565, 45.962189 ], [ -107.553172, 45.96305 ], [ -107.553963, 45.96575 ] ] ], [ [ [ -107.564461, 46.085092 ], [ -107.559882, 46.086791 ], [ -107.559375, 46.079642 ], [ -107.564522, 46.079669 ], [ -107.564461, 46.085092 ] ] ], [ [ [ -107.665153, 45.960416 ], [ -107.655153, 45.960295 ], [ -107.655023, 45.956562 ], [ -107.664778, 45.956609 ], [ -107.665153, 45.960416 ] ] ], [ [ [ -107.690702, 46.049608 ], [ -107.684927, 46.049632 ], [ -107.68493, 46.046884 ], [ -107.69067, 46.046823 ], [ -107.690702, 46.049608 ] ] ], [ [ [ -107.742069, 46.049224 ], [ -107.736799, 46.049175 ], [ -107.73679, 46.045748 ], [ -107.74207, 46.045733 ], [ -107.742069, 46.049224 ] ] ], [ [ [ -107.777487, 46.0605 ], [ -107.764846, 46.061202 ], [ -107.764901, 46.056953 ], [ -107.775185, 46.057024 ], [ -107.777487, 46.0605 ] ] ], [ [ [ -107.781061, 45.728825 ], [ -107.760213, 45.728589 ], [ -107.760213, 45.72149 ], [ -107.781061, 45.72149 ], [ -107.781061, 45.728825 ] ] ], [ [ [ -107.818339, 46.021757 ], [ -107.797996, 46.021586 ], [ -107.798027, 46.017747 ], [ -107.818308, 46.017904 ], [ -107.818339, 46.021757 ] ] ], [ [ [ -107.882133, 45.877412 ], [ -107.876091, 45.877454 ], [ -107.876054, 45.873236 ], [ -107.881915, 45.873242 ], [ -107.882133, 45.877412 ] ] ], [ [ [ -107.892544, 45.946736 ], [ -107.887017, 45.946661 ], [ -107.887139, 45.942443 ], [ -107.892745, 45.94251 ], [ -107.892544, 45.946736 ] ] ], [ [ [ -107.9021, 45.992377 ], [ -107.89177, 45.992365 ], [ -107.891615, 45.985328 ], [ -107.902342, 45.985466 ], [ -107.9021, 45.992377 ] ] ], [ [ [ -107.907613, 46.015798 ], [ -107.90204, 46.016836 ], [ -107.902193, 46.01068 ], [ -107.907681, 46.010712 ], [ -107.907613, 46.015798 ] ] ], [ [ [ -107.958752, 45.969718 ], [ -107.9529, 45.969701 ], [ -107.953102, 45.966256 ], [ -107.958825, 45.966345 ], [ -107.958752, 45.969718 ] ] ], [ [ [ -107.963788, 45.922057 ], [ -107.954054, 45.921951 ], [ -107.954279, 45.910479 ], [ -107.95784, 45.910531 ], [ -107.960169, 45.917248 ], [ -107.963754, 45.917259 ], [ -107.963788, 45.922057 ] ] ], [ [ [ -107.970575, 45.963175 ], [ -107.964424, 45.963179 ], [ -107.964502, 45.959073 ], [ -107.970674, 45.959117 ], [ -107.970575, 45.963175 ] ] ], [ [ [ -108.006327, 45.921035 ], [ -108.004105, 45.921043 ], [ -108.002746, 45.913991 ], [ -108.006416, 45.913958 ], [ -108.006327, 45.921035 ] ] ], [ [ [ -108.236702, 45.768994 ], [ -108.231419, 45.76897 ], [ -108.231548, 45.762018 ], [ -108.236786, 45.762027 ], [ -108.236702, 45.768994 ] ] ], [ [ [ -108.319631, 45.881468 ], [ -108.310983, 45.882165 ], [ -108.31136, 45.877637 ], [ -108.319857, 45.877468 ], [ -108.319631, 45.881468 ] ] ], [ [ [ -108.69962, 45.348946 ], [ -108.685733, 45.391854 ], [ -108.682223, 45.433132 ], [ -108.640714, 45.467935 ], [ -108.623065, 45.475422 ], [ -108.623076, 45.481612 ], [ -108.638195, 45.501741 ], [ -108.588823, 45.52158 ], [ -108.577731, 45.529258 ], [ -108.57783, 45.540165 ], [ -108.560209, 45.540226 ], [ -108.560339, 45.551141 ], [ -108.550076, 45.551152 ], [ -108.550132, 45.558434 ], [ -108.539807, 45.558504 ], [ -108.540122, 45.580235 ], [ -108.529887, 45.5803 ], [ -108.53018, 45.594919 ], [ -108.519748, 45.594943 ], [ -108.51985, 45.609354 ], [ -108.509482, 45.609641 ], [ -108.50968, 45.623936 ], [ -108.487862, 45.623912 ], [ -108.487867, 45.63136 ], [ -108.458019, 45.631415 ], [ -108.458062, 45.645856 ], [ -108.447729, 45.645862 ], [ -108.447837, 45.654838 ], [ -108.438066, 45.654858 ], [ -108.438107, 45.660251 ], [ -108.427804, 45.660231 ], [ -108.427907, 45.667442 ], [ -108.4176, 45.667494 ], [ -108.41834, 45.696394 ], [ -108.397665, 45.699091 ], [ -108.397615, 45.739862 ], [ -108.387274, 45.739855 ], [ -108.377745, 45.746315 ], [ -108.370805, 45.746309 ], [ -108.370849, 45.749932 ], [ -108.362455, 45.750072 ], [ -108.364935, 45.783745 ], [ -108.242956, 45.783764 ], [ -108.242721, 45.70472 ], [ -108.232326, 45.704672 ], [ -108.232419, 45.697654 ], [ -108.242676, 45.69771 ], [ -108.242738, 45.681479 ], [ -107.638075, 45.681515 ], [ -107.637875, 45.72019 ], [ -107.622405, 45.720201 ], [ -107.622079, 45.723912 ], [ -107.618026, 45.724002 ], [ -107.616866, 45.720357 ], [ -107.596528, 45.720381 ], [ -107.59681, 45.745975 ], [ -107.5915, 45.745889 ], [ -107.591771, 45.761931 ], [ -107.595901, 45.768012 ], [ -107.246478, 45.768225 ], [ -107.246572, 45.782748 ], [ -107.236461, 45.782995 ], [ -107.236459, 45.77862 ], [ -107.231571, 45.778704 ], [ -107.231652, 45.775761 ], [ -107.236323, 45.775418 ], [ -107.23616, 45.768176 ], [ -107.015047, 45.768185 ], [ -107.02059, 45.157223 ], [ -107.014616, 45.141212 ], [ -107.01059, 45.107546 ], [ -107.005160211195005, 44.996295807460598 ], [ -107.084886, 44.9966 ], [ -107.127418, 44.999837 ], [ -107.483747, 45.001426 ], [ -108.249411984912996, 44.999903361802403 ], [ -108.246429, 45.006035 ], [ -108.25863, 45.007576 ], [ -108.253289, 45.013375 ], [ -108.254081, 45.018058 ], [ -108.248116, 45.020551 ], [ -108.25049, 45.028736 ], [ -108.24467, 45.041761 ], [ -108.235084, 45.047885 ], [ -108.220828, 45.047429 ], [ -108.222061, 45.052601 ], [ -108.237939, 45.055261 ], [ -108.239601, 45.062506 ], [ -108.227761, 45.064181 ], [ -108.229868, 45.07073 ], [ -108.220202, 45.078342 ], [ -108.217518, 45.094115 ], [ -108.206621, 45.094372 ], [ -108.201803, 45.104787 ], [ -108.198463, 45.099619 ], [ -108.18913, 45.099679 ], [ -108.187793, 45.107911 ], [ -108.198021, 45.113424 ], [ -108.186315, 45.111778 ], [ -108.182955, 45.113977 ], [ -108.181629, 45.124464 ], [ -108.18928, 45.130712 ], [ -108.169872, 45.132748 ], [ -108.163949, 45.137986 ], [ -108.165869, 45.142954 ], [ -108.171838, 45.144712 ], [ -108.169206, 45.148518 ], [ -108.174051, 45.158217 ], [ -108.158639, 45.163803 ], [ -108.168395, 45.170815 ], [ -108.16085, 45.172674 ], [ -108.153384, 45.167843 ], [ -108.147766, 45.185114 ], [ -108.135001, 45.181613 ], [ -108.129739, 45.183838 ], [ -108.14565, 45.192613 ], [ -108.13044, 45.194844 ], [ -108.136709, 45.202644 ], [ -108.125898, 45.210535 ], [ -108.128538, 45.217786 ], [ -108.11322, 45.216095 ], [ -108.098054, 45.220517 ], [ -108.699616, 45.217709 ], [ -108.699305, 45.313494 ], [ -108.696402, 45.320364 ], [ -108.699427, 45.327723 ], [ -108.69962, 45.348946 ] ], [ [ -107.970161, 45.320616 ], [ -107.97029, 45.2935 ], [ -107.959881, 45.293447 ], [ -107.960039, 45.297095 ], [ -107.954886, 45.297003 ], [ -107.955097, 45.304055 ], [ -107.915417, 45.304051 ], [ -107.915054, 45.318764 ], [ -107.965089, 45.322916 ], [ -107.965191, 45.320585 ], [ -107.970161, 45.320616 ] ] ] ] } },
{ "type": "Feature", "properties": { "AIANNHCE": "4345", "NAMELSAD": "Turtle Mountain Reservation and Off-Reservation Trust Land", "NAME": "Turtle Mountain", "AREA_TYPE": "Reservation", "STATE_NAMES": "Montana; North Dakota; South Dakota", "DECLARATIONS": 3, "OWN_REQUEST": 0, "UNDER_STATE": 3, "FIRST_YEAR": 2011.0, "LATEST_YEAR": 2017.0, "INCIDENT_LIST": "Flood; Severe Storm", "POPULATION": 7426, "LAND_SQ_MI": 227.4, "N_COUNTIES": 18, "COUNTY_NAMES": "Rolette County; Phillips County; Blaine County and others", "COUNTY_DISASTER_MAX": 8 }, "geometry": { "type": "MultiPolygon", "coordinates": [ [ [ [ -98.070157, 48.895314 ], [ -98.059317, 48.895421 ], [ -98.059317, 48.891341 ], [ -98.070145, 48.887665 ], [ -98.070157, 48.895314 ] ] ], [ [ [ -98.080739, 48.836981 ], [ -98.070247, 48.83747 ], [ -98.070386, 48.833477 ], [ -98.080727, 48.833512 ], [ -98.080739, 48.836981 ] ] ], [ [ [ -99.679268, 48.736301 ], [ -99.669553, 48.736672 ], [ -99.669571, 48.740167 ], [ -99.657278, 48.740334 ], [ -99.657296, 48.732992 ], [ -99.679248, 48.732967 ], [ -99.679268, 48.736301 ] ] ], [ [ [ -99.679326, 48.935609 ], [ -99.66855, 48.935613 ], [ -99.668842, 48.928441 ], [ -99.67972, 48.928423 ], [ -99.679326, 48.935609 ] ] ], [ [ [ -99.710044, 48.941805 ], [ -99.709902, 48.943348 ], [ -99.708876, 48.9423 ], [ -99.710044, 48.941805 ] ] ], [ [ [ -99.712277, 48.744049 ], [ -99.701129, 48.744011 ], [ -99.70111, 48.740357 ], [ -99.712312, 48.740435 ], [ -99.712277, 48.744049 ] ] ], [ [ [ -99.722959, 48.99402 ], [ -99.710993, 48.993978 ], [ -99.711095, 48.986255 ], [ -99.722959, 48.98625 ], [ -99.722959, 48.99402 ] ] ], [ [ [ -99.723012, 48.964615 ], [ -99.711298, 48.964452 ], [ -99.711389, 48.957313 ], [ -99.722954, 48.957403 ], [ -99.723012, 48.964615 ] ] ], [ [ [ -99.723021, 48.941597 ], [ -99.717248, 48.942932 ], [ -99.717266, 48.939287 ], [ -99.707444, 48.935612 ], [ -99.722769, 48.93561 ], [ -99.723021, 48.941597 ] ] ], [ [ [ -99.755942, 48.94327 ], [ -99.744993, 48.943322 ], [ -99.744986, 48.935566 ], [ -99.755944, 48.935577 ], [ -99.755942, 48.94327 ] ] ], [ [ [ -99.810495, 48.747551 ], [ -99.799508, 48.747684 ], [ -99.799145, 48.740427 ], [ -99.810579, 48.740526 ], [ -99.810495, 48.747551 ] ] ], [ [ [ -99.821156, 48.990215 ], [ -99.810595, 48.990129 ], [ -99.810573, 48.986039 ], [ -99.821219, 48.986114 ], [ -99.821156, 48.990215 ] ] ], [ [ [ -99.821362, 48.769241 ], [ -99.810608, 48.769169 ], [ -99.810515, 48.764755 ], [ -99.820947, 48.764602 ], [ -99.821362, 48.769241 ] ] ], [ [ [ -99.825506, 48.783906 ], [ -99.821405, 48.783932 ], [ -99.821426, 48.776521 ], [ -99.825603, 48.77654 ], [ -99.825506, 48.783906 ] ] ], [ [ [ -99.832533, 48.733534 ], [ -99.832529, 48.740676 ], [ -99.821348, 48.740642 ], [ -99.821402, 48.733494 ], [ -99.832533, 48.733534 ] ] ], [ [ [ -99.833118004805499, 48.999211048631899 ], [ -99.821461005674905, 48.999214771101997 ], [ -99.821463, 48.993375 ], [ -99.832442, 48.993424 ], [ -99.833118004805499, 48.999211048631899 ] ] ], [ [ [ -99.854354, 48.791077 ], [ -99.84335, 48.79115 ], [ -99.843466, 48.788633 ], [ -99.854358, 48.788772 ], [ -99.854354, 48.791077 ] ] ], [ [ [ -99.85438, 48.776579 ], [ -99.844139, 48.776586 ], [ -99.844138, 48.76923 ], [ -99.854396, 48.769334 ], [ -99.85438, 48.776579 ] ] ], [ [ [ -99.876323, 48.726653 ], [ -99.876004, 48.733562 ], [ -99.864575, 48.733523 ], [ -99.864651, 48.726095 ], [ -99.876323, 48.726653 ] ] ], [ [ [ -99.939647, 48.718699 ], [ -99.928121, 48.718681 ], [ -99.928114, 48.714717 ], [ -99.939603, 48.714811 ], [ -99.939647, 48.718699 ] ] ], [ [ [ -99.985935, 48.820273 ], [ -99.974877, 48.820267 ], [ -99.974809, 48.813024 ], [ -99.98595, 48.813057 ], [ -99.985935, 48.820273 ] ] ], [ [ [ -99.99716, 48.813095 ], [ -99.98595, 48.813057 ], [ -99.985943, 48.805739 ], [ -99.997192, 48.805608 ], [ -99.99716, 48.813095 ] ] ], [ [ [ -100.040688, 48.813302 ], [ -100.024232, 48.813185 ], [ -100.02419, 48.82027 ], [ -100.007662, 48.82025 ], [ -100.007866, 48.812976 ], [ -100.012525, 48.812995 ], [ -100.012525, 48.805678 ], [ -100.04065, 48.805793 ], [ -100.040688, 48.813302 ] ] ], [ [ [ -100.045959, 48.820263 ], [ -100.035104, 48.824016 ], [ -100.034902, 48.820255 ], [ -100.045959, 48.820263 ] ] ], [ [ [ -100.073224, 48.838242 ], [ -100.062579, 48.838243 ], [ -100.062418, 48.845409 ], [ -100.067908, 48.845403 ], [ -100.065311, 48.847255 ], [ -100.067935, 48.849095 ], [ -100.067947, 48.856358 ], [ -100.051482, 48.856289 ], [ -100.052072, 48.888228 ], [ -100.062677, 48.888268 ], [ -100.050674, 48.892385 ], [ -100.051612, 48.907033 ], [ -100.040643, 48.907029 ], [ -100.040692, 48.90302 ], [ -100.029307, 48.903161 ], [ -100.029635, 48.892433 ], [ -100.040028, 48.892354 ], [ -100.040014, 48.887856 ], [ -100.017797, 48.887896 ], [ -100.017985, 48.892285 ], [ -100.007308, 48.892221 ], [ -100.007404, 48.877938 ], [ -99.997037, 48.877958 ], [ -99.997016, 48.87058 ], [ -100.013129, 48.870298 ], [ -100.013312, 48.877936 ], [ -100.018773, 48.877927 ], [ -100.018664, 48.867055 ], [ -100.008219, 48.867116 ], [ -100.008065, 48.859991 ], [ -100.018802, 48.859944 ], [ -100.018784, 48.852574 ], [ -100.007944, 48.852666 ], [ -100.007818, 48.849241 ], [ -99.996713, 48.849236 ], [ -99.996639, 48.870884 ], [ -99.987826, 48.870843 ], [ -99.985989, 48.866313 ], [ -99.986239, 48.870663 ], [ -99.981245, 48.870648 ], [ -99.981255, 48.877975 ], [ -99.99683, 48.877959 ], [ -99.997076, 48.884628 ], [ -100.0038, 48.8847 ], [ -100.003811, 48.892249 ], [ -99.985591, 48.892202 ], [ -99.985697, 48.885268 ], [ -99.975408, 48.885314 ], [ -99.975352, 48.892175 ], [ -99.952466, 48.892541 ], [ -99.952422, 48.899178 ], [ -99.946955, 48.899297 ], [ -99.941925, 48.903572 ], [ -99.941841, 48.892371 ], [ -99.924898, 48.892409 ], [ -99.924885, 48.885442 ], [ -99.919911, 48.885406 ], [ -99.919931, 48.892406 ], [ -99.91474, 48.892424 ], [ -99.91512, 48.896924 ], [ -99.920521, 48.896896 ], [ -99.920806, 48.913251 ], [ -99.91029, 48.909836 ], [ -99.909865, 48.91764 ], [ -99.920237, 48.916447 ], [ -99.920262, 48.929396 ], [ -99.916573, 48.929891 ], [ -99.913492, 48.935216 ], [ -99.932256, 48.938846 ], [ -99.931932, 48.941869 ], [ -99.921072, 48.942109 ], [ -99.920523, 48.957473 ], [ -99.898511, 48.957667 ], [ -99.89856, 48.954721 ], [ -99.90689, 48.950148 ], [ -99.876517, 48.950469 ], [ -99.876369, 48.935576 ], [ -99.88666, 48.935681 ], [ -99.886867, 48.928185 ], [ -99.876268, 48.928277 ], [ -99.876163, 48.935574 ], [ -99.865266, 48.935551 ], [ -99.865588, 48.921285 ], [ -99.858225, 48.92396 ], [ -99.861172, 48.92122 ], [ -99.854612, 48.917704 ], [ -99.842592, 48.923764 ], [ -99.851504, 48.925703 ], [ -99.850292, 48.928034 ], [ -99.833482, 48.928565 ], [ -99.833256, 48.935699 ], [ -99.854375, 48.935602 ], [ -99.854808, 48.96311 ], [ -99.849331, 48.963144 ], [ -99.849123, 48.951032 ], [ -99.84344, 48.95109 ], [ -99.84309, 48.943711 ], [ -99.835093, 48.943978 ], [ -99.833626, 48.950336 ], [ -99.783563, 48.950292 ], [ -99.783801, 48.946089 ], [ -99.777853, 48.946055 ], [ -99.777725, 48.942961 ], [ -99.767057, 48.942995 ], [ -99.767108, 48.920897 ], [ -99.745023, 48.921306 ], [ -99.74505, 48.913778 ], [ -99.755989, 48.913703 ], [ -99.755926, 48.905807 ], [ -99.744813, 48.905722 ], [ -99.744885, 48.909853 ], [ -99.742231, 48.905979 ], [ -99.733767, 48.905887 ], [ -99.73366, 48.91383 ], [ -99.723095, 48.914321 ], [ -99.723019, 48.920133 ], [ -99.734064, 48.920823 ], [ -99.734112, 48.928143 ], [ -99.744708, 48.928205 ], [ -99.744986, 48.935566 ], [ -99.733984, 48.935649 ], [ -99.73401, 48.928253 ], [ -99.723025, 48.92846 ], [ -99.723014, 48.9319 ], [ -99.706227, 48.931868 ], [ -99.706224, 48.928401 ], [ -99.701184, 48.928367 ], [ -99.701428, 48.920874 ], [ -99.712122, 48.920913 ], [ -99.712166, 48.913815 ], [ -99.690398, 48.913668 ], [ -99.690282, 48.910253 ], [ -99.663197, 48.910145 ], [ -99.662923, 48.913565 ], [ -99.657023, 48.913513 ], [ -99.657036, 48.906725 ], [ -99.678998, 48.906757 ], [ -99.679013, 48.899313 ], [ -99.690665, 48.899313 ], [ -99.690747, 48.892237 ], [ -99.679736, 48.892287 ], [ -99.679721, 48.896393 ], [ -99.668073, 48.896324 ], [ -99.67371, 48.892284 ], [ -99.657063, 48.892243 ], [ -99.657536, 48.805403 ], [ -99.755969, 48.805399 ], [ -99.755775, 48.798086 ], [ -99.766986, 48.797955 ], [ -99.766946, 48.805434 ], [ -99.832339, 48.805546 ], [ -99.832334, 48.798421 ], [ -99.821784, 48.797894 ], [ -99.821773, 48.791154 ], [ -99.837735, 48.791406 ], [ -99.837992, 48.805556 ], [ -99.859183, 48.805599 ], [ -99.859409, 48.791086 ], [ -99.876299, 48.791069 ], [ -99.876282, 48.798969 ], [ -99.865545, 48.798927 ], [ -99.86569, 48.805614 ], [ -99.920063, 48.805699 ], [ -99.920013, 48.834633 ], [ -99.951815, 48.834859 ], [ -99.952881, 48.813458 ], [ -99.942113, 48.813409 ], [ -99.942033, 48.805725 ], [ -99.953203, 48.805842 ], [ -99.953197, 48.798157 ], [ -99.964016, 48.798143 ], [ -99.963918, 48.820244 ], [ -99.958243, 48.820241 ], [ -99.958287, 48.823428 ], [ -99.969429, 48.823549 ], [ -99.969563, 48.8271 ], [ -99.974837, 48.827007 ], [ -99.975012, 48.8236 ], [ -99.985988, 48.823533 ], [ -99.985935, 48.820273 ], [ -100.002673, 48.820249 ], [ -100.002514, 48.827202 ], [ -100.007674, 48.827186 ], [ -100.007543, 48.83074 ], [ -100.00241, 48.830787 ], [ -100.002472, 48.834471 ], [ -100.018653, 48.83447 ], [ -100.019479, 48.827652 ], [ -100.029886, 48.827631 ], [ -100.029835, 48.84239 ], [ -100.051498, 48.842039 ], [ -100.052085, 48.834669 ], [ -100.062461, 48.834818 ], [ -100.062437, 48.827567 ], [ -100.073204, 48.827619 ], [ -100.073224, 48.838242 ] ], [ [ -100.040631, 48.852869 ], [ -100.029742, 48.852959 ], [ -100.02969, 48.856427 ], [ -100.040678, 48.856411 ], [ -100.040631, 48.852869 ] ], [ [ -99.980509, 48.827594 ], [ -99.975016, 48.827007 ], [ -99.974852, 48.830913 ], [ -99.980634, 48.830731 ], [ -99.980509, 48.827594 ] ], [ [ -99.930326, 48.863533 ], [ -99.919926, 48.86366 ], [ -99.919904, 48.878299 ], [ -99.931128, 48.878464 ], [ -99.930326, 48.863533 ] ], [ [ -99.90938, 48.892427 ], [ -99.887111, 48.892411 ], [ -99.887278, 48.89659 ], [ -99.909226, 48.896591 ], [ -99.90938, 48.892427 ] ], [ [ -99.909196, 48.928315 ], [ -99.898246, 48.928504 ], [ -99.898807, 48.949358 ], [ -99.9007, 48.945086 ], [ -99.908938, 48.942542 ], [ -99.909196, 48.928315 ] ], [ [ -99.85374, 48.892319 ], [ -99.844004, 48.892205 ], [ -99.84348, 48.899018 ], [ -99.852942, 48.899105 ], [ -99.85374, 48.892319 ] ], [ [ -99.827675, 48.921472 ], [ -99.824282, 48.921118 ], [ -99.823627, 48.914719 ], [ -99.822736, 48.917408 ], [ -99.818154, 48.917435 ], [ -99.818032, 48.921223 ], [ -99.810871, 48.920984 ], [ -99.810472, 48.925115 ], [ -99.817639, 48.925081 ], [ -99.817805, 48.93227 ], [ -99.821966, 48.932282 ], [ -99.822173, 48.929194 ], [ -99.827578, 48.928685 ], [ -99.827675, 48.921472 ] ], [ [ -99.822651, 48.935692 ], [ -99.810621, 48.935687 ], [ -99.810568, 48.930668 ], [ -99.79438, 48.930957 ], [ -99.793084, 48.92388 ], [ -99.788924, 48.92389 ], [ -99.788603, 48.942813 ], [ -99.806672, 48.940105 ], [ -99.812499, 48.944743 ], [ -99.814476, 48.942504 ], [ -99.810607, 48.938993 ], [ -99.822569, 48.938607 ], [ -99.822651, 48.935692 ] ], [ [ -99.821075, 48.906702 ], [ -99.810599, 48.906628 ], [ -99.810284, 48.892196 ], [ -99.788828, 48.892124 ], [ -99.788402, 48.906411 ], [ -99.810246, 48.909992 ], [ -99.810253, 48.914222 ], [ -99.821317, 48.914098 ], [ -99.821075, 48.906702 ] ], [ [ -99.804961, 48.921662 ], [ -99.799603, 48.921628 ], [ -99.799644, 48.924408 ], [ -99.804822, 48.924297 ], [ -99.804961, 48.921662 ] ], [ [ -99.794665, 48.91686 ], [ -99.78865, 48.917687 ], [ -99.788544, 48.921571 ], [ -99.794276, 48.921602 ], [ -99.794665, 48.91686 ] ], [ [ -99.733819, 48.892113 ], [ -99.722963, 48.892141 ], [ -99.723045, 48.899322 ], [ -99.733804, 48.899357 ], [ -99.733819, 48.892113 ] ], [ [ -99.700999, 48.89962 ], [ -99.690663, 48.899471 ], [ -99.690562, 48.906621 ], [ -99.701155, 48.906568 ], [ -99.700999, 48.89962 ] ], [ [ -99.951815, 48.834859 ], [ -99.951773, 48.83856 ], [ -99.969432, 48.838601 ], [ -99.970118, 48.830443 ], [ -99.958305, 48.830686 ], [ -99.958284, 48.83479 ], [ -99.951815, 48.834859 ] ], [ [ -99.975408, 48.885314 ], [ -99.975094, 48.860136 ], [ -99.985946, 48.860136 ], [ -99.985867, 48.849245 ], [ -99.980471, 48.849251 ], [ -99.980573, 48.856433 ], [ -99.974421, 48.856433 ], [ -99.974386, 48.841909 ], [ -99.957787, 48.841929 ], [ -99.957529, 48.849242 ], [ -99.941869, 48.849218 ], [ -99.941825, 48.856561 ], [ -99.958592, 48.856639 ], [ -99.95878, 48.859915 ], [ -99.969457, 48.859561 ], [ -99.969517, 48.863261 ], [ -99.941843, 48.86339 ], [ -99.94186, 48.87139 ], [ -99.963216, 48.871086 ], [ -99.963225, 48.88527 ], [ -99.975408, 48.885314 ] ], [ [ -100.002472, 48.834471 ], [ -99.996877, 48.83431 ], [ -99.996876, 48.837945 ], [ -100.00263, 48.837945 ], [ -100.002472, 48.834471 ] ] ], [ [ [ -100.084779, 48.849065 ], [ -100.07339, 48.849075 ], [ -100.071821, 48.842253 ], [ -100.084877, 48.842037 ], [ -100.084779, 48.849065 ] ] ], [ [ [ -100.089979, 48.852776 ], [ -100.084946, 48.852849 ], [ -100.084779, 48.849065 ], [ -100.089985, 48.849054 ], [ -100.089979, 48.852776 ] ] ], [ [ [ -100.095478, 48.834669 ], [ -100.095248, 48.842038 ], [ -100.084877, 48.842037 ], [ -100.084967, 48.834672 ], [ -100.095478, 48.834669 ] ] ], [ [ [ -100.626238, 48.239722 ], [ -100.615366, 48.239682 ], [ -100.615375, 48.232234 ], [ -100.626234, 48.23225 ], [ -100.626238, 48.239722 ] ] ], [ [ [ -101.089216, 47.688831 ], [ -101.078869, 47.6888 ], [ -101.078863, 47.685075 ], [ -101.083319, 47.685051 ], [ -101.083241, 47.677926 ], [ -101.08906, 47.677897 ], [ -101.089216, 47.688831 ] ] ], [ [ [ -101.330378, 47.702998 ], [ -101.319187, 47.703062 ], [ -101.319092, 47.695802 ], [ -101.330283, 47.695738 ], [ -101.330378, 47.702998 ] ] ], [ [ [ -101.367693, 47.73198 ], [ -101.35705, 47.732044 ], [ -101.357126, 47.71767 ], [ -101.367954, 47.717608 ], [ -101.367693, 47.73198 ] ] ], [ [ [ -101.389294, 47.8119 ], [ -101.378767, 47.81196 ], [ -101.378747, 47.804889 ], [ -101.3892, 47.804791 ], [ -101.389294, 47.8119 ] ] ], [ [ [ -102.146854, 48.408696 ], [ -102.125061, 48.40872 ], [ -102.125157, 48.401743 ], [ -102.146841, 48.401719 ], [ -102.146854, 48.408696 ] ] ], [ [ [ -102.149664, 48.298844 ], [ -102.138378, 48.298897 ], [ -102.138364, 48.291603 ], [ -102.149603, 48.291565 ], [ -102.149664, 48.298844 ] ] ], [ [ [ -102.150755, 45.382582 ], [ -102.11956, 45.382607 ], [ -102.119548, 45.378351 ], [ -102.140407, 45.378331 ], [ -102.140408, 45.374733 ], [ -102.150744, 45.374723 ], [ -102.150755, 45.382582 ] ] ], [ [ [ -102.158496, 48.423921 ], [ -102.146757, 48.423842 ], [ -102.146877, 48.416014 ], [ -102.158603, 48.416093 ], [ -102.158496, 48.423921 ] ] ], [ [ [ -102.192406, 48.312695 ], [ -102.181066, 48.312804 ], [ -102.181256, 48.2985 ], [ -102.19207, 48.298345 ], [ -102.192406, 48.312695 ] ] ], [ [ [ -102.320467, 48.415859 ], [ -102.309938, 48.415859 ], [ -102.309863, 48.408745 ], [ -102.320566, 48.408692 ], [ -102.320467, 48.415859 ] ] ], [ [ [ -102.73408, 48.684392 ], [ -102.712382, 48.684382 ], [ -102.712438, 48.676864 ], [ -102.734345, 48.676874 ], [ -102.73408, 48.684392 ] ] ], [ [ [ -102.805142, 45.150891 ], [ -102.794765, 45.150928 ], [ -102.794763, 45.143674 ], [ -102.805026, 45.143625 ], [ -102.805142, 45.150891 ] ] ], [ [ [ -103.442198, 48.176266 ], [ -103.431379, 48.176303 ], [ -103.431319, 48.168938 ], [ -103.442139, 48.168901 ], [ -103.442198, 48.176266 ] ] ], [ [ [ -103.848066, 48.843804 ], [ -103.837755, 48.843791 ], [ -103.837779, 48.8368 ], [ -103.848019, 48.836927 ], [ -103.848066, 48.843804 ] ] ], [ [ [ -103.852148, 48.140297 ], [ -103.841542, 48.14029 ], [ -103.841706, 48.132891 ], [ -103.852155, 48.132893 ], [ -103.852148, 48.140297 ] ] ], [ [ [ -103.862996, 48.056079 ], [ -103.858661, 48.057272 ], [ -103.857075, 48.053653 ], [ -103.852101, 48.053665 ], [ -103.852175, 48.049789 ], [ -103.863019, 48.049813 ], [ -103.862996, 48.056079 ] ] ], [ [ [ -103.916908, 48.118409 ], [ -103.906459, 48.118408 ], [ -103.906459, 48.11122 ], [ -103.916884, 48.111155 ], [ -103.916908, 48.118409 ] ] ], [ [ [ -103.937846, 48.060804 ], [ -103.926845, 48.060923 ], [ -103.926849, 48.053546 ], [ -103.937851, 48.053543 ], [ -103.937846, 48.060804 ] ] ], [ [ [ -103.939172, 48.488866 ], [ -103.928212, 48.48886 ], [ -103.928254, 48.481584 ], [ -103.939185, 48.481612 ], [ -103.939172, 48.488866 ] ] ], [ [ [ -103.939265, 48.118533 ], [ -103.927908, 48.118532 ], [ -103.927908, 48.111173 ], [ -103.939198, 48.110797 ], [ -103.939265, 48.118533 ] ] ], [ [ [ -103.947347, 47.996738 ], [ -103.936802, 47.996674 ], [ -103.936843, 47.989131 ], [ -103.94733, 47.98908 ], [ -103.947347, 47.996738 ] ] ], [ [ [ -103.957955, 48.756973 ], [ -103.947097, 48.756972 ], [ -103.947083, 48.7497 ], [ -103.958327, 48.749567 ], [ -103.957955, 48.756973 ] ] ], [ [ [ -103.970919, 48.111588 ], [ -103.971022, 48.115035 ], [ -103.949323, 48.115033 ], [ -103.949187, 48.108384 ], [ -103.970919, 48.111588 ] ] ], [ [ [ -103.971727, 48.60513 ], [ -103.960483, 48.605074 ], [ -103.960519, 48.597452 ], [ -103.971788, 48.597473 ], [ -103.971727, 48.60513 ] ] ], [ [ [ -103.971683, 48.539003 ], [ -103.960429, 48.539027 ], [ -103.960468, 48.532367 ], [ -103.971878, 48.532193 ], [ -103.971683, 48.539003 ] ] ], [ [ [ -103.979979, 48.735035 ], [ -103.968373, 48.735019 ], [ -103.968374, 48.728042 ], [ -103.979991, 48.728016 ], [ -103.979979, 48.735035 ] ] ], [ [ [ -103.982621, 48.532071 ], [ -103.971878, 48.532193 ], [ -103.971832, 48.524943 ], [ -103.982441, 48.525731 ], [ -103.982621, 48.532071 ] ] ], [ [ [ -103.993882, 48.394935 ], [ -103.993816, 48.402114 ], [ -103.98306, 48.402089 ], [ -103.982943, 48.394914 ], [ -103.993882, 48.394935 ] ] ], [ [ [ -104.004409, 48.539611 ], [ -103.993566, 48.539648 ], [ -103.993702, 48.532124 ], [ -104.004428, 48.532144 ], [ -104.004409, 48.539611 ] ] ], [ [ [ -104.004491, 48.568543 ], [ -103.993721, 48.568618 ], [ -103.993532, 48.561316 ], [ -104.004491, 48.561333 ], [ -104.004491, 48.568543 ] ] ], [ [ [ -104.015609, 48.402128 ], [ -104.004166, 48.402132 ], [ -104.004072, 48.394773 ], [ -104.015649, 48.39473 ], [ -104.015609, 48.402128 ] ] ], [ [ [ -104.025534, 48.230326 ], [ -104.014382, 48.230377 ], [ -104.014256, 48.226759 ], [ -104.025486, 48.226703 ], [ -104.025534, 48.230326 ] ] ], [ [ [ -104.025606, 48.205085 ], [ -104.014016, 48.205142 ], [ -104.013943, 48.198168 ], [ -104.025534, 48.198168 ], [ -104.025606, 48.205085 ] ] ], [ [ [ -104.026252, 48.532077 ], [ -104.007564, 48.531923 ], [ -104.007922, 48.525182 ], [ -104.005833, 48.525156 ], [ -104.026097, 48.525005 ], [ -104.026252, 48.532077 ] ] ], [ [ [ -104.036456, 48.147652 ], [ -104.025277, 48.14765 ], [ -104.025324, 48.140234 ], [ -104.036468, 48.140216 ], [ -104.036456, 48.147652 ] ] ], [ [ [ -104.037111, 48.358393 ], [ -104.015367, 48.358507 ], [ -104.014161, 48.342769 ], [ -104.036922, 48.342848 ], [ -104.037111, 48.358393 ] ] ], [ [ [ -104.037193, 48.524851 ], [ -104.026097, 48.525005 ], [ -104.026112, 48.517851 ], [ -104.03718, 48.517932 ], [ -104.037193, 48.524851 ] ] ], [ [ [ -104.037738, 48.431416 ], [ -104.015503, 48.431414 ], [ -104.015527, 48.423962 ], [ -104.037771, 48.423925 ], [ -104.037738, 48.431416 ] ] ], [ [ [ -104.045215802105005, 48.140285941142103 ], [ -104.036468, 48.140216 ], [ -104.036476, 48.133043 ], [ -104.045160730993999, 48.1330400210161 ], [ -104.045215802105005, 48.140285941142103 ] ] ], [ [ [ -104.046060597267996, 48.263065412152599 ], [ -104.036223, 48.263124 ], [ -104.036288, 48.270369 ], [ -104.014319, 48.273483 ], [ -104.014302, 48.255497 ], [ -104.02581, 48.255446 ], [ -104.02557, 48.23407 ], [ -104.035899, 48.234139 ], [ -104.036139, 48.255636 ], [ -104.045947659530995, 48.255907120555101 ], [ -104.046060597267996, 48.263065412152599 ] ] ], [ [ [ -104.046184903804999, 48.299351465914299 ], [ -104.025904, 48.299375 ], [ -104.025845, 48.291938 ], [ -104.036165, 48.29186 ], [ -104.035989, 48.284854 ], [ -104.046135247790005, 48.284856485290298 ], [ -104.046184903804999, 48.299351465914299 ] ] ], [ [ [ -104.046259263482, 48.321057639394802 ], [ -104.036437, 48.32107 ], [ -104.036024, 48.314273 ], [ -104.046234583225001, 48.313853278596902 ], [ -104.046259263482, 48.321057639394802 ] ] ], [ [ [ -104.047791938513996, 48.547089885803899 ], [ -104.015422, 48.546877 ], [ -104.0153, 48.538922 ], [ -104.026582, 48.539063 ], [ -104.026252, 48.532077 ], [ -104.03719, 48.532457 ], [ -104.037204, 48.539656 ], [ -104.047780963513006, 48.5396125781918 ], [ -104.047791938513996, 48.547089885803899 ] ] ], [ [ [ -104.047954363621997, 48.6771429508767 ], [ -104.037256, 48.67716 ], [ -104.037225, 48.670312 ], [ -104.047915731426997, 48.6701315032889 ], [ -104.047954363621997, 48.6771429508767 ] ] ], [ [ [ -104.048165984297, 48.597614785841998 ], [ -104.038141, 48.597597 ], [ -104.038211, 48.583064 ], [ -104.047925946671, 48.583104982823301 ], [ -104.048165984297, 48.597614785841998 ] ] ], [ [ [ -104.052299, 48.077769 ], [ -104.046787, 48.077769 ], [ -104.046787, 48.063243 ], [ -104.052386, 48.063237 ], [ -104.052299, 48.077769 ] ] ], [ [ [ -104.064355, 48.389291 ], [ -104.03722, 48.387679 ], [ -104.037231, 48.380599 ], [ -104.053508, 48.382145 ], [ -104.05355, 48.385717 ], [ -104.055518, 48.381864 ], [ -104.064356, 48.381847 ], [ -104.064355, 48.389291 ] ] ], [ [ [ -104.06977, 48.519452 ], [ -104.064323, 48.519479 ], [ -104.064318, 48.515943 ], [ -104.0698, 48.515951 ], [ -104.06977, 48.519452 ] ] ], [ [ [ -104.073743, 48.104881 ], [ -104.06302, 48.106662 ], [ -104.063087, 48.099362 ], [ -104.073857, 48.099365 ], [ -104.073743, 48.104881 ] ] ], [ [ [ -104.086142, 48.338705 ], [ -104.075497, 48.338669 ], [ -104.07554, 48.331384 ], [ -104.086156, 48.331374 ], [ -104.086142, 48.338705 ] ] ], [ [ [ -104.09697, 48.360371 ], [ -104.075109, 48.360371 ], [ -104.075108, 48.353174 ], [ -104.09698, 48.353053 ], [ -104.09697, 48.360371 ] ] ], [ [ [ -104.102385, 48.378502 ], [ -104.0969, 48.378502 ], [ -104.0969, 48.374862 ], [ -104.102385, 48.374862 ], [ -104.102385, 48.378502 ] ] ], [ [ [ -104.107798, 48.476124 ], [ -104.096837, 48.476118 ], [ -104.096837, 48.468947 ], [ -104.107727, 48.468942 ], [ -104.107798, 48.476124 ] ] ], [ [ [ -104.107809, 48.526724 ], [ -104.096906, 48.52673 ], [ -104.096891, 48.519513 ], [ -104.086115, 48.519519 ], [ -104.086112, 48.512342 ], [ -104.108052, 48.512335 ], [ -104.107809, 48.526724 ] ] ], [ [ [ -104.133578, 48.577664 ], [ -104.122519, 48.577618 ], [ -104.122128, 48.58484 ], [ -104.111746, 48.584844 ], [ -104.111989, 48.563149 ], [ -104.123158, 48.563219 ], [ -104.12299, 48.57029 ], [ -104.133557, 48.570319 ], [ -104.133578, 48.577664 ] ] ], [ [ [ -104.133634, 48.592021 ], [ -104.122251, 48.592031 ], [ -104.122128, 48.58484 ], [ -104.133735, 48.584944 ], [ -104.133634, 48.592021 ] ] ], [ [ [ -104.140407, 48.435872 ], [ -104.134807, 48.43641 ], [ -104.134807, 48.432725 ], [ -104.140407, 48.432725 ], [ -104.140407, 48.435872 ] ] ], [ [ [ -104.144325, 48.5703 ], [ -104.133557, 48.570319 ], [ -104.133463, 48.562898 ], [ -104.144325, 48.562898 ], [ -104.144325, 48.5703 ] ] ], [ [ [ -104.151391, 48.476172 ], [ -104.140317, 48.476164 ], [ -104.140406, 48.468884 ], [ -104.151391, 48.468879 ], [ -104.151391, 48.476172 ] ] ], [ [ [ -104.162221, 48.345881 ], [ -104.151323, 48.345864 ], [ -104.151325, 48.338493 ], [ -104.162219, 48.338486 ], [ -104.162221, 48.345881 ] ] ], [ [ [ -104.172955, 48.404068 ], [ -104.162068, 48.404068 ], [ -104.162068, 48.39659 ], [ -104.172955, 48.39659 ], [ -104.172955, 48.404068 ] ] ], [ [ [ -104.17307, 48.43302 ], [ -104.173057, 48.443722 ], [ -104.167771, 48.443709 ], [ -104.167654, 48.436414 ], [ -104.162149, 48.4364 ], [ -104.162084, 48.432806 ], [ -104.17307, 48.43302 ] ] ], [ [ [ -104.173129, 48.483548 ], [ -104.162176, 48.483533 ], [ -104.162126, 48.476372 ], [ -104.173107, 48.476247 ], [ -104.173129, 48.483548 ] ] ], [ [ [ -104.173081, 48.375306 ], [ -104.162249, 48.375257 ], [ -104.162255, 48.382121 ], [ -104.173086, 48.382038 ], [ -104.173081, 48.389369 ], [ -104.151355, 48.389356 ], [ -104.151355, 48.381993 ], [ -104.129504, 48.382019 ], [ -104.129502, 48.375104 ], [ -104.151355, 48.375206 ], [ -104.151405, 48.367606 ], [ -104.173135, 48.367516 ], [ -104.173081, 48.375306 ] ] ], [ [ [ -104.184207, 48.548639 ], [ -104.173322, 48.548608 ], [ -104.173406, 48.54141 ], [ -104.184237, 48.541444 ], [ -104.184207, 48.548639 ] ] ], [ [ [ -104.19485, 48.469015 ], [ -104.183894, 48.469027 ], [ -104.183912, 48.462047 ], [ -104.194822, 48.461749 ], [ -104.19485, 48.469015 ] ] ], [ [ [ -104.194776, 48.563039 ], [ -104.173289, 48.563054 ], [ -104.173326, 48.555831 ], [ -104.194907, 48.555822 ], [ -104.194776, 48.563039 ] ] ], [ [ [ -104.205508, 48.381958 ], [ -104.194674, 48.381956 ], [ -104.194708, 48.389382 ], [ -104.183818, 48.389375 ], [ -104.184294, 48.375309 ], [ -104.205507, 48.375029 ], [ -104.205508, 48.381958 ] ] ], [ [ [ -104.205597, 48.411075 ], [ -104.194954, 48.411075 ], [ -104.195007, 48.403861 ], [ -104.205597, 48.403861 ], [ -104.205597, 48.411075 ] ] ], [ [ [ -104.205695, 48.367588 ], [ -104.183967, 48.367616 ], [ -104.183952, 48.360381 ], [ -104.205755, 48.360436 ], [ -104.205695, 48.367588 ] ] ], [ [ [ -104.216849, 48.534219 ], [ -104.194997, 48.534183 ], [ -104.194936, 48.52693 ], [ -104.206052, 48.526856 ], [ -104.205976, 48.519646 ], [ -104.216787, 48.519707 ], [ -104.216849, 48.534219 ] ] ], [ [ [ -104.216941, 48.548607 ], [ -104.205856, 48.548619 ], [ -104.205861, 48.541424 ], [ -104.216852, 48.541412 ], [ -104.216941, 48.548607 ] ] ], [ [ [ -104.227305, 48.345907 ], [ -104.216452, 48.34593 ], [ -104.216456, 48.338559 ], [ -104.227301, 48.338545 ], [ -104.227305, 48.345907 ] ] ], [ [ [ -104.227498, 48.469124 ], [ -104.227498, 48.476203 ], [ -104.20564, 48.47623 ], [ -104.205597, 48.469124 ], [ -104.227498, 48.469124 ] ] ], [ [ [ -104.22752, 48.432727 ], [ -104.216558, 48.432581 ], [ -104.216552, 48.425532 ], [ -104.227455, 48.42552 ], [ -104.22752, 48.432727 ] ] ], [ [ [ -104.227652, 48.562982 ], [ -104.216569, 48.563009 ], [ -104.216577, 48.55589 ], [ -104.227658, 48.555879 ], [ -104.227652, 48.562982 ] ] ], [ [ [ -104.22778, 48.403797 ], [ -104.216563, 48.403794 ], [ -104.216554, 48.396588 ], [ -104.227912, 48.396595 ], [ -104.22778, 48.403797 ] ] ], [ [ [ -104.230536, 48.201046 ], [ -104.219709, 48.201046 ], [ -104.219709, 48.193831 ], [ -104.214174, 48.193831 ], [ -104.214174, 48.190142 ], [ -104.225123, 48.190142 ], [ -104.225123, 48.186535 ], [ -104.230536, 48.186535 ], [ -104.230536, 48.201046 ] ] ], [ [ [ -104.237071, 48.541413 ], [ -104.227136, 48.541413 ], [ -104.227136, 48.534038 ], [ -104.237032, 48.534059 ], [ -104.237071, 48.541413 ] ] ], [ [ [ -104.237655, 48.469124 ], [ -104.227498, 48.469124 ], [ -104.227498, 48.447315 ], [ -104.237655, 48.447315 ], [ -104.237655, 48.469124 ] ] ], [ [ [ -104.237789, 48.360308 ], [ -104.227301, 48.360288 ], [ -104.227305, 48.345907 ], [ -104.2377, 48.345904 ], [ -104.237789, 48.360308 ] ] ], [ [ [ -104.259572, 48.36766 ], [ -104.249049, 48.367659 ], [ -104.249026, 48.360337 ], [ -104.259509, 48.360359 ], [ -104.259572, 48.36766 ] ] ], [ [ [ -104.263295, 48.085223 ], [ -104.257452, 48.085223 ], [ -104.257452, 48.081462 ], [ -104.263295, 48.081462 ], [ -104.263295, 48.085223 ] ] ], [ [ [ -104.270338, 48.476236 ], [ -104.259337, 48.476236 ], [ -104.259334, 48.468941 ], [ -104.270341, 48.468928 ], [ -104.270338, 48.476236 ] ] ], [ [ [ -104.270344, 48.526946 ], [ -104.259487, 48.526946 ], [ -104.259487, 48.519578 ], [ -104.270344, 48.519578 ], [ -104.270344, 48.526946 ] ] ], [ [ [ -104.279294, 48.099812 ], [ -104.273777, 48.099808 ], [ -104.273766, 48.085217 ], [ -104.279293, 48.085238 ], [ -104.279294, 48.099812 ] ] ], [ [ [ -104.308204, 48.722437 ], [ -104.297106, 48.722426 ], [ -104.297076, 48.715094 ], [ -104.30809, 48.715128 ], [ -104.308204, 48.722437 ] ] ], [ [ [ -104.310837, 48.201124 ], [ -104.289467, 48.201124 ], [ -104.289467, 48.186429 ], [ -104.300152, 48.186429 ], [ -104.300152, 48.193819 ], [ -104.310836, 48.193819 ], [ -104.310837, 48.201124 ] ] ], [ [ [ -104.311095, 48.186429 ], [ -104.300152, 48.186429 ], [ -104.300152, 48.179523 ], [ -104.311095, 48.179297 ], [ -104.311095, 48.186429 ] ] ], [ [ [ -104.313873, 48.48321 ], [ -104.313872, 48.490676 ], [ -104.303093, 48.490663 ], [ -104.303094, 48.483212 ], [ -104.313873, 48.48321 ] ] ], [ [ [ -104.329415, 48.737031 ], [ -104.318563, 48.737036 ], [ -104.318597, 48.729581 ], [ -104.329389, 48.729577 ], [ -104.329415, 48.737031 ] ] ], [ [ [ -104.331597, 48.178955 ], [ -104.321007, 48.178955 ], [ -104.321007, 48.186516 ], [ -104.315987, 48.186516 ], [ -104.315987, 48.168557 ], [ -104.326286, 48.168557 ], [ -104.326286, 48.164691 ], [ -104.331155, 48.164738 ], [ -104.331597, 48.178955 ] ] ], [ [ [ -104.346467, 48.302488 ], [ -104.33549, 48.302489 ], [ -104.335484, 48.295054 ], [ -104.346434, 48.295063 ], [ -104.346467, 48.302488 ] ] ], [ [ [ -104.34732, 48.164604 ], [ -104.336388, 48.164604 ], [ -104.336327, 48.157147 ], [ -104.34727, 48.157158 ], [ -104.34732, 48.164604 ] ] ], [ [ [ -104.351562, 48.859868 ], [ -104.340601, 48.859897 ], [ -104.340601, 48.85284 ], [ -104.351569, 48.852832 ], [ -104.351562, 48.859868 ] ] ], [ [ [ -104.367447, 48.505166 ], [ -104.357511, 48.505225 ], [ -104.35752, 48.512399 ], [ -104.346697, 48.512388 ], [ -104.346518, 48.501453 ], [ -104.324828, 48.505288 ], [ -104.324854, 48.49787 ], [ -104.314256, 48.497739 ], [ -104.313917, 48.494175 ], [ -104.324849, 48.494157 ], [ -104.324634, 48.483208 ], [ -104.313873, 48.48321 ], [ -104.313869, 48.475896 ], [ -104.335514, 48.475913 ], [ -104.335525, 48.483235 ], [ -104.346527, 48.483257 ], [ -104.346524, 48.490666 ], [ -104.330148, 48.4907 ], [ -104.330147, 48.497292 ], [ -104.367452, 48.497893 ], [ -104.367447, 48.505166 ] ] ], [ [ [ -104.367543, 48.472518 ], [ -104.357362, 48.476016 ], [ -104.357362, 48.468836 ], [ -104.367408, 48.465258 ], [ -104.367543, 48.472518 ] ] ], [ [ [ -104.373867, 48.106759 ], [ -104.352223, 48.106759 ], [ -104.352223, 48.099381 ], [ -104.373867, 48.099381 ], [ -104.373867, 48.106759 ] ] ], [ [ [ -104.374164, 48.171891 ], [ -104.368547, 48.171807 ], [ -104.368512, 48.157154 ], [ -104.374014, 48.157155 ], [ -104.374164, 48.171891 ] ] ], [ [ [ -104.378162, 48.526778 ], [ -104.367545, 48.526939 ], [ -104.367545, 48.519593 ], [ -104.378162, 48.519593 ], [ -104.378162, 48.526778 ] ] ], [ [ [ -104.388346, 48.519591 ], [ -104.378162, 48.519593 ], [ -104.378162, 48.512305 ], [ -104.3884, 48.512332 ], [ -104.388346, 48.519591 ] ] ], [ [ [ -104.388753, 48.497669 ], [ -104.378008, 48.497669 ], [ -104.378008, 48.494232 ], [ -104.356985, 48.494245 ], [ -104.356954, 48.491405 ], [ -104.388753, 48.490518 ], [ -104.388753, 48.497669 ] ] ], [ [ [ -104.395236, 48.729657 ], [ -104.384392, 48.729657 ], [ -104.384374, 48.7224 ], [ -104.395236, 48.722454 ], [ -104.395236, 48.729657 ] ] ], [ [ [ -104.399444, 48.490518 ], [ -104.388753, 48.490518 ], [ -104.38875, 48.484546 ], [ -104.398925, 48.479571 ], [ -104.399444, 48.490518 ] ] ], [ [ [ -104.399477, 48.477565 ], [ -104.393582, 48.476377 ], [ -104.393518, 48.474869 ], [ -104.400036, 48.474987 ], [ -104.399477, 48.477565 ] ] ], [ [ [ -104.410622, 48.519884 ], [ -104.399431, 48.519691 ], [ -104.399421, 48.505185 ], [ -104.410652, 48.505191 ], [ -104.410622, 48.519884 ] ] ], [ [ [ -104.416642, 48.12108 ], [ -104.406591, 48.121113 ], [ -104.406635, 48.113966 ], [ -104.416597, 48.114009 ], [ -104.416642, 48.12108 ] ] ], [ [ [ -104.421371, 48.497813 ], [ -104.41037, 48.497813 ], [ -104.41037, 48.490555 ], [ -104.421371, 48.490555 ], [ -104.421371, 48.497813 ] ] ], [ [ [ -104.42817, 48.686149 ], [ -104.422629, 48.686145 ], [ -104.422696, 48.678935 ], [ -104.428139, 48.678958 ], [ -104.42817, 48.686149 ] ] ], [ [ [ -104.433058, 48.331529 ], [ -104.421602, 48.331531 ], [ -104.421726, 48.324253 ], [ -104.433068, 48.324239 ], [ -104.433058, 48.331529 ] ] ], [ [ [ -104.444139, 48.48365 ], [ -104.433428, 48.483587 ], [ -104.433428, 48.477403 ], [ -104.436615, 48.477655 ], [ -104.444139, 48.48365 ] ] ], [ [ [ -104.482339, 48.794816 ], [ -104.471383, 48.794794 ], [ -104.471361, 48.788627 ], [ -104.482365, 48.787613 ], [ -104.482339, 48.794816 ] ] ], [ [ [ -104.488885, 48.478832 ], [ -104.481914, 48.47867 ], [ -104.47816, 48.476736 ], [ -104.484897, 48.475017 ], [ -104.488885, 48.478832 ] ] ], [ [ [ -104.498776, 48.707744 ], [ -104.488033, 48.707831 ], [ -104.487929, 48.704159 ], [ -104.493193, 48.704159 ], [ -104.493182, 48.696881 ], [ -104.498769, 48.696877 ], [ -104.498776, 48.707744 ] ] ], [ [ [ -104.529876, 45.51324 ], [ -104.519481, 45.513243 ], [ -104.519578, 45.506314 ], [ -104.529532, 45.506083 ], [ -104.529876, 45.51324 ] ] ], [ [ [ -104.530456, 48.461586 ], [ -104.530451, 48.468854 ], [ -104.519546, 48.468851 ], [ -104.519545, 48.461585 ], [ -104.530456, 48.461586 ] ] ], [ [ [ -104.535217, 45.477307 ], [ -104.535217, 45.480732 ], [ -104.529973, 45.480732 ], [ -104.529973, 45.476995 ], [ -104.535217, 45.477307 ] ] ], [ [ [ -104.548405, 45.57272 ], [ -104.538012, 45.572881 ], [ -104.538002, 45.565469 ], [ -104.548369, 45.565295 ], [ -104.548405, 45.57272 ] ] ], [ [ [ -104.552193, 48.410971 ], [ -104.541221, 48.410969 ], [ -104.54123, 48.403724 ], [ -104.552218, 48.403711 ], [ -104.552193, 48.410971 ] ] ], [ [ [ -104.569027, 48.975831 ], [ -104.563504, 48.975831 ], [ -104.563504, 48.972278 ], [ -104.569027, 48.972278 ], [ -104.569027, 48.975831 ] ] ], [ [ [ -104.578838, 48.388868 ], [ -104.562279, 48.389376 ], [ -104.562334, 48.38666 ], [ -104.580401, 48.385966 ], [ -104.578838, 48.388868 ] ] ], [ [ [ -104.581518, 45.513327 ], [ -104.571067, 45.51333 ], [ -104.570975, 45.506109 ], [ -104.581403, 45.506107 ], [ -104.581518, 45.513327 ] ] ], [ [ [ -104.581613, 45.484283 ], [ -104.571214, 45.484283 ], [ -104.571329, 45.476995 ], [ -104.581613, 45.476995 ], [ -104.581613, 45.484283 ] ] ], [ [ [ -104.58393, 48.121374 ], [ -104.573346, 48.121372 ], [ -104.573477, 48.124948 ], [ -104.567583, 48.124914 ], [ -104.567555, 48.119494 ], [ -104.571437, 48.117688 ], [ -104.58393, 48.117688 ], [ -104.58393, 48.121374 ] ] ], [ [ [ -104.589516, 45.580381 ], [ -104.579102, 45.580381 ], [ -104.579102, 45.573083 ], [ -104.589493, 45.573083 ], [ -104.589516, 45.580381 ] ] ], [ [ [ -104.613157, 48.678897 ], [ -104.602152, 48.678897 ], [ -104.602152, 48.671664 ], [ -104.613157, 48.671664 ], [ -104.613157, 48.678897 ] ] ], [ [ [ -104.626383, 48.700686 ], [ -104.613102, 48.700662 ], [ -104.613102, 48.686268 ], [ -104.626383, 48.6863 ], [ -104.626383, 48.700686 ] ] ], [ [ [ -104.63503, 48.783988 ], [ -104.613113, 48.783989 ], [ -104.613073, 48.78038 ], [ -104.63485, 48.78028 ], [ -104.63503, 48.783988 ] ] ], [ [ [ -104.635141, 48.671757 ], [ -104.623868, 48.671783 ], [ -104.623863, 48.664403 ], [ -104.6351, 48.664389 ], [ -104.635141, 48.671757 ] ] ], [ [ [ -104.640857, 48.711922 ], [ -104.640857, 48.715255 ], [ -104.635233, 48.715255 ], [ -104.635233, 48.711621 ], [ -104.640857, 48.711922 ] ] ], [ [ [ -104.645908, 48.700856 ], [ -104.635166, 48.700886 ], [ -104.635168, 48.69337 ], [ -104.645895, 48.693378 ], [ -104.645908, 48.700856 ] ] ], [ [ [ -104.646357, 48.726083 ], [ -104.624136, 48.726083 ], [ -104.624136, 48.722214 ], [ -104.646284, 48.721818 ], [ -104.646357, 48.726083 ] ] ], [ [ [ -104.662257, 48.780527 ], [ -104.64045, 48.780517 ], [ -104.640528, 48.773224 ], [ -104.656218, 48.773212 ], [ -104.656974, 48.776737 ], [ -104.662304, 48.776737 ], [ -104.662257, 48.780527 ] ] ], [ [ [ -104.667938, 48.881718 ], [ -104.667835, 48.889084 ], [ -104.656857, 48.889084 ], [ -104.656859, 48.881716 ], [ -104.667938, 48.881718 ] ] ], [ [ [ -104.678791, 48.704597 ], [ -104.667929, 48.704599 ], [ -104.66793, 48.700933 ], [ -104.678552, 48.700933 ], [ -104.678791, 48.704597 ] ] ], [ [ [ -104.684321, 48.715373 ], [ -104.678892, 48.715372 ], [ -104.678923, 48.722325 ], [ -104.66809, 48.722143 ], [ -104.667927, 48.711631 ], [ -104.678351, 48.711638 ], [ -104.678942, 48.708283 ], [ -104.684318, 48.708283 ], [ -104.684321, 48.715373 ] ] ], [ [ [ -104.70061, 48.671838 ], [ -104.689589, 48.671838 ], [ -104.689589, 48.664535 ], [ -104.70061, 48.664535 ], [ -104.70061, 48.671838 ] ] ], [ [ [ -104.717407, 48.975803 ], [ -104.70637, 48.975967 ], [ -104.706341, 48.968625 ], [ -104.717372, 48.968664 ], [ -104.717407, 48.975803 ] ] ], [ [ [ -104.972573, 48.867392 ], [ -104.963644, 48.863699 ], [ -104.962398, 48.874559 ], [ -104.951149, 48.874569 ], [ -104.951227, 48.860013 ], [ -104.972434, 48.860036 ], [ -104.972573, 48.867392 ] ] ], [ [ [ -105.294624, 48.852916 ], [ -105.289336, 48.852978 ], [ -105.289336, 48.845823 ], [ -105.27843, 48.845822 ], [ -105.278415, 48.838554 ], [ -105.295051, 48.83857 ], [ -105.294624, 48.852916 ] ] ], [ [ [ -105.409499, 48.657472 ], [ -105.409395, 48.664832 ], [ -105.403625, 48.664829 ], [ -105.403636, 48.661173 ], [ -105.393029, 48.661171 ], [ -105.39304, 48.657259 ], [ -105.409499, 48.657472 ] ] ], [ [ [ -105.420328, 48.65725 ], [ -105.409507, 48.657254 ], [ -105.409392, 48.65023 ], [ -105.420311, 48.650234 ], [ -105.420328, 48.65725 ] ] ], [ [ [ -105.431179, 48.671918 ], [ -105.420224, 48.672133 ], [ -105.420224, 48.664826 ], [ -105.431179, 48.664862 ], [ -105.431179, 48.671918 ] ] ], [ [ [ -105.431505, 48.759002 ], [ -105.420608, 48.758999 ], [ -105.420608, 48.751827 ], [ -105.431568, 48.751771 ], [ -105.431505, 48.759002 ] ] ], [ [ [ -105.442385, 48.744558 ], [ -105.431395, 48.744558 ], [ -105.431366, 48.736912 ], [ -105.442439, 48.737233 ], [ -105.442385, 48.744558 ] ] ], [ [ [ -105.458578, 48.708301 ], [ -105.453042, 48.708315 ], [ -105.453039, 48.693827 ], [ -105.458564, 48.693817 ], [ -105.458578, 48.708301 ] ] ], [ [ [ -105.464198, 48.736447 ], [ -105.453211, 48.737341 ], [ -105.453206, 48.730016 ], [ -105.464197, 48.730021 ], [ -105.464198, 48.736447 ] ] ], [ [ [ -105.464626, 48.795174 ], [ -105.4535, 48.795278 ], [ -105.453502, 48.787979 ], [ -105.464566, 48.787981 ], [ -105.464626, 48.795174 ] ] ], [ [ [ -105.475062, 48.740977 ], [ -105.464192, 48.740915 ], [ -105.464197, 48.73732 ], [ -105.474979, 48.737331 ], [ -105.475062, 48.740977 ] ] ], [ [ [ -105.938594, 47.897443 ], [ -105.927831, 47.89747 ], [ -105.9279, 47.882923 ], [ -105.938667, 47.882894 ], [ -105.938594, 47.897443 ] ] ], [ [ [ -105.949387, 47.911864 ], [ -105.938551, 47.911864 ], [ -105.937322, 47.906177 ], [ -105.948086, 47.901551 ], [ -105.949387, 47.911864 ] ] ], [ [ [ -105.960187, 47.883033 ], [ -105.949428, 47.883033 ], [ -105.949428, 47.875654 ], [ -105.960187, 47.875654 ], [ -105.960187, 47.883033 ] ] ], [ [ [ -105.97083, 47.897399 ], [ -105.960187, 47.897399 ], [ -105.960187, 47.890255 ], [ -105.97083, 47.890255 ], [ -105.97083, 47.897399 ] ] ], [ [ [ -106.003139, 47.875703 ], [ -105.991981, 47.875652 ], [ -105.992254, 47.868529 ], [ -106.003352, 47.86844 ], [ -106.003139, 47.875703 ] ] ], [ [ [ -106.035627, 47.904669 ], [ -106.024919, 47.904662 ], [ -106.024844, 47.897677 ], [ -106.03568, 47.897672 ], [ -106.035627, 47.904669 ] ] ], [ [ [ -106.046247, 47.883113 ], [ -106.03545, 47.883105 ], [ -106.035483, 47.875784 ], [ -106.046252, 47.875801 ], [ -106.046247, 47.883113 ] ] ], [ [ [ -107.200772, 48.731078 ], [ -107.195307, 48.731078 ], [ -107.195307, 48.727402 ], [ -107.2008, 48.727402 ], [ -107.200772, 48.731078 ] ] ], [ [ [ -107.271693, 48.763618 ], [ -107.260893, 48.763618 ], [ -107.260893, 48.756412 ], [ -107.271693, 48.756412 ], [ -107.271693, 48.763618 ] ] ], [ [ [ -107.359449, 48.698998 ], [ -107.348733, 48.699004 ], [ -107.3487, 48.684593 ], [ -107.359437, 48.684569 ], [ -107.359449, 48.698998 ] ] ], [ [ [ -107.381227, 48.66996 ], [ -107.359414, 48.669959 ], [ -107.359411, 48.662697 ], [ -107.381303, 48.662697 ], [ -107.381227, 48.66996 ] ] ], [ [ [ -107.552963, 47.755645 ], [ -107.542208, 47.755645 ], [ -107.542208, 47.752003 ], [ -107.552942, 47.752003 ], [ -107.552963, 47.755645 ] ] ], [ [ [ -107.572372, 48.633436 ], [ -107.561397, 48.633436 ], [ -107.562825, 48.622604 ], [ -107.566916, 48.622666 ], [ -107.566916, 48.629874 ], [ -107.572372, 48.629874 ], [ -107.572372, 48.633436 ] ] ], [ [ [ -107.572435, 48.644373 ], [ -107.561397, 48.647935 ], [ -107.561397, 48.640686 ], [ -107.572435, 48.63704 ], [ -107.572435, 48.644373 ] ] ], [ [ [ -107.583449, 48.695119 ], [ -107.561515, 48.695119 ], [ -107.562209, 48.691588 ], [ -107.565666, 48.691457 ], [ -107.583449, 48.691482 ], [ -107.583449, 48.695119 ] ] ], [ [ [ -107.583473, 48.72033 ], [ -107.577936, 48.72033 ], [ -107.577936, 48.713032 ], [ -107.583473, 48.713032 ], [ -107.583473, 48.72033 ] ] ], [ [ [ -107.594143, 48.676906 ], [ -107.58326, 48.676904 ], [ -107.583261, 48.669556 ], [ -107.577574, 48.669547 ], [ -107.577561, 48.662373 ], [ -107.588412, 48.662377 ], [ -107.588508, 48.669609 ], [ -107.594146, 48.669578 ], [ -107.594143, 48.676906 ] ] ], [ [ [ -107.611127, 48.695212 ], [ -107.605788, 48.695252 ], [ -107.605911, 48.687981 ], [ -107.600203, 48.687821 ], [ -107.600075, 48.684157 ], [ -107.610902, 48.684134 ], [ -107.611127, 48.695212 ] ] ], [ [ [ -107.621803, 48.670807 ], [ -107.621803, 48.676969 ], [ -107.610932, 48.676968 ], [ -107.610931, 48.669722 ], [ -107.621803, 48.670807 ] ] ], [ [ [ -107.621791, 48.821502 ], [ -107.61086, 48.821766 ], [ -107.610858, 48.814436 ], [ -107.621858, 48.814424 ], [ -107.621791, 48.821502 ] ] ], [ [ [ -107.622085, 48.799976 ], [ -107.610923, 48.799923 ], [ -107.610864, 48.792654 ], [ -107.622033, 48.79266 ], [ -107.622085, 48.799976 ] ] ], [ [ [ -107.627076, 48.604586 ], [ -107.623698, 48.603869 ], [ -107.623182, 48.600255 ], [ -107.627094, 48.600077 ], [ -107.627076, 48.604586 ] ] ], [ [ [ -107.627367, 48.771767 ], [ -107.627377, 48.774603 ], [ -107.622175, 48.77462 ], [ -107.622008, 48.770998 ], [ -107.627367, 48.771767 ] ] ], [ [ [ -107.632784, 48.828864 ], [ -107.621721, 48.828864 ], [ -107.621788, 48.82176 ], [ -107.632786, 48.821704 ], [ -107.632784, 48.828864 ] ] ], [ [ [ -107.638026, 48.604396 ], [ -107.631763, 48.604362 ], [ -107.627076, 48.597163 ], [ -107.638026, 48.597163 ], [ -107.638026, 48.604396 ] ] ], [ [ [ -107.638026, 48.615372 ], [ -107.627169, 48.615427 ], [ -107.627124, 48.608139 ], [ -107.638026, 48.608139 ], [ -107.638026, 48.615372 ] ] ], [ [ [ -107.638216, 48.666058 ], [ -107.632668, 48.666057 ], [ -107.632689, 48.669632 ], [ -107.621803, 48.669723 ], [ -107.621803, 48.666057 ], [ -107.627224, 48.666056 ], [ -107.627228, 48.66237 ], [ -107.621803, 48.66237 ], [ -107.621692, 48.655256 ], [ -107.632689, 48.655259 ], [ -107.632647, 48.66237 ], [ -107.638217, 48.66237 ], [ -107.638216, 48.666058 ] ] ], [ [ [ -107.643375, 48.607249 ], [ -107.638029, 48.605994 ], [ -107.638026, 48.604396 ], [ -107.64331, 48.604396 ], [ -107.643375, 48.607249 ] ] ], [ [ [ -107.644048, 48.814414 ], [ -107.633021, 48.814412 ], [ -107.633001, 48.80722 ], [ -107.644051, 48.807218 ], [ -107.644048, 48.814414 ] ] ], [ [ [ -107.644092, 48.713135 ], [ -107.621912, 48.713124 ], [ -107.621912, 48.705847 ], [ -107.644092, 48.705847 ], [ -107.644092, 48.713135 ] ] ], [ [ [ -107.649501, 48.799951 ], [ -107.638499, 48.799952 ], [ -107.638505, 48.789119 ], [ -107.644074, 48.789123 ], [ -107.644004, 48.796418 ], [ -107.649503, 48.796419 ], [ -107.649501, 48.799951 ] ] ], [ [ [ -107.654676, 48.698614 ], [ -107.621854, 48.698609 ], [ -107.621854, 48.691218 ], [ -107.654662, 48.691218 ], [ -107.654676, 48.698614 ] ] ], [ [ [ -107.665925, 48.79288 ], [ -107.654659, 48.792863 ], [ -107.654666, 48.785493 ], [ -107.665933, 48.785504 ], [ -107.665925, 48.79288 ] ] ], [ [ [ -107.681465, 48.611744 ], [ -107.665042, 48.611745 ], [ -107.665042, 48.604558 ], [ -107.670478, 48.604556 ], [ -107.672032, 48.608185 ], [ -107.681465, 48.608188 ], [ -107.681465, 48.611744 ] ] ], [ [ [ -107.692398, 48.814537 ], [ -107.682411, 48.810952 ], [ -107.682399, 48.807216 ], [ -107.660494, 48.807214 ], [ -107.660495, 48.803657 ], [ -107.687839, 48.803656 ], [ -107.687839, 48.807274 ], [ -107.693373, 48.807274 ], [ -107.692398, 48.814537 ] ] ], [ [ [ -107.708214, 47.748531 ], [ -107.697487, 47.74496 ], [ -107.697516, 47.737728 ], [ -107.708202, 47.741218 ], [ -107.708214, 47.748531 ] ] ], [ [ [ -107.709541, 48.713147 ], [ -107.687487, 48.713147 ], [ -107.687487, 48.698645 ], [ -107.698617, 48.698645 ], [ -107.698617, 48.705964 ], [ -107.709541, 48.705964 ], [ -107.709541, 48.713147 ] ] ], [ [ [ -107.741358, 48.626166 ], [ -107.730499, 48.626261 ], [ -107.730449, 48.611717 ], [ -107.741358, 48.611736 ], [ -107.741358, 48.626166 ] ] ], [ [ [ -107.741562, 48.65515 ], [ -107.730632, 48.655027 ], [ -107.730536, 48.637069 ], [ -107.735828, 48.63707 ], [ -107.735909, 48.647939 ], [ -107.741508, 48.64794 ], [ -107.741562, 48.65515 ] ] ], [ [ [ -107.741811, 48.684164 ], [ -107.730735, 48.684164 ], [ -107.730735, 48.676888 ], [ -107.741811, 48.676888 ], [ -107.741811, 48.684164 ] ] ], [ [ [ -107.752611, 48.713152 ], [ -107.741772, 48.713152 ], [ -107.741772, 48.7058 ], [ -107.752611, 48.7058 ], [ -107.752611, 48.713152 ] ] ], [ [ [ -107.763691, 48.742121 ], [ -107.752597, 48.742088 ], [ -107.752589, 48.727539 ], [ -107.763591, 48.727539 ], [ -107.763691, 48.742121 ] ] ], [ [ [ -107.768885, 48.691353 ], [ -107.758135, 48.691404 ], [ -107.758133, 48.687795 ], [ -107.752672, 48.687794 ], [ -107.752698, 48.684153 ], [ -107.768876, 48.684108 ], [ -107.768885, 48.691353 ] ] ], [ [ [ -107.779814, 48.481544 ], [ -107.762577, 48.481458 ], [ -107.77342, 48.477151 ], [ -107.773324, 48.474186 ], [ -107.779778, 48.475319 ], [ -107.779814, 48.481544 ] ] ], [ [ [ -107.78542, 48.669656 ], [ -107.774617, 48.669664 ], [ -107.774622, 48.676855 ], [ -107.752345, 48.676852 ], [ -107.752335, 48.644345 ], [ -107.746932, 48.644382 ], [ -107.746932, 48.640711 ], [ -107.76325, 48.640633 ], [ -107.76325, 48.644196 ], [ -107.768877, 48.64427 ], [ -107.768877, 48.647832 ], [ -107.774617, 48.647831 ], [ -107.774617, 48.662308 ], [ -107.78542, 48.662307 ], [ -107.78542, 48.669656 ] ] ], [ [ [ -107.796175, 48.633359 ], [ -107.785231, 48.633349 ], [ -107.785231, 48.62615 ], [ -107.796175, 48.62615 ], [ -107.796175, 48.633359 ] ] ], [ [ [ -107.796295, 48.68414 ], [ -107.774622, 48.68412 ], [ -107.774622, 48.676855 ], [ -107.796273, 48.676918 ], [ -107.796295, 48.68414 ] ] ], [ [ [ -107.7965, 48.742133 ], [ -107.774606, 48.742123 ], [ -107.774608, 48.727447 ], [ -107.78546, 48.727435 ], [ -107.785462, 48.734823 ], [ -107.796499, 48.734811 ], [ -107.7965, 48.742133 ] ] ], [ [ [ -107.796671, 48.771172 ], [ -107.785679, 48.771172 ], [ -107.785679, 48.763879 ], [ -107.796671, 48.763896 ], [ -107.796671, 48.771172 ] ] ], [ [ [ -107.80715, 48.662412 ], [ -107.796247, 48.662415 ], [ -107.796247, 48.655166 ], [ -107.807032, 48.655178 ], [ -107.80715, 48.662412 ] ] ], [ [ [ -107.807185, 48.676907 ], [ -107.796273, 48.676918 ], [ -107.796342, 48.669699 ], [ -107.807149, 48.66968 ], [ -107.807185, 48.676907 ] ] ], [ [ [ -107.807472, 48.720564 ], [ -107.796459, 48.720521 ], [ -107.79646, 48.71321 ], [ -107.807472, 48.713265 ], [ -107.807472, 48.720564 ] ] ], [ [ [ -107.818386, 48.698756 ], [ -107.807459, 48.698756 ], [ -107.807459, 48.691458 ], [ -107.818403, 48.691458 ], [ -107.818386, 48.698756 ] ] ], [ [ [ -107.823258, 48.477819 ], [ -107.823257, 48.485051 ], [ -107.817796, 48.485051 ], [ -107.817796, 48.481435 ], [ -107.812377, 48.481435 ], [ -107.812338, 48.477819 ], [ -107.823258, 48.477819 ] ] ], [ [ [ -107.829022, 48.669723 ], [ -107.818075, 48.669656 ], [ -107.818012, 48.662368 ], [ -107.828929, 48.662372 ], [ -107.829022, 48.669723 ] ] ], [ [ [ -107.829077, 48.70602 ], [ -107.818369, 48.70602 ], [ -107.818386, 48.698756 ], [ -107.829065, 48.698756 ], [ -107.829077, 48.70602 ] ] ], [ [ [ -107.829339, 48.691458 ], [ -107.818403, 48.691458 ], [ -107.818424, 48.684097 ], [ -107.829293, 48.684154 ], [ -107.829339, 48.691458 ] ] ], [ [ [ -107.84065, 48.771285 ], [ -107.829558, 48.771301 ], [ -107.829558, 48.764023 ], [ -107.84065, 48.764023 ], [ -107.84065, 48.771285 ] ] ], [ [ [ -107.850807, 48.669717 ], [ -107.839914, 48.669721 ], [ -107.839845, 48.662374 ], [ -107.850803, 48.662426 ], [ -107.850807, 48.669717 ] ] ], [ [ [ -107.861271, 48.662334 ], [ -107.850803, 48.662426 ], [ -107.850803, 48.655103 ], [ -107.861222, 48.655103 ], [ -107.861271, 48.662334 ] ] ], [ [ [ -107.861434, 48.684071 ], [ -107.85013, 48.684158 ], [ -107.850136, 48.676764 ], [ -107.861378, 48.67706 ], [ -107.861434, 48.684071 ] ] ], [ [ [ -107.861639, 48.720401 ], [ -107.851077, 48.7204 ], [ -107.851156, 48.706076 ], [ -107.861408, 48.705803 ], [ -107.861639, 48.720401 ] ] ], [ [ [ -107.867293, 48.276976 ], [ -107.867161, 48.28424 ], [ -107.834539, 48.284346 ], [ -107.834707, 48.276724 ], [ -107.867293, 48.276976 ] ] ], [ [ [ -107.872368, 48.676832 ], [ -107.861378, 48.67706 ], [ -107.861301, 48.669666 ], [ -107.872321, 48.6697 ], [ -107.872368, 48.676832 ] ] ], [ [ [ -107.872598, 48.727632 ], [ -107.872579, 48.734758 ], [ -107.861718, 48.735169 ], [ -107.86183, 48.742223 ], [ -107.851449, 48.742145 ], [ -107.851455, 48.727644 ], [ -107.872598, 48.727632 ] ] ], [ [ [ -107.872874, 48.865402 ], [ -107.861896, 48.865402 ], [ -107.861906, 48.850908 ], [ -107.872873, 48.850909 ], [ -107.872874, 48.865402 ] ] ], [ [ [ -107.877812, 48.298905 ], [ -107.866826, 48.298745 ], [ -107.866803, 48.291512 ], [ -107.877812, 48.291634 ], [ -107.877812, 48.298905 ] ] ], [ [ [ -107.883606, 48.742186 ], [ -107.872578, 48.742194 ], [ -107.872579, 48.734758 ], [ -107.883581, 48.734657 ], [ -107.883606, 48.742186 ] ] ], [ [ [ -107.889967, 48.949382 ], [ -107.884432, 48.949382 ], [ -107.884432, 48.94222 ], [ -107.889967, 48.94222 ], [ -107.889967, 48.949382 ] ] ], [ [ [ -107.89466, 48.727645 ], [ -107.883687, 48.727648 ], [ -107.883485, 48.720392 ], [ -107.872608, 48.720392 ], [ -107.872535, 48.705773 ], [ -107.861408, 48.705803 ], [ -107.861417, 48.69859 ], [ -107.872481, 48.698591 ], [ -107.872404, 48.691269 ], [ -107.861415, 48.691314 ], [ -107.861434, 48.684071 ], [ -107.883429, 48.684125 ], [ -107.882402, 48.713174 ], [ -107.894673, 48.713168 ], [ -107.89466, 48.727645 ] ] ], [ [ [ -107.895410988923999, 48.999749298438097 ], [ -107.884332075363005, 48.999756426351901 ], [ -107.88438, 48.992762 ], [ -107.895408, 48.992761 ], [ -107.895410988923999, 48.999749298438097 ] ] ], [ [ [ -107.907683, 48.93506 ], [ -107.895419, 48.935003 ], [ -107.895419, 48.927733 ], [ -107.907643, 48.92805 ], [ -107.907683, 48.93506 ] ] ], [ [ [ -107.917391, 48.949382 ], [ -107.907096, 48.949382 ], [ -107.907136, 48.942165 ], [ -107.917391, 48.942165 ], [ -107.917391, 48.949382 ] ] ], [ [ [ -107.917406, 48.9997351473626 ], [ -107.906380997748002, 48.999742240591097 ], [ -107.90638, 48.985595 ], [ -107.917406, 48.985595 ], [ -107.917406, 48.9997351473626 ] ] ], [ [ [ -107.917557, 48.927733 ], [ -107.906887, 48.927733 ], [ -107.906966, 48.920509 ], [ -107.917557, 48.920517 ], [ -107.917557, 48.927733 ] ] ], [ [ [ -107.949701, 48.858182 ], [ -107.927576, 48.858182 ], [ -107.927942, 48.84363 ], [ -107.933287, 48.84363 ], [ -107.933287, 48.85079 ], [ -107.949701, 48.85079 ], [ -107.949701, 48.858182 ] ] ], [ [ [ -107.97089, 48.720157 ], [ -107.94924, 48.720147 ], [ -107.949115, 48.712883 ], [ -107.960022, 48.712883 ], [ -107.960035, 48.705634 ], [ -107.97074, 48.705647 ], [ -107.97089, 48.720157 ] ] ], [ [ [ -107.971635, 48.91337 ], [ -107.960558, 48.913326 ], [ -107.960485, 48.908745 ], [ -107.971635, 48.908745 ], [ -107.971635, 48.91337 ] ] ], [ [ [ -107.97178, 48.893848 ], [ -107.960731, 48.894135 ], [ -107.9607, 48.886942 ], [ -107.971779, 48.886944 ], [ -107.97178, 48.893848 ] ] ], [ [ [ -107.99213, 48.691137 ], [ -107.981565, 48.691137 ], [ -107.981565, 48.683895 ], [ -107.99213, 48.683895 ], [ -107.99213, 48.691137 ] ] ], [ [ [ -108.049336, 48.956806 ], [ -108.043797, 48.956806 ], [ -108.043868, 48.94234 ], [ -108.049262, 48.942303 ], [ -108.049336, 48.956806 ] ] ], [ [ [ -108.229251, 48.07962 ], [ -108.218421, 48.081619 ], [ -108.218421, 48.074296 ], [ -108.229251, 48.074298 ], [ -108.229251, 48.07962 ] ] ], [ [ [ -108.270262, 48.908656 ], [ -108.259354, 48.908682 ], [ -108.259348, 48.901419 ], [ -108.270263, 48.901391 ], [ -108.270262, 48.908656 ] ] ], [ [ [ -108.55893, 48.662708 ], [ -108.553496, 48.662623 ], [ -108.553488, 48.655261 ], [ -108.558933, 48.655226 ], [ -108.55893, 48.662708 ] ] ], [ [ [ -108.608644, 47.848795 ], [ -108.597871, 47.848795 ], [ -108.597871, 47.841517 ], [ -108.608644, 47.841517 ], [ -108.608644, 47.848795 ] ] ], [ [ [ -108.641902, 47.877847 ], [ -108.630905, 47.877857 ], [ -108.630925, 47.870476 ], [ -108.641948, 47.870444 ], [ -108.641902, 47.877847 ] ] ], [ [ [ -108.643156, 48.95739 ], [ -108.63207, 48.957396 ], [ -108.632, 48.950162 ], [ -108.643174, 48.950158 ], [ -108.643156, 48.95739 ] ] ], [ [ [ -108.663231, 47.906676 ], [ -108.652358, 47.906677 ], [ -108.652259, 47.892234 ], [ -108.66303, 47.892234 ], [ -108.663231, 47.906676 ] ] ], [ [ [ -108.665211, 48.979207 ], [ -108.664994, 48.986445 ], [ -108.653771, 48.986403 ], [ -108.653535, 48.979115 ], [ -108.665211, 48.979207 ] ] ], [ [ [ -108.687123, 48.971939 ], [ -108.676162, 48.971981 ], [ -108.676115, 48.97916 ], [ -108.665211, 48.979076 ], [ -108.66522, 48.972182 ], [ -108.654115, 48.972078 ], [ -108.65417, 48.964768 ], [ -108.687094, 48.964613 ], [ -108.687123, 48.971939 ] ] ], [ [ [ -108.689613, 47.917901 ], [ -108.688908, 47.921359 ], [ -108.683392, 47.921929 ], [ -108.684263, 47.917901 ], [ -108.689613, 47.917901 ] ] ], [ [ [ -108.698103, 48.935599 ], [ -108.676115, 48.935641 ], [ -108.676111, 48.932039 ], [ -108.698128, 48.932067 ], [ -108.698103, 48.935599 ] ] ], [ [ [ -108.731224, 48.979071 ], [ -108.720156, 48.979071 ], [ -108.720154, 48.971829 ], [ -108.731224, 48.971806 ], [ -108.731224, 48.979071 ] ] ], [ [ [ -108.73651, 48.964626 ], [ -108.731099, 48.964626 ], [ -108.731099, 48.961005 ], [ -108.73651, 48.961036 ], [ -108.73651, 48.964626 ] ] ], [ [ [ -108.742038, 48.950195 ], [ -108.731268, 48.950195 ], [ -108.731268, 48.942898 ], [ -108.741758, 48.942885 ], [ -108.742038, 48.950195 ] ] ], [ [ [ -108.750132, 48.793102 ], [ -108.739059, 48.793118 ], [ -108.739074, 48.785834 ], [ -108.733562, 48.785683 ], [ -108.733557, 48.782168 ], [ -108.744437, 48.782148 ], [ -108.744436, 48.789458 ], [ -108.75015, 48.789465 ], [ -108.750132, 48.793102 ] ] ], [ [ [ -108.753274, 48.979161 ], [ -108.753274, 48.986394 ], [ -108.74212, 48.986394 ], [ -108.74212, 48.979015 ], [ -108.753274, 48.979161 ] ] ], [ [ [ -108.763913, 48.979015 ], [ -108.753274, 48.979015 ], [ -108.753274, 48.971861 ], [ -108.763913, 48.971861 ], [ -108.763913, 48.979015 ] ] ], [ [ [ -108.764175, 48.94304 ], [ -108.747543, 48.943059 ], [ -108.747543, 48.939353 ], [ -108.758517, 48.939353 ], [ -108.758517, 48.935749 ], [ -108.764173, 48.935749 ], [ -108.764175, 48.94304 ] ] ], [ [ [ -108.786134, 48.99366 ], [ -108.774981, 48.99366 ], [ -108.774981, 48.986338 ], [ -108.786134, 48.986286 ], [ -108.786134, 48.99366 ] ] ], [ [ [ -108.786153, 48.957496 ], [ -108.786153, 48.96474 ], [ -108.764038, 48.96474 ], [ -108.764038, 48.957534 ], [ -108.775096, 48.961086 ], [ -108.775096, 48.957534 ], [ -108.786153, 48.957496 ] ] ], [ [ [ -108.793628, 48.894189 ], [ -108.782707, 48.894153 ], [ -108.782708, 48.886892 ], [ -108.793628, 48.887014 ], [ -108.793628, 48.894189 ] ] ], [ [ [ -108.797059, 48.927583 ], [ -108.786486, 48.928431 ], [ -108.786059, 48.913944 ], [ -108.79706, 48.91397 ], [ -108.797059, 48.927583 ] ] ], [ [ [ -108.797108, 48.957439 ], [ -108.786153, 48.957496 ], [ -108.786153, 48.950277 ], [ -108.797108, 48.950256 ], [ -108.797108, 48.957439 ] ] ], [ [ [ -108.815475, 48.814709 ], [ -108.804439, 48.814606 ], [ -108.804332, 48.807369 ], [ -108.793383, 48.807398 ], [ -108.793389, 48.800234 ], [ -108.815458, 48.80024 ], [ -108.815475, 48.814709 ] ] ], [ [ [ -108.819114, 48.950256 ], [ -108.797108, 48.950256 ], [ -108.797108, 48.942988 ], [ -108.818985, 48.942988 ], [ -108.819114, 48.950256 ] ] ], [ [ [ -108.826104, 48.760377 ], [ -108.820726, 48.760357 ], [ -108.820707, 48.756824 ], [ -108.826091, 48.756884 ], [ -108.826104, 48.760377 ] ] ], [ [ [ -108.830149, 48.986411 ], [ -108.797114, 48.986531 ], [ -108.797119, 48.979342 ], [ -108.818864, 48.97929 ], [ -108.818863, 48.97208 ], [ -108.797111, 48.972028 ], [ -108.797108, 48.957439 ], [ -108.818857, 48.957439 ], [ -108.818857, 48.964706 ], [ -108.830184, 48.964722 ], [ -108.830149, 48.986411 ] ] ], [ [ [ -108.836982, 48.742296 ], [ -108.82606, 48.742316 ], [ -108.826052, 48.738733 ], [ -108.831508, 48.738733 ], [ -108.831508, 48.731437 ], [ -108.836937, 48.731437 ], [ -108.836982, 48.742296 ] ] ], [ [ [ -108.842705, 48.792936 ], [ -108.837243, 48.792936 ], [ -108.837243, 48.789315 ], [ -108.842691, 48.789315 ], [ -108.842705, 48.792936 ] ] ], [ [ [ -108.848072, 48.785535 ], [ -108.837133, 48.785538 ], [ -108.837087, 48.771071 ], [ -108.848032, 48.771062 ], [ -108.848072, 48.785535 ] ] ], [ [ [ -108.848286, 48.843499 ], [ -108.837317, 48.843503 ], [ -108.837318, 48.829196 ], [ -108.848207, 48.82916 ], [ -108.848286, 48.843499 ] ] ], [ [ [ -108.848583, 48.901249 ], [ -108.842797, 48.901383 ], [ -108.842855, 48.908652 ], [ -108.826687, 48.908652 ], [ -108.826519, 48.912277 ], [ -108.82079, 48.912277 ], [ -108.841051, 48.91409 ], [ -108.841051, 48.928521 ], [ -108.818987, 48.928521 ], [ -108.818886, 48.914066 ], [ -108.810083, 48.913881 ], [ -108.810081, 48.908494 ], [ -108.815596, 48.908557 ], [ -108.815594, 48.901376 ], [ -108.837228, 48.901376 ], [ -108.837226, 48.894265 ], [ -108.826606, 48.894285 ], [ -108.826547, 48.886656 ], [ -108.848583, 48.890456 ], [ -108.848583, 48.901249 ] ] ], [ [ [ -108.852059, 48.997241 ], [ -108.830182, 48.997241 ], [ -108.830182, 48.993523 ], [ -108.852059, 48.993523 ], [ -108.852059, 48.997241 ] ] ], [ [ [ -108.853777, 48.829118 ], [ -108.848207, 48.82916 ], [ -108.848205, 48.825495 ], [ -108.853777, 48.825492 ], [ -108.853777, 48.829118 ] ] ], [ [ [ -108.858894, 48.735232 ], [ -108.853418, 48.735216 ], [ -108.853401, 48.742381 ], [ -108.842703, 48.742285 ], [ -108.842743, 48.735181 ], [ -108.84789, 48.735182 ], [ -108.847936, 48.727919 ], [ -108.858992, 48.728718 ], [ -108.858894, 48.735232 ] ] ], [ [ [ -108.859428, 48.858097 ], [ -108.848442, 48.858111 ], [ -108.848425, 48.879742 ], [ -108.842929, 48.87973 ], [ -108.842924, 48.868917 ], [ -108.837431, 48.868903 ], [ -108.837433, 48.865246 ], [ -108.826414, 48.865255 ], [ -108.826373, 48.858091 ], [ -108.837371, 48.858102 ], [ -108.837374, 48.861716 ], [ -108.84294, 48.861722 ], [ -108.842874, 48.854511 ], [ -108.831816, 48.85452 ], [ -108.83182, 48.850904 ], [ -108.859423, 48.850861 ], [ -108.859428, 48.858097 ] ] ], [ [ [ -108.863127, 48.98634 ], [ -108.840992, 48.98634 ], [ -108.840992, 48.971889 ], [ -108.852059, 48.971889 ], [ -108.852059, 48.979241 ], [ -108.863127, 48.979241 ], [ -108.863127, 48.98634 ] ] ], [ [ [ -108.870025, 48.778398 ], [ -108.859112, 48.77837 ], [ -108.859059, 48.771212 ], [ -108.870045, 48.771159 ], [ -108.870025, 48.778398 ] ] ], [ [ [ -108.874026, 48.964669 ], [ -108.851971, 48.964686 ], [ -108.851981, 48.957517 ], [ -108.840998, 48.957511 ], [ -108.840996, 48.950295 ], [ -108.851973, 48.950288 ], [ -108.851968, 48.935663 ], [ -108.873826, 48.935658 ], [ -108.873826, 48.943254 ], [ -108.862848, 48.943263 ], [ -108.862946, 48.950224 ], [ -108.874024, 48.950232 ], [ -108.874026, 48.964669 ] ] ], [ [ [ -108.875596, 48.792826 ], [ -108.87009, 48.792826 ], [ -108.87009, 48.789159 ], [ -108.875601, 48.789159 ], [ -108.875596, 48.792826 ] ] ], [ [ [ -108.881283, 48.850835 ], [ -108.875746, 48.850835 ], [ -108.875746, 48.847207 ], [ -108.881283, 48.847207 ], [ -108.881283, 48.850835 ] ] ], [ [ [ -108.891664, 48.742205 ], [ -108.880643, 48.742188 ], [ -108.880728, 48.727757 ], [ -108.891662, 48.72772 ], [ -108.891664, 48.742205 ] ] ], [ [ [ -108.892181, 48.818136 ], [ -108.886915, 48.818136 ], [ -108.886589, 48.814483 ], [ -108.892181, 48.814484 ], [ -108.892181, 48.818136 ] ] ], [ [ [ -108.892232, 48.861622 ], [ -108.881273, 48.861603 ], [ -108.881601, 48.857949 ], [ -108.886797, 48.857955 ], [ -108.886759, 48.85073 ], [ -108.89229, 48.850736 ], [ -108.892232, 48.861622 ] ] ], [ [ [ -108.897385, 48.774788 ], [ -108.891856, 48.774788 ], [ -108.891856, 48.771191 ], [ -108.897361, 48.771176 ], [ -108.897385, 48.774788 ] ] ], [ [ [ -108.902381, 48.727705 ], [ -108.891662, 48.72772 ], [ -108.891646, 48.720527 ], [ -108.90247, 48.720434 ], [ -108.902381, 48.727705 ] ] ], [ [ [ -108.913167, 48.800062 ], [ -108.903013, 48.800063 ], [ -108.903013, 48.792805 ], [ -108.913117, 48.792821 ], [ -108.913167, 48.800062 ] ] ], [ [ [ -108.918627, 48.792822 ], [ -108.913117, 48.792821 ], [ -108.913074, 48.78922 ], [ -108.918609, 48.789214 ], [ -108.918627, 48.792822 ] ] ], [ [ [ -108.935024, 48.912259 ], [ -108.924319, 48.914137 ], [ -108.924319, 48.912276 ], [ -108.935024, 48.912259 ] ] ], [ [ [ -108.957045, 48.843466 ], [ -108.940661, 48.843466 ], [ -108.940661, 48.839959 ], [ -108.951584, 48.839959 ], [ -108.951584, 48.836285 ], [ -108.957004, 48.836285 ], [ -108.957045, 48.843466 ] ] ], [ [ [ -108.957121, 48.85075 ], [ -108.946198, 48.854313 ], [ -108.946198, 48.850639 ], [ -108.94061, 48.850639 ], [ -108.94061, 48.854229 ], [ -108.935148, 48.854229 ], [ -108.935148, 48.847048 ], [ -108.957121, 48.847048 ], [ -108.957121, 48.85075 ] ] ], [ [ [ -108.9573, 48.872436 ], [ -108.93489, 48.876164 ], [ -108.934896, 48.865135 ], [ -108.940489, 48.86513 ], [ -108.940493, 48.868881 ], [ -108.957278, 48.868858 ], [ -108.9573, 48.872436 ] ] ], [ [ [ -108.96271, 48.883204 ], [ -108.957121, 48.883205 ], [ -108.957152, 48.879697 ], [ -108.962586, 48.879684 ], [ -108.96271, 48.883204 ] ] ], [ [ [ -108.96819, 48.868806 ], [ -108.956994, 48.865171 ], [ -108.957001, 48.858001 ], [ -108.968186, 48.858011 ], [ -108.96819, 48.868806 ] ] ], [ [ [ -108.984672, 48.850854 ], [ -108.973379, 48.854396 ], [ -108.973379, 48.847048 ], [ -108.978968, 48.847048 ], [ -108.978969, 48.836198 ], [ -108.984562, 48.836008 ], [ -108.984672, 48.850854 ] ] ], [ [ [ -108.989821, 48.865132 ], [ -108.978991, 48.865108 ], [ -108.979095, 48.854396 ], [ -108.984556, 48.854396 ], [ -108.984357, 48.861496 ], [ -108.989776, 48.861674 ], [ -108.989821, 48.865132 ] ] ], [ [ [ -109.123677, 48.336618 ], [ -109.118311, 48.336584 ], [ -109.118311, 48.322155 ], [ -109.123728, 48.322155 ], [ -109.123677, 48.336618 ] ] ], [ [ [ -109.237891, 48.307439 ], [ -109.227015, 48.307486 ], [ -109.226928, 48.300183 ], [ -109.237883, 48.300158 ], [ -109.237891, 48.307439 ] ] ], [ [ [ -109.248624, 48.300158 ], [ -109.237883, 48.300158 ], [ -109.237883, 48.292893 ], [ -109.248624, 48.292893 ], [ -109.248624, 48.300158 ] ] ], [ [ [ -109.281056, 48.32926 ], [ -109.270245, 48.32926 ], [ -109.270245, 48.322037 ], [ -109.281056, 48.322037 ], [ -109.281056, 48.32926 ] ] ], [ [ [ -110.475524, 48.299521 ], [ -110.464264, 48.299414 ], [ -110.464264, 48.291915 ], [ -110.475524, 48.291915 ], [ -110.475524, 48.299521 ] ] ], [ [ [ -110.475537, 48.270426 ], [ -110.464275, 48.270423 ], [ -110.464273, 48.26323 ], [ -110.475539, 48.26327 ], [ -110.475537, 48.270426 ] ] ] ] } },
{ "type": "Feature", "properties": { "AIANNHCE": "3130", "NAMELSAD": "Reno-Sparks Indian Colony and Off-Reservation Trust Land", "NAME": "Reno-Sparks", "AREA_TYPE": "Colony", "STATE_NAMES": "Nevada", "DECLARATIONS": 1, "OWN_REQUEST": 0, "UNDER_STATE": 1, "FIRST_YEAR": 2017.0, "LATEST_YEAR": 2017.0, "INCIDENT_LIST": "Severe Storm", "POPULATION": 829, "LAND_SQ_MI": 24.3, "N_COUNTIES": 1, "COUNTY_NAMES": "Washoe County", "COUNTY_DISASTER_MAX": 2 }, "geometry": { "type": "MultiPolygon", "coordinates": [ [ [ [ -119.717528, 39.634644 ], [ -119.713557, 39.639315 ], [ -119.71169, 39.638465 ], [ -119.715542, 39.633699 ], [ -119.717528, 39.634644 ] ] ], [ [ [ -119.752622, 39.54845 ], [ -119.751784, 39.549283 ], [ -119.751784, 39.54845 ], [ -119.752622, 39.54845 ] ] ], [ [ [ -119.76227, 39.427729 ], [ -119.75853, 39.429106 ], [ -119.756989, 39.42701 ], [ -119.760845, 39.425539 ], [ -119.76227, 39.427729 ] ] ], [ [ [ -119.786061, 39.531405 ], [ -119.782368, 39.53075 ], [ -119.777908, 39.527612 ], [ -119.783769, 39.527482 ], [ -119.786061, 39.531405 ] ] ], [ [ [ -119.787466, 39.528926 ], [ -119.784687, 39.528933 ], [ -119.785349, 39.520506 ], [ -119.786709, 39.521006 ], [ -119.787466, 39.528926 ] ] ], [ [ [ -119.792051, 39.529432 ], [ -119.790606, 39.530291 ], [ -119.790591, 39.529448 ], [ -119.792051, 39.529432 ] ] ], [ [ [ -119.81427, 39.708215 ], [ -119.813599, 39.723254 ], [ -119.80888, 39.723245 ], [ -119.80887, 39.737745 ], [ -119.789994, 39.737872 ], [ -119.78998, 39.74941 ], [ -119.705701, 39.74927 ], [ -119.7056, 39.738382 ], [ -119.71026, 39.738373 ], [ -119.709973, 39.715851 ], [ -119.72028, 39.71587 ], [ -119.720268, 39.708474 ], [ -119.72495, 39.708533 ], [ -119.725165, 39.69419 ], [ -119.734539, 39.694215 ], [ -119.734389, 39.679645 ], [ -119.753289, 39.679502 ], [ -119.75324, 39.664997 ], [ -119.734358, 39.665026 ], [ -119.734331, 39.650555 ], [ -119.7579, 39.650493 ], [ -119.757919, 39.664993 ], [ -119.771902, 39.66498 ], [ -119.771717, 39.679426 ], [ -119.790221, 39.679455 ], [ -119.790143, 39.686794 ], [ -119.795099, 39.686728 ], [ -119.794944, 39.694002 ], [ -119.809566, 39.693768 ], [ -119.809655, 39.70811 ], [ -119.81427, 39.708215 ] ] ], [ [ [ -120.002523734030007, 39.504370380969803 ], [ -120.000107, 39.505413 ], [ -119.999983, 39.504346 ], [ -120.002523734030007, 39.504370380969803 ] ] ] ] } },
{ "type": "Feature", "properties": { "AIANNHCE": "3340", "NAMELSAD": "Salt River Reservation", "NAME": "Salt River", "AREA_TYPE": "Reservation", "STATE_NAMES": "Arizona", "DECLARATIONS": 1, "OWN_REQUEST": 1, "UNDER_STATE": 0, "FIRST_YEAR": 2022.0, "LATEST_YEAR": 2022.0, "INCIDENT_LIST": "Severe Storm", "POPULATION": 5487, "LAND_SQ_MI": 82.5, "N_COUNTIES": 1, "COUNTY_NAMES": "Maricopa County", "COUNTY_DISASTER_MAX": 1 }, "geometry": { "type": "MultiPolygon", "coordinates": [ [ [ [ -111.716815, 33.498012 ], [ -111.71012, 33.504947 ], [ -111.696502, 33.509333 ], [ -111.684108, 33.503816 ], [ -111.684037, 33.499889 ], [ -111.716815, 33.498012 ] ] ], [ [ [ -111.909279, 33.451281 ], [ -111.892006, 33.454952 ], [ -111.891098, 33.567975 ], [ -111.798941, 33.567904 ], [ -111.79822, 33.572434 ], [ -111.787199, 33.571586 ], [ -111.784733, 33.581567 ], [ -111.770105, 33.57515 ], [ -111.770107, 33.567908 ], [ -111.708813, 33.567881 ], [ -111.709347, 33.564077 ], [ -111.63987, 33.57412 ], [ -111.643254, 33.550352 ], [ -111.669695, 33.543952 ], [ -111.675697, 33.518259 ], [ -111.683796, 33.516303 ], [ -111.693219, 33.519131 ], [ -111.693233, 33.515441 ], [ -111.71511, 33.502139 ], [ -111.728141, 33.486716 ], [ -111.731806, 33.488677 ], [ -111.739768, 33.482565 ], [ -111.787478, 33.484533 ], [ -111.787284, 33.466403 ], [ -111.822096, 33.466602 ], [ -111.822094, 33.469848 ], [ -111.826419, 33.469826 ], [ -111.828742, 33.462609 ], [ -111.835507, 33.462485 ], [ -111.835459, 33.458773 ], [ -111.841303, 33.460019 ], [ -111.848026, 33.452438 ], [ -111.856351, 33.45133 ], [ -111.85674, 33.44824 ], [ -111.87457, 33.436818 ], [ -111.909647, 33.436755 ], [ -111.909279, 33.451281 ] ] ] ] } },
{ "type": "Feature", "properties": { "AIANNHCE": "2550", "NAMELSAD": "Omaha Reservation", "NAME": "Omaha", "AREA_TYPE": "Reservation", "STATE_NAMES": "Iowa; Nebraska", "DECLARATIONS": 2, "OWN_REQUEST": 0, "UNDER_STATE": 2, "FIRST_YEAR": 2011.0, "LATEST_YEAR": 2019.0, "INCIDENT_LIST": "Flood", "POPULATION": 4643, "LAND_SQ_MI": 307.0, "N_COUNTIES": 4, "COUNTY_NAMES": "Thurston County; Cuming County; Burt County and others", "COUNTY_DISASTER_MAX": 8 }, "geometry": { "type": "Polygon", "coordinates": [ [ [ -96.825908, 42.017127 ], [ -96.82311, 42.160812 ], [ -96.553885, 42.161004 ], [ -96.554179, 42.191364 ], [ -96.347715524120304, 42.191329114932401 ], [ -96.349688, 42.172043 ], [ -96.342395, 42.160491 ], [ -96.329610171242393, 42.153249880557802 ], [ -96.307281, 42.149385 ], [ -96.301356201214801, 42.128164285736901 ], [ -96.279203, 42.12348 ], [ -96.2689, 42.11359 ], [ -96.267636, 42.096177 ], [ -96.274531568910604, 42.085250927816197 ], [ -96.262989, 42.069109 ], [ -96.250593, 42.0604 ], [ -96.211692, 42.060138 ], [ -96.207543, 42.055408 ], [ -96.210871, 42.044952 ], [ -96.215865, 42.043433 ], [ -96.258209, 42.042092 ], [ -96.262221642857099, 42.039323761904797 ], [ -96.238392, 42.041088 ], [ -96.223822, 42.033346 ], [ -96.223611, 42.022652 ], [ -96.237359167179605, 42.013179532455403 ], [ -96.825908, 42.017127 ] ] ] } },
{ "type": "Feature", "properties": { "AIANNHCE": "0305", "NAMELSAD": "Blackfeet Indian Reservation and Off-Reservation Trust Land", "NAME": "Blackfeet", "AREA_TYPE": "Reservation", "STATE_NAMES": "Montana", "DECLARATIONS": 1, "OWN_REQUEST": 0, "UNDER_STATE": 1, "FIRST_YEAR": 2011.0, "LATEST_YEAR": 2011.0, "INCIDENT_LIST": "Severe Storm", "POPULATION": 10309, "LAND_SQ_MI": 2372.0, "N_COUNTIES": 2, "COUNTY_NAMES": "Glacier County; Pondera County", "COUNTY_DISASTER_MAX": 5 }, "geometry": { "type": "MultiPolygon", "coordinates": [ [ [ [ -112.336776, 48.805704 ], [ -112.333351, 48.807543 ], [ -112.333358, 48.805704 ], [ -112.336776, 48.805704 ] ] ], [ [ [ -113.609141903427002, 48.998238933886398 ], [ -112.365030051565, 48.998840872746698 ], [ -112.367866, 48.654504 ], [ -112.360656, 48.650863 ], [ -112.357672, 48.644627 ], [ -112.344823, 48.642799 ], [ -112.346964, 48.634139 ], [ -112.34024, 48.631361 ], [ -112.340283, 48.6233 ], [ -112.349792, 48.615149 ], [ -112.338123, 48.609601 ], [ -112.340981, 48.597922 ], [ -112.332079, 48.598259 ], [ -112.327774, 48.592231 ], [ -112.330368, 48.586676 ], [ -112.324104, 48.583508 ], [ -112.320386, 48.57476 ], [ -112.297703, 48.572125 ], [ -112.285327, 48.558793 ], [ -112.308904, 48.548745 ], [ -112.302601, 48.541512 ], [ -112.306158, 48.540302 ], [ -112.305504, 48.528477 ], [ -112.289517, 48.523445 ], [ -112.28528, 48.511392 ], [ -112.272947, 48.509151 ], [ -112.262479, 48.498545 ], [ -112.25405, 48.496813 ], [ -112.252954, 48.489469 ], [ -112.244205, 48.483978 ], [ -112.235725, 48.490787 ], [ -112.231129, 48.490724 ], [ -112.225031, 48.469988 ], [ -112.231409, 48.465526 ], [ -112.228344, 48.460454 ], [ -112.23073, 48.456124 ], [ -112.242661, 48.451298 ], [ -112.243585, 48.445925 ], [ -112.253235, 48.443364 ], [ -112.257948, 48.445411 ], [ -112.261403, 48.440344 ], [ -112.267259, 48.440133 ], [ -112.256685, 48.434506 ], [ -112.256869, 48.429678 ], [ -112.261879, 48.429826 ], [ -112.265463, 48.423579 ], [ -112.270939, 48.424763 ], [ -112.271691, 48.419067 ], [ -112.286392, 48.412008 ], [ -112.287432, 48.406483 ], [ -112.295825, 48.400546 ], [ -112.303635, 48.402482 ], [ -112.300482, 48.405894 ], [ -112.30614, 48.406664 ], [ -112.306417, 48.399123 ], [ -112.314558, 48.403064 ], [ -112.312034, 48.398046 ], [ -112.314074, 48.389856 ], [ -112.324758, 48.392436 ], [ -112.327823, 48.390587 ], [ -112.323724, 48.38446 ], [ -112.328375, 48.382974 ], [ -112.331473, 48.371908 ], [ -112.33837, 48.370254 ], [ -112.333202, 48.369123 ], [ -112.331796, 48.362088 ], [ -112.345649, 48.35533 ], [ -112.348034, 48.350146 ], [ -112.341238, 48.346091 ], [ -112.346571, 48.342139 ], [ -112.339514, 48.34075 ], [ -112.329243, 48.331779 ], [ -112.319222, 48.332354 ], [ -112.31818, 48.330306 ], [ -112.32391, 48.325783 ], [ -112.318188, 48.322875 ], [ -112.319358, 48.321131 ], [ -112.327312, 48.323289 ], [ -112.338307, 48.320571 ], [ -112.340513, 48.325087 ], [ -112.354224, 48.320453 ], [ -112.351793, 48.316303 ], [ -112.361917, 48.316438 ], [ -112.364483, 48.311457 ], [ -112.382507, 48.320674 ], [ -112.388608, 48.318497 ], [ -112.383437, 48.315254 ], [ -112.389386, 48.316151 ], [ -112.396685, 48.310232 ], [ -112.40148, 48.317949 ], [ -112.4005, 48.32136 ], [ -112.405333, 48.323237 ], [ -112.40108, 48.326542 ], [ -112.407906, 48.325442 ], [ -112.404022, 48.33002 ], [ -112.41093, 48.329002 ], [ -112.409638, 48.331266 ], [ -112.416997, 48.334607 ], [ -112.414924, 48.336088 ], [ -112.42054, 48.340278 ], [ -112.425443, 48.335776 ], [ -112.427466, 48.34182 ], [ -112.431776, 48.337241 ], [ -112.472539, 48.349623 ], [ -112.46988, 48.346898 ], [ -112.482619, 48.342578 ], [ -112.506142, 48.346439 ], [ -112.512324, 48.341024 ], [ -112.533121, 48.334379 ], [ -112.541924, 48.3253 ], [ -112.567915, 48.319466 ], [ -112.577202, 48.313839 ], [ -112.575864, 48.309684 ], [ -112.584683, 48.309462 ], [ -112.590088, 48.303889 ], [ -112.597109, 48.282951 ], [ -112.606475, 48.274014 ], [ -112.607793, 48.259334 ], [ -112.62301, 48.25278 ], [ -112.630896, 48.247316 ], [ -112.629544, 48.244612 ], [ -112.636373, 48.246074 ], [ -112.64145, 48.242292 ], [ -112.64505, 48.244239 ], [ -112.662359, 48.241481 ], [ -112.678867, 48.248178 ], [ -112.71273, 48.241342 ], [ -112.719293, 48.236668 ], [ -112.7536, 48.228437 ], [ -112.756449, 48.219554 ], [ -112.769785, 48.205357 ], [ -112.773829, 48.206169 ], [ -112.772994, 48.203833 ], [ -112.777761, 48.202381 ], [ -112.781688, 48.205415 ], [ -112.800074, 48.192641 ], [ -112.807274, 48.194308 ], [ -112.81417, 48.18532 ], [ -112.823321, 48.181443 ], [ -112.857415, 48.175286 ], [ -112.871158, 48.163375 ], [ -112.874376, 48.16522 ], [ -112.882784, 48.159791 ], [ -112.902058, 48.158444 ], [ -112.906506, 48.162382 ], [ -112.921754, 48.164636 ], [ -112.92242, 48.242015 ], [ -113.241922, 48.412876 ], [ -113.421406, 48.693488 ], [ -113.418575, 48.707007 ], [ -113.422629, 48.734036 ], [ -113.439941, 48.753312 ], [ -113.486945, 48.784405 ], [ -113.609548, 48.933196 ], [ -113.609141903427002, 48.998238933886398 ] ] ] ] } },
{ "type": "Feature", "properties": { "AIANNHCE": "3565", "NAMELSAD": "Santee Reservation", "NAME": "Santee", "AREA_TYPE": "Reservation", "STATE_NAMES": "Nebraska; South Dakota", "DECLARATIONS": 1, "OWN_REQUEST": 0, "UNDER_STATE": 1, "FIRST_YEAR": 2019.0, "LATEST_YEAR": 2019.0, "INCIDENT_LIST": "Flood", "POPULATION": 759, "LAND_SQ_MI": 172.9, "N_COUNTIES": 2, "COUNTY_NAMES": "Knox County; Bon Homme County", "COUNTY_DISASTER_MAX": 4 }, "geometry": { "type": "Polygon", "coordinates": [ [ [ -97.954613, 42.611794 ], [ -97.953515604276404, 42.769039083650597 ], [ -97.936716, 42.775754 ], [ -97.908983, 42.794909 ], [ -97.890241, 42.815113 ], [ -97.879878, 42.835395 ], [ -97.875345, 42.858724 ], [ -97.857957, 42.865093 ], [ -97.828496, 42.868797 ], [ -97.817075, 42.861781 ], [ -97.774456, 42.849774 ], [ -97.720673561665507, 42.847454361310703 ], [ -97.720469, 42.61194 ], [ -97.954613, 42.611794 ] ] ] } },
{ "type": "Feature", "properties": { "AIANNHCE": "2360", "NAMELSAD": "Morongo Reservation and Off-Reservation Trust Land", "NAME": "Morongo", "AREA_TYPE": "Reservation", "STATE_NAMES": "California", "DECLARATIONS": 1, "OWN_REQUEST": 1, "UNDER_STATE": 0, "FIRST_YEAR": 2024.0, "LATEST_YEAR": 2024.0, "INCIDENT_LIST": "Severe Storm", "POPULATION": 746, "LAND_SQ_MI": 54.4, "N_COUNTIES": 1, "COUNTY_NAMES": "Riverside County", "COUNTY_DISASTER_MAX": 5 }, "geometry": { "type": "MultiPolygon", "coordinates": [ [ [ [ -116.736945, 33.903402 ], [ -116.719935, 33.903254 ], [ -116.71993, 33.886167 ], [ -116.737029, 33.886218 ], [ -116.736945, 33.903402 ] ] ], [ [ [ -116.789362, 33.885988 ], [ -116.772013, 33.886082 ], [ -116.771973, 33.893492 ], [ -116.754452, 33.896071 ], [ -116.754514, 33.886182 ], [ -116.771968, 33.886081 ], [ -116.771927, 33.878711 ], [ -116.789264, 33.878784 ], [ -116.789362, 33.885988 ] ] ], [ [ [ -116.798078, 33.903359 ], [ -116.793738, 33.903414 ], [ -116.793734, 33.899683 ], [ -116.798068, 33.899724 ], [ -116.798078, 33.903359 ] ] ], [ [ [ -116.80677, 33.886161 ], [ -116.806747, 33.897266 ], [ -116.789392, 33.893323 ], [ -116.789362, 33.885988 ], [ -116.80677, 33.886161 ] ] ], [ [ [ -116.806619, 33.87135 ], [ -116.795828, 33.871384 ], [ -116.800294, 33.864381 ], [ -116.78942, 33.864252 ], [ -116.789482, 33.857153 ], [ -116.806579, 33.856961 ], [ -116.806619, 33.87135 ] ] ], [ [ [ -116.859307, 33.906866 ], [ -116.841963, 33.906827 ], [ -116.841955, 33.90341 ], [ -116.858518, 33.903369 ], [ -116.859307, 33.906866 ] ] ], [ [ [ -116.859305, 33.88514 ], [ -116.842038, 33.886282 ], [ -116.841959, 33.90089 ], [ -116.824399, 33.90071 ], [ -116.824261, 33.886095 ], [ -116.842039, 33.886263 ], [ -116.842293, 33.871659 ], [ -116.860345, 33.871678 ], [ -116.859305, 33.88514 ] ] ], [ [ [ -116.876726, 33.903324 ], [ -116.859258, 33.90329 ], [ -116.859248, 33.885705 ], [ -116.876575, 33.886718 ], [ -116.876726, 33.903324 ] ] ], [ [ [ -116.876951, 34.019388 ], [ -116.859733, 34.019444 ], [ -116.859362, 34.005196 ], [ -116.842111, 34.004862 ], [ -116.842336, 34.019336 ], [ -116.8249, 34.019363 ], [ -116.82481, 34.003902 ], [ -116.807243, 34.004825 ], [ -116.807282, 34.019364 ], [ -116.772393, 34.019435 ], [ -116.772179, 33.97597 ], [ -116.719885, 33.976189 ], [ -116.719706, 33.961802 ], [ -116.728437, 33.961737 ], [ -116.728487, 33.954525 ], [ -116.719718, 33.954583 ], [ -116.719675, 33.947576 ], [ -116.737413, 33.94724 ], [ -116.737245, 33.932674 ], [ -116.719689, 33.932633 ], [ -116.719799, 33.917895 ], [ -116.737272, 33.918041 ], [ -116.73749, 33.903341 ], [ -116.754473, 33.903448 ], [ -116.754624, 33.917983 ], [ -116.772045, 33.917972 ], [ -116.772121, 33.925315 ], [ -116.780752, 33.924994 ], [ -116.780711, 33.919275 ], [ -116.806801, 33.918031 ], [ -116.806736, 33.93261 ], [ -116.789496, 33.932615 ], [ -116.789545, 33.939906 ], [ -116.793842, 33.939905 ], [ -116.7938, 33.94701 ], [ -116.806776, 33.946995 ], [ -116.80674, 33.932662 ], [ -116.824471, 33.932714 ], [ -116.824536, 33.918123 ], [ -116.841879, 33.918022 ], [ -116.841919, 33.928797 ], [ -116.841528, 33.933393 ], [ -116.859282, 33.932638 ], [ -116.859637, 33.947187 ], [ -116.87693, 33.947165 ], [ -116.876951, 34.019388 ] ], [ [ -116.841789, 33.928832 ], [ -116.839574, 33.92913 ], [ -116.835264, 33.930398 ], [ -116.840734, 33.932388 ], [ -116.841789, 33.928832 ] ], [ [ -116.833323, 33.932423 ], [ -116.8321, 33.930976 ], [ -116.832124, 33.932428 ], [ -116.833323, 33.932423 ] ], [ [ -116.789723, 33.997749 ], [ -116.780989, 33.997757 ], [ -116.781002, 34.005005 ], [ -116.789746, 34.004997 ], [ -116.789723, 33.997749 ] ], [ [ -116.789699, 33.990501 ], [ -116.785372, 33.990507 ], [ -116.785396, 33.994136 ], [ -116.789711, 33.994125 ], [ -116.789699, 33.990501 ] ], [ [ -116.789357, 33.926394 ], [ -116.788249, 33.924589 ], [ -116.788269, 33.926402 ], [ -116.789357, 33.926394 ] ], [ [ -116.737245, 33.932674 ], [ -116.754533, 33.932592 ], [ -116.754512, 33.928103 ], [ -116.751466, 33.926695 ], [ -116.754488, 33.927149 ], [ -116.754449, 33.921143 ], [ -116.737235, 33.924937 ], [ -116.737245, 33.932674 ] ] ], [ [ [ -116.877268, 33.864221 ], [ -116.867964, 33.864245 ], [ -116.867872, 33.867892 ], [ -116.877153, 33.867966 ], [ -116.877037, 33.871712 ], [ -116.860345, 33.871678 ], [ -116.860256, 33.856751 ], [ -116.8775, 33.85673 ], [ -116.877268, 33.864221 ] ] ], [ [ [ -116.911624, 33.896082 ], [ -116.902757, 33.896192 ], [ -116.9006, 33.899855 ], [ -116.900781, 33.896174 ], [ -116.894243, 33.896097 ], [ -116.89405, 33.88676 ], [ -116.911837, 33.88625 ], [ -116.911624, 33.896082 ] ] ], [ [ [ -116.920631, 33.94711 ], [ -116.912076, 33.947183 ], [ -116.911809, 33.939817 ], [ -116.920624, 33.939815 ], [ -116.920631, 33.94711 ] ] ] ] } },
{ "type": "Feature", "properties": { "AIANNHCE": "2070", "NAMELSAD": "Lummi Reservation", "NAME": "Lummi", "AREA_TYPE": "Reservation", "STATE_NAMES": "Washington", "DECLARATIONS": 1, "OWN_REQUEST": 0, "UNDER_STATE": 1, "FIRST_YEAR": 2022.0, "LATEST_YEAR": 2022.0, "INCIDENT_LIST": "Flood", "POPULATION": 4917, "LAND_SQ_MI": 20.9, "N_COUNTIES": 1, "COUNTY_NAMES": "Whatcom County", "COUNTY_DISASTER_MAX": 6 }, "geometry": { "type": "MultiPolygon", "coordinates": [ [ [ [ -122.650446, 48.712299 ], [ -122.620023, 48.706809 ], [ -122.616458, 48.70775 ], [ -122.614125, 48.715105 ], [ -122.611229, 48.714024 ], [ -122.605906, 48.699732 ], [ -122.615983, 48.693946 ], [ -122.6224, 48.693946 ], [ -122.650446, 48.712299 ] ] ], [ [ [ -122.7112, 48.79146 ], [ -122.709470189612006, 48.819494797933302 ], [ -122.595404, 48.819217 ], [ -122.59516, 48.795738 ], [ -122.603578, 48.795218 ], [ -122.60545, 48.790132 ], [ -122.584048, 48.789159 ], [ -122.573856, 48.781994 ], [ -122.572395930956006, 48.773677878650702 ], [ -122.586251, 48.772597 ], [ -122.608139, 48.762773 ], [ -122.610093, 48.756866 ], [ -122.637146, 48.735708 ], [ -122.647356, 48.717631 ], [ -122.651872, 48.715906 ], [ -122.665063, 48.731899 ], [ -122.673472, 48.733082 ], [ -122.674808, 48.737385 ], [ -122.647443, 48.773998 ], [ -122.646777, 48.785011 ], [ -122.665307, 48.788568 ], [ -122.676254, 48.800727 ], [ -122.68304, 48.803289 ], [ -122.694078, 48.800727 ], [ -122.700321, 48.804779 ], [ -122.70403, 48.803825 ], [ -122.706202, 48.799118 ], [ -122.699687, 48.789701 ], [ -122.708102, 48.786422 ], [ -122.7112, 48.79146 ] ] ] ] } },
{ "type": "Feature", "properties": { "AIANNHCE": "3780", "NAMELSAD": "Shoalwater Bay Indian Reservation and Off-Reservation Trust Land", "NAME": "Shoalwater Bay", "AREA_TYPE": "Reservation", "STATE_NAMES": "Washington", "DECLARATIONS": 1, "OWN_REQUEST": 0, "UNDER_STATE": 1, "FIRST_YEAR": 2022.0, "LATEST_YEAR": 2022.0, "INCIDENT_LIST": "Flood", "POPULATION": 137, "LAND_SQ_MI": 1.5, "N_COUNTIES": 1, "COUNTY_NAMES": "Pacific County", "COUNTY_DISASTER_MAX": 6 }, "geometry": { "type": "MultiPolygon", "coordinates": [ [ [ [ -123.990836, 46.709235 ], [ -123.99062, 46.709835 ], [ -123.990224, 46.709812 ], [ -123.990836, 46.709235 ] ] ], [ [ [ -124.04092, 46.737536 ], [ -124.01159, 46.73266 ], [ -124.014129, 46.730477 ], [ -124.012777, 46.720446 ], [ -124.029127, 46.717735 ], [ -124.037281225616994, 46.722054758983298 ], [ -124.035653, 46.728128 ], [ -124.04105, 46.728376 ], [ -124.04092, 46.737536 ] ] ] ] } },
{ "type": "Feature", "properties": { "AIANNHCE": "3280", "NAMELSAD": "Sac and Fox/Meskwaki Settlement and Off-Reservation Trust Land", "NAME": "Sac and Fox/Meskwaki", "AREA_TYPE": "Reservation", "STATE_NAMES": "Iowa", "DECLARATIONS": 3, "OWN_REQUEST": 2, "UNDER_STATE": 1, "FIRST_YEAR": 2014.0, "LATEST_YEAR": 2020.0, "INCIDENT_LIST": "Flood; Severe Storm", "POPULATION": 996, "LAND_SQ_MI": 10.7, "N_COUNTIES": 1, "COUNTY_NAMES": "Tama County", "COUNTY_DISASTER_MAX": 6 }, "geometry": { "type": "MultiPolygon", "coordinates": [ [ [ [ -92.615794, 41.97851 ], [ -92.615688, 41.985559 ], [ -92.610837, 41.985486 ], [ -92.610888, 41.9783 ], [ -92.615794, 41.97851 ] ] ], [ [ [ -92.619411, 41.930455 ], [ -92.619401, 41.937957 ], [ -92.609751, 41.938085 ], [ -92.609977, 41.941669 ], [ -92.600383, 41.941667 ], [ -92.600079, 41.938215 ], [ -92.604865, 41.938042 ], [ -92.604568, 41.934681 ], [ -92.599695, 41.934676 ], [ -92.600188, 41.927316 ], [ -92.605054, 41.927252 ], [ -92.605308, 41.923651 ], [ -92.612576, 41.923674 ], [ -92.612113, 41.930375 ], [ -92.619411, 41.930455 ] ] ], [ [ [ -92.630068, 42.002285 ], [ -92.625263, 42.002138 ], [ -92.622764, 42.003813 ], [ -92.62525, 41.99861 ], [ -92.630068, 42.002285 ] ] ], [ [ [ -92.698499, 41.999705 ], [ -92.686661, 41.997611 ], [ -92.686667, 41.999712 ], [ -92.673886, 41.999714 ], [ -92.673926, 42.004603 ], [ -92.668832, 42.004573 ], [ -92.673753, 42.007215 ], [ -92.671256, 42.007218 ], [ -92.668653, 42.014248 ], [ -92.663873, 42.014258 ], [ -92.65914, 42.007056 ], [ -92.649344, 42.006948 ], [ -92.64935, 42.014295 ], [ -92.63965, 42.014685 ], [ -92.639415, 42.007573 ], [ -92.634785, 42.007573 ], [ -92.634514, 41.993042 ], [ -92.639804, 41.993009 ], [ -92.639881, 41.989261 ], [ -92.635134, 41.989365 ], [ -92.63357, 41.993057 ], [ -92.620451, 41.992932 ], [ -92.625376, 41.991201 ], [ -92.625472, 41.9848 ], [ -92.620459, 41.982681 ], [ -92.625461, 41.982065 ], [ -92.625607, 41.974792 ], [ -92.6207, 41.974749 ], [ -92.620751, 41.964033 ], [ -92.61566, 41.96384 ], [ -92.615622, 41.960176 ], [ -92.622745, 41.955135 ], [ -92.630473, 41.959485 ], [ -92.630171, 41.949234 ], [ -92.63501, 41.949246 ], [ -92.634657, 41.941698 ], [ -92.64435, 41.942017 ], [ -92.644546, 41.949238 ], [ -92.639074, 41.949301 ], [ -92.63943, 41.956379 ], [ -92.649243, 41.957111 ], [ -92.649287, 41.962667 ], [ -92.636554, 41.963744 ], [ -92.659181, 41.963862 ], [ -92.659147, 41.9711 ], [ -92.654265, 41.97104 ], [ -92.654221, 41.978409 ], [ -92.657852, 41.978532 ], [ -92.65791, 41.974837 ], [ -92.66653, 41.974819 ], [ -92.668742, 41.978904 ], [ -92.679942, 41.978777 ], [ -92.680045, 41.974989 ], [ -92.682501, 41.974972 ], [ -92.682382, 41.980308 ], [ -92.686661, 41.980397 ], [ -92.688417, 41.985883 ], [ -92.698452, 41.985546 ], [ -92.698499, 41.999705 ] ], [ [ -92.668853, 42.002541 ], [ -92.66677, 42.001758 ], [ -92.666851, 42.002512 ], [ -92.668853, 42.002541 ] ] ] ] } },
{ "type": "Feature", "properties": { "AIANNHCE": "3825", "NAMELSAD": "Skokomish Reservation and Off-Reservation Trust Land", "NAME": "Skokomish", "AREA_TYPE": "Reservation", "STATE_NAMES": "Washington", "DECLARATIONS": 1, "OWN_REQUEST": 0, "UNDER_STATE": 1, "FIRST_YEAR": 2022.0, "LATEST_YEAR": 2022.0, "INCIDENT_LIST": "Flood", "POPULATION": 696, "LAND_SQ_MI": 9.5, "N_COUNTIES": 1, "COUNTY_NAMES": "Mason County", "COUNTY_DISASTER_MAX": 9 }, "geometry": { "type": "MultiPolygon", "coordinates": [ [ [ [ -123.178998, 47.305503 ], [ -123.177352, 47.3088 ], [ -123.175195, 47.308251 ], [ -123.175179, 47.306826 ], [ -123.178998, 47.305503 ] ] ], [ [ [ -123.186278, 47.359588 ], [ -123.180905, 47.359543 ], [ -123.180879, 47.362944 ], [ -123.170138, 47.36287 ], [ -123.170114, 47.366724 ], [ -123.16476, 47.366663 ], [ -123.164758, 47.373877 ], [ -123.150595, 47.373889 ], [ -123.157851, 47.371076 ], [ -123.155411, 47.361142 ], [ -123.15958, 47.354391 ], [ -123.140404, 47.341796 ], [ -123.123099, 47.337802 ], [ -123.118486788322997, 47.340489211748597 ], [ -123.114348, 47.336875 ], [ -123.121277, 47.327498 ], [ -123.133261, 47.327592 ], [ -123.142033, 47.317409 ], [ -123.141285, 47.309973 ], [ -123.169873, 47.301916 ], [ -123.169912, 47.307256 ], [ -123.185873, 47.315537 ], [ -123.186278, 47.359588 ] ] ], [ [ [ -123.247841, 47.476729 ], [ -123.232558, 47.476862 ], [ -123.232023, 47.472908 ], [ -123.221185, 47.472833 ], [ -123.221712, 47.476786 ], [ -123.210452, 47.476787 ], [ -123.209548, 47.464964 ], [ -123.215128, 47.464895 ], [ -123.215017, 47.456973 ], [ -123.217239, 47.45716 ], [ -123.216761, 47.459862 ], [ -123.223026, 47.46152 ], [ -123.214045, 47.472658 ], [ -123.225062, 47.465358 ], [ -123.247841, 47.476729 ] ] ] ] } },
{ "type": "Feature", "properties": { "AIANNHCE": "1850", "NAMELSAD": "La Jolla Reservation", "NAME": "La Jolla", "AREA_TYPE": "Reservation", "STATE_NAMES": "California", "DECLARATIONS": 2, "OWN_REQUEST": 2, "UNDER_STATE": 0, "FIRST_YEAR": 2019.0, "LATEST_YEAR": 2023.0, "INCIDENT_LIST": "Hurricane; Severe Storm", "POPULATION": 221, "LAND_SQ_MI": 13.5, "N_COUNTIES": 1, "COUNTY_NAMES": "San Diego County", "COUNTY_DISASTER_MAX": 6 }, "geometry": { "type": "Polygon", "coordinates": [ [ [ -116.92725, 33.287533 ], [ -116.901958, 33.313935 ], [ -116.895748, 33.313931 ], [ -116.895785, 33.29945 ], [ -116.841157, 33.299436 ], [ -116.841157, 33.285136 ], [ -116.823856, 33.284536 ], [ -116.824057, 33.270137 ], [ -116.841157, 33.270836 ], [ -116.841216, 33.252111 ], [ -116.849859, 33.25231 ], [ -116.849802, 33.248767 ], [ -116.858502, 33.24873 ], [ -116.858755, 33.252281 ], [ -116.870632, 33.252224 ], [ -116.870603, 33.25576 ], [ -116.927088, 33.255471 ], [ -116.92725, 33.287533 ] ], [ [ -116.912779, 33.273711 ], [ -116.875749, 33.271895 ], [ -116.87332, 33.285415 ], [ -116.89586, 33.29661 ], [ -116.905932, 33.305223 ], [ -116.908878, 33.301571 ], [ -116.912779, 33.273711 ] ] ] } },
{ "type": "Feature", "properties": { "AIANNHCE": "2320", "NAMELSAD": "Mohegan Reservation", "NAME": "Mohegan", "AREA_TYPE": "Reservation", "STATE_NAMES": "Connecticut", "DECLARATIONS": 2, "OWN_REQUEST": 0, "UNDER_STATE": 2, "FIRST_YEAR": 2021.0, "LATEST_YEAR": 2022.0, "INCIDENT_LIST": "Hurricane", "POPULATION": 225, "LAND_SQ_MI": 0.9, "N_COUNTIES": 1, "COUNTY_NAMES": "Southeastern Connecticut Planning Region", "COUNTY_DISASTER_MAX": 8 }, "geometry": { "type": "MultiPolygon", "coordinates": [ [ [ [ -72.085457, 41.49559 ], [ -72.087681, 41.499895 ], [ -72.084884, 41.500368 ], [ -72.083092, 41.497402 ], [ -72.085457, 41.49559 ] ] ], [ [ [ -72.089125, 41.480395 ], [ -72.075827, 41.481147 ], [ -72.077046, 41.473968 ], [ -72.079973, 41.476623 ], [ -72.085196, 41.474536 ], [ -72.089125, 41.480395 ] ] ], [ [ [ -72.100174, 41.494106 ], [ -72.094106, 41.495743 ], [ -72.085458, 41.49307 ], [ -72.081087, 41.486976 ], [ -72.083776, 41.486457 ], [ -72.082328, 41.484461 ], [ -72.078815, 41.484688 ], [ -72.076402, 41.481956 ], [ -72.089381, 41.48196 ], [ -72.096352, 41.488143 ], [ -72.10012, 41.487696 ], [ -72.100174, 41.494106 ] ] ], [ [ [ -72.112888, 41.470155 ], [ -72.109334, 41.472768 ], [ -72.101764, 41.471247 ], [ -72.112888, 41.470155 ] ] ] ] } },
{ "type": "Feature", "properties": { "AIANNHCE": "0225", "NAMELSAD": "Big Cypress Reservation", "NAME": "Big Cypress", "AREA_TYPE": "Reservation", "STATE_NAMES": "Florida", "DECLARATIONS": 3, "OWN_REQUEST": 2, "UNDER_STATE": 1, "FIRST_YEAR": 2017.0, "LATEST_YEAR": 2023.0, "INCIDENT_LIST": "Hurricane", "POPULATION": 471, "LAND_SQ_MI": 82.4, "N_COUNTIES": 2, "COUNTY_NAMES": "Hendry County; Broward County", "COUNTY_DISASTER_MAX": 7 }, "geometry": { "type": "Polygon", "coordinates": [ [ [ -81.107673, 26.29958 ], [ -81.074792, 26.300137 ], [ -81.076492, 26.343581 ], [ -81.051703, 26.343793 ], [ -81.051525, 26.32936 ], [ -81.043198, 26.329427 ], [ -81.043668, 26.344208 ], [ -80.978764, 26.345547 ], [ -80.978323, 26.33026 ], [ -80.961538, 26.330617 ], [ -80.961496, 26.316238 ], [ -80.897666, 26.317098 ], [ -80.89912, 26.331278 ], [ -80.832137, 26.330094 ], [ -80.830008, 26.25949 ], [ -81.106798, 26.255972 ], [ -81.107673, 26.29958 ] ], [ [ -80.998301, 26.321969 ], [ -80.996245, 26.320163 ], [ -80.996302, 26.322013 ], [ -80.998301, 26.321969 ] ], [ [ -81.043198, 26.329427 ], [ -81.043228, 26.315043 ], [ -81.026745, 26.315322 ], [ -81.026627, 26.322525 ], [ -81.035784, 26.322315 ], [ -81.034819, 26.326034 ], [ -81.039771, 26.325746 ], [ -81.039837, 26.329456 ], [ -81.043198, 26.329427 ] ] ] } },
{ "type": "Feature", "properties": { "AIANNHCE": "0140", "NAMELSAD": "Bad River Reservation", "NAME": "Bad River", "AREA_TYPE": "Reservation", "STATE_NAMES": "Wisconsin", "DECLARATIONS": 1, "OWN_REQUEST": 0, "UNDER_STATE": 1, "FIRST_YEAR": 2016.0, "LATEST_YEAR": 2016.0, "INCIDENT_LIST": "Severe Storm", "POPULATION": 1442, "LAND_SQ_MI": 193.1, "N_COUNTIES": 2, "COUNTY_NAMES": "Ashland County; Iron County", "COUNTY_DISASTER_MAX": 4 }, "geometry": { "type": "MultiPolygon", "coordinates": [ [ [ [ -90.5902, 46.860481 ], [ -90.570006, 46.849696 ], [ -90.568874, 46.847252 ], [ -90.579376, 46.84691 ], [ -90.579641, 46.850662 ], [ -90.589982, 46.854202 ], [ -90.5902, 46.860481 ] ] ], [ [ [ -90.806147, 46.730252 ], [ -90.784425, 46.729375 ], [ -90.773665, 46.723 ], [ -90.766023, 46.712851 ], [ -90.786158, 46.726423 ], [ -90.806147, 46.730252 ] ] ], [ [ [ -90.822456, 46.619471 ], [ -90.794775, 46.624941 ], [ -90.737648, 46.655323 ], [ -90.746204, 46.663969 ], [ -90.760941, 46.66038 ], [ -90.74809, 46.669817 ], [ -90.712216, 46.665926 ], [ -90.693197, 46.659989 ], [ -90.75878, 46.704254 ], [ -90.753426, 46.703825 ], [ -90.627885, 46.623839 ], [ -90.558141, 46.586384 ], [ -90.537962, 46.581081 ], [ -90.525498, 46.586926 ], [ -90.505909, 46.589614 ], [ -90.483202809376095, 46.578711864366902 ], [ -90.483322, 46.543975 ], [ -90.549928, 46.544092 ], [ -90.548849, 46.414041 ], [ -90.79831, 46.41416 ], [ -90.80171, 46.587547 ], [ -90.82261, 46.58775 ], [ -90.822456, 46.619471 ] ] ] ] } },
{ "type": "Feature", "properties": { "AIANNHCE": "7305", "NAMELSAD": "Red Devil ANVSA", "NAME": "Red Devil", "AREA_TYPE": "Alaska Native Village Statistical Area", "STATE_NAMES": "Alaska", "DECLARATIONS": 1, "OWN_REQUEST": 0, "UNDER_STATE": 1, "FIRST_YEAR": 2011.0, "LATEST_YEAR": 2011.0, "INCIDENT_LIST": "Flood", "POPULATION": 3, "LAND_SQ_MI": 25.1, "N_COUNTIES": 1, "COUNTY_NAMES": "Bethel Census Area", "COUNTY_DISASTER_MAX": 7 }, "geometry": { "type": "Polygon", "coordinates": [ [ [ -157.435039, 61.809129 ], [ -157.417784, 61.810539 ], [ -157.395453, 61.806278 ], [ -157.388268, 61.814473 ], [ -157.368149, 61.817776 ], [ -157.361811, 61.827052 ], [ -157.340344, 61.838816 ], [ -157.313297, 61.820618 ], [ -157.307191, 61.808079 ], [ -157.293307, 61.795713 ], [ -157.291204, 61.791451 ], [ -157.304235, 61.785631 ], [ -157.305823, 61.779579 ], [ -157.310053, 61.777965 ], [ -157.303261, 61.779058 ], [ -157.242175, 61.761099 ], [ -157.235223, 61.753105 ], [ -157.236498, 61.745006 ], [ -157.255603, 61.744655 ], [ -157.275539, 61.737194 ], [ -157.392704, 61.728554 ], [ -157.402591, 61.736234 ], [ -157.434892, 61.747391 ], [ -157.430846, 61.749316 ], [ -157.430451, 61.753166 ], [ -157.422837, 61.754848 ], [ -157.425111, 61.768251 ], [ -157.414541, 61.771466 ], [ -157.416316, 61.7733 ], [ -157.411342, 61.782043 ], [ -157.404367, 61.7855 ], [ -157.405388, 61.79031 ], [ -157.397401, 61.793088 ], [ -157.418958, 61.796743 ], [ -157.436119, 61.806566 ], [ -157.435039, 61.809129 ] ] ] } },
{ "type": "Feature", "properties": { "AIANNHCE": "2445", "NAMELSAD": "Nez Perce Reservation", "NAME": "Nez Perce", "AREA_TYPE": "Reservation", "STATE_NAMES": "Idaho", "DECLARATIONS": 2, "OWN_REQUEST": 0, "UNDER_STATE": 2, "FIRST_YEAR": 2011.0, "LATEST_YEAR": 2019.0, "INCIDENT_LIST": "Flood", "POPULATION": 18557, "LAND_SQ_MI": 1194.6, "N_COUNTIES": 5, "COUNTY_NAMES": "Nez Perce County; Lewis County; Idaho County and others", "COUNTY_DISASTER_MAX": 5 }, "geometry": { "type": "Polygon", "coordinates": [ [ [ -116.912084, 46.434553 ], [ -116.911725, 46.533883 ], [ -116.256764, 46.565329 ], [ -115.896475, 46.145805 ], [ -115.964931, 45.992635 ], [ -116.792179, 46.204138 ], [ -116.838192, 46.212629 ], [ -116.854664, 46.325961 ], [ -116.878887, 46.448043 ], [ -116.899569, 46.437467 ], [ -116.912084, 46.434553 ] ] ] } },
{ "type": "Feature", "properties": { "AIANNHCE": "2900", "NAMELSAD": "Ponca (NE) Trust Land", "NAME": "Ponca (NE)", "AREA_TYPE": "Off-Reservation Trust Land", "STATE_NAMES": "Iowa; Nebraska", "DECLARATIONS": 2, "OWN_REQUEST": 1, "UNDER_STATE": 1, "FIRST_YEAR": 2019.0, "LATEST_YEAR": 2019.0, "INCIDENT_LIST": "Flood", "POPULATION": 0, "LAND_SQ_MI": 0.3, "N_COUNTIES": 3, "COUNTY_NAMES": "Knox County; Pottawattamie County; Lancaster County", "COUNTY_DISASTER_MAX": 7 }, "geometry": { "type": "MultiPolygon", "coordinates": [ [ [ [ -95.917055, 41.28037 ], [ -95.916534, 41.281246 ], [ -95.916534, 41.280363 ], [ -95.917055, 41.28037 ] ] ], [ [ [ -96.696691, 40.803028 ], [ -96.695907, 40.803493 ], [ -96.695906, 40.803036 ], [ -96.696691, 40.803028 ] ] ], [ [ [ -97.497046, 42.728312 ], [ -97.496784, 42.728688 ], [ -97.496786, 42.728313 ], [ -97.497046, 42.728312 ] ] ], [ [ [ -98.033089, 42.750105 ], [ -98.032839, 42.750338 ], [ -98.032839, 42.75011 ], [ -98.033089, 42.750105 ] ] ], [ [ [ -98.095372, 42.716209 ], [ -98.074196, 42.716208 ], [ -98.074478, 42.712676 ], [ -98.095371, 42.712213 ], [ -98.095372, 42.716209 ] ] ] ] } },
{ "type": "Feature", "properties": { "AIANNHCE": "1125", "NAMELSAD": "Fond du Lac Reservation and Off-Reservation Trust Land", "NAME": "Fond du Lac", "AREA_TYPE": "Reservation", "STATE_NAMES": "Minnesota; Wisconsin", "DECLARATIONS": 1, "OWN_REQUEST": 0, "UNDER_STATE": 1, "FIRST_YEAR": 2012.0, "LATEST_YEAR": 2012.0, "INCIDENT_LIST": "Severe Storm", "POPULATION": 3943, "LAND_SQ_MI": 154.5, "N_COUNTIES": 3, "COUNTY_NAMES": "Carlton County; St. Louis County; Douglas County", "COUNTY_DISASTER_MAX": 6 }, "geometry": { "type": "MultiPolygon", "coordinates": [ [ [ [ -91.690036, 46.164599 ], [ -91.684828, 46.164643 ], [ -91.684828, 46.160985 ], [ -91.689999, 46.160969 ], [ -91.690036, 46.164599 ] ] ], [ [ [ -91.721308, 46.200931 ], [ -91.716116, 46.200931 ], [ -91.716116, 46.197269 ], [ -91.721308, 46.197269 ], [ -91.721308, 46.200931 ] ] ], [ [ [ -91.748146, 46.323473 ], [ -91.74276, 46.323473 ], [ -91.74276, 46.319815 ], [ -91.748146, 46.319815 ], [ -91.748146, 46.323473 ] ] ], [ [ [ -91.800789, 46.352971 ], [ -91.790024, 46.356372 ], [ -91.790024, 46.35276 ], [ -91.800789, 46.352971 ] ] ], [ [ [ -92.055745, 46.248292 ], [ -92.05035, 46.248292 ], [ -92.050446, 46.24459 ], [ -92.055745, 46.244601 ], [ -92.055745, 46.248292 ] ] ], [ [ [ -92.096326, 46.789104 ], [ -92.095911, 46.788848 ], [ -92.096594, 46.7889 ], [ -92.096326, 46.789104 ] ] ], [ [ [ -92.113088, 46.335427 ], [ -92.107776, 46.335427 ], [ -92.107776, 46.331763 ], [ -92.113088, 46.331763 ], [ -92.113088, 46.335427 ] ] ], [ [ [ -92.279924, 46.425267 ], [ -92.274547, 46.425267 ], [ -92.274547, 46.421793 ], [ -92.279924, 46.421793 ], [ -92.279924, 46.425267 ] ] ], [ [ [ -92.288735, 46.291049 ], [ -92.283372, 46.291309 ], [ -92.283368, 46.287856 ], [ -92.288664, 46.287937 ], [ -92.288735, 46.291049 ] ] ], [ [ [ -92.470142, 46.666536 ], [ -92.469334, 46.669045 ], [ -92.464879, 46.672574 ], [ -92.460866, 46.672533 ], [ -92.459619, 46.668004 ], [ -92.464881, 46.668023 ], [ -92.466852, 46.664911 ], [ -92.470143, 46.664911 ], [ -92.470142, 46.666536 ] ], [ [ -92.469878, 46.666976 ], [ -92.46649, 46.666315 ], [ -92.466489, 46.667137 ], [ -92.469878, 46.666976 ] ] ], [ [ [ -92.57571, 46.911421 ], [ -92.573566, 46.912417 ], [ -92.573645, 46.911265 ], [ -92.57571, 46.911421 ] ] ], [ [ [ -92.734748, 46.664225 ], [ -92.733, 46.878793 ], [ -92.72385, 46.882412 ], [ -92.676536, 46.87529 ], [ -92.625981, 46.874218 ], [ -92.578497, 46.865409 ], [ -92.572668, 46.861276 ], [ -92.5761, 46.846693 ], [ -92.573836, 46.842894 ], [ -92.557923, 46.834625 ], [ -92.54163, 46.81836 ], [ -92.524013, 46.813481 ], [ -92.505417, 46.818044 ], [ -92.492484, 46.817788 ], [ -92.486527, 46.814274 ], [ -92.485681, 46.797877 ], [ -92.462814, 46.793838 ], [ -92.459106, 46.790156 ], [ -92.46126, 46.78447 ], [ -92.485916, 46.772024 ], [ -92.492777, 46.765262 ], [ -92.492538, 46.756528 ], [ -92.478442, 46.735848 ], [ -92.481677, 46.735934 ], [ -92.48105, 46.678262 ], [ -92.464883, 46.678155 ], [ -92.464878, 46.674417 ], [ -92.470132, 46.674481 ], [ -92.470139, 46.669643 ], [ -92.479034, 46.663908 ], [ -92.734748, 46.664225 ] ] ], [ [ [ -92.860284, 46.798343 ], [ -92.849703, 46.798566 ], [ -92.84967, 46.794951 ], [ -92.860349, 46.79504 ], [ -92.860284, 46.798343 ] ] ] ] } },
{ "type": "Feature", "properties": { "AIANNHCE": "0335", "NAMELSAD": "Bois Forte Reservation and Off-Reservation Trust Land", "NAME": "Bois Forte", "AREA_TYPE": "Reservation", "STATE_NAMES": "Minnesota", "DECLARATIONS": 2, "OWN_REQUEST": 0, "UNDER_STATE": 2, "FIRST_YEAR": 2014.0, "LATEST_YEAR": 2022.0, "INCIDENT_LIST": "Flood", "POPULATION": 877, "LAND_SQ_MI": 201.8, "N_COUNTIES": 3, "COUNTY_NAMES": "Koochiching County; St. Louis County; Itasca County", "COUNTY_DISASTER_MAX": 6 }, "geometry": { "type": "MultiPolygon", "coordinates": [ [ [ [ -92.378077, 47.812667 ], [ -92.372614, 47.812655 ], [ -92.372661, 47.823404 ], [ -92.378059, 47.823441 ], [ -92.377966, 47.830621 ], [ -92.3725, 47.830577 ], [ -92.372414, 47.834172 ], [ -92.361837, 47.833984 ], [ -92.358646, 47.838623 ], [ -92.35661, 47.830374 ], [ -92.337668, 47.824305 ], [ -92.328622, 47.827199 ], [ -92.335661, 47.831929 ], [ -92.318554, 47.827287 ], [ -92.308541, 47.828788 ], [ -92.308445, 47.826463 ], [ -92.324628, 47.82168 ], [ -92.32515, 47.818335 ], [ -92.316507, 47.815847 ], [ -92.318894, 47.81417 ], [ -92.331486, 47.810952 ], [ -92.344142, 47.812343 ], [ -92.345464, 47.806962 ], [ -92.343039, 47.805574 ], [ -92.350567, 47.802915 ], [ -92.351023, 47.808306 ], [ -92.378001, 47.809073 ], [ -92.378077, 47.812667 ] ], [ [ -92.356585, 47.823065 ], [ -92.351199, 47.822964 ], [ -92.351237, 47.82671 ], [ -92.356598, 47.826745 ], [ -92.356585, 47.823065 ] ], [ [ -92.3725, 47.830577 ], [ -92.372688, 47.826986 ], [ -92.367287, 47.826893 ], [ -92.367268, 47.830494 ], [ -92.3725, 47.830577 ] ] ], [ [ [ -92.85162, 48.057811 ], [ -92.847117, 48.063106 ], [ -92.841902, 48.06515 ], [ -92.842946, 48.057931 ], [ -92.85162, 48.057811 ] ] ], [ [ [ -92.873469, 48.050306 ], [ -92.86247, 48.050628 ], [ -92.862557, 48.047105 ], [ -92.873453, 48.047336 ], [ -92.873469, 48.050306 ] ] ], [ [ [ -93.344596, 48.004415 ], [ -93.343303, 48.179228 ], [ -93.030076, 48.179372 ], [ -93.032143, 48.004804 ], [ -93.344596, 48.004415 ] ] ], [ [ [ -93.596005, 47.897834 ], [ -93.466028, 47.895055 ], [ -93.466787, 47.809874 ], [ -93.595826, 47.81108 ], [ -93.596005, 47.897834 ] ] ] ] } },
{ "type": "Feature", "properties": { "AIANNHCE": "2990", "NAMELSAD": "Pueblo of Pojoaque and Off-Reservation Trust Land", "NAME": "Pojoaque", "AREA_TYPE": "Pueblo", "STATE_NAMES": "New Mexico", "DECLARATIONS": 1, "OWN_REQUEST": 0, "UNDER_STATE": 1, "FIRST_YEAR": 2011.0, "LATEST_YEAR": 2011.0, "INCIDENT_LIST": "Severe Storm", "POPULATION": 3687, "LAND_SQ_MI": 21.9, "N_COUNTIES": 2, "COUNTY_NAMES": "Santa Fe County; Rio Arriba County", "COUNTY_DISASTER_MAX": 5 }, "geometry": { "type": "MultiPolygon", "coordinates": [ [ [ [ -105.992813, 35.848434 ], [ -105.983124, 35.848878 ], [ -105.983224, 35.845727 ], [ -105.98847, 35.845723 ], [ -105.992813, 35.848434 ] ], [ [ -105.987151, 35.846891 ], [ -105.983342, 35.845895 ], [ -105.983286, 35.846967 ], [ -105.987151, 35.846891 ] ] ], [ [ [ -106.001366, 35.851408 ], [ -105.998898, 35.853188 ], [ -105.989989, 35.841346 ], [ -105.994069, 35.843724 ], [ -105.997261, 35.841697 ], [ -106.001366, 35.851408 ] ] ], [ [ [ -106.062795, 35.856365 ], [ -106.062512, 35.930792 ], [ -105.990325, 35.932071 ], [ -105.990493, 35.863791 ], [ -105.98657, 35.860598 ], [ -105.987942, 35.855683 ], [ -106.062795, 35.856365 ] ] ], [ [ [ -106.085194, 35.591437 ], [ -106.081136, 35.591526 ], [ -106.080913, 35.595147 ], [ -106.074744, 35.595216 ], [ -106.0669, 35.588153 ], [ -106.076299, 35.581933 ], [ -106.081329, 35.584461 ], [ -106.081341, 35.587858 ], [ -106.085193, 35.58783 ], [ -106.085194, 35.591437 ] ], [ [ -106.084071, 35.589 ], [ -106.081758, 35.589421 ], [ -106.082653, 35.59013 ], [ -106.084071, 35.589 ] ] ] ] } },
{ "type": "Feature", "properties": { "AIANNHCE": "0680", "NAMELSAD": "Pueblo de Cochiti", "NAME": "Cochiti", "AREA_TYPE": "Pueblo", "STATE_NAMES": "New Mexico", "DECLARATIONS": 2, "OWN_REQUEST": 0, "UNDER_STATE": 2, "FIRST_YEAR": 2012.0, "LATEST_YEAR": 2013.0, "INCIDENT_LIST": "Flood; Severe Storm", "POPULATION": 1517, "LAND_SQ_MI": 80.2, "N_COUNTIES": 2, "COUNTY_NAMES": "Sandoval County; Santa Fe County", "COUNTY_DISASTER_MAX": 6 }, "geometry": { "type": "Polygon", "coordinates": [ [ [ -106.442296, 35.638434 ], [ -106.392099, 35.638109 ], [ -106.392767, 35.675417 ], [ -106.230976, 35.675473 ], [ -106.230973, 35.547626 ], [ -106.285347, 35.547669 ], [ -106.312645, 35.570091 ], [ -106.381411, 35.569791 ], [ -106.442142, 35.598465 ], [ -106.442296, 35.638434 ] ] ] } },
{ "type": "Feature", "properties": { "AIANNHCE": "3585", "NAMELSAD": "Santo Domingo Pueblo", "NAME": "Santo Domingo", "AREA_TYPE": "Pueblo", "STATE_NAMES": "New Mexico", "DECLARATIONS": 1, "OWN_REQUEST": 0, "UNDER_STATE": 1, "FIRST_YEAR": 2013.0, "LATEST_YEAR": 2013.0, "INCIDENT_LIST": "Severe Storm", "POPULATION": 3220, "LAND_SQ_MI": 106.1, "N_COUNTIES": 2, "COUNTY_NAMES": "Sandoval County; Santa Fe County", "COUNTY_DISASTER_MAX": 6 }, "geometry": { "type": "Polygon", "coordinates": [ [ [ -106.535664, 35.549294 ], [ -106.535179, 35.621511 ], [ -106.539046, 35.624615 ], [ -106.519022, 35.624677 ], [ -106.518983, 35.635032 ], [ -106.358575, 35.559336 ], [ -106.343028, 35.553577 ], [ -106.341193, 35.559715 ], [ -106.314089, 35.548845 ], [ -106.314195, 35.550869 ], [ -106.288789, 35.550619 ], [ -106.27095, 35.536002 ], [ -106.230626, 35.525826 ], [ -106.230399, 35.440225 ], [ -106.338833, 35.466352 ], [ -106.355898, 35.467594 ], [ -106.355884, 35.471176 ], [ -106.342531, 35.470818 ], [ -106.342676, 35.476476 ], [ -106.400543, 35.476645 ], [ -106.516815, 35.551977 ], [ -106.534382, 35.551997 ], [ -106.534347, 35.548428 ], [ -106.539129, 35.548466 ], [ -106.535664, 35.549294 ] ] ] } },
{ "type": "Feature", "properties": { "AIANNHCE": "0525", "NAMELSAD": "Catawba Reservation and Off-Reservation Trust Land", "NAME": "Catawba", "AREA_TYPE": "Reservation", "STATE_NAMES": "South Carolina", "DECLARATIONS": 2, "OWN_REQUEST": 0, "UNDER_STATE": 2, "FIRST_YEAR": 2018.0, "LATEST_YEAR": 2024.0, "INCIDENT_LIST": "Hurricane", "POPULATION": 750, "LAND_SQ_MI": 1.6, "N_COUNTIES": 2, "COUNTY_NAMES": "York County; Lancaster County", "COUNTY_DISASTER_MAX": 5 }, "geometry": { "type": "MultiPolygon", "coordinates": [ [ [ [ -80.898927, 34.902293 ], [ -80.887395, 34.906447 ], [ -80.888248, 34.90915 ], [ -80.878, 34.913748 ], [ -80.878901, 34.915742 ], [ -80.86768, 34.914379 ], [ -80.878531, 34.904484 ], [ -80.879558, 34.895353 ], [ -80.89475, 34.895988 ], [ -80.893516, 34.899458 ], [ -80.898927, 34.902293 ] ] ], [ [ [ -80.921404, 34.934029 ], [ -80.911118, 34.947593 ], [ -80.905155, 34.946204 ], [ -80.909737, 34.933814 ], [ -80.921404, 34.934029 ] ] ] ] } },
{ "type": "Feature", "properties": { "AIANNHCE": "2475", "NAMELSAD": "Nooksack Reservation and Off-Reservation Trust Land", "NAME": "Nooksack", "AREA_TYPE": "Reservation", "STATE_NAMES": "Washington", "DECLARATIONS": 1, "OWN_REQUEST": 0, "UNDER_STATE": 1, "FIRST_YEAR": 2022.0, "LATEST_YEAR": 2022.0, "INCIDENT_LIST": "Flood", "POPULATION": 780, "LAND_SQ_MI": 4.4, "N_COUNTIES": 1, "COUNTY_NAMES": "Whatcom County", "COUNTY_DISASTER_MAX": 6 }, "geometry": { "type": "MultiPolygon", "coordinates": [ [ [ [ -122.194633, 48.808939 ], [ -122.188137, 48.810082 ], [ -122.185311, 48.8166 ], [ -122.168844, 48.817029 ], [ -122.168917, 48.811706 ], [ -122.17942, 48.81063 ], [ -122.17963, 48.803788 ], [ -122.182293, 48.803724 ], [ -122.181746, 48.810658 ], [ -122.18382, 48.810698 ], [ -122.183809, 48.803608 ], [ -122.189853, 48.803597 ], [ -122.189853, 48.807173 ], [ -122.194633, 48.808939 ] ] ], [ [ [ -122.199182, 48.798276 ], [ -122.199461, 48.79998 ], [ -122.198524, 48.799153 ], [ -122.199182, 48.798276 ] ] ], [ [ [ -122.202444, 48.806641 ], [ -122.200844, 48.808438 ], [ -122.201187, 48.805409 ], [ -122.202444, 48.806641 ] ] ], [ [ [ -122.203363, 48.799504 ], [ -122.198214, 48.797785 ], [ -122.197829, 48.799932 ], [ -122.178757, 48.799886 ], [ -122.178845, 48.796498 ], [ -122.201618, 48.796349 ], [ -122.203363, 48.799504 ] ] ], [ [ [ -122.206105, 48.817612 ], [ -122.196852, 48.817517 ], [ -122.196449, 48.815856 ], [ -122.203655151129993, 48.809518883716699 ], [ -122.206105, 48.817612 ] ] ], [ [ [ -122.212468, 48.803142 ], [ -122.206927, 48.803203 ], [ -122.206854, 48.806555 ], [ -122.212069, 48.806598 ], [ -122.209867, 48.816787 ], [ -122.201639, 48.804834 ], [ -122.204179, 48.799015 ], [ -122.203054, 48.796405 ], [ -122.212602, 48.79647 ], [ -122.212468, 48.803142 ] ] ], [ [ [ -122.212421, 48.782037 ], [ -122.205201, 48.781839 ], [ -122.212352, 48.780079 ], [ -122.212421, 48.782037 ] ] ], [ [ [ -122.214947, 48.82339 ], [ -122.213919, 48.824157 ], [ -122.20566, 48.825014 ], [ -122.209727, 48.8212 ], [ -122.214947, 48.82339 ] ] ], [ [ [ -122.220684, 48.824293 ], [ -122.215409, 48.822794 ], [ -122.2135, 48.821381 ], [ -122.220204, 48.820885 ], [ -122.220684, 48.824293 ] ] ], [ [ [ -122.223247, 48.765659 ], [ -122.212423, 48.767579 ], [ -122.212839, 48.760628 ], [ -122.2195, 48.760582 ], [ -122.219431, 48.765064 ], [ -122.223247, 48.765659 ] ] ], [ [ [ -122.287686, 48.934736 ], [ -122.265484, 48.934747 ], [ -122.265615, 48.930806 ], [ -122.287694, 48.930907 ], [ -122.287686, 48.934736 ] ] ], [ [ [ -122.307251, 48.858483 ], [ -122.299102, 48.858357 ], [ -122.299268, 48.856193 ], [ -122.307766, 48.854767 ], [ -122.307251, 48.858483 ] ] ], [ [ [ -122.330359, 48.883742 ], [ -122.321256, 48.883798 ], [ -122.320773, 48.87974 ], [ -122.327601, 48.879766 ], [ -122.3292, 48.88263 ], [ -122.328932, 48.879831 ], [ -122.330359, 48.883742 ] ] ], [ [ [ -122.337496, 48.871363 ], [ -122.330981, 48.876283 ], [ -122.320464, 48.876321 ], [ -122.318129, 48.868897 ], [ -122.325889, 48.864322 ], [ -122.337279, 48.867088 ], [ -122.337496, 48.871363 ] ] ], [ [ [ -122.342944, 48.861715 ], [ -122.32625, 48.861479 ], [ -122.326512, 48.854142 ], [ -122.342504, 48.854517 ], [ -122.337377, 48.859033 ], [ -122.343022, 48.859066 ], [ -122.342944, 48.861715 ] ] ], [ [ [ -122.348166, 48.86581 ], [ -122.347994, 48.872978 ], [ -122.337061, 48.872874 ], [ -122.340228, 48.869836 ], [ -122.33747, 48.865675 ], [ -122.340264, 48.863829 ], [ -122.348166, 48.86581 ] ] ], [ [ [ -122.35302, 48.898484 ], [ -122.334558, 48.898311 ], [ -122.334708, 48.894662 ], [ -122.35302, 48.894801 ], [ -122.35302, 48.898484 ] ] ], [ [ [ -122.353032, 48.891133 ], [ -122.336209, 48.889907 ], [ -122.338319, 48.880905 ], [ -122.343109, 48.876383 ], [ -122.353358, 48.876479 ], [ -122.353032, 48.891133 ] ] ], [ [ [ -122.418740778027001, 49.002198110158702 ], [ -122.407820519770993, 49.0021932120057 ], [ -122.407713, 48.998675 ], [ -122.39692, 49.000613 ], [ -122.396749, 48.996945 ], [ -122.407622, 48.993242 ], [ -122.40771, 48.996529 ], [ -122.418585, 48.996603 ], [ -122.418740778027001, 49.002198110158702 ] ] ] ] } },
{ "type": "Feature", "properties": { "AIANNHCE": "3955", "NAMELSAD": "Squaxin Island Reservation and Off-Reservation Trust Land", "NAME": "Squaxin Island", "AREA_TYPE": "Reservation", "STATE_NAMES": "Washington", "DECLARATIONS": 1, "OWN_REQUEST": 0, "UNDER_STATE": 1, "FIRST_YEAR": 2022.0, "LATEST_YEAR": 2022.0, "INCIDENT_LIST": "Flood", "POPULATION": 381, "LAND_SQ_MI": 3.3, "N_COUNTIES": 1, "COUNTY_NAMES": "Mason County", "COUNTY_DISASTER_MAX": 9 }, "geometry": { "type": "MultiPolygon", "coordinates": [ [ [ [ -122.908644, 47.220232 ], [ -122.906519, 47.221514 ], [ -122.899477, 47.216809 ], [ -122.904538, 47.215419 ], [ -122.908644, 47.220232 ] ] ], [ [ [ -122.931006, 47.220155 ], [ -122.924529, 47.225595 ], [ -122.91135, 47.211353 ], [ -122.905459, 47.191352 ], [ -122.9016, 47.194596 ], [ -122.898919, 47.193019 ], [ -122.902775, 47.183515 ], [ -122.897847, 47.183751 ], [ -122.895863, 47.175756 ], [ -122.891391, 47.173924 ], [ -122.892109, 47.168088 ], [ -122.900578, 47.171582 ], [ -122.904332, 47.178861 ], [ -122.911977, 47.184209 ], [ -122.915472, 47.181142 ], [ -122.915283, 47.190303 ], [ -122.918872, 47.188132 ], [ -122.919876, 47.191287 ], [ -122.913905, 47.197891 ], [ -122.9185, 47.196452 ], [ -122.918734, 47.198783 ], [ -122.924336, 47.195082 ], [ -122.921582, 47.207743 ], [ -122.928188, 47.213618 ], [ -122.931006, 47.220155 ] ] ], [ [ [ -122.939627, 47.198831 ], [ -122.935821, 47.198881 ], [ -122.935766, 47.195679 ], [ -122.939621, 47.195636 ], [ -122.939627, 47.198831 ] ] ], [ [ [ -123.084698, 47.124671 ], [ -123.07979, 47.124706 ], [ -123.07979, 47.128141 ], [ -123.067858, 47.128182 ], [ -123.066298, 47.120993 ], [ -123.073964, 47.117039 ], [ -123.074121, 47.121039 ], [ -123.082986, 47.120999 ], [ -123.084698, 47.124671 ] ] ], [ [ [ -123.097852, 47.125929 ], [ -123.097682, 47.13133 ], [ -123.096874, 47.131497 ], [ -123.097852, 47.125929 ] ] ], [ [ [ -123.109872, 47.127839 ], [ -123.102274, 47.130301 ], [ -123.103055, 47.134185 ], [ -123.097775, 47.134117 ], [ -123.101541, 47.132407 ], [ -123.100697, 47.125866 ], [ -123.108954, 47.125194 ], [ -123.109872, 47.127839 ] ] ], [ [ [ -123.115768, 47.11916 ], [ -123.110797, 47.11904 ], [ -123.110797, 47.122608 ], [ -123.114339, 47.123659 ], [ -123.100728, 47.125468 ], [ -123.102496, 47.113317 ], [ -123.115876, 47.113258 ], [ -123.115768, 47.11916 ] ] ] ] } },
{ "type": "Feature", "properties": { "AIANNHCE": "4455", "NAMELSAD": "Upper Skagit Reservation and Off-Reservation Trust Land", "NAME": "Upper Skagit", "AREA_TYPE": "Reservation", "STATE_NAMES": "Washington", "DECLARATIONS": 1, "OWN_REQUEST": 0, "UNDER_STATE": 1, "FIRST_YEAR": 2022.0, "LATEST_YEAR": 2022.0, "INCIDENT_LIST": "Flood", "POPULATION": 151, "LAND_SQ_MI": 1.4, "N_COUNTIES": 1, "COUNTY_NAMES": "Skagit County", "COUNTY_DISASTER_MAX": 7 }, "geometry": { "type": "MultiPolygon", "coordinates": [ [ [ [ -122.17812, 48.540007 ], [ -122.172797, 48.541073 ], [ -122.172771, 48.536191 ], [ -122.178143, 48.536088 ], [ -122.17812, 48.540007 ] ] ], [ [ [ -122.194386, 48.543098 ], [ -122.183093, 48.543273 ], [ -122.180663, 48.539585 ], [ -122.194398, 48.539476 ], [ -122.194386, 48.543098 ] ] ], [ [ [ -122.348759, 48.558972 ], [ -122.347714, 48.5675 ], [ -122.33289, 48.563915 ], [ -122.339538, 48.563913 ], [ -122.337155, 48.558578 ], [ -122.343844, 48.556499 ], [ -122.348759, 48.558972 ] ] ], [ [ [ -122.361882, 48.579608 ], [ -122.346518, 48.58062 ], [ -122.351101, 48.557885 ], [ -122.349891, 48.550346 ], [ -122.356581, 48.551796 ], [ -122.356322, 48.573718 ], [ -122.361745, 48.573768 ], [ -122.361882, 48.579608 ] ] ] ] } },
{ "type": "Feature", "properties": { "AIANNHCE": "3040", "NAMELSAD": "Quinault Reservation", "NAME": "Quinault", "AREA_TYPE": "Reservation", "STATE_NAMES": "Washington", "DECLARATIONS": 1, "OWN_REQUEST": 0, "UNDER_STATE": 1, "FIRST_YEAR": 2022.0, "LATEST_YEAR": 2022.0, "INCIDENT_LIST": "Flood", "POPULATION": 1103, "LAND_SQ_MI": 312.7, "N_COUNTIES": 2, "COUNTY_NAMES": "Grays Harbor County; Jefferson County", "COUNTY_DISASTER_MAX": 9 }, "geometry": { "type": "Polygon", "coordinates": [ [ [ -124.361763038163005, 47.562709264778803 ], [ -124.293459, 47.556499 ], [ -124.179722, 47.533617 ], [ -124.060797, 47.533706 ], [ -124.053948, 47.524847 ], [ -124.040352, 47.524499 ], [ -124.035905, 47.529204 ], [ -124.02783, 47.530524 ], [ -123.991526, 47.520655 ], [ -123.965275, 47.5188 ], [ -123.954444, 47.524371 ], [ -123.956018, 47.513334 ], [ -123.918988, 47.515012 ], [ -123.903791, 47.510902 ], [ -123.913238, 47.494918 ], [ -123.919798, 47.490661 ], [ -123.931751, 47.489432 ], [ -123.934779, 47.493407 ], [ -123.94472, 47.486643 ], [ -123.950252, 47.488862 ], [ -123.964919, 47.48408 ], [ -123.946074, 47.473003 ], [ -123.933262, 47.474553 ], [ -123.912573, 47.469699 ], [ -123.898121, 47.47924 ], [ -123.877486, 47.483044 ], [ -123.865323, 47.492268 ], [ -123.848713, 47.498001 ], [ -123.843061, 47.493598 ], [ -123.845382, 47.490394 ], [ -123.831135, 47.480234 ], [ -123.834264, 47.473498 ], [ -123.847027, 47.470593 ], [ -123.851998, 47.465463 ], [ -123.86293, 47.461921 ], [ -123.866151, 47.456155 ], [ -123.971607, 47.365236 ], [ -124.012718, 47.335181 ], [ -124.114795, 47.245201 ], [ -124.218149, 47.244698 ], [ -124.236349, 47.287287 ], [ -124.257452, 47.304059 ], [ -124.271193, 47.305025 ], [ -124.274407, 47.30189 ], [ -124.279437, 47.304283 ], [ -124.286369, 47.325162 ], [ -124.299943, 47.34836 ], [ -124.319379, 47.355559 ], [ -124.330162, 47.40014 ], [ -124.33636, 47.405081 ], [ -124.337842, 47.411947 ], [ -124.339715, 47.453525 ], [ -124.341939, 47.461201 ], [ -124.346324, 47.462928 ], [ -124.342128, 47.466724 ], [ -124.345155, 47.48903 ], [ -124.361763038163005, 47.562709264778803 ] ] ] } },
{ "type": "Feature", "properties": { "AIANNHCE": "2175", "NAMELSAD": "Menominee Reservation and Off-Reservation Trust Land", "NAME": "Menominee", "AREA_TYPE": "Reservation", "STATE_NAMES": "Wisconsin", "DECLARATIONS": 1, "OWN_REQUEST": 0, "UNDER_STATE": 1, "FIRST_YEAR": 2019.0, "LATEST_YEAR": 2019.0, "INCIDENT_LIST": "Flood", "POPULATION": 3524, "LAND_SQ_MI": 355.4, "N_COUNTIES": 4, "COUNTY_NAMES": "Menominee County; Shawano County; Langlade County and others", "COUNTY_DISASTER_MAX": 1 }, "geometry": { "type": "Polygon", "coordinates": [ [ [ -88.98246, 45.117998 ], [ -88.483732, 45.116887 ], [ -88.487331, 44.995307 ], [ -88.493283, 44.994507 ], [ -88.493216, 44.988103 ], [ -88.487549, 44.988057 ], [ -88.48899, 44.887407 ], [ -88.491135, 44.889231 ], [ -88.489149, 44.855445 ], [ -88.627193, 44.856429 ], [ -88.630173, 44.859273 ], [ -88.634611, 44.859246 ], [ -88.629829, 44.856438 ], [ -88.736194, 44.856376 ], [ -88.735591, 44.921653 ], [ -88.760898, 44.924249 ], [ -88.756658, 44.932717 ], [ -88.760959, 44.932809 ], [ -88.761421, 44.936162 ], [ -88.771221, 44.936228 ], [ -88.771201, 44.943304 ], [ -88.981319, 44.942745 ], [ -88.98246, 45.117998 ] ], [ [ -88.965296, 45.045093 ], [ -88.966088, 45.043676 ], [ -88.964754, 45.043821 ], [ -88.965296, 45.045093 ] ], [ [ -88.900286, 45.013621 ], [ -88.898743, 45.014341 ], [ -88.900716, 45.014478 ], [ -88.900286, 45.013621 ] ], [ [ -88.875551, 45.110376 ], [ -88.875854, 45.109228 ], [ -88.874337, 45.109962 ], [ -88.875551, 45.110376 ] ], [ [ -88.814079, 45.000985 ], [ -88.812643, 44.998486 ], [ -88.81267, 45.000994 ], [ -88.814079, 45.000985 ] ], [ [ -88.769703, 44.943311 ], [ -88.762605, 44.943206 ], [ -88.762515, 44.946446 ], [ -88.769906, 44.946429 ], [ -88.769703, 44.943311 ] ], [ [ -88.720739, 44.90642 ], [ -88.713568, 44.906549 ], [ -88.716456, 44.907504 ], [ -88.711293, 44.909253 ], [ -88.710602, 44.910181 ], [ -88.720715, 44.910236 ], [ -88.720739, 44.90642 ] ], [ [ -88.70078, 44.912953 ], [ -88.698567, 44.911325 ], [ -88.700337, 44.913433 ], [ -88.70078, 44.912953 ] ], [ [ -88.700402, 44.906771 ], [ -88.695529, 44.905691 ], [ -88.69832, 44.911445 ], [ -88.700402, 44.906771 ] ], [ [ -88.676824, 44.898804 ], [ -88.676938, 44.897483 ], [ -88.675049, 44.897495 ], [ -88.676824, 44.898804 ] ], [ [ -88.674087, 44.933296 ], [ -88.672343, 44.931313 ], [ -88.671571, 44.933236 ], [ -88.674087, 44.933296 ] ], [ [ -88.667436, 44.94087 ], [ -88.665016, 44.939601 ], [ -88.664969, 44.940859 ], [ -88.667436, 44.94087 ] ], [ [ -88.664226, 44.948119 ], [ -88.658635, 44.947072 ], [ -88.658647, 44.950224 ], [ -88.663303, 44.950213 ], [ -88.664226, 44.948119 ] ], [ [ -88.656381, 44.900008 ], [ -88.655589, 44.89586 ], [ -88.652808, 44.900037 ], [ -88.656381, 44.900008 ] ], [ [ -88.655641, 44.893426 ], [ -88.655191, 44.891717 ], [ -88.653523, 44.893003 ], [ -88.655641, 44.893426 ] ], [ [ -88.651397, 44.93099 ], [ -88.648617, 44.928334 ], [ -88.648487, 44.931277 ], [ -88.651397, 44.93099 ] ], [ [ -88.650852, 44.912331 ], [ -88.649237, 44.910826 ], [ -88.649531, 44.912474 ], [ -88.650852, 44.912331 ] ], [ [ -88.649189, 44.910525 ], [ -88.647664, 44.907494 ], [ -88.647723, 44.910587 ], [ -88.649189, 44.910525 ] ], [ [ -88.640679, 44.867112 ], [ -88.642591, 44.863305 ], [ -88.640834, 44.863293 ], [ -88.640679, 44.867112 ] ], [ [ -88.638576, 44.861871 ], [ -88.635476, 44.86289 ], [ -88.634331, 44.860003 ], [ -88.633821, 44.863626 ], [ -88.627356, 44.863441 ], [ -88.627689, 44.875783 ], [ -88.634759, 44.872054 ], [ -88.638576, 44.861871 ] ], [ [ -88.636968, 44.881625 ], [ -88.634605, 44.882104 ], [ -88.634985, 44.883226 ], [ -88.636968, 44.881625 ] ], [ [ -88.633993, 45.095813 ], [ -88.635667, 45.094439 ], [ -88.635087, 45.093294 ], [ -88.633993, 45.095813 ] ], [ [ -88.630354, 44.877459 ], [ -88.63169, 44.875836 ], [ -88.629361, 44.876178 ], [ -88.630354, 44.877459 ] ], [ [ -88.630208, 44.879808 ], [ -88.630109, 44.87862 ], [ -88.628341, 44.877642 ], [ -88.630208, 44.879808 ] ], [ [ -88.628666, 44.887651 ], [ -88.628004, 44.886401 ], [ -88.627665, 44.887648 ], [ -88.628666, 44.887651 ] ], [ [ -88.627692, 44.859844 ], [ -88.622663, 44.860192 ], [ -88.627446, 44.863184 ], [ -88.627692, 44.859844 ] ], [ [ -88.627274, 44.893581 ], [ -88.624065, 44.893931 ], [ -88.624661, 44.894975 ], [ -88.627274, 44.893581 ] ], [ [ -88.625104, 44.892698 ], [ -88.624816, 44.891072 ], [ -88.622261, 44.893476 ], [ -88.625104, 44.892698 ] ], [ [ -88.625677, 45.018914 ], [ -88.624738, 45.016496 ], [ -88.623788, 45.017031 ], [ -88.625677, 45.018914 ] ], [ [ -88.624344, 45.019594 ], [ -88.623507, 45.017177 ], [ -88.622365, 45.017712 ], [ -88.624344, 45.019594 ] ], [ [ -88.624116, 44.885047 ], [ -88.623247, 44.884761 ], [ -88.623149, 44.884946 ], [ -88.624116, 44.885047 ] ], [ [ -88.623373, 44.888805 ], [ -88.62272, 44.887861 ], [ -88.619488, 44.888226 ], [ -88.623373, 44.888805 ] ], [ [ -88.623336, 44.890763 ], [ -88.619932, 44.890883 ], [ -88.619902, 44.891367 ], [ -88.621073, 44.892788 ], [ -88.623336, 44.890763 ] ], [ [ -88.621414, 44.972159 ], [ -88.618707, 44.972079 ], [ -88.618571, 44.974046 ], [ -88.619291, 44.973042 ], [ -88.621414, 44.972159 ] ], [ [ -88.619195, 44.888156 ], [ -88.61619, 44.887543 ], [ -88.604777, 44.888687 ], [ -88.612016, 44.889483 ], [ -88.619195, 44.888156 ] ], [ [ -88.618332, 44.974186 ], [ -88.615951, 44.972045 ], [ -88.615872, 44.975197 ], [ -88.618332, 44.974186 ] ], [ [ -88.615971, 44.893721 ], [ -88.613369, 44.893988 ], [ -88.614889, 44.8952 ], [ -88.615971, 44.893721 ] ], [ [ -88.612568, 44.895731 ], [ -88.611818, 44.894121 ], [ -88.609185, 44.894592 ], [ -88.612568, 44.895731 ] ], [ [ -88.611641, 44.880815 ], [ -88.611569, 44.877682 ], [ -88.605932, 44.877562 ], [ -88.605737, 44.88054 ], [ -88.611641, 44.880815 ] ], [ [ -88.608236, 44.899264 ], [ -88.605065, 44.898141 ], [ -88.604634, 44.899578 ], [ -88.608236, 44.899264 ] ], [ [ -88.604087, 44.885619 ], [ -88.602415, 44.887386 ], [ -88.607185, 44.887557 ], [ -88.604087, 44.885619 ] ], [ [ -88.60659, 44.983064 ], [ -88.604748, 44.981876 ], [ -88.6043, 44.982922 ], [ -88.60659, 44.983064 ] ], [ [ -88.605789, 44.988691 ], [ -88.6041, 44.987069 ], [ -88.604115, 44.988685 ], [ -88.605789, 44.988691 ] ], [ [ -88.605718, 44.998169 ], [ -88.602907, 44.992439 ], [ -88.595227, 44.991552 ], [ -88.598739, 44.996075 ], [ -88.594917, 44.994324 ], [ -88.592232, 44.996738 ], [ -88.605718, 44.998169 ] ], [ [ -88.603663, 44.888691 ], [ -88.599048, 44.886662 ], [ -88.58656, 44.888773 ], [ -88.603663, 44.888691 ] ], [ [ -88.603597, 44.896048 ], [ -88.600152, 44.893338 ], [ -88.601476, 44.895026 ], [ -88.595093, 44.899386 ], [ -88.603597, 44.896048 ] ], [ [ -88.601935, 44.882596 ], [ -88.597741, 44.883248 ], [ -88.597885, 44.883782 ], [ -88.601935, 44.882596 ] ], [ [ -88.601236, 44.882053 ], [ -88.597388, 44.879914 ], [ -88.597552, 44.882655 ], [ -88.601236, 44.882053 ] ], [ [ -88.600121, 44.900294 ], [ -88.595088, 44.899958 ], [ -88.59412, 44.900936 ], [ -88.595562, 44.902523 ], [ -88.600121, 44.900294 ] ], [ [ -88.599208, 44.893309 ], [ -88.596142, 44.892787 ], [ -88.599097, 44.8948 ], [ -88.599208, 44.893309 ] ], [ [ -88.599061, 44.89633 ], [ -88.595661, 44.893238 ], [ -88.591839, 44.893946 ], [ -88.59592, 44.892176 ], [ -88.59062, 44.893385 ], [ -88.592222, 44.897459 ], [ -88.594947, 44.894412 ], [ -88.599061, 44.89633 ] ], [ [ -88.592218, 44.897965 ], [ -88.590392, 44.900005 ], [ -88.589113, 44.900387 ], [ -88.5921, 44.900752 ], [ -88.592218, 44.897965 ] ], [ [ -88.591367, 44.897775 ], [ -88.587857, 44.894654 ], [ -88.589929, 44.897832 ], [ -88.586021, 44.900594 ], [ -88.591367, 44.897775 ] ], [ [ -88.590343, 44.886477 ], [ -88.58927, 44.884764 ], [ -88.58939, 44.886804 ], [ -88.590343, 44.886477 ] ], [ [ -88.59019, 44.891572 ], [ -88.584388, 44.892147 ], [ -88.581929, 44.894826 ], [ -88.585801, 44.893252 ], [ -88.58971, 44.893661 ], [ -88.59019, 44.891572 ] ], [ [ -88.589253, 44.903323 ], [ -88.587652, 44.904669 ], [ -88.587078, 44.90565 ], [ -88.588151, 44.905878 ], [ -88.589253, 44.903323 ] ], [ [ -88.584965, 44.896263 ], [ -88.585816, 44.893946 ], [ -88.58398, 44.895957 ], [ -88.584965, 44.896263 ] ], [ [ -88.586121, 44.888786 ], [ -88.582898, 44.889638 ], [ -88.581285, 44.892137 ], [ -88.584153, 44.891778 ], [ -88.586121, 44.888786 ] ], [ [ -88.583159, 44.906328 ], [ -88.584597, 44.902842 ], [ -88.582637, 44.902954 ], [ -88.583159, 44.906328 ] ], [ [ -88.584488, 44.916309 ], [ -88.582401, 44.915302 ], [ -88.580279, 44.915777 ], [ -88.580753, 44.916515 ], [ -88.584488, 44.916309 ] ], [ [ -88.583668, 44.902592 ], [ -88.582205, 44.901393 ], [ -88.582382, 44.902426 ], [ -88.583668, 44.902592 ] ], [ [ -88.583209, 44.913047 ], [ -88.58394, 44.910095 ], [ -88.581695, 44.910189 ], [ -88.583209, 44.913047 ] ], [ [ -88.582304, 44.898527 ], [ -88.576149, 44.899094 ], [ -88.57668, 44.900825 ], [ -88.570716, 44.900135 ], [ -88.578195, 44.903834 ], [ -88.577641, 44.899469 ], [ -88.582304, 44.898527 ] ], [ [ -88.582153, 44.911512 ], [ -88.579944, 44.912909 ], [ -88.57896, 44.914911 ], [ -88.581283, 44.914975 ], [ -88.582153, 44.911512 ] ], [ [ -88.580807, 44.904538 ], [ -88.578101, 44.90539 ], [ -88.57414, 44.903093 ], [ -88.578359, 44.906963 ], [ -88.580807, 44.904538 ] ], [ [ -88.578612, 44.895138 ], [ -88.580444, 44.893934 ], [ -88.577428, 44.894223 ], [ -88.578612, 44.895138 ] ], [ [ -88.580454, 44.909947 ], [ -88.577878, 44.908914 ], [ -88.576851, 44.909056 ], [ -88.577969, 44.910787 ], [ -88.580454, 44.909947 ] ], [ [ -88.577752, 44.917675 ], [ -88.578379, 44.915829 ], [ -88.57741, 44.916965 ], [ -88.577752, 44.917675 ] ], [ [ -88.578919, 44.897052 ], [ -88.576023, 44.897822 ], [ -88.575735, 44.89882 ], [ -88.577297, 44.898396 ], [ -88.578919, 44.897052 ] ], [ [ -88.572921, 44.920359 ], [ -88.57508, 44.917249 ], [ -88.571928, 44.918246 ], [ -88.572921, 44.920359 ] ], [ [ -88.575855, 44.910138 ], [ -88.574361, 44.905478 ], [ -88.569413, 44.906279 ], [ -88.573815, 44.908323 ], [ -88.573041, 44.912378 ], [ -88.575855, 44.910138 ] ], [ [ -88.575723, 44.894386 ], [ -88.573638, 44.896071 ], [ -88.573833, 44.897472 ], [ -88.574884, 44.897003 ], [ -88.575723, 44.894386 ] ], [ [ -88.574612, 44.898358 ], [ -88.570529, 44.897448 ], [ -88.569683, 44.896761 ], [ -88.569956, 44.893372 ], [ -88.569586, 44.897657 ], [ -88.565923, 44.90077 ], [ -88.574612, 44.898358 ] ], [ [ -88.572554, 44.897733 ], [ -88.571315, 44.895797 ], [ -88.570655, 44.896542 ], [ -88.572554, 44.897733 ] ], [ [ -88.570382, 44.91127 ], [ -88.572714, 44.908753 ], [ -88.570629, 44.910069 ], [ -88.570382, 44.91127 ] ], [ [ -88.572251, 44.89442 ], [ -88.571529, 44.892857 ], [ -88.570945, 44.893898 ], [ -88.572251, 44.89442 ] ], [ [ -88.571138, 44.903394 ], [ -88.568916, 44.901827 ], [ -88.564323, 44.903747 ], [ -88.564947, 44.905088 ], [ -88.571138, 44.903394 ] ], [ [ -88.569855, 44.904157 ], [ -88.565325, 44.905495 ], [ -88.566195, 44.907584 ], [ -88.563273, 44.903978 ], [ -88.5605, 44.905689 ], [ -88.562954, 44.906862 ], [ -88.564988, 44.910385 ], [ -88.562247, 44.912067 ], [ -88.562501, 44.911929 ], [ -88.565797, 44.910767 ], [ -88.569855, 44.904157 ] ], [ [ -88.569637, 44.918729 ], [ -88.568978, 44.916317 ], [ -88.567707, 44.916985 ], [ -88.569637, 44.918729 ] ], [ [ -88.56874, 44.896638 ], [ -88.565231, 44.895225 ], [ -88.563606, 44.895808 ], [ -88.566045, 44.895885 ], [ -88.564793, 44.898334 ], [ -88.56874, 44.896638 ] ], [ [ -88.563619, 44.894961 ], [ -88.565928, 44.893648 ], [ -88.563463, 44.893984 ], [ -88.563619, 44.894961 ] ], [ [ -88.563529, 44.898205 ], [ -88.562403, 44.895591 ], [ -88.560975, 44.895592 ], [ -88.563529, 44.898205 ] ], [ [ -88.562259, 44.916982 ], [ -88.562631, 44.915841 ], [ -88.561503, 44.916446 ], [ -88.562259, 44.916982 ] ], [ [ -88.561488, 44.906504 ], [ -88.557906, 44.905883 ], [ -88.563403, 44.907922 ], [ -88.561488, 44.906504 ] ], [ [ -88.562694, 44.897803 ], [ -88.559209, 44.895887 ], [ -88.554989, 44.896357 ], [ -88.559189, 44.898766 ], [ -88.562694, 44.897803 ] ], [ [ -88.562454, 44.910232 ], [ -88.559252, 44.909669 ], [ -88.559279, 44.910299 ], [ -88.562454, 44.910232 ] ], [ [ -88.561505, 44.912549 ], [ -88.560464, 44.915105 ], [ -88.556964, 44.914671 ], [ -88.560676, 44.916141 ], [ -88.561505, 44.912549 ] ], [ [ -88.559126, 44.914064 ], [ -88.559331, 44.912653 ], [ -88.557489, 44.913179 ], [ -88.559126, 44.914064 ] ], [ [ -88.555301, 44.90286 ], [ -88.552378, 44.901234 ], [ -88.551701, 44.902884 ], [ -88.555301, 44.90286 ] ], [ [ -88.554033, 44.89688 ], [ -88.552742, 44.895431 ], [ -88.552969, 44.897243 ], [ -88.554033, 44.89688 ] ], [ [ -88.554337, 44.900419 ], [ -88.548318, 44.898144 ], [ -88.554053, 44.897712 ], [ -88.552746, 44.897516 ], [ -88.55029, 44.895927 ], [ -88.545198, 44.898576 ], [ -88.554337, 44.900419 ] ], [ [ -88.550479, 44.905181 ], [ -88.54996, 44.901896 ], [ -88.544648, 44.904838 ], [ -88.550479, 44.905181 ] ], [ [ -88.546782, 45.011528 ], [ -88.544689, 45.010048 ], [ -88.5438, 45.011096 ], [ -88.546782, 45.011528 ] ], [ [ -88.545569, 44.900506 ], [ -88.544118, 44.898888 ], [ -88.54122, 44.899233 ], [ -88.544409, 44.900707 ], [ -88.54285, 44.901326 ], [ -88.542791, 44.904052 ], [ -88.543999, 44.90467 ], [ -88.545569, 44.900506 ] ], [ [ -88.543863, 44.89717 ], [ -88.542299, 44.895918 ], [ -88.542029, 44.897942 ], [ -88.543863, 44.89717 ] ], [ [ -88.541928, 44.897932 ], [ -88.538862, 44.894577 ], [ -88.527526, 44.892336 ], [ -88.533287, 44.897258 ], [ -88.537355, 44.895415 ], [ -88.534758, 44.898919 ], [ -88.541928, 44.897932 ] ], [ [ -88.53818, 44.904037 ], [ -88.537955, 44.902361 ], [ -88.535457, 44.902325 ], [ -88.53818, 44.904037 ] ], [ [ -88.537524, 44.907242 ], [ -88.536186, 44.905933 ], [ -88.535864, 44.906234 ], [ -88.537524, 44.907242 ] ], [ [ -88.537005, 44.90757 ], [ -88.534276, 44.908113 ], [ -88.534265, 44.907272 ], [ -88.533445, 44.907574 ], [ -88.534352, 44.908323 ], [ -88.537005, 44.90757 ] ], [ [ -88.527645, 44.903048 ], [ -88.525852, 44.905698 ], [ -88.527026, 44.906378 ], [ -88.527548, 44.905567 ], [ -88.527645, 44.903048 ] ], [ [ -88.527122, 44.901874 ], [ -88.525683, 44.901552 ], [ -88.526153, 44.902376 ], [ -88.527122, 44.901874 ] ], [ [ -88.526785, 44.891927 ], [ -88.521746, 44.891394 ], [ -88.521275, 44.893519 ], [ -88.523709, 44.8942 ], [ -88.526785, 44.891927 ] ], [ [ -88.525116, 45.042925 ], [ -88.520691, 45.04211 ], [ -88.520711, 45.042824 ], [ -88.525116, 45.042925 ] ], [ [ -88.524401, 45.044853 ], [ -88.513658, 45.043418 ], [ -88.513638, 45.048456 ], [ -88.523216, 45.049311 ], [ -88.524401, 45.044853 ] ], [ [ -88.523078, 44.90339 ], [ -88.52259, 44.901788 ], [ -88.521757, 44.90365 ], [ -88.523078, 44.90339 ] ], [ [ -88.517378, 44.995318 ], [ -88.510392, 44.994157 ], [ -88.510376, 44.995268 ], [ -88.517378, 44.995318 ] ], [ [ -88.515571, 44.893635 ], [ -88.51355, 44.892601 ], [ -88.513093, 44.894024 ], [ -88.515571, 44.893635 ] ], [ [ -88.515539, 45.059186 ], [ -88.504987, 45.059098 ], [ -88.504993, 45.060013 ], [ -88.515451, 45.062684 ], [ -88.515539, 45.059186 ] ], [ [ -88.513169, 44.891696 ], [ -88.514296, 44.890506 ], [ -88.512374, 44.890597 ], [ -88.513169, 44.891696 ] ], [ [ -88.513828, 45.031569 ], [ -88.511828, 45.031061 ], [ -88.511741, 45.031943 ], [ -88.513828, 45.031569 ] ], [ [ -88.507249, 44.891846 ], [ -88.505137, 44.892204 ], [ -88.503863, 44.892784 ], [ -88.504402, 44.893424 ], [ -88.507249, 44.891846 ] ], [ [ -88.506435, 45.033371 ], [ -88.5029, 45.033231 ], [ -88.502897, 45.035643 ], [ -88.506447, 45.036174 ], [ -88.506435, 45.033371 ] ], [ [ -88.505285, 44.871085 ], [ -88.50322, 44.871047 ], [ -88.5022, 44.872414 ], [ -88.503367, 44.873626 ], [ -88.505285, 44.871085 ] ], [ [ -88.504943, 44.868732 ], [ -88.502851, 44.867675 ], [ -88.502229, 44.868813 ], [ -88.502901, 44.869294 ], [ -88.504943, 44.868732 ] ], [ [ -88.50419, 44.89357 ], [ -88.501356, 44.894389 ], [ -88.501812, 44.895018 ], [ -88.50419, 44.89357 ] ], [ [ -88.502587, 44.902557 ], [ -88.493206, 44.901206 ], [ -88.492293, 44.902382 ], [ -88.502587, 44.902557 ] ], [ [ -88.500938, 44.894484 ], [ -88.498618, 44.891658 ], [ -88.493193, 44.892694 ], [ -88.500938, 44.894484 ] ], [ [ -88.501739, 44.868836 ], [ -88.499191, 44.86807 ], [ -88.499919, 44.869327 ], [ -88.501739, 44.868836 ] ], [ [ -88.499554, 44.994499 ], [ -88.496053, 44.994564 ], [ -88.49879, 44.996403 ], [ -88.499554, 44.994499 ] ], [ [ -88.496102, 44.870025 ], [ -88.497178, 44.868556 ], [ -88.495924, 44.868655 ], [ -88.496102, 44.870025 ] ], [ [ -88.494055, 44.893207 ], [ -88.490761, 44.895035 ], [ -88.490753, 44.896828 ], [ -88.494055, 44.893207 ] ], [ [ -88.493626, 44.871377 ], [ -88.491832, 44.870144 ], [ -88.491417, 44.871029 ], [ -88.493626, 44.871377 ] ], [ [ -88.615487, 44.8914 ], [ -88.608484, 44.893668 ], [ -88.602912, 44.892707 ], [ -88.603716, 44.895655 ], [ -88.615487, 44.8914 ] ], [ [ -88.619317, 44.891246 ], [ -88.618212, 44.890297 ], [ -88.615487, 44.8914 ], [ -88.61715, 44.893256 ], [ -88.619317, 44.891246 ] ], [ [ -88.619902, 44.891367 ], [ -88.617427, 44.893654 ], [ -88.617812, 44.894528 ], [ -88.620361, 44.893391 ], [ -88.619902, 44.891367 ] ], [ [ -88.587935, 44.90783 ], [ -88.585916, 44.905902 ], [ -88.585725, 44.907129 ], [ -88.587935, 44.90783 ] ], [ [ -88.565017, 44.902002 ], [ -88.564187, 44.898664 ], [ -88.563089, 44.899126 ], [ -88.565017, 44.902002 ] ], [ [ -88.572472, 44.911508 ], [ -88.568745, 44.91141 ], [ -88.567407, 44.915842 ], [ -88.572472, 44.911508 ] ], [ [ -88.562334, 44.91202 ], [ -88.564449, 44.915998 ], [ -88.566116, 44.916446 ], [ -88.565936, 44.914173 ], [ -88.562334, 44.91202 ] ], [ [ -88.55852, 44.906738 ], [ -88.557905, 44.912176 ], [ -88.561689, 44.912024 ], [ -88.558453, 44.910066 ], [ -88.55852, 44.906738 ] ], [ [ -88.50263, 45.059129 ], [ -88.504973, 45.057654 ], [ -88.502654, 45.057647 ], [ -88.50263, 45.059129 ] ] ] } },
{ "type": "Feature", "properties": { "AIANNHCE": "4445", "NAMELSAD": "Upper Sioux Community and Off-Reservation Trust Land", "NAME": "Upper Sioux", "AREA_TYPE": "Reservation", "STATE_NAMES": "Minnesota", "DECLARATIONS": 1, "OWN_REQUEST": 0, "UNDER_STATE": 1, "FIRST_YEAR": 2019.0, "LATEST_YEAR": 2019.0, "INCIDENT_LIST": "Flood", "POPULATION": 148, "LAND_SQ_MI": 2.3, "N_COUNTIES": 3, "COUNTY_NAMES": "Yellow Medicine County; Chippewa County; Renville County", "COUNTY_DISASTER_MAX": 9 }, "geometry": { "type": "Polygon", "coordinates": [ [ [ -95.549255, 44.769838 ], [ -95.547392, 44.772144 ], [ -95.539051, 44.771329 ], [ -95.536202, 44.767037 ], [ -95.528834, 44.765605 ], [ -95.528772, 44.770633 ], [ -95.516255, 44.771737 ], [ -95.515622, 44.766617 ], [ -95.511631, 44.765315 ], [ -95.508068, 44.766644 ], [ -95.50684, 44.772416 ], [ -95.49692, 44.77116 ], [ -95.489654, 44.764191 ], [ -95.491436, 44.752771 ], [ -95.486863, 44.750743 ], [ -95.48264, 44.753446 ], [ -95.483344, 44.745427 ], [ -95.498389, 44.74558 ], [ -95.498247, 44.750396 ], [ -95.495076, 44.750077 ], [ -95.503159, 44.75333 ], [ -95.503161, 44.758283 ], [ -95.508239, 44.758352 ], [ -95.508365, 44.753635 ], [ -95.511252, 44.753283 ], [ -95.528935, 44.763653 ], [ -95.533959, 44.762146 ], [ -95.539061, 44.764092 ], [ -95.539057, 44.76771 ], [ -95.549255, 44.769838 ] ], [ [ -95.521635, 44.767912 ], [ -95.520721, 44.763826 ], [ -95.520744, 44.767914 ], [ -95.521635, 44.767912 ] ], [ [ -95.492486, 44.749078 ], [ -95.490552, 44.747485 ], [ -95.489995, 44.748125 ], [ -95.492486, 44.749078 ] ] ] } },
{ "type": "Feature", "properties": { "AIANNHCE": "3480", "NAMELSAD": "Santa Ana Pueblo", "NAME": "Santa Ana", "AREA_TYPE": "Pueblo", "STATE_NAMES": "New Mexico", "DECLARATIONS": 1, "OWN_REQUEST": 0, "UNDER_STATE": 1, "FIRST_YEAR": 2011.0, "LATEST_YEAR": 2011.0, "INCIDENT_LIST": "Severe Storm", "POPULATION": 1028, "LAND_SQ_MI": 101.0, "N_COUNTIES": 1, "COUNTY_NAMES": "Sandoval County", "COUNTY_DISASTER_MAX": 6 }, "geometry": { "type": "Polygon", "coordinates": [ [ [ -106.672471, 35.377629 ], [ -106.673413, 35.497678 ], [ -106.667281, 35.497732 ], [ -106.667527, 35.537703 ], [ -106.614392, 35.537735 ], [ -106.614186, 35.543095 ], [ -106.5901, 35.538989 ], [ -106.560751, 35.539684 ], [ -106.560514, 35.45075 ], [ -106.530109, 35.450802 ], [ -106.530119, 35.414858 ], [ -106.512683, 35.4146 ], [ -106.512671, 35.4111 ], [ -106.504619, 35.407282 ], [ -106.504418, 35.402969 ], [ -106.494714, 35.403121 ], [ -106.491755, 35.395859 ], [ -106.487246, 35.395701 ], [ -106.487222, 35.393239 ], [ -106.501373, 35.392526 ], [ -106.50119, 35.382296 ], [ -106.514065, 35.381853 ], [ -106.516927, 35.376969 ], [ -106.531285, 35.369152 ], [ -106.509658, 35.368108 ], [ -106.513712, 35.359561 ], [ -106.480896, 35.357986 ], [ -106.482329, 35.355654 ], [ -106.493469, 35.35146 ], [ -106.506978, 35.334425 ], [ -106.528639, 35.334438 ], [ -106.530982, 35.332211 ], [ -106.539281, 35.334338 ], [ -106.53936, 35.326135 ], [ -106.553557, 35.328988 ], [ -106.554505, 35.327037 ], [ -106.548298, 35.324065 ], [ -106.558204, 35.324122 ], [ -106.555592, 35.333442 ], [ -106.561265, 35.333105 ], [ -106.561059, 35.327311 ], [ -106.566181, 35.327346 ], [ -106.566596, 35.330686 ], [ -106.571692, 35.330705 ], [ -106.619833, 35.359475 ], [ -106.619918, 35.364308 ], [ -106.633357, 35.364127 ], [ -106.63341, 35.377655 ], [ -106.672471, 35.377629 ] ] ] } },
{ "type": "Feature", "properties": { "AIANNHCE": "3085", "NAMELSAD": "Red Cliff Reservation and Off-Reservation Trust Land", "NAME": "Red Cliff", "AREA_TYPE": "Reservation", "STATE_NAMES": "Wisconsin", "DECLARATIONS": 1, "OWN_REQUEST": 0, "UNDER_STATE": 1, "FIRST_YEAR": 2012.0, "LATEST_YEAR": 2012.0, "INCIDENT_LIST": "Severe Storm", "POPULATION": 1201, "LAND_SQ_MI": 22.8, "N_COUNTIES": 1, "COUNTY_NAMES": "Bayfield County", "COUNTY_DISASTER_MAX": 4 }, "geometry": { "type": "Polygon", "coordinates": [ [ [ -90.984617, 46.925602 ], [ -90.973755, 46.941304 ], [ -90.968419, 46.94391 ], [ -90.921811, 46.931322 ], [ -90.913838, 46.9334 ], [ -90.908598, 46.941305 ], [ -90.883329, 46.949838 ], [ -90.879621, 46.958088 ], [ -90.855874, 46.962232 ], [ -90.831719, 46.953871 ], [ -90.830105, 46.935959 ], [ -90.824876, 46.93255 ], [ -90.814975, 46.931008 ], [ -90.805554, 46.937833 ], [ -90.792108, 46.933783 ], [ -90.783027, 46.920564 ], [ -90.783219, 46.912045 ], [ -90.78043, 46.909011 ], [ -90.767854, 46.90814 ], [ -90.754552, 46.89827 ], [ -90.751031, 46.887963 ], [ -90.761567, 46.88317 ], [ -90.777083, 46.885963 ], [ -90.77017, 46.876296 ], [ -90.780972, 46.858989 ], [ -90.789008, 46.853285 ], [ -90.788783206345897, 46.845708073544898 ], [ -90.820662, 46.846014 ], [ -90.81992, 46.874613 ], [ -90.809419, 46.876143 ], [ -90.809242, 46.891874 ], [ -90.815338, 46.892105 ], [ -90.814782, 46.896472 ], [ -90.798525, 46.896082 ], [ -90.798284, 46.917774 ], [ -90.841317, 46.917775 ], [ -90.841424, 46.931494 ], [ -90.843706, 46.932661 ], [ -90.904698, 46.93308 ], [ -90.904236, 46.918106 ], [ -90.993977601437194, 46.918469562995298 ], [ -90.984617, 46.925602 ] ] ] } },
{ "type": "Feature", "properties": { "AIANNHCE": "1365", "NAMELSAD": "Grand Ronde Community and Off-Reservation Trust Land", "NAME": "Grand Ronde", "AREA_TYPE": "Reservation", "STATE_NAMES": "Oregon", "DECLARATIONS": 1, "OWN_REQUEST": 0, "UNDER_STATE": 1, "FIRST_YEAR": 2021.0, "LATEST_YEAR": 2021.0, "INCIDENT_LIST": "Severe Storm", "POPULATION": 655, "LAND_SQ_MI": 18.1, "N_COUNTIES": 4, "COUNTY_NAMES": "Yamhill County; Polk County; Lane County and others", "COUNTY_DISASTER_MAX": 7 }, "geometry": { "type": "MultiPolygon", "coordinates": [ [ [ [ -123.338268, 44.266399 ], [ -123.322433, 44.26302 ], [ -123.320492, 44.259036 ], [ -123.338268, 44.266399 ] ] ], [ [ [ -123.576582, 45.075099 ], [ -123.568904, 45.076362 ], [ -123.568857, 45.079972 ], [ -123.561187, 45.08011 ], [ -123.561437, 45.069125 ], [ -123.5736, 45.069799 ], [ -123.576582, 45.075099 ] ] ], [ [ [ -123.589407, 45.049033 ], [ -123.58426, 45.051655 ], [ -123.587163, 45.059511 ], [ -123.582628, 45.059921 ], [ -123.586419, 45.068491 ], [ -123.58341, 45.069013 ], [ -123.576691, 45.056582 ], [ -123.580197, 45.050745 ], [ -123.577936, 45.050761 ], [ -123.576777, 45.043673 ], [ -123.581927, 45.04366 ], [ -123.581888, 45.047264 ], [ -123.589407, 45.049033 ] ], [ [ -123.581309, 45.056668 ], [ -123.578243, 45.057343 ], [ -123.578765, 45.058469 ], [ -123.581309, 45.056668 ] ] ], [ [ [ -123.597065, 45.055648 ], [ -123.597064, 45.058611 ], [ -123.594014, 45.058891 ], [ -123.592047, 45.054683 ], [ -123.597065, 45.055648 ] ] ], [ [ [ -123.601627, 45.083668 ], [ -123.596836, 45.083693 ], [ -123.596866, 45.079811 ], [ -123.60161, 45.080048 ], [ -123.601627, 45.083668 ] ] ], [ [ [ -123.612109, 45.177232 ], [ -123.606478, 45.177287 ], [ -123.606387, 45.173638 ], [ -123.612064, 45.17359 ], [ -123.612109, 45.177232 ] ] ], [ [ [ -123.619555, 45.056314 ], [ -123.618311, 45.05828 ], [ -123.618303, 45.05597 ], [ -123.619555, 45.056314 ] ] ], [ [ [ -123.627081, 45.076067 ], [ -123.619658, 45.076359 ], [ -123.619289, 45.080001 ], [ -123.611873, 45.079996 ], [ -123.611031, 45.076443 ], [ -123.611714, 45.08732 ], [ -123.607191, 45.087265 ], [ -123.606733, 45.07644 ], [ -123.594439, 45.07275 ], [ -123.594473, 45.067281 ], [ -123.602307, 45.069124 ], [ -123.602329, 45.065865 ], [ -123.609345, 45.067135 ], [ -123.610847, 45.061158 ], [ -123.622058, 45.060476 ], [ -123.616938, 45.061915 ], [ -123.61491, 45.069914 ], [ -123.604173, 45.069125 ], [ -123.604098, 45.072757 ], [ -123.620742, 45.072782 ], [ -123.620718, 45.069161 ], [ -123.624541, 45.069175 ], [ -123.627081, 45.076067 ] ] ], [ [ [ -123.729639, 45.159176 ], [ -123.66777, 45.159149 ], [ -123.667726, 45.173454 ], [ -123.646551, 45.173575 ], [ -123.647183, 45.159159 ], [ -123.616814, 45.15915 ], [ -123.616711, 45.166581 ], [ -123.606446, 45.166847 ], [ -123.606387, 45.173638 ], [ -123.596081, 45.173593 ], [ -123.596065, 45.180863 ], [ -123.606227, 45.180939 ], [ -123.606281, 45.195144 ], [ -123.601213, 45.195177 ], [ -123.601244, 45.19868 ], [ -123.591142, 45.198634 ], [ -123.591102, 45.195065 ], [ -123.596201, 45.195088 ], [ -123.596193, 45.187961 ], [ -123.586024, 45.187928 ], [ -123.586062, 45.137746 ], [ -123.606462, 45.137773 ], [ -123.606465, 45.130568 ], [ -123.708369, 45.130589 ], [ -123.708321, 45.145016 ], [ -123.729719, 45.144917 ], [ -123.729639, 45.159176 ] ] ], [ [ [ -123.889542, 45.514422 ], [ -123.887276, 45.515266 ], [ -123.886571, 45.508633 ], [ -123.888242, 45.508854 ], [ -123.889542, 45.514422 ] ] ] ] } },
{ "type": "Feature", "properties": { "AIANNHCE": "1250", "NAMELSAD": "Fort Peck Indian Reservation and Off-Reservation Trust Land", "NAME": "Fort Peck", "AREA_TYPE": "Reservation", "STATE_NAMES": "Montana", "DECLARATIONS": 3, "OWN_REQUEST": 0, "UNDER_STATE": 3, "FIRST_YEAR": 2011.0, "LATEST_YEAR": 2023.0, "INCIDENT_LIST": "Flood; Severe Storm", "POPULATION": 9942, "LAND_SQ_MI": 3288.7, "N_COUNTIES": 6, "COUNTY_NAMES": "Roosevelt County; Valley County; Daniels County and others", "COUNTY_DISASTER_MAX": 6 }, "geometry": { "type": "MultiPolygon", "coordinates": [ [ [ [ -104.433211, 48.10654 ], [ -104.42766, 48.10654 ], [ -104.42766, 48.102885 ], [ -104.433211, 48.102867 ], [ -104.433211, 48.10654 ] ] ], [ [ [ -106.406051, 48.247335 ], [ -106.400597, 48.248072 ], [ -106.400597, 48.244597 ], [ -106.406051, 48.244597 ], [ -106.406051, 48.247335 ] ] ], [ [ [ -106.577931, 48.634662 ], [ -105.376741, 48.630325 ], [ -104.447314, 48.635032 ], [ -104.457556, 48.615245 ], [ -104.453486, 48.614734 ], [ -104.452784, 48.610085 ], [ -104.460824, 48.608383 ], [ -104.456326, 48.605089 ], [ -104.464457, 48.59981 ], [ -104.464525, 48.594876 ], [ -104.460547, 48.595224 ], [ -104.460203, 48.592599 ], [ -104.46238, 48.589276 ], [ -104.466354, 48.589958 ], [ -104.466902, 48.580579 ], [ -104.477244, 48.576564 ], [ -104.484358, 48.563355 ], [ -104.488465, 48.562352 ], [ -104.489744, 48.553597 ], [ -104.495288, 48.555419 ], [ -104.494841, 48.549772 ], [ -104.505005, 48.547168 ], [ -104.503484, 48.543003 ], [ -104.507942, 48.542167 ], [ -104.505556, 48.538417 ], [ -104.510336, 48.538177 ], [ -104.510482, 48.541549 ], [ -104.51363, 48.541696 ], [ -104.513708, 48.538532 ], [ -104.518896, 48.537513 ], [ -104.517292, 48.535644 ], [ -104.530058, 48.535287 ], [ -104.527251, 48.529678 ], [ -104.538643, 48.529642 ], [ -104.535058, 48.52592 ], [ -104.540333, 48.527511 ], [ -104.544558, 48.524428 ], [ -104.539753, 48.521479 ], [ -104.534549, 48.523671 ], [ -104.535623, 48.520185 ], [ -104.545896, 48.521526 ], [ -104.546895, 48.517793 ], [ -104.54351, 48.515351 ], [ -104.549154, 48.516313 ], [ -104.548624, 48.510946 ], [ -104.552986, 48.51263 ], [ -104.551394, 48.505514 ], [ -104.556018, 48.507839 ], [ -104.555671, 48.503661 ], [ -104.549022, 48.5042 ], [ -104.552667, 48.496072 ], [ -104.546995, 48.498234 ], [ -104.548306, 48.494922 ], [ -104.552578, 48.495035 ], [ -104.55281, 48.489441 ], [ -104.557687, 48.492909 ], [ -104.555155, 48.487665 ], [ -104.562899, 48.489063 ], [ -104.557419, 48.48344 ], [ -104.563788, 48.481431 ], [ -104.558361, 48.480087 ], [ -104.563507, 48.477428 ], [ -104.556618, 48.473351 ], [ -104.56285, 48.468747 ], [ -104.556298, 48.4631 ], [ -104.563867, 48.460399 ], [ -104.560265, 48.459423 ], [ -104.563495, 48.457478 ], [ -104.556836, 48.457359 ], [ -104.562651, 48.455085 ], [ -104.561673, 48.452773 ], [ -104.554496, 48.455992 ], [ -104.559649, 48.449408 ], [ -104.551206, 48.448845 ], [ -104.554205, 48.444882 ], [ -104.550636, 48.441402 ], [ -104.556385, 48.434829 ], [ -104.552626, 48.429357 ], [ -104.556831, 48.423102 ], [ -104.564085, 48.423819 ], [ -104.563389, 48.413577 ], [ -104.57042, 48.409041 ], [ -104.570232, 48.406138 ], [ -104.574985, 48.405933 ], [ -104.57559, 48.398088 ], [ -104.572029, 48.39521 ], [ -104.578751, 48.39117 ], [ -104.579955, 48.384112 ], [ -104.588913, 48.378486 ], [ -104.591778, 48.37267 ], [ -104.584205, 48.368299 ], [ -104.590338, 48.357809 ], [ -104.587504, 48.347394 ], [ -104.583802, 48.345461 ], [ -104.584654, 48.341047 ], [ -104.588481, 48.339703 ], [ -104.592702, 48.343516 ], [ -104.614082, 48.342366 ], [ -104.612882, 48.337199 ], [ -104.599054, 48.335851 ], [ -104.597455, 48.331916 ], [ -104.602864, 48.329815 ], [ -104.602346, 48.326162 ], [ -104.614545, 48.323611 ], [ -104.619162, 48.318827 ], [ -104.623792, 48.32305 ], [ -104.632403, 48.323584 ], [ -104.634018, 48.321899 ], [ -104.630358, 48.31852 ], [ -104.633755, 48.313563 ], [ -104.641453, 48.31551 ], [ -104.637194, 48.311196 ], [ -104.645243, 48.313385 ], [ -104.654733, 48.302574 ], [ -104.662156, 48.30086 ], [ -104.661211, 48.298395 ], [ -104.670425, 48.299487 ], [ -104.676847, 48.294248 ], [ -104.677816, 48.299607 ], [ -104.683535, 48.298202 ], [ -104.682862, 48.30251 ], [ -104.685354, 48.302525 ], [ -104.688891, 48.300319 ], [ -104.687695, 48.296337 ], [ -104.691789, 48.294922 ], [ -104.687053, 48.29416 ], [ -104.695605, 48.289867 ], [ -104.698311, 48.292196 ], [ -104.699345, 48.286221 ], [ -104.712894, 48.280987 ], [ -104.721895, 48.271115 ], [ -104.725139, 48.260288 ], [ -104.720762, 48.258521 ], [ -104.721648, 48.254396 ], [ -104.717045, 48.24775 ], [ -104.711019, 48.246816 ], [ -104.71465, 48.24268 ], [ -104.713597, 48.238749 ], [ -104.721739, 48.232208 ], [ -104.707969, 48.227149 ], [ -104.706154, 48.229576 ], [ -104.708431, 48.232906 ], [ -104.702566, 48.232938 ], [ -104.700343, 48.228964 ], [ -104.705638, 48.224786 ], [ -104.68633, 48.215366 ], [ -104.683418, 48.210404 ], [ -104.678334, 48.210707 ], [ -104.679736, 48.207012 ], [ -104.675072, 48.205359 ], [ -104.675062, 48.201198 ], [ -104.660671, 48.19605 ], [ -104.663928, 48.193157 ], [ -104.673661, 48.195893 ], [ -104.665438, 48.187666 ], [ -104.657909, 48.188223 ], [ -104.663617, 48.182737 ], [ -104.657942, 48.180091 ], [ -104.660207, 48.176837 ], [ -104.653491, 48.172847 ], [ -104.655808, 48.170892 ], [ -104.653139, 48.168048 ], [ -104.641963, 48.167636 ], [ -104.642712, 48.173485 ], [ -104.638942, 48.176195 ], [ -104.643812, 48.178283 ], [ -104.636818, 48.179078 ], [ -104.635182, 48.174193 ], [ -104.637965, 48.170338 ], [ -104.633539, 48.167611 ], [ -104.628176, 48.171047 ], [ -104.62508, 48.168396 ], [ -104.630763, 48.166325 ], [ -104.624036, 48.15815 ], [ -104.62787, 48.155528 ], [ -104.621839, 48.154479 ], [ -104.619374, 48.159005 ], [ -104.612031, 48.159688 ], [ -104.609888, 48.155077 ], [ -104.616557, 48.14931 ], [ -104.604788, 48.152697 ], [ -104.594033, 48.150464 ], [ -104.594033, 48.143244 ], [ -104.61359, 48.146356 ], [ -104.613479, 48.14264 ], [ -104.60975, 48.141119 ], [ -104.610335, 48.133792 ], [ -104.629159, 48.127395 ], [ -104.619847, 48.117849 ], [ -104.626098, 48.11196 ], [ -104.681633, 48.103323 ], [ -104.686757, 48.115571 ], [ -104.710236, 48.119413 ], [ -104.723861, 48.113447 ], [ -104.745439, 48.110292 ], [ -104.760735, 48.126382 ], [ -104.771144, 48.12984 ], [ -104.789218, 48.128259 ], [ -104.819609, 48.119279 ], [ -104.836035, 48.120184 ], [ -104.862225, 48.130669 ], [ -104.871887, 48.143831 ], [ -104.878641, 48.14798 ], [ -104.892006, 48.150548 ], [ -104.915132, 48.144056 ], [ -104.922186, 48.137866 ], [ -104.925837, 48.11048 ], [ -104.938251, 48.095852 ], [ -104.944574, 48.09339 ], [ -104.974058, 48.103307 ], [ -104.983595, 48.101584 ], [ -104.974812, 48.084466 ], [ -104.986975, 48.068625 ], [ -104.993417, 48.065699 ], [ -104.998373, 48.067089 ], [ -104.999328, 48.071178 ], [ -104.992493, 48.080691 ], [ -104.995693, 48.084672 ], [ -105.006225, 48.085365 ], [ -105.013902, 48.077346 ], [ -105.013845, 48.069332 ], [ -105.037094, 48.063416 ], [ -105.043563, 48.053565 ], [ -105.05278, 48.058102 ], [ -105.049135, 48.072932 ], [ -105.061071, 48.078067 ], [ -105.071358, 48.074579 ], [ -105.087468, 48.063051 ], [ -105.119117, 48.0596 ], [ -105.107836, 48.068569 ], [ -105.109414, 48.076426 ], [ -105.117735, 48.078652 ], [ -105.142334, 48.072988 ], [ -105.173367, 48.081855 ], [ -105.176391, 48.088483 ], [ -105.167189, 48.096488 ], [ -105.177722, 48.1031 ], [ -105.18286, 48.09769 ], [ -105.181574, 48.079735 ], [ -105.186434, 48.070912 ], [ -105.210871, 48.06325 ], [ -105.22194, 48.066868 ], [ -105.224202, 48.071389 ], [ -105.218934, 48.081464 ], [ -105.231833, 48.090144 ], [ -105.260534, 48.089443 ], [ -105.317563, 48.079016 ], [ -105.325469, 48.082247 ], [ -105.324613, 48.088217 ], [ -105.327108, 48.090502 ], [ -105.341066, 48.094897 ], [ -105.364528, 48.088752 ], [ -105.390106, 48.093045 ], [ -105.452579, 48.089408 ], [ -105.47057, 48.093959 ], [ -105.486855, 48.091125 ], [ -105.498036, 48.097903 ], [ -105.503195, 48.097792 ], [ -105.515205, 48.091714 ], [ -105.523676, 48.07432 ], [ -105.535409, 48.066445 ], [ -105.555022, 48.073599 ], [ -105.568481, 48.08355 ], [ -105.581688, 48.080027 ], [ -105.595027, 48.08178 ], [ -105.617496, 48.073268 ], [ -105.647941, 48.077304 ], [ -105.653136, 48.073296 ], [ -105.639652, 48.066001 ], [ -105.638641, 48.059043 ], [ -105.643437, 48.051097 ], [ -105.651506, 48.046498 ], [ -105.662539, 48.046288 ], [ -105.666202, 48.057048 ], [ -105.680021, 48.059086 ], [ -105.701167, 48.049096 ], [ -105.717201, 48.033377 ], [ -105.738597, 48.030633 ], [ -105.750561, 48.025397 ], [ -105.763764, 48.028902 ], [ -105.767399, 48.043168 ], [ -105.774461, 48.048345 ], [ -105.781876, 48.042547 ], [ -105.781115, 48.032519 ], [ -105.786283, 48.022558 ], [ -105.80888, 48.024732 ], [ -105.851976, 48.008522 ], [ -105.881, 48.02402 ], [ -105.884527, 48.034202 ], [ -105.894617, 48.038184 ], [ -105.899279, 48.034219 ], [ -105.897544, 48.011083 ], [ -105.91659, 48.003837 ], [ -105.938368, 48.014234 ], [ -105.974602, 48.015859 ], [ -106.006176, 48.033689 ], [ -106.017371, 48.033625 ], [ -106.024043, 48.028071 ], [ -106.023162, 48.022233 ], [ -106.012049, 48.016174 ], [ -106.011137, 48.011253 ], [ -106.016685, 48.005245 ], [ -106.029368, 48.004058 ], [ -106.044121, 48.008469 ], [ -106.048692, 48.019671 ], [ -106.058262, 48.028909 ], [ -106.079148, 48.03554 ], [ -106.088242, 48.033128 ], [ -106.08448, 48.022704 ], [ -106.095538, 48.010575 ], [ -106.119878, 48.004067 ], [ -106.141955, 48.006406 ], [ -106.14569, 48.009544 ], [ -106.143, 48.012757 ], [ -106.124493, 48.021462 ], [ -106.122203, 48.027106 ], [ -106.126146, 48.030983 ], [ -106.229302, 48.026416 ], [ -106.2448, 48.029943 ], [ -106.272484, 48.046106 ], [ -106.28555, 48.0453 ], [ -106.293308, 48.040425 ], [ -106.300974, 48.041376 ], [ -106.307769, 48.052234 ], [ -106.318715, 48.05553 ], [ -106.316139, 48.061959 ], [ -106.301473, 48.061627 ], [ -106.300314, 48.070693 ], [ -106.295722, 48.069741 ], [ -106.294484, 48.064019 ], [ -106.280546, 48.067536 ], [ -106.278131, 48.071629 ], [ -106.283128, 48.076177 ], [ -106.282498, 48.079569 ], [ -106.262839, 48.080125 ], [ -106.249921, 48.085811 ], [ -106.263891, 48.086274 ], [ -106.272508, 48.081805 ], [ -106.281766, 48.084154 ], [ -106.283449, 48.087153 ], [ -106.270201, 48.090887 ], [ -106.26455, 48.096661 ], [ -106.274747, 48.099295 ], [ -106.275629, 48.093565 ], [ -106.279324, 48.091486 ], [ -106.293904, 48.096593 ], [ -106.293036, 48.099389 ], [ -106.284514, 48.099048 ], [ -106.287734, 48.102909 ], [ -106.284064, 48.110169 ], [ -106.291491, 48.113717 ], [ -106.287411, 48.108002 ], [ -106.290856, 48.10507 ], [ -106.294723, 48.110011 ], [ -106.301302, 48.109537 ], [ -106.3027, 48.11218 ], [ -106.299125, 48.116975 ], [ -106.302223, 48.11932 ], [ -106.309649, 48.117846 ], [ -106.307596, 48.110593 ], [ -106.314178, 48.111915 ], [ -106.317941, 48.116742 ], [ -106.321595, 48.115614 ], [ -106.321816, 48.111585 ], [ -106.3303, 48.109828 ], [ -106.333409, 48.116073 ], [ -106.337331, 48.117213 ], [ -106.335913, 48.120763 ], [ -106.345859, 48.124682 ], [ -106.336898, 48.124251 ], [ -106.324987, 48.133476 ], [ -106.328822, 48.136547 ], [ -106.337072, 48.135213 ], [ -106.335484, 48.139118 ], [ -106.345544, 48.136982 ], [ -106.344531, 48.142472 ], [ -106.345718, 48.139987 ], [ -106.355357, 48.144739 ], [ -106.364683, 48.145179 ], [ -106.367423, 48.148386 ], [ -106.365108, 48.152154 ], [ -106.379059, 48.160011 ], [ -106.376481, 48.163503 ], [ -106.381175, 48.165666 ], [ -106.378311, 48.168418 ], [ -106.386214, 48.17611 ], [ -106.384073, 48.177513 ], [ -106.385433, 48.187099 ], [ -106.381502, 48.189516 ], [ -106.387262, 48.195436 ], [ -106.38293, 48.197047 ], [ -106.386382, 48.197695 ], [ -106.387132, 48.202038 ], [ -106.380099, 48.212334 ], [ -106.383269, 48.217298 ], [ -106.389553, 48.219244 ], [ -106.384955, 48.221445 ], [ -106.39048, 48.228044 ], [ -106.386379, 48.22907 ], [ -106.385329, 48.234636 ], [ -106.392829, 48.236189 ], [ -106.391778, 48.243684 ], [ -106.399744, 48.242881 ], [ -106.397832, 48.255055 ], [ -106.406728, 48.258038 ], [ -106.404496, 48.261487 ], [ -106.409006, 48.263924 ], [ -106.411215, 48.270199 ], [ -106.406109, 48.27405 ], [ -106.411338, 48.281725 ], [ -106.405007, 48.283641 ], [ -106.406109, 48.287872 ], [ -106.402173, 48.291026 ], [ -106.405841, 48.295904 ], [ -106.403625, 48.302879 ], [ -106.407119, 48.305622 ], [ -106.400957, 48.310665 ], [ -106.402945, 48.312366 ], [ -106.395152, 48.315594 ], [ -106.401484, 48.320936 ], [ -106.398009, 48.327143 ], [ -106.402844, 48.328098 ], [ -106.398095, 48.333564 ], [ -106.401139, 48.336491 ], [ -106.397092, 48.339021 ], [ -106.403213, 48.341698 ], [ -106.401982, 48.344915 ], [ -106.409353, 48.35106 ], [ -106.403253, 48.357173 ], [ -106.40893, 48.3567 ], [ -106.41463, 48.362665 ], [ -106.410857, 48.367999 ], [ -106.417606, 48.369844 ], [ -106.423547, 48.377387 ], [ -106.430935, 48.377781 ], [ -106.439669, 48.394008 ], [ -106.439643, 48.403329 ], [ -106.448194, 48.409125 ], [ -106.447344, 48.412744 ], [ -106.453188, 48.418589 ], [ -106.451269, 48.421984 ], [ -106.462525, 48.42689 ], [ -106.469971, 48.436229 ], [ -106.468165, 48.438773 ], [ -106.476254, 48.439739 ], [ -106.473623, 48.441973 ], [ -106.47756, 48.442667 ], [ -106.481174, 48.448769 ], [ -106.474838, 48.449119 ], [ -106.479861, 48.450843 ], [ -106.477463, 48.453447 ], [ -106.480989, 48.458638 ], [ -106.483845, 48.456473 ], [ -106.4849, 48.460296 ], [ -106.488377, 48.459431 ], [ -106.493471, 48.463575 ], [ -106.489617, 48.467706 ], [ -106.494737, 48.474029 ], [ -106.489972, 48.47587 ], [ -106.493877, 48.4808 ], [ -106.486456, 48.481898 ], [ -106.489352, 48.49271 ], [ -106.486273, 48.496292 ], [ -106.488304, 48.497767 ], [ -106.484081, 48.499337 ], [ -106.491157, 48.500151 ], [ -106.488069, 48.506321 ], [ -106.491786, 48.509456 ], [ -106.482177, 48.515596 ], [ -106.488922, 48.5172 ], [ -106.484541, 48.519049 ], [ -106.488957, 48.5197 ], [ -106.496149, 48.52892 ], [ -106.502489, 48.527045 ], [ -106.502177, 48.533246 ], [ -106.512425, 48.539047 ], [ -106.51748, 48.547027 ], [ -106.52941, 48.552613 ], [ -106.531953, 48.554889 ], [ -106.530068, 48.557773 ], [ -106.54002, 48.560566 ], [ -106.547438, 48.566755 ], [ -106.545548, 48.568035 ], [ -106.548113, 48.57183 ], [ -106.545477, 48.573216 ], [ -106.554135, 48.580477 ], [ -106.549952, 48.587035 ], [ -106.553844, 48.588801 ], [ -106.551728, 48.592897 ], [ -106.558034, 48.600623 ], [ -106.557986, 48.608361 ], [ -106.563409, 48.611255 ], [ -106.563796, 48.622475 ], [ -106.572603, 48.62665 ], [ -106.572364, 48.63096 ], [ -106.57751, 48.631107 ], [ -106.577931, 48.634662 ] ] ] ] } },
{ "type": "Feature", "properties": { "AIANNHCE": "4405", "NAMELSAD": "Umatilla Reservation and Off-Reservation Trust Land", "NAME": "Umatilla", "AREA_TYPE": "Reservation", "STATE_NAMES": "Oregon; Washington", "DECLARATIONS": 1, "OWN_REQUEST": 0, "UNDER_STATE": 1, "FIRST_YEAR": 2020.0, "LATEST_YEAR": 2020.0, "INCIDENT_LIST": "Flood", "POPULATION": 2921, "LAND_SQ_MI": 277.3, "N_COUNTIES": 5, "COUNTY_NAMES": "Umatilla County; Union County; Columbia County and others", "COUNTY_DISASTER_MAX": 3 }, "geometry": { "type": "MultiPolygon", "coordinates": [ [ [ [ -117.223722, 45.336055 ], [ -117.222383, 45.336825 ], [ -117.220888, 45.336181 ], [ -117.223722, 45.336055 ] ] ], [ [ [ -117.955718, 46.200235 ], [ -117.955248, 46.207617 ], [ -117.934492, 46.203916 ], [ -117.93441, 46.196781 ], [ -117.929301, 46.196771 ], [ -117.929268, 46.193174 ], [ -117.949672, 46.193098 ], [ -117.949717, 46.200334 ], [ -117.955718, 46.200235 ] ] ], [ [ [ -118.409295, 45.551366 ], [ -118.405972, 45.551365 ], [ -118.409345, 45.544215 ], [ -118.409295, 45.551366 ] ] ], [ [ [ -118.414592, 45.565844 ], [ -118.404181, 45.565839 ], [ -118.398883, 45.565866 ], [ -118.402446, 45.558799 ], [ -118.414481, 45.558671 ], [ -118.414592, 45.565844 ] ] ], [ [ [ -118.41459, 45.540332 ], [ -118.411277, 45.540427 ], [ -118.414676, 45.533759 ], [ -118.41459, 45.540332 ] ] ], [ [ [ -118.424957, 45.558617 ], [ -118.419719, 45.558661 ], [ -118.419728, 45.555014 ], [ -118.42496, 45.55501 ], [ -118.424957, 45.558617 ] ] ], [ [ [ -118.425033, 45.522392 ], [ -118.424967, 45.52962 ], [ -118.416804, 45.529599 ], [ -118.420556, 45.52238 ], [ -118.425033, 45.522392 ] ] ], [ [ [ -118.440309, 45.497179 ], [ -118.435212, 45.497148 ], [ -118.435266, 45.493555 ], [ -118.440387, 45.49367 ], [ -118.440309, 45.497179 ] ] ], [ [ [ -118.450775, 45.486398 ], [ -118.440518, 45.486454 ], [ -118.440459, 45.490011 ], [ -118.437124, 45.490003 ], [ -118.445982, 45.473197 ], [ -118.445836, 45.479144 ], [ -118.450958, 45.479168 ], [ -118.450775, 45.486398 ] ] ], [ [ [ -118.455656, 45.500927 ], [ -118.450531, 45.500868 ], [ -118.450635, 45.497255 ], [ -118.455801, 45.497293 ], [ -118.455656, 45.500927 ] ] ], [ [ [ -118.455661, 45.555065 ], [ -118.445699, 45.551424 ], [ -118.4457, 45.547813 ], [ -118.455993, 45.547828 ], [ -118.455661, 45.555065 ] ] ], [ [ [ -118.46127, 45.457358 ], [ -118.4563, 45.457323 ], [ -118.456267, 45.464548 ], [ -118.450542, 45.464564 ], [ -118.45619, 45.453713 ], [ -118.461327, 45.453702 ], [ -118.46127, 45.457358 ] ] ], [ [ [ -118.466363, 45.522398 ], [ -118.461198, 45.522398 ], [ -118.461206, 45.518767 ], [ -118.466369, 45.518763 ], [ -118.466363, 45.522398 ] ] ], [ [ [ -118.471586, 45.453687 ], [ -118.461327, 45.453702 ], [ -118.46135, 45.450122 ], [ -118.471575, 45.450111 ], [ -118.471586, 45.453687 ] ] ], [ [ [ -118.476724, 45.460946 ], [ -118.47161, 45.460955 ], [ -118.471586, 45.453687 ], [ -118.476688, 45.453711 ], [ -118.476724, 45.460946 ] ] ], [ [ [ -118.487003, 45.526018 ], [ -118.481846, 45.52602 ], [ -118.481842, 45.522404 ], [ -118.486997, 45.52241 ], [ -118.487003, 45.526018 ] ] ], [ [ [ -118.488974, 45.464667 ], [ -118.481829, 45.464627 ], [ -118.481782, 45.460995 ], [ -118.48901, 45.461071 ], [ -118.488974, 45.464667 ] ] ], [ [ [ -118.491797, 45.569603 ], [ -118.486697, 45.56962 ], [ -118.487059, 45.558675 ], [ -118.492239, 45.558678 ], [ -118.491797, 45.569603 ] ] ], [ [ [ -118.496858, 45.547824 ], [ -118.492077, 45.547855 ], [ -118.492079, 45.544289 ], [ -118.497049, 45.544284 ], [ -118.496858, 45.547824 ] ] ], [ [ [ -118.497267, 45.52242 ], [ -118.492158, 45.522415 ], [ -118.492153, 45.51881 ], [ -118.49729, 45.518824 ], [ -118.497267, 45.52242 ] ] ], [ [ [ -118.511807, 46.047914 ], [ -118.506859, 46.047376 ], [ -118.506869, 46.044687 ], [ -118.511773, 46.044663 ], [ -118.511807, 46.047914 ] ] ], [ [ [ -118.525285, 45.441862 ], [ -118.520156, 45.44187 ], [ -118.520236, 45.438252 ], [ -118.525355, 45.438265 ], [ -118.525285, 45.441862 ] ] ], [ [ [ -118.541371, 45.350893 ], [ -118.536244, 45.350896 ], [ -118.536194, 45.354518 ], [ -118.506296, 45.354632 ], [ -118.511075, 45.345417 ], [ -118.541366, 45.345512 ], [ -118.541371, 45.350893 ] ] ], [ [ [ -118.551663, 45.42015 ], [ -118.541352, 45.420307 ], [ -118.541394, 45.427303 ], [ -118.487094, 45.427335 ], [ -118.489121, 45.450264 ], [ -118.481747, 45.45016 ], [ -118.481753, 45.446597 ], [ -118.47665, 45.446501 ], [ -118.476621, 45.442905 ], [ -118.461668, 45.442895 ], [ -118.498695, 45.369341 ], [ -118.520788, 45.369183 ], [ -118.520693, 45.358204 ], [ -118.531099, 45.361833 ], [ -118.530993, 45.369122 ], [ -118.536152, 45.369149 ], [ -118.536187, 45.372792 ], [ -118.541369, 45.372838 ], [ -118.541359, 45.376465 ], [ -118.546517, 45.376503 ], [ -118.546482, 45.383742 ], [ -118.541324, 45.38371 ], [ -118.541321, 45.387339 ], [ -118.55165, 45.391027 ], [ -118.551663, 45.42015 ] ], [ [ -118.476679, 45.435686 ], [ -118.471653, 45.435708 ], [ -118.471626, 45.439313 ], [ -118.476655, 45.439274 ], [ -118.476679, 45.435686 ] ], [ [ -118.530993, 45.369122 ], [ -118.52589, 45.369152 ], [ -118.525875, 45.37641 ], [ -118.531003, 45.376388 ], [ -118.530993, 45.369122 ] ], [ [ -118.531003, 45.376388 ], [ -118.530984, 45.383638 ], [ -118.536154, 45.383674 ], [ -118.536181, 45.376427 ], [ -118.531003, 45.376388 ] ] ], [ [ [ -118.561921, 45.394705 ], [ -118.556787, 45.394685 ], [ -118.556779, 45.39105 ], [ -118.561902, 45.391073 ], [ -118.561921, 45.394705 ] ] ], [ [ [ -118.572176, 45.383862 ], [ -118.567047, 45.383862 ], [ -118.567064, 45.380226 ], [ -118.572203, 45.380246 ], [ -118.572176, 45.383862 ] ] ], [ [ [ -118.577203, 45.391132 ], [ -118.5722, 45.391119 ], [ -118.572175, 45.383881 ], [ -118.577277, 45.383931 ], [ -118.577203, 45.391132 ] ] ], [ [ [ -118.602924, 45.39119 ], [ -118.592654, 45.391163 ], [ -118.592671, 45.387545 ], [ -118.602926, 45.387558 ], [ -118.602924, 45.39119 ] ] ], [ [ [ -118.607207, 45.43053 ], [ -118.602055, 45.43055 ], [ -118.602087, 45.426914 ], [ -118.607219, 45.426915 ], [ -118.607207, 45.43053 ] ] ], [ [ [ -118.608068, 45.369514 ], [ -118.60297, 45.369486 ], [ -118.602992, 45.365863 ], [ -118.60802, 45.365909 ], [ -118.608068, 45.369514 ] ] ], [ [ [ -118.608071, 45.394819 ], [ -118.602937, 45.394802 ], [ -118.602924, 45.39119 ], [ -118.608059, 45.39119 ], [ -118.608071, 45.394819 ] ] ], [ [ [ -118.613019, 45.373116 ], [ -118.608099, 45.373095 ], [ -118.608094, 45.36957 ], [ -118.613101, 45.369475 ], [ -118.613019, 45.373116 ] ] ], [ [ [ -118.613254, 45.345788 ], [ -118.613149, 45.35876 ], [ -118.608177, 45.358703 ], [ -118.608142, 45.362283 ], [ -118.587549, 45.365777 ], [ -118.58745, 45.369343 ], [ -118.592774, 45.369479 ], [ -118.592708, 45.37301 ], [ -118.587578, 45.373015 ], [ -118.58756, 45.376629 ], [ -118.567099, 45.376585 ], [ -118.567016, 45.372955 ], [ -118.562001, 45.372932 ], [ -118.561962, 45.37657 ], [ -118.556819, 45.376556 ], [ -118.556848, 45.372912 ], [ -118.541369, 45.372838 ], [ -118.541394, 45.369222 ], [ -118.546555, 45.369236 ], [ -118.546559, 45.365568 ], [ -118.551714, 45.363765 ], [ -118.572244, 45.365684 ], [ -118.572225, 45.358406 ], [ -118.57734, 45.358417 ], [ -118.577354, 45.354773 ], [ -118.572271, 45.354767 ], [ -118.572232, 45.347646 ], [ -118.567139, 45.345606 ], [ -118.613254, 45.345788 ] ], [ [ -118.582436, 45.365735 ], [ -118.577348, 45.36571 ], [ -118.577346, 45.369357 ], [ -118.582415, 45.369392 ], [ -118.582436, 45.365735 ] ] ], [ [ [ -118.618121, 45.394031 ], [ -118.612963, 45.394096 ], [ -118.613039, 45.387597 ], [ -118.618152, 45.390624 ], [ -118.618121, 45.394031 ] ] ], [ [ [ -118.623278, 45.397843 ], [ -118.618113, 45.397775 ], [ -118.618137, 45.394124 ], [ -118.623304, 45.394166 ], [ -118.623278, 45.397843 ] ] ], [ [ [ -118.750613, 45.515061 ], [ -118.745793, 45.515074 ], [ -118.745347, 45.682393 ], [ -118.725704, 45.682359 ], [ -118.725491, 45.688866 ], [ -118.642447, 45.688685 ], [ -118.642137, 45.703359 ], [ -118.62165, 45.703229 ], [ -118.621708, 45.717823 ], [ -118.591785, 45.71752 ], [ -118.591718, 45.724801 ], [ -118.581332, 45.724819 ], [ -118.581232, 45.746848 ], [ -118.549887, 45.746557 ], [ -118.549578, 45.761049 ], [ -118.539253, 45.761009 ], [ -118.539118, 45.775575 ], [ -118.518456, 45.775472 ], [ -118.518461, 45.790008 ], [ -118.464683, 45.789795 ], [ -118.459268, 45.779997 ], [ -118.441288, 45.763409 ], [ -118.418713, 45.762387 ], [ -118.396452, 45.746626 ], [ -118.382166, 45.747262 ], [ -118.368886, 45.739109 ], [ -118.347382, 45.743589 ], [ -118.344131, 45.750395 ], [ -118.332906, 45.755557 ], [ -118.305313, 45.745008 ], [ -118.3953, 45.573148 ], [ -118.403899, 45.573199 ], [ -118.404284, 45.569411 ], [ -118.414624, 45.569477 ], [ -118.414656, 45.573112 ], [ -118.43533, 45.573268 ], [ -118.435433, 45.558595 ], [ -118.445693, 45.558645 ], [ -118.445664, 45.565939 ], [ -118.450812, 45.565946 ], [ -118.45081, 45.569577 ], [ -118.445649, 45.569551 ], [ -118.445634, 45.573164 ], [ -118.455977, 45.573244 ], [ -118.458437, 45.568433 ], [ -118.466134, 45.569624 ], [ -118.466186, 45.558703 ], [ -118.471454, 45.558693 ], [ -118.471345, 45.56597 ], [ -118.476461, 45.56595 ], [ -118.47637, 45.573216 ], [ -118.481472, 45.573248 ], [ -118.481576, 45.569607 ], [ -118.486697, 45.56962 ], [ -118.486583, 45.573283 ], [ -118.621703, 45.572925 ], [ -118.622072, 45.515174 ], [ -118.612741, 45.515166 ], [ -118.612745, 45.499454 ], [ -118.750739, 45.499241 ], [ -118.750613, 45.515061 ] ] ], [ [ [ -118.786713, 45.580215 ], [ -118.783391, 45.58022 ], [ -118.78184, 45.576611 ], [ -118.786734, 45.576612 ], [ -118.786713, 45.580215 ] ] ], [ [ [ -118.787857, 45.63816 ], [ -118.765976, 45.638215 ], [ -118.765983, 45.630913 ], [ -118.786723, 45.630903 ], [ -118.785095, 45.636601 ], [ -118.787857, 45.63816 ] ] ], [ [ [ -119.244944, 45.929709 ], [ -119.223855, 45.924406 ], [ -119.223891, 45.922326 ], [ -119.244862, 45.922468 ], [ -119.244944, 45.929709 ] ] ], [ [ [ -119.286389, 45.908065 ], [ -119.265717, 45.908151 ], [ -119.265535, 45.91918 ], [ -119.223904, 45.918691 ], [ -119.223942, 45.907787 ], [ -119.22016, 45.907752 ], [ -119.220166, 45.917695 ], [ -119.213514, 45.919493 ], [ -119.213589, 45.922447 ], [ -119.192704, 45.919962 ], [ -119.192735, 45.90152 ], [ -119.224096, 45.90618 ], [ -119.223942, 45.900621 ], [ -119.249986, 45.900615 ], [ -119.249992, 45.904264 ], [ -119.265499, 45.904489 ], [ -119.265588, 45.900834 ], [ -119.28642, 45.900828 ], [ -119.286389, 45.908065 ] ] ] ] } },
{ "type": "Feature", "properties": { "AIANNHCE": "4300", "NAMELSAD": "Tule River Reservation and Off-Reservation Trust Land", "NAME": "Tule River", "AREA_TYPE": "Reservation", "STATE_NAMES": "California", "DECLARATIONS": 1, "OWN_REQUEST": 0, "UNDER_STATE": 1, "FIRST_YEAR": 2017.0, "LATEST_YEAR": 2017.0, "INCIDENT_LIST": "Flood", "POPULATION": 913, "LAND_SQ_MI": 84.3, "N_COUNTIES": 1, "COUNTY_NAMES": "Tulare County", "COUNTY_DISASTER_MAX": 4 }, "geometry": { "type": "MultiPolygon", "coordinates": [ [ [ [ -118.821062, 35.977015 ], [ -118.820995, 36.048881 ], [ -118.79695, 36.053376 ], [ -118.767762, 36.064636 ], [ -118.738301, 36.096229 ], [ -118.733058, 36.098707 ], [ -118.723876, 36.096597 ], [ -118.691645, 36.106953 ], [ -118.687787, 36.110649 ], [ -118.672973, 36.103872 ], [ -118.668468, 36.105306 ], [ -118.658953, 36.097653 ], [ -118.652465, 36.096357 ], [ -118.648106, 36.096749 ], [ -118.646522, 36.101966 ], [ -118.62732, 36.100386 ], [ -118.624867, 35.987121 ], [ -118.626263, 35.982117 ], [ -118.633889, 35.9813 ], [ -118.643487, 35.972668 ], [ -118.654967, 35.975623 ], [ -118.680606, 35.967846 ], [ -118.693172, 35.973029 ], [ -118.77071, 35.96596 ], [ -118.785918, 35.972111 ], [ -118.797443, 35.986222 ], [ -118.821062, 35.977015 ] ], [ [ -118.665272, 36.092235 ], [ -118.660334, 36.092199 ], [ -118.660361, 36.098544 ], [ -118.665257, 36.098578 ], [ -118.665272, 36.092235 ] ], [ [ -118.660334, 36.092199 ], [ -118.656889, 36.085135 ], [ -118.649667, 36.085111 ], [ -118.649535, 36.088703 ], [ -118.646328, 36.088691 ], [ -118.64623, 36.092055 ], [ -118.660334, 36.092199 ] ] ], [ [ [ -118.884583, 36.091204 ], [ -118.879442, 36.093445 ], [ -118.877022, 36.091085 ], [ -118.881607, 36.088583 ], [ -118.884583, 36.091204 ] ] ] ] } },
{ "type": "Feature", "properties": { "AIANNHCE": "2147", "NAMELSAD": "Mashpee Wampanoag Trust Land", "NAME": "Mashpee Wampanoag", "AREA_TYPE": "Off-Reservation Trust Land", "STATE_NAMES": "Massachusetts", "DECLARATIONS": 1, "OWN_REQUEST": 0, "UNDER_STATE": 1, "FIRST_YEAR": 2022.0, "LATEST_YEAR": 2022.0, "INCIDENT_LIST": "Snowstorm", "POPULATION": 31, "LAND_SQ_MI": 0.5, "N_COUNTIES": 2, "COUNTY_NAMES": "Barnstable County; Bristol County", "COUNTY_DISASTER_MAX": 8 }, "geometry": { "type": "MultiPolygon", "coordinates": [ [ [ [ -70.454786, 41.628199 ], [ -70.451063, 41.627804 ], [ -70.450086, 41.624742 ], [ -70.454735, 41.62399 ], [ -70.454786, 41.628199 ] ] ], [ [ [ -70.464071, 41.575769 ], [ -70.463612, 41.575764 ], [ -70.463738, 41.575615 ], [ -70.464071, 41.575769 ] ] ], [ [ [ -70.47788, 41.636322 ], [ -70.477435, 41.642539 ], [ -70.470635, 41.638255 ], [ -70.47788, 41.636322 ] ] ], [ [ [ -70.480285, 41.626245 ], [ -70.477677, 41.626746 ], [ -70.477338, 41.625587 ], [ -70.478931, 41.623898 ], [ -70.480285, 41.626245 ] ] ], [ [ [ -70.48628, 41.649167 ], [ -70.485289, 41.649341 ], [ -70.485325, 41.64891 ], [ -70.48628, 41.649167 ] ] ], [ [ [ -70.48638, 41.597225 ], [ -70.480451, 41.596592 ], [ -70.474522, 41.595946 ], [ -70.47528, 41.593618 ], [ -70.484655, 41.594366 ], [ -70.48638, 41.597225 ] ] ], [ [ [ -70.503545, 41.564175 ], [ -70.502798, 41.564649 ], [ -70.502716, 41.564277 ], [ -70.503545, 41.564175 ] ] ], [ [ [ -71.052418, 41.87671 ], [ -71.048312, 41.882677 ], [ -71.044796, 41.879994 ], [ -71.052418, 41.87671 ] ] ], [ [ [ -71.053879, 41.875984 ], [ -71.046684, 41.875286 ], [ -71.046582, 41.868495 ], [ -71.053434, 41.870621 ], [ -71.053879, 41.875984 ] ] ] ] } },
{ "type": "Feature", "properties": { "AIANNHCE": "2300", "NAMELSAD": "Mississippi Choctaw Reservation and Off-Reservation Trust Land", "NAME": "Mississippi Choctaw", "AREA_TYPE": "Reservation", "STATE_NAMES": "Mississippi; Tennessee", "DECLARATIONS": 3, "OWN_REQUEST": 0, "UNDER_STATE": 3, "FIRST_YEAR": 2012.0, "LATEST_YEAR": 2023.0, "INCIDENT_LIST": "Hurricane; Severe Ice Storm; Severe Storm", "POPULATION": 6957, "LAND_SQ_MI": 52.9, "N_COUNTIES": 12, "COUNTY_NAMES": "Neshoba County; Newton County; Kemper County and others", "COUNTY_DISASTER_MAX": 9 }, "geometry": { "type": "MultiPolygon", "coordinates": [ [ [ [ -88.684221, 32.774569 ], [ -88.682814, 32.776416 ], [ -88.682813, 32.774483 ], [ -88.684221, 32.774569 ] ] ], [ [ [ -88.718989, 30.439394 ], [ -88.715538, 30.4352 ], [ -88.715417, 30.428503 ], [ -88.719691, 30.428461 ], [ -88.718989, 30.439394 ] ] ], [ [ [ -88.764913, 33.066869 ], [ -88.764141, 33.067065 ], [ -88.764875, 33.06484 ], [ -88.764913, 33.066869 ] ] ], [ [ [ -88.880181, 32.769326 ], [ -88.875952, 32.769326 ], [ -88.876002, 32.776644 ], [ -88.871759, 32.776685 ], [ -88.871752, 32.780237 ], [ -88.876009, 32.780292 ], [ -88.876014, 32.78756 ], [ -88.863085, 32.787522 ], [ -88.863055, 32.780227 ], [ -88.854435, 32.780226 ], [ -88.854422, 32.773047 ], [ -88.851578, 32.773044 ], [ -88.853728, 32.769416 ], [ -88.863155, 32.772992 ], [ -88.863232, 32.76592 ], [ -88.880146, 32.765709 ], [ -88.880181, 32.769326 ] ] ], [ [ [ -88.884497, 32.829481 ], [ -88.88448, 32.838676 ], [ -88.880039, 32.838529 ], [ -88.880074, 32.829704 ], [ -88.884497, 32.829481 ] ] ], [ [ [ -88.9479, 33.031953 ], [ -88.93962, 33.02827 ], [ -88.937751, 33.017266 ], [ -88.941409, 33.016954 ], [ -88.94356, 33.024594 ], [ -88.948051, 33.024603 ], [ -88.9479, 33.031953 ] ] ], [ [ [ -88.952401, 32.922957 ], [ -88.930527, 32.923004 ], [ -88.930549, 32.926675 ], [ -88.918732, 32.926589 ], [ -88.92248, 32.919365 ], [ -88.943545, 32.915674 ], [ -88.943471, 32.911892 ], [ -88.936991, 32.911799 ], [ -88.938799, 32.90806 ], [ -88.945848, 32.909537 ], [ -88.947839, 32.915608 ], [ -88.943605, 32.915676 ], [ -88.943657, 32.919188 ], [ -88.952404, 32.919154 ], [ -88.952401, 32.922957 ] ] ], [ [ [ -88.957475, 32.838647 ], [ -88.944412, 32.838599 ], [ -88.945525, 32.848161 ], [ -88.939429, 32.849805 ], [ -88.939253, 32.853494 ], [ -88.92245, 32.853285 ], [ -88.92252, 32.868034 ], [ -88.908326, 32.867904 ], [ -88.908271, 32.864048 ], [ -88.901601, 32.864259 ], [ -88.901563, 32.860602 ], [ -88.897272, 32.860612 ], [ -88.897283, 32.856907 ], [ -88.901458, 32.856916 ], [ -88.901413, 32.853262 ], [ -88.897173, 32.853233 ], [ -88.897303, 32.842837 ], [ -88.888731, 32.838746 ], [ -88.88892, 32.824189 ], [ -88.89785, 32.824235 ], [ -88.897833, 32.813386 ], [ -88.902029, 32.813423 ], [ -88.902045, 32.809679 ], [ -88.893391, 32.809651 ], [ -88.893338, 32.79871 ], [ -88.901988, 32.798712 ], [ -88.902016, 32.802441 ], [ -88.910533, 32.802455 ], [ -88.909847, 32.805868 ], [ -88.922552, 32.80608 ], [ -88.92308, 32.813574 ], [ -88.918949, 32.813547 ], [ -88.918939, 32.816996 ], [ -88.931501, 32.813987 ], [ -88.931525, 32.820748 ], [ -88.926365, 32.819978 ], [ -88.927548, 32.831826 ], [ -88.932785, 32.82958 ], [ -88.931666, 32.824211 ], [ -88.938979, 32.824213 ], [ -88.939508, 32.81727 ], [ -88.948743, 32.817264 ], [ -88.94875, 32.831562 ], [ -88.957304, 32.831614 ], [ -88.957475, 32.838647 ] ], [ [ -88.944351, 32.824425 ], [ -88.940068, 32.824214 ], [ -88.939959, 32.827783 ], [ -88.944362, 32.827839 ], [ -88.944351, 32.824425 ] ], [ [ -88.926973, 32.846243 ], [ -88.922851, 32.846186 ], [ -88.922706, 32.849851 ], [ -88.92681, 32.849918 ], [ -88.926973, 32.846243 ] ], [ [ -88.89785, 32.824235 ], [ -88.897629, 32.838993 ], [ -88.910178, 32.842454 ], [ -88.91009, 32.846039 ], [ -88.918423, 32.849842 ], [ -88.918192, 32.834989 ], [ -88.922995, 32.834436 ], [ -88.923111, 32.824224 ], [ -88.89785, 32.824235 ] ] ], [ [ [ -88.9815, 31.798753 ], [ -88.977252, 31.798794 ], [ -88.977218, 31.795026 ], [ -88.98152, 31.795026 ], [ -88.9815, 31.798753 ] ] ], [ [ [ -88.99422, 31.79828 ], [ -88.985625, 31.798761 ], [ -88.985527, 31.793338 ], [ -88.981499, 31.793322 ], [ -88.981476, 31.789651 ], [ -88.9942, 31.79149 ], [ -88.99422, 31.79828 ] ] ], [ [ [ -89.00288, 31.814373 ], [ -88.996717, 31.817678 ], [ -88.983165, 31.817384 ], [ -88.990137, 31.817073 ], [ -88.990131, 31.813444 ], [ -89.00288, 31.814373 ] ] ], [ [ [ -89.019141, 31.777109 ], [ -89.015772, 31.777145 ], [ -89.015827, 31.780719 ], [ -89.007245, 31.780803 ], [ -89.002819, 31.773573 ], [ -89.015703, 31.771864 ], [ -89.015692, 31.766199 ], [ -89.019005, 31.766177 ], [ -89.019141, 31.777109 ] ] ], [ [ [ -89.025333, 32.695176 ], [ -89.021034, 32.692262 ], [ -89.021021, 32.687859 ], [ -89.02531, 32.687908 ], [ -89.025333, 32.695176 ] ] ], [ [ [ -89.033705, 32.700909 ], [ -89.02961, 32.702533 ], [ -89.029622, 32.695208 ], [ -89.033932, 32.695218 ], [ -89.033705, 32.700909 ] ] ], [ [ [ -89.042403, 32.717064 ], [ -89.038203, 32.71701 ], [ -89.038211, 32.713442 ], [ -89.042334, 32.713466 ], [ -89.042403, 32.717064 ] ] ], [ [ [ -89.051917, 32.709708 ], [ -89.046822, 32.709713 ], [ -89.046774, 32.702502 ], [ -89.05027, 32.702505 ], [ -89.051917, 32.709708 ] ] ], [ [ [ -89.056488, 33.104065 ], [ -89.055576, 33.108722 ], [ -89.053342, 33.107821 ], [ -89.056488, 33.104065 ] ] ], [ [ [ -89.05973, 32.735309 ], [ -89.051124, 32.735305 ], [ -89.051105, 32.728018 ], [ -89.059556, 32.727958 ], [ -89.059671, 32.728151 ], [ -89.05973, 32.735309 ] ] ], [ [ [ -89.063997, 32.728125 ], [ -89.059671, 32.728151 ], [ -89.059648, 32.724334 ], [ -89.063999, 32.724323 ], [ -89.063997, 32.728125 ] ] ], [ [ [ -89.077, 32.702413 ], [ -89.068319, 32.702562 ], [ -89.068335, 32.709577 ], [ -89.059633, 32.709691 ], [ -89.059648, 32.724334 ], [ -89.051085, 32.724385 ], [ -89.051167, 32.71243 ], [ -89.05529, 32.709162 ], [ -89.052782, 32.706722 ], [ -89.059647, 32.706236 ], [ -89.059573, 32.695428 ], [ -89.068217, 32.693593 ], [ -89.067308, 32.698744 ], [ -89.076884, 32.698764 ], [ -89.077, 32.702413 ] ] ], [ [ [ -89.089235, 32.709435 ], [ -89.076984, 32.71318 ], [ -89.077, 32.702413 ], [ -89.085586, 32.700588 ], [ -89.085624, 32.70605 ], [ -89.089887, 32.706041 ], [ -89.089235, 32.709435 ] ] ], [ [ [ -89.098305, 32.771874 ], [ -89.097952, 32.77246 ], [ -89.097575, 32.772464 ], [ -89.098305, 32.771874 ] ] ], [ [ [ -89.102924, 32.776809 ], [ -89.098606, 32.779803 ], [ -89.098578, 32.776068 ], [ -89.102924, 32.776809 ] ] ], [ [ [ -89.180643, 32.835217 ], [ -89.17633, 32.835241 ], [ -89.176323, 32.83916 ], [ -89.159121, 32.835182 ], [ -89.159057, 32.839129 ], [ -89.137635, 32.841024 ], [ -89.137531, 32.835077 ], [ -89.128914, 32.834962 ], [ -89.129027, 32.839782 ], [ -89.124717, 32.83189 ], [ -89.132638, 32.827001 ], [ -89.13892, 32.833131 ], [ -89.158148, 32.824724 ], [ -89.16153, 32.827258 ], [ -89.166397, 32.824429 ], [ -89.172714, 32.829685 ], [ -89.180526, 32.827201 ], [ -89.180643, 32.835217 ] ] ], [ [ [ -89.188855, 32.750486 ], [ -89.180562, 32.750486 ], [ -89.180585, 32.746562 ], [ -89.188936, 32.746656 ], [ -89.188855, 32.750486 ] ] ], [ [ [ -89.206571, 32.746677 ], [ -89.197804, 32.746426 ], [ -89.197709, 32.74287 ], [ -89.206554, 32.742827 ], [ -89.206571, 32.746677 ] ] ], [ [ [ -89.23805, 32.75083 ], [ -89.234979, 32.751541 ], [ -89.234892, 32.746707 ], [ -89.228261, 32.744979 ], [ -89.228136, 32.738966 ], [ -89.236668, 32.738942 ], [ -89.23805, 32.75083 ] ] ], [ [ [ -89.266537, 32.442289 ], [ -89.262297, 32.4423 ], [ -89.262296, 32.434987 ], [ -89.266422, 32.435053 ], [ -89.266537, 32.442289 ] ] ], [ [ [ -89.266707, 32.761484 ], [ -89.262405, 32.761525 ], [ -89.260218, 32.757909 ], [ -89.266607, 32.757844 ], [ -89.266707, 32.761484 ] ] ], [ [ [ -89.279467, 32.434896 ], [ -89.27078, 32.434906 ], [ -89.270775, 32.423917 ], [ -89.275198, 32.423911 ], [ -89.279467, 32.434896 ] ] ], [ [ [ -89.279553, 32.475127 ], [ -89.275204, 32.475258 ], [ -89.275203, 32.471395 ], [ -89.279552, 32.471393 ], [ -89.279553, 32.475127 ] ] ], [ [ [ -89.289293, 32.461323 ], [ -89.275208, 32.46036 ], [ -89.275203, 32.471395 ], [ -89.266598, 32.471369 ], [ -89.266619, 32.474627 ], [ -89.270894, 32.474553 ], [ -89.270973, 32.48301 ], [ -89.262491, 32.48305 ], [ -89.262497, 32.48694 ], [ -89.249583, 32.486923 ], [ -89.249581, 32.479179 ], [ -89.245271, 32.479184 ], [ -89.245269, 32.47536 ], [ -89.253907, 32.475364 ], [ -89.2539, 32.47141 ], [ -89.241561, 32.46875 ], [ -89.245222, 32.466469 ], [ -89.245077, 32.457025 ], [ -89.249423, 32.457019 ], [ -89.249477, 32.453313 ], [ -89.245093, 32.453282 ], [ -89.245096, 32.449703 ], [ -89.240805, 32.447846 ], [ -89.232473, 32.447823 ], [ -89.232538, 32.439763 ], [ -89.235154, 32.438285 ], [ -89.23257, 32.435261 ], [ -89.249584, 32.438787 ], [ -89.249599, 32.442422 ], [ -89.253769, 32.442402 ], [ -89.253776, 32.453288 ], [ -89.262288, 32.449612 ], [ -89.262287, 32.445186 ], [ -89.270774, 32.445893 ], [ -89.270769, 32.456648 ], [ -89.289297, 32.455626 ], [ -89.289293, 32.461323 ] ], [ [ -89.267553, 32.464134 ], [ -89.268494, 32.452365 ], [ -89.262283, 32.451385 ], [ -89.266539, 32.453183 ], [ -89.266527, 32.456848 ], [ -89.262268, 32.456327 ], [ -89.262273, 32.464137 ], [ -89.267553, 32.464134 ] ], [ [ -89.245099, 32.446096 ], [ -89.242985, 32.444514 ], [ -89.241433, 32.445871 ], [ -89.245099, 32.446096 ] ] ], [ [ [ -89.292431, 32.490463 ], [ -89.279549, 32.494138 ], [ -89.279567, 32.482946 ], [ -89.292448, 32.482957 ], [ -89.292431, 32.490463 ] ] ], [ [ [ -89.295391, 32.827172 ], [ -89.293457, 32.831199 ], [ -89.28921, 32.831192 ], [ -89.28917, 32.834858 ], [ -89.280145, 32.835084 ], [ -89.280187, 32.83114 ], [ -89.257747, 32.829547 ], [ -89.235024, 32.832442 ], [ -89.228336, 32.828124 ], [ -89.22441, 32.829649 ], [ -89.224524, 32.83338 ], [ -89.222253, 32.82902 ], [ -89.217011, 32.832933 ], [ -89.207616, 32.833955 ], [ -89.206637, 32.812732 ], [ -89.201969, 32.812733 ], [ -89.202139, 32.801706 ], [ -89.206518, 32.801744 ], [ -89.206549, 32.790815 ], [ -89.204395, 32.794496 ], [ -89.202223, 32.790831 ], [ -89.189233, 32.790747 ], [ -89.189254, 32.787114 ], [ -89.184988, 32.787112 ], [ -89.184979, 32.783075 ], [ -89.179082, 32.780734 ], [ -89.189313, 32.779781 ], [ -89.189084, 32.761695 ], [ -89.197861, 32.761674 ], [ -89.197976, 32.758039 ], [ -89.201135, 32.758013 ], [ -89.201135, 32.761665 ], [ -89.219403, 32.761696 ], [ -89.219379, 32.754472 ], [ -89.227898, 32.754492 ], [ -89.227947, 32.758074 ], [ -89.23643, 32.758074 ], [ -89.23643, 32.761674 ], [ -89.235311, 32.765273 ], [ -89.2321, 32.765314 ], [ -89.232191, 32.773673 ], [ -89.223686, 32.774045 ], [ -89.223633, 32.776224 ], [ -89.227941, 32.776224 ], [ -89.22814, 32.77983 ], [ -89.232232, 32.777921 ], [ -89.262041, 32.782724 ], [ -89.266775, 32.780947 ], [ -89.266774, 32.776163 ], [ -89.262457, 32.776166 ], [ -89.262419, 32.768994 ], [ -89.266759, 32.769022 ], [ -89.266733, 32.763325 ], [ -89.275315, 32.764252 ], [ -89.277437, 32.766974 ], [ -89.275413, 32.776168 ], [ -89.282222, 32.776251 ], [ -89.282784, 32.784021 ], [ -89.286645, 32.786697 ], [ -89.279709, 32.78722 ], [ -89.279667, 32.783594 ], [ -89.271068, 32.779231 ], [ -89.271185, 32.79079 ], [ -89.27753, 32.801993 ], [ -89.273361, 32.80905 ], [ -89.271314, 32.805521 ], [ -89.271335, 32.812632 ], [ -89.284259, 32.812642 ], [ -89.284214, 32.808963 ], [ -89.288516, 32.808943 ], [ -89.288536, 32.812648 ], [ -89.294714, 32.814141 ], [ -89.291815, 32.82143 ], [ -89.295391, 32.827172 ] ], [ [ -89.279966, 32.816181 ], [ -89.275646, 32.816201 ], [ -89.275713, 32.819775 ], [ -89.28006, 32.819863 ], [ -89.279966, 32.816181 ] ], [ [ -89.266837, 32.788897 ], [ -89.262498, 32.788444 ], [ -89.262491, 32.788895 ], [ -89.266837, 32.788897 ] ], [ [ -89.262528, 32.798128 ], [ -89.253831, 32.798063 ], [ -89.253895, 32.805173 ], [ -89.258219, 32.805253 ], [ -89.262528, 32.798128 ] ], [ [ -89.249583, 32.808852 ], [ -89.243148, 32.808858 ], [ -89.245016, 32.81251 ], [ -89.249553, 32.812557 ], [ -89.249583, 32.808852 ] ], [ [ -89.236539, 32.79451 ], [ -89.228, 32.790806 ], [ -89.227911, 32.798213 ], [ -89.236472, 32.798103 ], [ -89.236539, 32.79451 ] ], [ [ -89.232284, 32.816354 ], [ -89.223686, 32.816345 ], [ -89.223702, 32.819853 ], [ -89.232359, 32.819854 ], [ -89.232284, 32.816354 ] ], [ [ -89.223661, 32.805396 ], [ -89.21949, 32.805415 ], [ -89.219424, 32.801807 ], [ -89.213821, 32.801778 ], [ -89.215214, 32.807262 ], [ -89.223661, 32.805396 ] ], [ [ -89.220848, 32.778088 ], [ -89.220111, 32.776217 ], [ -89.219389, 32.778134 ], [ -89.220848, 32.778088 ] ], [ [ -89.212991, 32.775622 ], [ -89.208051, 32.77263 ], [ -89.206575, 32.776251 ], [ -89.212991, 32.775622 ] ], [ [ -89.197934, 32.770961 ], [ -89.193613, 32.769873 ], [ -89.194665, 32.776224 ], [ -89.195248, 32.770434 ], [ -89.197934, 32.770961 ] ], [ [ -89.271335, 32.812632 ], [ -89.266874, 32.812657 ], [ -89.266973, 32.819777 ], [ -89.27119, 32.819758 ], [ -89.271335, 32.812632 ] ] ], [ [ [ -89.305113, 32.434864 ], [ -89.300831, 32.434969 ], [ -89.302838, 32.44027 ], [ -89.288014, 32.438474 ], [ -89.292382, 32.431187 ], [ -89.288732, 32.431177 ], [ -89.288019, 32.427503 ], [ -89.300756, 32.427464 ], [ -89.305113, 32.434864 ] ] ], [ [ [ -89.30511, 32.47122 ], [ -89.296618, 32.471222 ], [ -89.2987, 32.461903 ], [ -89.296639, 32.456643 ], [ -89.300882, 32.456691 ], [ -89.300874, 32.463941 ], [ -89.305115, 32.463948 ], [ -89.30511, 32.47122 ] ] ], [ [ [ -89.310177, 32.805296 ], [ -89.305714, 32.805267 ], [ -89.301283, 32.812656 ], [ -89.290264, 32.811122 ], [ -89.287338, 32.806721 ], [ -89.296929, 32.805274 ], [ -89.296731, 32.801304 ], [ -89.292809, 32.804497 ], [ -89.290547, 32.787176 ], [ -89.294773, 32.788006 ], [ -89.294834, 32.79433 ], [ -89.30125, 32.794327 ], [ -89.301394, 32.801465 ], [ -89.306945, 32.801058 ], [ -89.310177, 32.805296 ] ] ], [ [ [ -89.326524, 32.803217 ], [ -89.31861, 32.805295 ], [ -89.318595, 32.811027 ], [ -89.314659, 32.814066 ], [ -89.314409, 32.801644 ], [ -89.305793, 32.798083 ], [ -89.310017, 32.798062 ], [ -89.30996, 32.790451 ], [ -89.314331, 32.791144 ], [ -89.314394, 32.800878 ], [ -89.314901, 32.798054 ], [ -89.318627, 32.797992 ], [ -89.318619, 32.801385 ], [ -89.326524, 32.803217 ] ] ], [ [ [ -89.339748, 32.79165 ], [ -89.337823, 32.795443 ], [ -89.335857, 32.797877 ], [ -89.335657, 32.790737 ], [ -89.339748, 32.79165 ] ] ], [ [ [ -89.362595, 32.494018 ], [ -89.366869, 32.495829 ], [ -89.362586, 32.495831 ], [ -89.362595, 32.494018 ] ] ], [ [ [ -89.376029, 32.724251 ], [ -89.369472, 32.72783 ], [ -89.369508, 32.724077 ], [ -89.376029, 32.724251 ] ] ], [ [ [ -89.405195, 32.685703 ], [ -89.399712, 32.687067 ], [ -89.399745, 32.680094 ], [ -89.403851, 32.680084 ], [ -89.405195, 32.685703 ] ] ], [ [ [ -89.454554, 32.681505 ], [ -89.450421, 32.68064 ], [ -89.450482, 32.687423 ], [ -89.437637, 32.683253 ], [ -89.437632, 32.680151 ], [ -89.446126, 32.680155 ], [ -89.44618, 32.676549 ], [ -89.452561, 32.676493 ], [ -89.454554, 32.681505 ] ] ], [ [ [ -89.4637, 32.676429 ], [ -89.463679, 32.683713 ], [ -89.45903, 32.68372 ], [ -89.456636, 32.68066 ], [ -89.459037, 32.676426 ], [ -89.4637, 32.676429 ] ] ], [ [ [ -89.470129, 32.661443 ], [ -89.466647, 32.666832 ], [ -89.463347, 32.66542 ], [ -89.463356, 32.672807 ], [ -89.459005, 32.672795 ], [ -89.459037, 32.676426 ], [ -89.454713, 32.676438 ], [ -89.456402, 32.665321 ], [ -89.450579, 32.665432 ], [ -89.450575, 32.672787 ], [ -89.433496, 32.672908 ], [ -89.433607, 32.669954 ], [ -89.441929, 32.669028 ], [ -89.442155, 32.66144 ], [ -89.448423, 32.660119 ], [ -89.446264, 32.653548 ], [ -89.450546, 32.653552 ], [ -89.450533, 32.649596 ], [ -89.463495, 32.649586 ], [ -89.463542, 32.653524 ], [ -89.454844, 32.653554 ], [ -89.454847, 32.660938 ], [ -89.458651, 32.661628 ], [ -89.460462, 32.657494 ], [ -89.463474, 32.657583 ], [ -89.463668, 32.662465 ], [ -89.467978, 32.658936 ], [ -89.470129, 32.661443 ] ], [ [ -89.450566, 32.664455 ], [ -89.449433, 32.661479 ], [ -89.449429, 32.664915 ], [ -89.450566, 32.664455 ] ] ], [ [ [ -89.513477, 32.741265 ], [ -89.512544, 32.744462 ], [ -89.511587, 32.741982 ], [ -89.513477, 32.741265 ] ] ], [ [ [ -89.519887, 32.760941 ], [ -89.519776, 32.769614 ], [ -89.511201, 32.768278 ], [ -89.513353, 32.753857 ], [ -89.515618, 32.760868 ], [ -89.519887, 32.760941 ] ] ], [ [ [ -89.524324, 32.809839 ], [ -89.515657, 32.808178 ], [ -89.515638, 32.81179 ], [ -89.503815, 32.811813 ], [ -89.503681, 32.808216 ], [ -89.507035, 32.808168 ], [ -89.507063, 32.804567 ], [ -89.524301, 32.804573 ], [ -89.524324, 32.809839 ] ] ], [ [ [ -89.532515, 32.753585 ], [ -89.53032, 32.75723 ], [ -89.530336, 32.753594 ], [ -89.532515, 32.753585 ] ] ], [ [ [ -89.536513, 32.757372 ], [ -89.532384, 32.759377 ], [ -89.532381, 32.757217 ], [ -89.536513, 32.757372 ] ] ], [ [ [ -89.547937, 32.930551 ], [ -89.537711, 32.930803 ], [ -89.536536, 32.923365 ], [ -89.54689, 32.925273 ], [ -89.547937, 32.930551 ] ] ], [ [ [ -89.549199, 32.793749 ], [ -89.544854, 32.793749 ], [ -89.54491, 32.790103 ], [ -89.536627, 32.786472 ], [ -89.536524, 32.779092 ], [ -89.549026, 32.77924 ], [ -89.549199, 32.793749 ] ] ], [ [ [ -89.551896, 32.938198 ], [ -89.541197, 32.938233 ], [ -89.543415, 32.945548 ], [ -89.541272, 32.944042 ], [ -89.541335, 32.95284 ], [ -89.537393, 32.952829 ], [ -89.537122, 32.932585 ], [ -89.548025, 32.930911 ], [ -89.551896, 32.938198 ] ] ], [ [ [ -89.553496, 32.764451 ], [ -89.544928, 32.760799 ], [ -89.549216, 32.768087 ], [ -89.536466, 32.768108 ], [ -89.536435, 32.760821 ], [ -89.54189, 32.760804 ], [ -89.538917, 32.753983 ], [ -89.548659, 32.751536 ], [ -89.549301, 32.760738 ], [ -89.553496, 32.760782 ], [ -89.553496, 32.764451 ] ] ], [ [ [ -89.557749, 32.793785 ], [ -89.55342, 32.793788 ], [ -89.553444, 32.786423 ], [ -89.557682, 32.786423 ], [ -89.557749, 32.793785 ] ] ], [ [ [ -89.559489, 33.014836 ], [ -89.556235, 33.014864 ], [ -89.55637, 33.009936 ], [ -89.559487, 33.00991 ], [ -89.559489, 33.014836 ] ] ], [ [ [ -89.561487, 32.795296 ], [ -89.56124, 32.797431 ], [ -89.557027, 32.797417 ], [ -89.561487, 32.795296 ] ] ], [ [ [ -89.561998, 32.782791 ], [ -89.553425, 32.782801 ], [ -89.553359, 32.779109 ], [ -89.56204, 32.77912 ], [ -89.561998, 32.782791 ] ] ], [ [ [ -89.562145, 32.775409 ], [ -89.557751, 32.77457 ], [ -89.555597, 32.768053 ], [ -89.562146, 32.768057 ], [ -89.562145, 32.775409 ] ] ], [ [ [ -89.594351, 35.683722 ], [ -89.584828, 35.68317 ], [ -89.588544, 35.673232 ], [ -89.593364, 35.67384 ], [ -89.592004, 35.680549 ], [ -89.594351, 35.683722 ] ] ], [ [ [ -90.032187, 33.538513 ], [ -90.013244, 33.541938 ], [ -90.013041, 33.520533 ], [ -90.032264, 33.524243 ], [ -90.032187, 33.538513 ] ] ] ] } },
{ "type": "Feature", "properties": { "AIANNHCE": "3400", "NAMELSAD": "San Felipe Pueblo", "NAME": "San Felipe", "AREA_TYPE": "Pueblo", "STATE_NAMES": "New Mexico", "DECLARATIONS": 2, "OWN_REQUEST": 0, "UNDER_STATE": 2, "FIRST_YEAR": 2011.0, "LATEST_YEAR": 2013.0, "INCIDENT_LIST": "Severe Storm", "POPULATION": 3518, "LAND_SQ_MI": 79.6, "N_COUNTIES": 1, "COUNTY_NAMES": "Sandoval County", "COUNTY_DISASTER_MAX": 6 }, "geometry": { "type": "Polygon", "coordinates": [ [ [ -106.530109, 35.450802 ], [ -106.490253, 35.4508 ], [ -106.49019, 35.465288 ], [ -106.494422, 35.465287 ], [ -106.494552, 35.472791 ], [ -106.485807, 35.472746 ], [ -106.485786, 35.477844 ], [ -106.494356, 35.477937 ], [ -106.494394, 35.494703 ], [ -106.499521, 35.494643 ], [ -106.499199, 35.509344 ], [ -106.503185, 35.509451 ], [ -106.503189, 35.523903 ], [ -106.494291, 35.523927 ], [ -106.494149, 35.532997 ], [ -106.487106, 35.532995 ], [ -106.434616, 35.500369 ], [ -106.400524, 35.477769 ], [ -106.400636, 35.471093 ], [ -106.355884, 35.471176 ], [ -106.355168, 35.365633 ], [ -106.399678, 35.365237 ], [ -106.3997, 35.354359 ], [ -106.394781, 35.354225 ], [ -106.394803, 35.348357 ], [ -106.404209, 35.34829 ], [ -106.404274, 35.354563 ], [ -106.480896, 35.357986 ], [ -106.474762, 35.366516 ], [ -106.512079, 35.368258 ], [ -106.51216, 35.371403 ], [ -106.506683, 35.370326 ], [ -106.503836, 35.377051 ], [ -106.487108, 35.384578 ], [ -106.487205, 35.38767 ], [ -106.496443, 35.387596 ], [ -106.50119, 35.382296 ], [ -106.501373, 35.392526 ], [ -106.487222, 35.393239 ], [ -106.487246, 35.395701 ], [ -106.491755, 35.395859 ], [ -106.494714, 35.403121 ], [ -106.504418, 35.402969 ], [ -106.504619, 35.407282 ], [ -106.512671, 35.4111 ], [ -106.512683, 35.4146 ], [ -106.530119, 35.414858 ], [ -106.530109, 35.450802 ] ] ] } },
{ "type": "Feature", "properties": { "AIANNHCE": "2030", "NAMELSAD": "Lower Brule Reservation and Off-Reservation Trust Land", "NAME": "Lower Brule", "AREA_TYPE": "Reservation", "STATE_NAMES": "South Dakota", "DECLARATIONS": 2, "OWN_REQUEST": 0, "UNDER_STATE": 2, "FIRST_YEAR": 2015.0, "LATEST_YEAR": 2020.0, "INCIDENT_LIST": "Severe Storm", "POPULATION": 1600, "LAND_SQ_MI": 343.4, "N_COUNTIES": 6, "COUNTY_NAMES": "Lyman County; Stanley County; Hughes County and others", "COUNTY_DISASTER_MAX": 6 }, "geometry": { "type": "MultiPolygon", "coordinates": [ [ [ [ -99.405072, 43.81154 ], [ -99.39934, 43.810586 ], [ -99.396949, 43.802447 ], [ -99.405019, 43.804183 ], [ -99.405072, 43.81154 ] ] ], [ [ [ -100.084031, 44.194702 ], [ -100.083445, 44.284747 ], [ -100.037247, 44.285661 ], [ -100.015817, 44.280787 ], [ -99.984421, 44.268338 ], [ -99.960573, 44.264512 ], [ -99.921059, 44.26586 ], [ -99.899902, 44.25516 ], [ -99.892596, 44.239234 ], [ -99.906162, 44.225614 ], [ -99.934803, 44.206095 ], [ -99.938217, 44.195195 ], [ -99.91687, 44.167867 ], [ -99.910322, 44.154638 ], [ -99.884485, 44.129582 ], [ -99.860349, 44.123638 ], [ -99.763054, 44.135237 ], [ -99.654536, 44.101689 ], [ -99.632524, 44.097895 ], [ -99.612249, 44.103694 ], [ -99.601679, 44.114489 ], [ -99.598767, 44.123778 ], [ -99.607176, 44.145254 ], [ -99.622967, 44.156502 ], [ -99.645, 44.1655 ], [ -99.695752, 44.172375 ], [ -99.710694, 44.184581 ], [ -99.710264, 44.193197 ], [ -99.701366, 44.203364 ], [ -99.684033, 44.21446 ], [ -99.666121, 44.217345 ], [ -99.63235, 44.215661 ], [ -99.593941, 44.204045 ], [ -99.551233, 44.171215 ], [ -99.540747, 44.15851 ], [ -99.540641, 44.150137 ], [ -99.554, 44.127766 ], [ -99.562325, 44.103572 ], [ -99.558435, 44.091971 ], [ -99.539514, 44.07333 ], [ -99.511334, 44.05499 ], [ -99.449774, 44.04844 ], [ -99.427668, 44.042796 ], [ -99.35372, 43.995329 ], [ -99.345995, 43.981446 ], [ -99.346229, 43.962309 ], [ -99.357709, 43.926798 ], [ -99.36318, 43.914776 ], [ -99.525583, 43.91446 ], [ -99.525305, 44.014217 ], [ -100.06604, 44.013962 ], [ -100.065911, 44.194868 ], [ -100.084031, 44.194702 ] ] ], [ [ [ -100.164467, 44.210096 ], [ -100.144127, 44.210082 ], [ -100.143871, 44.194719 ], [ -100.163966, 44.194788 ], [ -100.164467, 44.210096 ] ] ], [ [ [ -100.226549, 44.194732 ], [ -100.223362, 44.194744 ], [ -100.224441, 44.209274 ], [ -100.204277, 44.2094 ], [ -100.203817, 44.194774 ], [ -100.188844, 44.19479 ], [ -100.188818, 44.202077 ], [ -100.183954, 44.202062 ], [ -100.183781, 44.194779 ], [ -100.166262, 44.194789 ], [ -100.166287, 44.180471 ], [ -100.1761, 44.180552 ], [ -100.176258, 44.172756 ], [ -100.186177, 44.172874 ], [ -100.186337, 44.165601 ], [ -100.19631, 44.16559 ], [ -100.196332, 44.180333 ], [ -100.206499, 44.180313 ], [ -100.206379, 44.187454 ], [ -100.226737, 44.187421 ], [ -100.226549, 44.194732 ] ] ] ] } },
{ "type": "Feature", "properties": { "AIANNHCE": "4690", "NAMELSAD": "Yakama Nation Reservation and Off-Reservation Trust Land", "NAME": "Yakama Nation", "AREA_TYPE": "Reservation", "STATE_NAMES": "Washington", "DECLARATIONS": 2, "OWN_REQUEST": 1, "UNDER_STATE": 1, "FIRST_YEAR": 2021.0, "LATEST_YEAR": 2024.0, "INCIDENT_LIST": "Fire", "POPULATION": 30209, "LAND_SQ_MI": 2185.7, "N_COUNTIES": 3, "COUNTY_NAMES": "Yakima County; Klickitat County; Lewis County", "COUNTY_DISASTER_MAX": 11 }, "geometry": { "type": "MultiPolygon", "coordinates": [ [ [ [ -119.919292, 45.87298 ], [ -119.909175, 45.872954 ], [ -119.909225, 45.865655 ], [ -119.919357, 45.86565 ], [ -119.919292, 45.87298 ] ] ], [ [ [ -119.930584, 45.852106 ], [ -119.909387, 45.85188 ], [ -119.90914, 45.844799 ], [ -119.930513, 45.844904 ], [ -119.930584, 45.852106 ] ] ], [ [ [ -119.951024, 45.858918 ], [ -119.940965, 45.858926 ], [ -119.940933, 45.866161 ], [ -119.930469, 45.866157 ], [ -119.930584, 45.852106 ], [ -119.951254, 45.852028 ], [ -119.951024, 45.858918 ] ] ], [ [ [ -119.981997, 45.851991 ], [ -119.951254, 45.852028 ], [ -119.951314, 45.837811 ], [ -119.971828, 45.837796 ], [ -119.971794, 45.845017 ], [ -119.981901, 45.844929 ], [ -119.981997, 45.851991 ] ] ], [ [ [ -120.116331, 45.8082 ], [ -120.095606, 45.808687 ], [ -120.095779, 45.801563 ], [ -120.105707, 45.801359 ], [ -120.105989, 45.794167 ], [ -120.116498, 45.79415 ], [ -120.116331, 45.8082 ] ] ], [ [ [ -120.126628, 45.812042 ], [ -120.116417, 45.812054 ], [ -120.116325, 45.808688 ], [ -120.126777, 45.80871 ], [ -120.126628, 45.812042 ] ] ], [ [ [ -120.147663, 45.83075 ], [ -120.136894, 45.830637 ], [ -120.136913, 45.837763 ], [ -120.116635, 45.837538 ], [ -120.116441, 45.833177 ], [ -120.109066, 45.830019 ], [ -120.095813, 45.830048 ], [ -120.095634, 45.822873 ], [ -120.126706, 45.822926 ], [ -120.126798, 45.816049 ], [ -120.137344, 45.816203 ], [ -120.137388, 45.82373 ], [ -120.147761, 45.823536 ], [ -120.147663, 45.83075 ] ] ], [ [ [ -120.178688, 45.815706 ], [ -120.178484, 45.829661 ], [ -120.158185, 45.829631 ], [ -120.158005, 45.815991 ], [ -120.178688, 45.815706 ] ] ], [ [ [ -120.408938, 45.903421 ], [ -120.393578, 45.903228 ], [ -120.393868, 45.892593 ], [ -120.408575, 45.892723 ], [ -120.408938, 45.903421 ] ] ], [ [ [ -120.409245, 45.778283 ], [ -120.398685, 45.778298 ], [ -120.39856, 45.770944 ], [ -120.387796, 45.770975 ], [ -120.387877, 45.763911 ], [ -120.408902, 45.764089 ], [ -120.409245, 45.778283 ] ] ], [ [ [ -120.418756, 45.874108 ], [ -120.418549, 45.881367 ], [ -120.408362, 45.881362 ], [ -120.408546, 45.874271 ], [ -120.418756, 45.874108 ] ] ], [ [ [ -120.429495, 45.910762 ], [ -120.418998, 45.910791 ], [ -120.418939, 45.91722 ], [ -120.408708, 45.917181 ], [ -120.408938, 45.903421 ], [ -120.418968, 45.90335 ], [ -120.419008, 45.896402 ], [ -120.429111, 45.896521 ], [ -120.429495, 45.910762 ] ] ], [ [ [ -120.429355, 45.924518 ], [ -120.418872, 45.924607 ], [ -120.418939, 45.91722 ], [ -120.429518, 45.917258 ], [ -120.429355, 45.924518 ] ] ], [ [ [ -120.450547, 45.778474 ], [ -120.429857, 45.778527 ], [ -120.429984, 45.771197 ], [ -120.414085, 45.771116 ], [ -120.413942, 45.764061 ], [ -120.408902, 45.764089 ], [ -120.4089, 45.756871 ], [ -120.419199, 45.756945 ], [ -120.418994, 45.742282 ], [ -120.424226, 45.742212 ], [ -120.424317, 45.72772 ], [ -120.434781, 45.727661 ], [ -120.434727, 45.731792 ], [ -120.439748, 45.731728 ], [ -120.439825, 45.735067 ], [ -120.445248, 45.735096 ], [ -120.445155, 45.727973 ], [ -120.450104, 45.727998 ], [ -120.450156, 45.753089 ], [ -120.444756, 45.753485 ], [ -120.44493, 45.763946 ], [ -120.439923, 45.763998 ], [ -120.439722, 45.771349 ], [ -120.4507, 45.77128 ], [ -120.450547, 45.778474 ] ] ], [ [ [ -120.470487, 45.937517 ], [ -120.449951, 45.93778 ], [ -120.449909, 45.924389 ], [ -120.470468, 45.924276 ], [ -120.470487, 45.937517 ] ] ], [ [ [ -120.470605, 45.910556 ], [ -120.449234, 45.910532 ], [ -120.449445, 45.895835 ], [ -120.470269, 45.895885 ], [ -120.470605, 45.910556 ] ] ], [ [ [ -120.470878, 45.727579 ], [ -120.450125, 45.727609 ], [ -120.450193, 45.724279 ], [ -120.470992, 45.720083 ], [ -120.470878, 45.727579 ] ] ], [ [ [ -120.480449, 45.917787 ], [ -120.470199, 45.917454 ], [ -120.470605, 45.910556 ], [ -120.480457, 45.910568 ], [ -120.480449, 45.917787 ] ] ], [ [ [ -120.501423, 45.852697 ], [ -120.460191, 45.852941 ], [ -120.460165, 45.845748 ], [ -120.501342, 45.845723 ], [ -120.501423, 45.852697 ] ] ], [ [ [ -120.531713, 45.838246 ], [ -120.521266, 45.838297 ], [ -120.522517, 45.831287 ], [ -120.531665, 45.831312 ], [ -120.531713, 45.838246 ] ] ], [ [ [ -120.532684, 45.910097 ], [ -120.491327, 45.910601 ], [ -120.491249, 45.903405 ], [ -120.480646, 45.903242 ], [ -120.480467, 45.889088 ], [ -120.470259, 45.888877 ], [ -120.470416, 45.881644 ], [ -120.449791, 45.881657 ], [ -120.449831, 45.867081 ], [ -120.490777, 45.866658 ], [ -120.491252, 45.896233 ], [ -120.532711, 45.895992 ], [ -120.532684, 45.910097 ] ] ], [ [ [ -120.53281, 45.924257 ], [ -120.522074, 45.924195 ], [ -120.522298, 45.916829 ], [ -120.53321, 45.916995 ], [ -120.53281, 45.924257 ] ] ], [ [ [ -120.749576, 45.882654 ], [ -120.735611, 45.887591 ], [ -120.735543, 45.88391 ], [ -120.739399, 45.88227 ], [ -120.749576, 45.882654 ] ] ], [ [ [ -120.802204, 45.865019 ], [ -120.791241, 45.865041 ], [ -120.791225, 45.86133 ], [ -120.802216, 45.861402 ], [ -120.802204, 45.865019 ] ] ], [ [ [ -120.89574, 45.6938 ], [ -120.885458, 45.693868 ], [ -120.885607, 45.686812 ], [ -120.895856, 45.686975 ], [ -120.89574, 45.6938 ] ] ], [ [ [ -120.895949, 45.672468 ], [ -120.885667, 45.672488 ], [ -120.885643, 45.665393 ], [ -120.89602, 45.665328 ], [ -120.895949, 45.672468 ] ] ], [ [ [ -120.927074, 45.679942 ], [ -120.906285, 45.679752 ], [ -120.906376, 45.67261 ], [ -120.927089, 45.672768 ], [ -120.927074, 45.679942 ] ] ], [ [ [ -120.942586, 45.672855 ], [ -120.931809, 45.672871 ], [ -120.931766, 45.665649 ], [ -120.942493, 45.666761 ], [ -120.942586, 45.672855 ] ] ], [ [ [ -120.947551, 45.687103 ], [ -120.937161, 45.687171 ], [ -120.937093, 45.680115 ], [ -120.947688, 45.680079 ], [ -120.947551, 45.687103 ] ] ], [ [ [ -120.957596, 45.680045 ], [ -120.947688, 45.680079 ], [ -120.947755, 45.676623 ], [ -120.957583, 45.676559 ], [ -120.957596, 45.680045 ] ] ], [ [ [ -120.968134, 45.673097 ], [ -120.957529, 45.673079 ], [ -120.957583, 45.665799 ], [ -120.952481, 45.665806 ], [ -120.952549, 45.672962 ], [ -120.947527, 45.672969 ], [ -120.947582, 45.661556 ], [ -120.96809, 45.663329 ], [ -120.968134, 45.673097 ] ] ], [ [ [ -120.998681, 45.662265 ], [ -120.988665, 45.662396 ], [ -120.988714, 45.65875 ], [ -120.998724, 45.658645 ], [ -120.998681, 45.662265 ] ] ], [ [ [ -120.998779, 45.669574 ], [ -120.988559, 45.669609 ], [ -120.988624, 45.665993 ], [ -120.9987, 45.665923 ], [ -120.998779, 45.669574 ] ] ], [ [ [ -121.019662, 45.69466 ], [ -121.009257, 45.694667 ], [ -121.009279, 45.687638 ], [ -121.019414, 45.687695 ], [ -121.019662, 45.69466 ] ] ], [ [ [ -121.024743, 45.665901 ], [ -121.009126, 45.666123 ], [ -121.009277, 45.658606 ], [ -121.024643, 45.661602 ], [ -121.024743, 45.665901 ] ] ], [ [ [ -121.045038, 45.672833 ], [ -121.040016, 45.672844 ], [ -121.040056, 45.676719 ], [ -121.034916, 45.676687 ], [ -121.034946, 45.680076 ], [ -121.019251, 45.680123 ], [ -121.019228, 45.67303 ], [ -121.029719, 45.673186 ], [ -121.029773, 45.666258 ], [ -121.044983, 45.665955 ], [ -121.045038, 45.672833 ] ] ], [ [ [ -121.06028, 45.855224 ], [ -121.050123, 45.855205 ], [ -121.050054, 45.847986 ], [ -121.060212, 45.848039 ], [ -121.06028, 45.855224 ] ] ], [ [ [ -121.087088, 45.819209 ], [ -121.081892, 45.819243 ], [ -121.081992, 45.811833 ], [ -121.086869, 45.811878 ], [ -121.087088, 45.819209 ] ] ], [ [ [ -121.102577, 45.829587 ], [ -121.097472, 45.829629 ], [ -121.097454, 45.825864 ], [ -121.10266, 45.825944 ], [ -121.102577, 45.829587 ] ] ], [ [ [ -121.110766, 45.650971 ], [ -121.105575, 45.651009 ], [ -121.105525, 45.648509 ], [ -121.110479, 45.648768 ], [ -121.110766, 45.650971 ] ] ], [ [ [ -121.11111, 45.656909 ], [ -121.105796, 45.657839 ], [ -121.105587, 45.65426 ], [ -121.110987, 45.654223 ], [ -121.11111, 45.656909 ] ] ], [ [ [ -121.117965, 45.81505 ], [ -121.10784, 45.815138 ], [ -121.107958, 45.818856 ], [ -121.102554, 45.818889 ], [ -121.102657, 45.811727 ], [ -121.092328, 45.811782 ], [ -121.092678, 45.804773 ], [ -121.113269, 45.808437 ], [ -121.117965, 45.81505 ] ] ], [ [ [ -121.118672, 45.843754 ], [ -121.107832, 45.843911 ], [ -121.107797, 45.84041 ], [ -121.119189, 45.840464 ], [ -121.118672, 45.843754 ] ] ], [ [ [ -121.126341, 45.661599 ], [ -121.116539, 45.665202 ], [ -121.116351, 45.657954 ], [ -121.126476, 45.657874 ], [ -121.126341, 45.661599 ] ] ], [ [ [ -121.131707, 45.650944 ], [ -121.121579, 45.650933 ], [ -121.121483, 45.647319 ], [ -121.113974, 45.647351 ], [ -121.114063, 45.641082 ], [ -121.110344, 45.641025 ], [ -121.110401, 45.636309 ], [ -121.12214, 45.63302 ], [ -121.122231, 45.636507 ], [ -121.116476, 45.636459 ], [ -121.116442, 45.643635 ], [ -121.131595, 45.643752 ], [ -121.131707, 45.650944 ] ] ], [ [ [ -121.154324, 45.783248 ], [ -121.144162, 45.783183 ], [ -121.144014, 45.775988 ], [ -121.154221, 45.775914 ], [ -121.154324, 45.783248 ] ] ], [ [ [ -121.195389, 45.811702 ], [ -121.190295, 45.811669 ], [ -121.191494, 45.797626 ], [ -121.195299, 45.797482 ], [ -121.195389, 45.811702 ] ] ], [ [ [ -121.19559, 45.782946 ], [ -121.185304, 45.786748 ], [ -121.185132, 45.792471 ], [ -121.169575, 45.792522 ], [ -121.169724, 45.786604 ], [ -121.164638, 45.786484 ], [ -121.164444, 45.7936 ], [ -121.154375, 45.793717 ], [ -121.154289, 45.80131 ], [ -121.149163, 45.801319 ], [ -121.149141, 45.808113 ], [ -121.144127, 45.808202 ], [ -121.143942, 45.793817 ], [ -121.13389, 45.793903 ], [ -121.133952, 45.790205 ], [ -121.15434, 45.79009 ], [ -121.154324, 45.783248 ], [ -121.190923, 45.779549 ], [ -121.190762, 45.768514 ], [ -121.195568, 45.768479 ], [ -121.19559, 45.782946 ] ] ], [ [ [ -121.27478, 45.739523 ], [ -121.254267, 45.738863 ], [ -121.254575, 45.72523 ], [ -121.259282, 45.725215 ], [ -121.259464, 45.735979 ], [ -121.268729, 45.735939 ], [ -121.269388, 45.732231 ], [ -121.274587, 45.732221 ], [ -121.27478, 45.739523 ] ] ], [ [ [ -121.274975, 45.725123 ], [ -121.259282, 45.725215 ], [ -121.260181, 45.718054 ], [ -121.270259, 45.717934 ], [ -121.27016, 45.714014 ], [ -121.274996, 45.713957 ], [ -121.274975, 45.725123 ] ] ], [ [ [ -121.358868, 45.731498 ], [ -121.343403, 45.731694 ], [ -121.343234, 45.717185 ], [ -121.358687, 45.717086 ], [ -121.358868, 45.731498 ] ] ], [ [ [ -121.519388, 46.349593 ], [ -121.503889, 46.368467 ], [ -121.495365, 46.384965 ], [ -121.48689, 46.386698 ], [ -121.4766, 46.394077 ], [ -121.466003, 46.395792 ], [ -121.458799, 46.389934 ], [ -121.393857, 46.390766 ], [ -121.388574, 46.401935 ], [ -121.390874, 46.404994 ], [ -121.386557, 46.410601 ], [ -121.407298, 46.429903 ], [ -121.40805, 46.438778 ], [ -121.414644, 46.451424 ], [ -121.412381, 46.459805 ], [ -121.425371, 46.464085 ], [ -121.43657, 46.478213 ], [ -121.431796, 46.48666 ], [ -121.423242, 46.492743 ], [ -121.40685, 46.488206 ], [ -121.406041, 46.482932 ], [ -121.380435, 46.468122 ], [ -121.362685, 46.467978 ], [ -121.350132, 46.461291 ], [ -121.333983, 46.461594 ], [ -121.31897, 46.454721 ], [ -121.303399, 46.455392 ], [ -121.265289, 46.470137 ], [ -121.272463, 46.477099 ], [ -121.25421, 46.495832 ], [ -121.209313, 46.512557 ], [ -121.195205, 46.507142 ], [ -121.194615, 46.502687 ], [ -121.18695, 46.498781 ], [ -121.178426, 46.49984 ], [ -121.153552, 46.491551 ], [ -121.137882, 46.471159 ], [ -121.126187, 46.471028 ], [ -121.125771, 46.458653 ], [ -121.120128, 46.444887 ], [ -121.117549, 46.447352 ], [ -121.119467, 46.453663 ], [ -121.104954, 46.456982 ], [ -121.096294, 46.464092 ], [ -121.069837, 46.467388 ], [ -121.042123, 46.465283 ], [ -121.023767, 46.467311 ], [ -120.984833, 46.485433 ], [ -120.948807, 46.492799 ], [ -120.905717, 46.51631 ], [ -120.873528, 46.526597 ], [ -120.855197, 46.522914 ], [ -120.808321, 46.528726 ], [ -120.784815, 46.52694 ], [ -120.775974, 46.529863 ], [ -120.720109, 46.52901 ], [ -120.715119, 46.526702 ], [ -120.707468, 46.530643 ], [ -120.681513, 46.529545 ], [ -120.676369, 46.532325 ], [ -120.644465, 46.533492 ], [ -120.631346, 46.538984 ], [ -120.613147, 46.540041 ], [ -120.603209, 46.54566 ], [ -120.575702, 46.552628 ], [ -120.56674, 46.553749 ], [ -120.563579, 46.550334 ], [ -120.522971, 46.552522 ], [ -120.495203, 46.547531 ], [ -120.491831, 46.542422 ], [ -120.471491, 46.534917 ], [ -120.478006, 46.522825 ], [ -120.476918, 46.517385 ], [ -120.459109, 46.518073 ], [ -120.449223, 46.499148 ], [ -120.431325, 46.490488 ], [ -120.430326, 46.4852 ], [ -120.411979, 46.4789 ], [ -120.403516, 46.466871 ], [ -120.387211, 46.46274 ], [ -120.383816, 46.464324 ], [ -120.374634, 46.454946 ], [ -120.367915, 46.454377 ], [ -120.361893, 46.447 ], [ -120.3491, 46.443988 ], [ -120.347642, 46.440744 ], [ -120.352658, 46.428999 ], [ -120.342977, 46.428614 ], [ -120.341057, 46.422148 ], [ -120.333093, 46.416415 ], [ -120.320275, 46.414428 ], [ -120.312084, 46.409288 ], [ -120.30779, 46.404375 ], [ -120.309864, 46.403847 ], [ -120.299122, 46.403385 ], [ -120.293534, 46.406933 ], [ -120.26744, 46.393354 ], [ -120.263045, 46.397511 ], [ -120.252118, 46.394718 ], [ -120.241716, 46.382 ], [ -120.231682, 46.384288 ], [ -120.224348, 46.378396 ], [ -120.222225, 46.370509 ], [ -120.224597, 46.362672 ], [ -120.221427, 46.358492 ], [ -120.227265, 46.355109 ], [ -120.20245, 46.344562 ], [ -120.189551, 46.32747 ], [ -120.181768, 46.331924 ], [ -120.177388, 46.33093 ], [ -120.159678, 46.318168 ], [ -120.15193, 46.315241 ], [ -120.147147, 46.319146 ], [ -120.142537, 46.312085 ], [ -120.137126, 46.315646 ], [ -120.126158, 46.304585 ], [ -120.12568, 46.310206 ], [ -120.123546, 46.298008 ], [ -120.113761, 46.295752 ], [ -120.111451, 46.296714 ], [ -120.113347, 46.301643 ], [ -120.105746, 46.297544 ], [ -120.104725, 46.292428 ], [ -120.098616, 46.297078 ], [ -120.094996, 46.29536 ], [ -120.098081, 46.291257 ], [ -120.092207, 46.289043 ], [ -120.09288, 46.281481 ], [ -120.088117, 46.277643 ], [ -120.091927, 46.276843 ], [ -120.093782, 46.271739 ], [ -120.091117, 46.266361 ], [ -120.101992, 46.265299 ], [ -120.096752, 46.260368 ], [ -120.099021, 46.256421 ], [ -120.102026, 46.257446 ], [ -120.104229, 46.264795 ], [ -120.111494, 46.263894 ], [ -120.102522, 46.255064 ], [ -120.105382, 46.250625 ], [ -120.103101, 46.248595 ], [ -120.095734, 46.252829 ], [ -120.089049, 46.252465 ], [ -120.084174, 46.250198 ], [ -120.081768, 46.242692 ], [ -120.07929, 46.249852 ], [ -120.085098, 46.253768 ], [ -120.082365, 46.256008 ], [ -120.075842, 46.252308 ], [ -120.075254, 46.243549 ], [ -120.060629, 46.246977 ], [ -120.061018, 46.23925 ], [ -120.051789, 46.23769 ], [ -120.047763, 46.233699 ], [ -120.018245, 46.239308 ], [ -120.006766, 46.231624 ], [ -119.999508, 46.23093 ], [ -119.999681, 46.214899 ], [ -120.121317, 46.107148 ], [ -120.141244, 46.10084 ], [ -120.15317, 46.102184 ], [ -120.168458, 46.086204 ], [ -120.178508, 46.086331 ], [ -120.201808, 46.07697 ], [ -120.213452, 46.084041 ], [ -120.237904, 46.074978 ], [ -120.287038, 46.048249 ], [ -120.299769, 46.049991 ], [ -120.331072, 46.041487 ], [ -120.338327, 46.042326 ], [ -120.360599, 46.032725 ], [ -120.406993, 46.022671 ], [ -120.440535, 46.017164 ], [ -120.455856, 46.019021 ], [ -120.464544, 46.010167 ], [ -120.461967, 45.993826 ], [ -120.516171, 45.986309 ], [ -120.610814, 45.995036 ], [ -120.621482, 45.987607 ], [ -120.639257, 45.982785 ], [ -120.652497, 45.984595 ], [ -120.674712, 45.994965 ], [ -120.70391, 45.999847 ], [ -120.739111, 46.00456 ], [ -120.765, 46.001678 ], [ -120.81058, 46.01094 ], [ -120.818139, 46.00876 ], [ -120.82336, 45.994139 ], [ -120.840326, 45.997621 ], [ -120.85437, 46.014114 ], [ -120.880531, 46.018991 ], [ -120.88729, 46.011828 ], [ -120.899735, 46.009064 ], [ -120.903084, 46.004318 ], [ -120.915474, 46.008 ], [ -120.930542, 46.003371 ], [ -120.979028, 46.003331 ], [ -121.005245, 45.99459 ], [ -121.024867, 45.992215 ], [ -121.032139, 45.997121 ], [ -121.039317, 45.996843 ], [ -121.07073, 45.989849 ], [ -121.157156, 45.983976 ], [ -121.165196, 45.987221 ], [ -121.194597, 45.987566 ], [ -121.244561, 45.962914 ], [ -121.269435, 45.944647 ], [ -121.281955, 45.949761 ], [ -121.287319, 45.946845 ], [ -121.299701, 45.930468 ], [ -121.312384, 45.922859 ], [ -121.327101, 45.925254 ], [ -121.33489, 45.917313 ], [ -121.392566, 45.887017 ], [ -121.400946, 45.886162 ], [ -121.45205, 45.910334 ], [ -121.452958, 45.923539 ], [ -121.448504, 45.928558 ], [ -121.451258, 45.933336 ], [ -121.449246, 45.935444 ], [ -121.455764, 45.943701 ], [ -121.451411, 45.945268 ], [ -121.452469, 45.952144 ], [ -121.446374, 45.959259 ], [ -121.442032, 45.982622 ], [ -121.416472, 46.012788 ], [ -121.416514, 46.018703 ], [ -121.423415, 46.030663 ], [ -121.425528, 46.044399 ], [ -121.423251, 46.053874 ], [ -121.427305, 46.058111 ], [ -121.425245, 46.063183 ], [ -121.430299, 46.070286 ], [ -121.436066, 46.071416 ], [ -121.436719, 46.076213 ], [ -121.431406, 46.078237 ], [ -121.43459, 46.082555 ], [ -121.428047, 46.091547 ], [ -121.432105, 46.095412 ], [ -121.434215, 46.103223 ], [ -121.43154, 46.103433 ], [ -121.435308, 46.106962 ], [ -121.433708, 46.111079 ], [ -121.468745, 46.157559 ], [ -121.469219, 46.165997 ], [ -121.476202, 46.170616 ], [ -121.488386, 46.193381 ], [ -121.486125, 46.196866 ], [ -121.490834, 46.202064 ], [ -121.48835, 46.209704 ], [ -121.46319, 46.225184 ], [ -121.465615, 46.229362 ], [ -121.462458, 46.239648 ], [ -121.478548, 46.262521 ], [ -121.473713, 46.280524 ], [ -121.474602, 46.288651 ], [ -121.500381, 46.319923 ], [ -121.507676, 46.333282 ], [ -121.50732, 46.340726 ], [ -121.519388, 46.349593 ] ], [ [ -120.417376, 46.434571 ], [ -120.412111, 46.433587 ], [ -120.412132, 46.434594 ], [ -120.417376, 46.434571 ] ] ] ] } },
{ "type": "Feature", "properties": { "AIANNHCE": "0575", "NAMELSAD": "Chehalis Reservation and Off-Reservation Trust Land", "NAME": "Chehalis", "AREA_TYPE": "Reservation", "STATE_NAMES": "Washington", "DECLARATIONS": 1, "OWN_REQUEST": 0, "UNDER_STATE": 1, "FIRST_YEAR": 2022.0, "LATEST_YEAR": 2022.0, "INCIDENT_LIST": "Flood", "POPULATION": 608, "LAND_SQ_MI": 8.8, "N_COUNTIES": 3, "COUNTY_NAMES": "Grays Harbor County; Thurston County; Lewis County", "COUNTY_DISASTER_MAX": 11 }, "geometry": { "type": "MultiPolygon", "coordinates": [ [ [ [ -122.943431, 46.956371 ], [ -122.940889, 46.956371 ], [ -122.938847, 46.949095 ], [ -122.942369, 46.949142 ], [ -122.943431, 46.956371 ] ] ], [ [ [ -122.985349, 46.842025 ], [ -122.983901, 46.843175 ], [ -122.984571, 46.842028 ], [ -122.985349, 46.842025 ] ] ], [ [ [ -123.003378, 46.78284 ], [ -123.002984, 46.784741 ], [ -123.003013, 46.782959 ], [ -123.003378, 46.78284 ] ] ], [ [ [ -123.010856, 46.784711 ], [ -123.004894, 46.784759 ], [ -122.999297, 46.775608 ], [ -123.006845, 46.77545 ], [ -123.010856, 46.784711 ] ] ], [ [ [ -123.011294, 46.786287 ], [ -123.010738, 46.793443 ], [ -123.006652, 46.786291 ], [ -123.011294, 46.786287 ] ] ], [ [ [ -123.013193, 46.795394 ], [ -123.012002, 46.797211 ], [ -123.011916, 46.795385 ], [ -123.013193, 46.795394 ] ] ], [ [ [ -123.014452, 46.80433 ], [ -123.00767, 46.8042 ], [ -123.012253, 46.802435 ], [ -123.014452, 46.80433 ] ] ], [ [ [ -123.018607, 46.801437 ], [ -123.012253, 46.802435 ], [ -123.012214, 46.801398 ], [ -123.018607, 46.801437 ] ] ], [ [ [ -123.035873, 46.796748 ], [ -123.03249, 46.796838 ], [ -123.033591, 46.795586 ], [ -123.035873, 46.796748 ] ] ], [ [ [ -123.25943, 46.829135 ], [ -123.251887, 46.834163 ], [ -123.252377, 46.836983 ], [ -123.2457, 46.836926 ], [ -123.245101, 46.84141 ], [ -123.245249, 46.838706 ], [ -123.239181, 46.838691 ], [ -123.242769, 46.837255 ], [ -123.223927, 46.836581 ], [ -123.221817, 46.827592 ], [ -123.202809, 46.829831 ], [ -123.202902, 46.822687 ], [ -123.187924, 46.82253 ], [ -123.184619, 46.829921 ], [ -123.178532, 46.828455 ], [ -123.181339, 46.82252 ], [ -123.171188, 46.82246 ], [ -123.169136, 46.827752 ], [ -123.156869, 46.826923 ], [ -123.160625, 46.822196 ], [ -123.155263, 46.82216 ], [ -123.155231, 46.826815 ], [ -123.139938, 46.825841 ], [ -123.139269, 46.806815 ], [ -123.151808, 46.804681 ], [ -123.154645, 46.798937 ], [ -123.165448, 46.798109 ], [ -123.169846, 46.798326 ], [ -123.181964, 46.801823 ], [ -123.193798, 46.807184 ], [ -123.21236, 46.809197 ], [ -123.204188, 46.810169 ], [ -123.19836, 46.808521 ], [ -123.188421, 46.806616 ], [ -123.181402, 46.802173 ], [ -123.172637, 46.799515 ], [ -123.166231, 46.798151 ], [ -123.163424, 46.798325 ], [ -123.181962, 46.802796 ], [ -123.1934, 46.813636 ], [ -123.196022, 46.814043 ], [ -123.195821, 46.808323 ], [ -123.208195, 46.813748 ], [ -123.211189, 46.809786 ], [ -123.217958, 46.809198 ], [ -123.221924, 46.815319 ], [ -123.220669, 46.81866 ], [ -123.228126, 46.815136 ], [ -123.226263, 46.810607 ], [ -123.23337, 46.816638 ], [ -123.239565, 46.815337 ], [ -123.241009, 46.81975 ], [ -123.245956, 46.817464 ], [ -123.24775, 46.811602 ], [ -123.256183, 46.811547 ], [ -123.254578, 46.818051 ], [ -123.25803, 46.821804 ], [ -123.2536, 46.8192 ], [ -123.25943, 46.829135 ] ], [ [ -123.14996, 46.823547 ], [ -123.144636, 46.822066 ], [ -123.144611, 46.823441 ], [ -123.14996, 46.823547 ] ] ], [ [ [ -123.279216, 46.602391 ], [ -123.27629, 46.603436 ], [ -123.279178, 46.598912 ], [ -123.279216, 46.602391 ] ] ], [ [ [ -123.305022, 46.910479 ], [ -123.295954, 46.910238 ], [ -123.286081, 46.895225 ], [ -123.294258, 46.896574 ], [ -123.294816, 46.902607 ], [ -123.305022, 46.910479 ] ] ], [ [ [ -123.324233, 46.928123 ], [ -123.314491, 46.932637 ], [ -123.31041, 46.928372 ], [ -123.314293, 46.928368 ], [ -123.312644, 46.923155 ], [ -123.322067, 46.923228 ], [ -123.324233, 46.928123 ] ] ] ] } },
{ "type": "Feature", "properties": { "AIANNHCE": "2985", "NAMELSAD": "Prairie Island Indian Community and Off-Reservation Trust Land", "NAME": "Prairie Island", "AREA_TYPE": "Reservation", "STATE_NAMES": "Minnesota; Wisconsin", "DECLARATIONS": 3, "OWN_REQUEST": 0, "UNDER_STATE": 3, "FIRST_YEAR": 2014.0, "LATEST_YEAR": 2023.0, "INCIDENT_LIST": "Flood", "POPULATION": 265, "LAND_SQ_MI": 4.0, "N_COUNTIES": 3, "COUNTY_NAMES": "Goodhue County; Pierce County; Dakota County", "COUNTY_DISASTER_MAX": 5 }, "geometry": { "type": "MultiPolygon", "coordinates": [ [ [ [ -92.651679, 44.622115 ], [ -92.650163, 44.623418 ], [ -92.650202, 44.622107 ], [ -92.651679, 44.622115 ] ] ], [ [ [ -92.65184, 44.614981 ], [ -92.646746, 44.614933 ], [ -92.646894, 44.609125 ], [ -92.651912, 44.611666 ], [ -92.65184, 44.614981 ] ] ], [ [ [ -92.661672, 44.631643 ], [ -92.658636, 44.629478 ], [ -92.661668, 44.629465 ], [ -92.661672, 44.631643 ] ] ], [ [ [ -92.661823, 44.622167 ], [ -92.65671, 44.622136 ], [ -92.65685, 44.618483 ], [ -92.661931, 44.61855 ], [ -92.661823, 44.622167 ] ] ], [ [ [ -92.671552, 44.621002 ], [ -92.666817, 44.619073 ], [ -92.66683, 44.614983 ], [ -92.671551, 44.615002 ], [ -92.671552, 44.621002 ] ] ], [ [ [ -92.671932, 44.65844 ], [ -92.660123, 44.658486 ], [ -92.634665, 44.648992 ], [ -92.625784, 44.640168 ], [ -92.621668, 44.629309 ], [ -92.631003, 44.630868 ], [ -92.629502, 44.638065 ], [ -92.640559, 44.642113 ], [ -92.63502, 44.640767 ], [ -92.634942, 44.646321 ], [ -92.646721, 44.648744 ], [ -92.643539, 44.644994 ], [ -92.6481, 44.643194 ], [ -92.643404, 44.640325 ], [ -92.648389, 44.640385 ], [ -92.641141, 44.636342 ], [ -92.641364, 44.629502 ], [ -92.646503, 44.629497 ], [ -92.646684, 44.622527 ], [ -92.649192, 44.629481 ], [ -92.649322, 44.623039 ], [ -92.661643, 44.632028 ], [ -92.661675, 44.640285 ], [ -92.667963, 44.640226 ], [ -92.667912, 44.63652 ], [ -92.671895, 44.63941 ], [ -92.671932, 44.65844 ] ] ], [ [ [ -92.707334, 44.661825 ], [ -92.704176, 44.661781 ], [ -92.702323, 44.658235 ], [ -92.707301, 44.658253 ], [ -92.707334, 44.661825 ] ] ], [ [ [ -92.732413, 44.679948 ], [ -92.716297, 44.676063 ], [ -92.712481, 44.66916 ], [ -92.710003, 44.671768 ], [ -92.702367, 44.667371 ], [ -92.680376, 44.651266 ], [ -92.676975, 44.647291 ], [ -92.676302, 44.643932 ], [ -92.686827, 44.640202 ], [ -92.688159, 44.651054 ], [ -92.702148, 44.651024 ], [ -92.702049, 44.647359 ], [ -92.705714, 44.647278 ], [ -92.712438, 44.657583 ], [ -92.702159, 44.651433 ], [ -92.702226, 44.656403 ], [ -92.695831, 44.656459 ], [ -92.712509, 44.668667 ], [ -92.712425, 44.665536 ], [ -92.717863, 44.665523 ], [ -92.717679, 44.669141 ], [ -92.713175, 44.669158 ], [ -92.718111, 44.672772 ], [ -92.722586, 44.672774 ], [ -92.722514, 44.665481 ], [ -92.726541, 44.670021 ], [ -92.732429, 44.668775 ], [ -92.732413, 44.679948 ] ] ], [ [ [ -92.771148, 44.65849 ], [ -92.767208, 44.658339 ], [ -92.767226, 44.655274 ], [ -92.768418, 44.656193 ], [ -92.771148, 44.65849 ] ] ], [ [ [ -92.78246, 44.598847 ], [ -92.765002, 44.600671 ], [ -92.764981, 44.593431 ], [ -92.782463, 44.59346 ], [ -92.78246, 44.598847 ] ] ] ] } },
{ "type": "Feature", "properties": { "AIANNHCE": "3010", "NAMELSAD": "Pyramid Lake Paiute Reservation", "NAME": "Pyramid Lake Paiute", "AREA_TYPE": "Reservation", "STATE_NAMES": "Nevada", "DECLARATIONS": 1, "OWN_REQUEST": 0, "UNDER_STATE": 1, "FIRST_YEAR": 2017.0, "LATEST_YEAR": 2017.0, "INCIDENT_LIST": "Severe Storm", "POPULATION": 1522, "LAND_SQ_MI": 555.5, "N_COUNTIES": 3, "COUNTY_NAMES": "Washoe County; Lyon County; Storey County", "COUNTY_DISASTER_MAX": 3 }, "geometry": { "type": "Polygon", "coordinates": [ [ [ -119.829491, 40.382203 ], [ -119.504062, 40.36084 ], [ -119.340042, 40.158906 ], [ -119.393227, 39.964266 ], [ -119.339893, 39.850525 ], [ -119.245747, 39.668351 ], [ -119.273415, 39.627448 ], [ -119.270589, 39.622252 ], [ -119.276902, 39.622271 ], [ -119.289309, 39.604153 ], [ -119.30211, 39.613104 ], [ -119.302189, 39.607568 ], [ -119.311269, 39.607561 ], [ -119.30621, 39.612676 ], [ -119.307849, 39.613099 ], [ -119.317492, 39.607625 ], [ -119.31072, 39.61461 ], [ -119.304366, 39.614672 ], [ -119.321317, 39.626394 ], [ -119.320635, 39.633543 ], [ -119.343883, 39.681479 ], [ -119.360496, 39.681189 ], [ -119.360937, 39.696229 ], [ -119.351011, 39.696175 ], [ -119.358591, 39.7118 ], [ -119.361162, 39.711804 ], [ -119.366476, 39.728001 ], [ -119.378922, 39.727959 ], [ -119.378923, 39.7439 ], [ -119.396072, 39.743857 ], [ -119.396072, 39.760884 ], [ -119.382277, 39.760872 ], [ -119.390396, 39.777628 ], [ -119.396394, 39.777613 ], [ -119.396471, 39.790167 ], [ -119.41667, 39.790024 ], [ -119.416725, 39.7982 ], [ -119.437261, 39.800647 ], [ -119.437316, 39.803959 ], [ -119.458234, 39.809803 ], [ -119.458175, 39.800746 ], [ -119.47799, 39.800646 ], [ -119.477979, 39.816852 ], [ -119.579164, 39.868073 ], [ -119.687523, 39.969454 ], [ -119.829491, 40.382203 ] ] ] } },
{ "type": "Feature", "properties": { "AIANNHCE": "4075", "NAMELSAD": "Swinomish Reservation and Off-Reservation Trust Land", "NAME": "Swinomish", "AREA_TYPE": "Reservation", "STATE_NAMES": "Washington", "DECLARATIONS": 2, "OWN_REQUEST": 0, "UNDER_STATE": 2, "FIRST_YEAR": 2022.0, "LATEST_YEAR": 2022.0, "INCIDENT_LIST": "Flood", "POPULATION": 3148, "LAND_SQ_MI": 11.9, "N_COUNTIES": 1, "COUNTY_NAMES": "Skagit County", "COUNTY_DISASTER_MAX": 7 }, "geometry": { "type": "MultiPolygon", "coordinates": [ [ [ [ -122.498637, 48.389695 ], [ -122.498333, 48.389736 ], [ -122.498088, 48.389642 ], [ -122.498637, 48.389695 ] ] ], [ [ [ -122.507734, 48.361481 ], [ -122.501342, 48.366983 ], [ -122.492919, 48.367274 ], [ -122.500549, 48.359315 ], [ -122.507734, 48.361481 ] ] ], [ [ [ -122.538193, 48.362907 ], [ -122.530215, 48.365745 ], [ -122.524454, 48.362367 ], [ -122.527478, 48.359724 ], [ -122.538193, 48.362907 ] ] ], [ [ [ -122.571121, 48.419748 ], [ -122.557924, 48.422024 ], [ -122.548957, 48.441827 ], [ -122.551405663834998, 48.448515976813603 ], [ -122.547772, 48.454887 ], [ -122.52785, 48.454883 ], [ -122.52767, 48.4613972621434 ], [ -122.524969, 48.458311 ], [ -122.520912, 48.460723 ], [ -122.514713578799999, 48.458245696066697 ], [ -122.512313, 48.449423 ], [ -122.506282, 48.450411 ], [ -122.506815, 48.443261 ], [ -122.498591, 48.439852 ], [ -122.501086, 48.421504 ], [ -122.495009, 48.402805 ], [ -122.498083, 48.390809 ], [ -122.506409, 48.382909 ], [ -122.500306, 48.379093 ], [ -122.501866460656998, 48.372985860159098 ], [ -122.518604, 48.370236 ], [ -122.522957, 48.377002 ], [ -122.532787, 48.37499 ], [ -122.539449, 48.39719 ], [ -122.547492, 48.399889 ], [ -122.553771, 48.406411 ], [ -122.552047, 48.41044 ], [ -122.555482, 48.420117 ], [ -122.56738, 48.417408 ], [ -122.571121, 48.419748 ] ] ] ] } },
{ "type": "Feature", "properties": { "AIANNHCE": "2865", "NAMELSAD": "Poarch Creek Reservation and Off-Reservation Trust Land", "NAME": "Poarch Creek", "AREA_TYPE": "Reservation", "STATE_NAMES": "Alabama; Florida", "DECLARATIONS": 1, "OWN_REQUEST": 0, "UNDER_STATE": 1, "FIRST_YEAR": 2020.0, "LATEST_YEAR": 2020.0, "INCIDENT_LIST": "Hurricane", "POPULATION": 410, "LAND_SQ_MI": 0.6, "N_COUNTIES": 5, "COUNTY_NAMES": "Escambia County; Elmore County; Montgomery County and others", "COUNTY_DISASTER_MAX": 8 }, "geometry": { "type": "MultiPolygon", "coordinates": [ [ [ [ -86.140281, 32.427951 ], [ -86.138476, 32.425491 ], [ -86.14151, 32.427003 ], [ -86.140281, 32.427951 ] ] ], [ [ [ -86.209421, 32.531661 ], [ -86.207791, 32.529643 ], [ -86.208227, 32.525675 ], [ -86.211477, 32.527233 ], [ -86.209421, 32.531661 ] ] ], [ [ [ -87.433931, 31.36461 ], [ -87.433316, 31.364612 ], [ -87.433507, 31.364194 ], [ -87.433931, 31.36461 ] ] ], [ [ [ -87.482881, 31.10302 ], [ -87.48044, 31.104999 ], [ -87.479118, 31.103796 ], [ -87.480012, 31.101627 ], [ -87.482881, 31.10302 ] ] ], [ [ [ -87.486181, 31.071093 ], [ -87.484031, 31.072059 ], [ -87.484084, 31.071067 ], [ -87.486181, 31.071093 ] ] ], [ [ [ -87.566362, 30.983215 ], [ -87.565447, 30.983956 ], [ -87.565443, 30.9832 ], [ -87.566362, 30.983215 ] ] ], [ [ [ -87.573529, 31.107012 ], [ -87.560177, 31.107015 ], [ -87.561045, 31.1048 ], [ -87.556669, 31.103244 ], [ -87.562465, 31.103632 ], [ -87.561349, 31.099262 ], [ -87.558732, 31.099213 ], [ -87.560209, 31.102067 ], [ -87.556719, 31.099225 ], [ -87.55623, 31.10262 ], [ -87.55047, 31.094287 ], [ -87.564805, 31.095628 ], [ -87.564534, 31.102764 ], [ -87.573743, 31.102893 ], [ -87.573529, 31.107012 ] ] ] ] } },
{ "type": "Feature", "properties": { "AIANNHCE": "3305", "NAMELSAD": "St. Croix Reservation and Off-Reservation Trust Land", "NAME": "St. Croix", "AREA_TYPE": "Reservation", "STATE_NAMES": "Wisconsin", "DECLARATIONS": 1, "OWN_REQUEST": 0, "UNDER_STATE": 1, "FIRST_YEAR": 2019.0, "LATEST_YEAR": 2019.0, "INCIDENT_LIST": "Flood", "POPULATION": 458, "LAND_SQ_MI": 3.7, "N_COUNTIES": 3, "COUNTY_NAMES": "Burnett County; Polk County; Barron County", "COUNTY_DISASTER_MAX": 4 }, "geometry": { "type": "MultiPolygon", "coordinates": [ [ [ [ -92.113202, 45.582202 ], [ -92.097973, 45.579744 ], [ -92.098756, 45.57482 ], [ -92.103128, 45.574816 ], [ -92.103129, 45.578464 ], [ -92.113252, 45.578582 ], [ -92.113202, 45.582202 ] ] ], [ [ [ -92.119938, 45.896842 ], [ -92.115251, 45.896614 ], [ -92.114767, 45.891037 ], [ -92.119969, 45.890931 ], [ -92.119938, 45.896842 ] ] ], [ [ [ -92.150633, 45.396597 ], [ -92.148976, 45.398152 ], [ -92.148485, 45.397477 ], [ -92.150633, 45.396597 ] ] ], [ [ [ -92.154161, 45.769049 ], [ -92.142248, 45.769092 ], [ -92.141477, 45.765572 ], [ -92.154175, 45.765479 ], [ -92.154161, 45.769049 ] ] ], [ [ [ -92.206013, 45.848367 ], [ -92.200727, 45.848352 ], [ -92.200727, 45.844716 ], [ -92.206013, 45.844694 ], [ -92.206013, 45.848367 ] ] ], [ [ [ -92.215793, 45.818609 ], [ -92.200334, 45.81851 ], [ -92.196074, 45.827025 ], [ -92.195417, 45.816165 ], [ -92.184455, 45.813294 ], [ -92.1845, 45.808721 ], [ -92.216138, 45.808831 ], [ -92.216064, 45.814448 ], [ -92.213466, 45.814511 ], [ -92.215793, 45.818609 ] ] ], [ [ [ -92.287788, 45.82707 ], [ -92.28714, 45.828432 ], [ -92.28727, 45.825491 ], [ -92.287788, 45.82707 ] ] ], [ [ [ -92.293082, 45.823927 ], [ -92.28791, 45.823761 ], [ -92.287976, 45.820154 ], [ -92.293178, 45.82024 ], [ -92.293082, 45.823927 ] ] ], [ [ [ -92.292668, 45.535001 ], [ -92.281939, 45.532389 ], [ -92.268614, 45.536655 ], [ -92.268781, 45.525927 ], [ -92.263475, 45.525895 ], [ -92.263634, 45.52203 ], [ -92.268626, 45.52205 ], [ -92.268736, 45.518654 ], [ -92.263768, 45.518484 ], [ -92.263973, 45.514987 ], [ -92.268917, 45.515141 ], [ -92.268932, 45.51151 ], [ -92.284223, 45.511916 ], [ -92.28403, 45.524576 ], [ -92.2889, 45.526182 ], [ -92.28736, 45.529803 ], [ -92.292668, 45.535001 ] ] ], [ [ [ -92.350124, 45.788427 ], [ -92.345893, 45.788585 ], [ -92.339828, 45.780582 ], [ -92.324885, 45.780581 ], [ -92.324936, 45.777089 ], [ -92.344917, 45.777201 ], [ -92.344893, 45.782577 ], [ -92.350116, 45.78444 ], [ -92.350124, 45.788427 ] ] ], [ [ [ -92.363254, 46.013218235911502 ], [ -92.348507, 46.016074 ], [ -92.342314, 46.006621 ], [ -92.362962, 46.005668 ], [ -92.363254, 46.013218235911502 ] ] ], [ [ [ -92.429876, 45.53046 ], [ -92.4263, 45.53047 ], [ -92.426309, 45.526802 ], [ -92.429838, 45.526808 ], [ -92.429876, 45.53046 ] ] ] ] } },
{ "type": "Feature", "properties": { "AIANNHCE": "0855", "NAMELSAD": "Crow Creek Reservation", "NAME": "Crow Creek", "AREA_TYPE": "Reservation", "STATE_NAMES": "South Dakota", "DECLARATIONS": 1, "OWN_REQUEST": 0, "UNDER_STATE": 1, "FIRST_YEAR": 2015.0, "LATEST_YEAR": 2015.0, "INCIDENT_LIST": "Severe Storm", "POPULATION": 1625, "LAND_SQ_MI": 422.5, "N_COUNTIES": 7, "COUNTY_NAMES": "Buffalo County; Hughes County; Hyde County and others", "COUNTY_DISASTER_MAX": 6 }, "geometry": { "type": "Polygon", "coordinates": [ [ [ -99.938274, 44.200347 ], [ -99.934803, 44.206095 ], [ -99.894217, 44.237127 ], [ -99.78569, 44.236755 ], [ -99.785414, 44.279937 ], [ -99.42144, 44.280247 ], [ -99.421731, 44.237453 ], [ -99.300451, 44.237864 ], [ -99.30018, 44.19483 ], [ -99.288596, 44.194811 ], [ -99.288912, 44.106911 ], [ -99.245356, 44.107312 ], [ -99.245577, 44.077594 ], [ -99.106165, 44.078096 ], [ -99.108331, 43.934057 ], [ -99.354742, 43.933616 ], [ -99.345868, 43.969561 ], [ -99.345995, 43.981446 ], [ -99.35372, 43.995329 ], [ -99.427668, 44.042796 ], [ -99.449774, 44.04844 ], [ -99.511334, 44.05499 ], [ -99.539514, 44.07333 ], [ -99.558435, 44.091971 ], [ -99.562221, 44.099496 ], [ -99.560891, 44.109711 ], [ -99.540641, 44.150137 ], [ -99.540747, 44.15851 ], [ -99.575389, 44.191619 ], [ -99.59909, 44.205964 ], [ -99.63235, 44.215661 ], [ -99.666121, 44.217345 ], [ -99.684033, 44.21446 ], [ -99.701366, 44.203364 ], [ -99.710264, 44.193197 ], [ -99.710694, 44.184581 ], [ -99.695752, 44.172375 ], [ -99.645, 44.1655 ], [ -99.622967, 44.156502 ], [ -99.607176, 44.145254 ], [ -99.598767, 44.123778 ], [ -99.601679, 44.114489 ], [ -99.612249, 44.103694 ], [ -99.632524, 44.097895 ], [ -99.654536, 44.101689 ], [ -99.763054, 44.135237 ], [ -99.84811, 44.124218 ], [ -99.875395, 44.126403 ], [ -99.884485, 44.129582 ], [ -99.89907, 44.141193 ], [ -99.91687, 44.167867 ], [ -99.93508, 44.188277 ], [ -99.938274, 44.200347 ] ] ] } },
{ "type": "Feature", "properties": { "AIANNHCE": "1100", "NAMELSAD": "Flandreau Reservation", "NAME": "Flandreau", "AREA_TYPE": "Reservation", "STATE_NAMES": "South Dakota", "DECLARATIONS": 3, "OWN_REQUEST": 0, "UNDER_STATE": 3, "FIRST_YEAR": 2011.0, "LATEST_YEAR": 2022.0, "INCIDENT_LIST": "Severe Storm", "POPULATION": 549, "LAND_SQ_MI": 3.5, "N_COUNTIES": 1, "COUNTY_NAMES": "Moody County", "COUNTY_DISASTER_MAX": 7 }, "geometry": { "type": "MultiPolygon", "coordinates": [ [ [ [ -96.562711, 44.065788 ], [ -96.546398, 44.066117 ], [ -96.546481, 44.058121 ], [ -96.536034, 44.058153 ], [ -96.53609, 44.051646 ], [ -96.558899, 44.051186 ], [ -96.55896, 44.055634 ], [ -96.562516, 44.055597 ], [ -96.562711, 44.065788 ] ] ], [ [ [ -96.566698, 44.087847 ], [ -96.556733, 44.088017 ], [ -96.556781, 44.075055 ], [ -96.567, 44.074966 ], [ -96.566698, 44.087847 ] ] ], [ [ [ -96.607937, 44.076553 ], [ -96.597484, 44.076584 ], [ -96.597281, 44.087854 ], [ -96.587103, 44.087936 ], [ -96.587974, 44.10254 ], [ -96.578027, 44.102526 ], [ -96.577066, 44.09529 ], [ -96.566636, 44.095285 ], [ -96.566696, 44.087888 ], [ -96.576903, 44.088007 ], [ -96.577146, 44.080695 ], [ -96.581988, 44.080558 ], [ -96.582178, 44.072936 ], [ -96.607952, 44.072948 ], [ -96.607937, 44.076553 ] ] ], [ [ [ -96.607948, 44.043023 ], [ -96.597715, 44.043703 ], [ -96.597985, 44.036493 ], [ -96.607998, 44.03646 ], [ -96.607948, 44.043023 ] ] ] ] } },
{ "type": "Feature", "properties": { "AIANNHCE": "4000", "NAMELSAD": "Stillaguamish Reservation and Off-Reservation Trust Land", "NAME": "Stillaguamish", "AREA_TYPE": "Reservation", "STATE_NAMES": "Washington", "DECLARATIONS": 1, "OWN_REQUEST": 0, "UNDER_STATE": 1, "FIRST_YEAR": 2014.0, "LATEST_YEAR": 2014.0, "INCIDENT_LIST": "Mud/Landslide", "POPULATION": 5, "LAND_SQ_MI": 1.5, "N_COUNTIES": 1, "COUNTY_NAMES": "Snohomish County", "COUNTY_DISASTER_MAX": 9 }, "geometry": { "type": "MultiPolygon", "coordinates": [ [ [ [ -121.959098, 48.277518 ], [ -121.957086, 48.279342 ], [ -121.95709, 48.278007 ], [ -121.959098, 48.277518 ] ] ], [ [ [ -122.007444, 48.101306 ], [ -122.001812, 48.100712 ], [ -122.00187, 48.094084 ], [ -122.007492, 48.094061 ], [ -122.007444, 48.101306 ] ], [ [ -122.004971, 48.099541 ], [ -122.002325, 48.098445 ], [ -122.00272, 48.099549 ], [ -122.004971, 48.099541 ] ] ], [ [ [ -122.136049, 48.218211 ], [ -122.136802, 48.219765 ], [ -122.135346, 48.2188 ], [ -122.136049, 48.218211 ] ] ], [ [ [ -122.153902, 48.152076 ], [ -122.150879, 48.150774 ], [ -122.152947, 48.148383 ], [ -122.154009, 48.148391 ], [ -122.153902, 48.152076 ] ] ], [ [ [ -122.160999, 48.217166 ], [ -122.155659, 48.218081 ], [ -122.155463, 48.210075 ], [ -122.151846, 48.210106 ], [ -122.155873, 48.20635 ], [ -122.155924, 48.210069 ], [ -122.16097, 48.210011 ], [ -122.160999, 48.217166 ] ] ], [ [ [ -122.173999, 48.151379 ], [ -122.173454, 48.152336 ], [ -122.173474, 48.151372 ], [ -122.173999, 48.151379 ] ] ], [ [ [ -122.182765, 48.21361 ], [ -122.177387, 48.214417 ], [ -122.177404, 48.213604 ], [ -122.182765, 48.21361 ] ] ], [ [ [ -122.188763, 48.133154 ], [ -122.186668, 48.134551 ], [ -122.186566, 48.133202 ], [ -122.188763, 48.133154 ] ] ], [ [ [ -122.193564, 48.184549 ], [ -122.190688, 48.188175 ], [ -122.190632, 48.184272 ], [ -122.193564, 48.184549 ] ] ], [ [ [ -122.193796, 48.219905 ], [ -122.182904, 48.222468 ], [ -122.185426, 48.218072 ], [ -122.182851, 48.216715 ], [ -122.193796, 48.219905 ] ] ], [ [ [ -122.193785, 48.188198 ], [ -122.191047, 48.190319 ], [ -122.19103, 48.188302 ], [ -122.193785, 48.188198 ] ] ], [ [ [ -122.194012, 48.211814 ], [ -122.188455, 48.211826 ], [ -122.19397, 48.213619 ], [ -122.188388, 48.215388 ], [ -122.193917, 48.215476 ], [ -122.182874, 48.215383 ], [ -122.184345, 48.208228 ], [ -122.194012, 48.211814 ] ] ], [ [ [ -122.195131, 48.188001 ], [ -122.192534, 48.188103 ], [ -122.193729, 48.186959 ], [ -122.195131, 48.188001 ] ] ], [ [ [ -122.211934, 48.20261 ], [ -122.204658, 48.202564 ], [ -122.204799, 48.199441 ], [ -122.20952, 48.197566 ], [ -122.211934, 48.20261 ] ] ], [ [ [ -122.226236, 48.209848 ], [ -122.221942, 48.209792 ], [ -122.216643, 48.208375 ], [ -122.210907, 48.197499 ], [ -122.224109, 48.202343 ], [ -122.217234, 48.206725 ], [ -122.226236, 48.209848 ] ] ], [ [ [ -122.22642, 48.227452 ], [ -122.215798, 48.227956 ], [ -122.215585, 48.213441 ], [ -122.2113, 48.211974 ], [ -122.210164, 48.206164 ], [ -122.214128, 48.20719 ], [ -122.212879, 48.209843 ], [ -122.215998, 48.212234 ], [ -122.218538, 48.220016 ], [ -122.22642, 48.227452 ] ] ], [ [ [ -122.226428, 48.217013 ], [ -122.220549, 48.217072 ], [ -122.218223, 48.211365 ], [ -122.226241, 48.209989 ], [ -122.226428, 48.217013 ] ] ], [ [ [ -122.248347, 48.247377 ], [ -122.248037, 48.248372 ], [ -122.248187, 48.247452 ], [ -122.248347, 48.247377 ] ] ], [ [ [ -122.374898, 48.238463 ], [ -122.369538, 48.239288 ], [ -122.367183, 48.235383 ], [ -122.376755, 48.232454 ], [ -122.374898, 48.238463 ] ] ] ] } },
{ "type": "Feature", "properties": { "AIANNHCE": "2315", "NAMELSAD": "Moapa River Indian Reservation", "NAME": "Moapa River", "AREA_TYPE": "Reservation", "STATE_NAMES": "Nevada", "DECLARATIONS": 1, "OWN_REQUEST": 0, "UNDER_STATE": 1, "FIRST_YEAR": 2015.0, "LATEST_YEAR": 2015.0, "INCIDENT_LIST": "Flood", "POPULATION": 129, "LAND_SQ_MI": 111.0, "N_COUNTIES": 1, "COUNTY_NAMES": "Clark County", "COUNTY_DISASTER_MAX": 1 }, "geometry": { "type": "Polygon", "coordinates": [ [ [ -114.875108, 36.491745 ], [ -114.868707, 36.491768 ], [ -114.868997, 36.578573 ], [ -114.765532, 36.577609 ], [ -114.765092, 36.666949 ], [ -114.666635, 36.667513 ], [ -114.684446, 36.676869 ], [ -114.684455, 36.674024 ], [ -114.688316, 36.673732 ], [ -114.688154, 36.680259 ], [ -114.682352, 36.688511 ], [ -114.679365, 36.6866 ], [ -114.679647, 36.688992 ], [ -114.675053, 36.688871 ], [ -114.675161, 36.685196 ], [ -114.662042, 36.685063 ], [ -114.661889, 36.677973 ], [ -114.65227, 36.677937 ], [ -114.652174, 36.681699 ], [ -114.657275, 36.681721 ], [ -114.657199, 36.696472 ], [ -114.630044, 36.696138 ], [ -114.630093, 36.667101 ], [ -114.651169, 36.667061 ], [ -114.655328, 36.65855 ], [ -114.660436, 36.577218 ], [ -114.659931, 36.520263 ], [ -114.655801, 36.491714 ], [ -114.758557, 36.49159 ], [ -114.761209, 36.506787 ], [ -114.76575, 36.50658 ], [ -114.764093, 36.491598 ], [ -114.866163, 36.491672 ], [ -114.866207, 36.48488 ], [ -114.875, 36.484965 ], [ -114.875108, 36.491745 ] ] ] } },
{ "type": "Feature", "properties": { "AIANNHCE": "3370", "NAMELSAD": "Sandia Pueblo and Off-Reservation Trust Land", "NAME": "Sandia", "AREA_TYPE": "Pueblo", "STATE_NAMES": "New Mexico", "DECLARATIONS": 2, "OWN_REQUEST": 0, "UNDER_STATE": 2, "FIRST_YEAR": 2013.0, "LATEST_YEAR": 2014.0, "INCIDENT_LIST": "Flood; Severe Storm", "POPULATION": 4866, "LAND_SQ_MI": 40.7, "N_COUNTIES": 2, "COUNTY_NAMES": "Sandoval County; Bernalillo County", "COUNTY_DISASTER_MAX": 6 }, "geometry": { "type": "MultiPolygon", "coordinates": [ [ [ [ -106.475511, 35.255785 ], [ -106.464125, 35.248734 ], [ -106.467395, 35.24517 ], [ -106.478904, 35.252279 ], [ -106.475511, 35.255785 ] ] ], [ [ [ -106.489873, 35.233229 ], [ -106.485923, 35.236865 ], [ -106.484526, 35.231524 ], [ -106.489873, 35.233229 ] ] ], [ [ [ -106.532326, 35.318617 ], [ -106.52579, 35.316484 ], [ -106.53033, 35.316274 ], [ -106.532326, 35.318617 ] ] ], [ [ [ -106.576759, 35.306233 ], [ -106.580349, 35.307147 ], [ -106.576583, 35.307141 ], [ -106.576759, 35.306233 ] ] ], [ [ [ -106.584396, 35.298136 ], [ -106.582235, 35.298294 ], [ -106.583204, 35.296866 ], [ -106.584396, 35.298136 ] ] ], [ [ [ -106.600183, 35.280608 ], [ -106.599513, 35.282526 ], [ -106.598809, 35.281644 ], [ -106.600183, 35.280608 ] ] ], [ [ [ -106.6194, 35.20948 ], [ -106.600191, 35.222086 ], [ -106.587058, 35.237006 ], [ -106.597624, 35.269424 ], [ -106.595116, 35.286224 ], [ -106.560087, 35.311306 ], [ -106.538997, 35.300284 ], [ -106.531072, 35.304759 ], [ -106.531071, 35.310155 ], [ -106.513365, 35.310122 ], [ -106.515689, 35.287848 ], [ -106.506911, 35.283137 ], [ -106.503669, 35.287216 ], [ -106.492574, 35.281278 ], [ -106.495811, 35.277206 ], [ -106.484783, 35.271347 ], [ -106.490096, 35.262916 ], [ -106.504852, 35.208498 ], [ -106.504265, 35.202053 ], [ -106.471642, 35.186675 ], [ -106.564337, 35.200009 ], [ -106.570412, 35.194686 ], [ -106.568749, 35.190336 ], [ -106.577629, 35.19027 ], [ -106.576662, 35.201781 ], [ -106.609354, 35.206395 ], [ -106.6194, 35.20948 ] ] ] ] } },
{ "type": "Feature", "properties": { "AIANNHCE": "1625", "NAMELSAD": "Isleta Pueblo", "NAME": "Isleta", "AREA_TYPE": "Pueblo", "STATE_NAMES": "New Mexico", "DECLARATIONS": 1, "OWN_REQUEST": 0, "UNDER_STATE": 1, "FIRST_YEAR": 2014.0, "LATEST_YEAR": 2014.0, "INCIDENT_LIST": "Flood", "POPULATION": 4478, "LAND_SQ_MI": 330.1, "N_COUNTIES": 3, "COUNTY_NAMES": "Bernalillo County; Valencia County; Torrance County", "COUNTY_DISASTER_MAX": 1 }, "geometry": { "type": "Polygon", "coordinates": [ [ [ -107.037274, 34.905928 ], [ -107.031993, 34.906176 ], [ -107.034209, 34.913115 ], [ -107.020999, 34.920043 ], [ -107.014261, 34.929584 ], [ -106.999174, 34.936253 ], [ -106.982705, 34.948627 ], [ -106.981173, 34.94698 ], [ -106.981264, 34.952428 ], [ -106.968886, 34.949417 ], [ -106.963774, 34.952948 ], [ -106.960434, 34.950775 ], [ -106.951677, 34.953003 ], [ -106.94567, 34.957361 ], [ -106.7272, 34.956651 ], [ -106.725312, 34.946847 ], [ -106.437729, 34.947334 ], [ -106.436898, 34.949384 ], [ -106.325714, 34.947253 ], [ -106.325753, 34.942254 ], [ -106.316477, 34.942061 ], [ -106.316543, 34.938527 ], [ -106.322334, 34.938191 ], [ -106.321928, 34.933497 ], [ -106.326794, 34.933536 ], [ -106.326862, 34.927048 ], [ -106.320368, 34.927034 ], [ -106.318761, 34.901542 ], [ -106.328315, 34.894993 ], [ -106.33645, 34.883287 ], [ -106.355631, 34.871851 ], [ -106.37321, 34.871458 ], [ -106.373205, 34.868692 ], [ -106.360072, 34.868552 ], [ -106.358114, 34.86437 ], [ -106.349857, 34.862016 ], [ -106.343617, 34.855729 ], [ -106.343458, 34.844697 ], [ -106.35344, 34.839492 ], [ -106.34398, 34.835172 ], [ -106.345683, 34.823034 ], [ -106.362381, 34.822992 ], [ -106.369943, 34.814755 ], [ -106.402515, 34.810903 ], [ -106.667647, 34.811213 ], [ -106.664073, 34.83616 ], [ -106.667202, 34.838456 ], [ -106.664622, 34.838491 ], [ -106.665574, 34.842362 ], [ -106.662748, 34.84417 ], [ -106.679956, 34.843706 ], [ -106.684637, 34.848055 ], [ -106.688333, 34.865655 ], [ -106.68519, 34.871145 ], [ -106.720091, 34.872141 ], [ -106.721561, 34.865513 ], [ -106.71657, 34.849526 ], [ -106.716121, 34.836021 ], [ -106.996852, 34.836331 ], [ -107.000936, 34.837744 ], [ -106.99808, 34.841159 ], [ -107.005312, 34.845923 ], [ -107.009688, 34.855359 ], [ -107.018295, 34.857632 ], [ -107.00974, 34.857603 ], [ -107.020725, 34.869835 ], [ -107.025502, 34.870388 ], [ -107.023643, 34.87657 ], [ -107.026715, 34.878745 ], [ -107.022402, 34.884671 ], [ -107.02743, 34.885957 ], [ -107.025039, 34.887008 ], [ -107.02781, 34.893948 ], [ -107.029784, 34.893239 ], [ -107.029389, 34.897978 ], [ -107.034612, 34.899882 ], [ -107.030691, 34.902261 ], [ -107.037274, 34.905928 ] ] ] } },
{ "type": "Feature", "properties": { "AIANNHCE": "3495", "NAMELSAD": "Santa Clara Pueblo and Off-Reservation Trust Land", "NAME": "Santa Clara", "AREA_TYPE": "Pueblo", "STATE_NAMES": "New Mexico", "DECLARATIONS": 7, "OWN_REQUEST": 3, "UNDER_STATE": 4, "FIRST_YEAR": 2011.0, "LATEST_YEAR": 2024.0, "INCIDENT_LIST": "Flood; Severe Storm", "POPULATION": 11941, "LAND_SQ_MI": 90.2, "N_COUNTIES": 4, "COUNTY_NAMES": "Rio Arriba County; Sandoval County; Santa Fe County and others", "COUNTY_DISASTER_MAX": 6 }, "geometry": { "type": "Polygon", "coordinates": [ [ [ -106.448225, 35.998854 ], [ -106.444514, 36.008102 ], [ -106.399842, 36.008036 ], [ -106.399577, 36.001243 ], [ -106.329056, 36.001178 ], [ -106.329347, 36.007966 ], [ -106.312322, 36.007673 ], [ -106.313011, 36.014445 ], [ -106.295849, 36.014674 ], [ -106.295989, 36.02185 ], [ -106.243637, 36.023025 ], [ -106.243312, 36.015786 ], [ -106.225513, 36.015796 ], [ -106.225523, 36.008584 ], [ -106.206625, 36.007945 ], [ -106.207806, 36.001477 ], [ -106.159047, 36.001675 ], [ -106.159168, 35.994794 ], [ -106.135291, 35.994417 ], [ -106.135247, 36.006228 ], [ -106.041707, 36.006199 ], [ -106.041663, 35.930916 ], [ -106.160526, 35.930641 ], [ -106.165477, 35.93815 ], [ -106.191252, 35.945572 ], [ -106.194862, 35.948495 ], [ -106.194961, 35.953614 ], [ -106.202398, 35.95777 ], [ -106.202419, 35.950781 ], [ -106.219509, 35.95297 ], [ -106.245617, 35.948178 ], [ -106.248161, 35.966327 ], [ -106.264217, 35.965468 ], [ -106.264241, 35.97275 ], [ -106.300374, 35.973389 ], [ -106.300164, 35.958446 ], [ -106.316823, 35.958537 ], [ -106.315436, 35.952419 ], [ -106.386121, 35.95271 ], [ -106.385821, 35.959935 ], [ -106.399469, 35.960092 ], [ -106.399467, 35.952571 ], [ -106.425836, 35.963777 ], [ -106.445578, 35.97889 ], [ -106.447814, 35.986769 ], [ -106.437176, 35.994058 ], [ -106.448225, 35.998854 ] ] ] } },
{ "type": "Feature", "properties": { "AIANNHCE": "2205", "NAMELSAD": "Mescalero Reservation", "NAME": "Mescalero", "AREA_TYPE": "Reservation", "STATE_NAMES": "New Mexico", "DECLARATIONS": 3, "OWN_REQUEST": 0, "UNDER_STATE": 3, "FIRST_YEAR": 2011.0, "LATEST_YEAR": 2024.0, "INCIDENT_LIST": "Fire; Flood; Severe Storm", "POPULATION": 3577, "LAND_SQ_MI": 719.2, "N_COUNTIES": 3, "COUNTY_NAMES": "Otero County; Lincoln County; Chaves County", "COUNTY_DISASTER_MAX": 7 }, "geometry": { "type": "Polygon", "coordinates": [ [ [ -105.92963, 33.218375 ], [ -105.931639, 33.3899 ], [ -105.727168, 33.39058 ], [ -105.726031, 33.315373 ], [ -105.721838, 33.315384 ], [ -105.717781, 33.307782 ], [ -105.708919, 33.30778 ], [ -105.70892, 33.304917 ], [ -105.317376, 33.305977 ], [ -105.316224, 33.002719 ], [ -105.413083, 33.003845 ], [ -105.413343, 32.992463 ], [ -105.41885, 32.992327 ], [ -105.421918, 32.99917 ], [ -105.436065, 32.999865 ], [ -105.436207, 33.004329 ], [ -105.831368, 33.003751 ], [ -105.828934, 33.077654 ], [ -105.825095, 33.085152 ], [ -105.827437, 33.217798 ], [ -105.92963, 33.218375 ] ], [ [ -105.721815, 33.311258 ], [ -105.726002, 33.311335 ], [ -105.725977, 33.307783 ], [ -105.721801, 33.307738 ], [ -105.721815, 33.311258 ] ] ] } },
{ "type": "Feature", "properties": { "AIANNHCE": "1160", "NAMELSAD": "Fort Berthold Reservation", "NAME": "Fort Berthold", "AREA_TYPE": "Reservation", "STATE_NAMES": "North Dakota", "DECLARATIONS": 1, "OWN_REQUEST": 0, "UNDER_STATE": 1, "FIRST_YEAR": 2011.0, "LATEST_YEAR": 2011.0, "INCIDENT_LIST": "Flood", "POPULATION": 7314, "LAND_SQ_MI": 1319.1, "N_COUNTIES": 6, "COUNTY_NAMES": "McLean County; Mountrail County; Dunn County and others", "COUNTY_DISASTER_MAX": 8 }, "geometry": { "type": "Polygon", "coordinates": [ [ [ -102.785294, 47.594403 ], [ -102.78485, 47.998957 ], [ -101.821942, 47.998655 ], [ -101.822079, 47.588468 ], [ -101.694727, 47.588495 ], [ -101.694764, 47.561031 ], [ -101.698643, 47.56021 ], [ -101.713511, 47.536884 ], [ -101.741827, 47.529229 ], [ -101.812048, 47.497002 ], [ -101.835827, 47.495474 ], [ -101.90747, 47.457921 ], [ -101.940091, 47.457885 ], [ -101.940054, 47.465879 ], [ -101.992889, 47.465937 ], [ -101.993162, 47.472417 ], [ -102.035777, 47.472427 ], [ -102.035784, 47.476175 ], [ -102.099344, 47.476389 ], [ -102.09933, 47.480025 ], [ -102.226753, 47.479915 ], [ -102.226866, 47.476165 ], [ -102.290189, 47.476721 ], [ -102.289771, 47.469017 ], [ -102.374789, 47.46933 ], [ -102.375456, 47.462112 ], [ -102.438475, 47.461117 ], [ -102.438382, 47.466246 ], [ -102.45976, 47.465805 ], [ -102.460497, 47.512476 ], [ -102.492102, 47.517856 ], [ -102.503878, 47.507984 ], [ -102.503785, 47.513716 ], [ -102.516052, 47.510122 ], [ -102.52581, 47.519065 ], [ -102.578191, 47.530411 ], [ -102.584931, 47.534124 ], [ -102.590801, 47.545212 ], [ -102.599717, 47.546809 ], [ -102.628769, 47.535446 ], [ -102.641633, 47.542338 ], [ -102.662182, 47.528778 ], [ -102.673267, 47.526352 ], [ -102.68814, 47.537526 ], [ -102.692595, 47.545865 ], [ -102.689112, 47.552337 ], [ -102.67547, 47.559493 ], [ -102.698594, 47.580474 ], [ -102.727239, 47.568264 ], [ -102.725971, 47.579391 ], [ -102.747904, 47.580893 ], [ -102.742423, 47.591996 ], [ -102.745921, 47.59591 ], [ -102.750041, 47.59617 ], [ -102.748506, 47.588666 ], [ -102.766563, 47.598034 ], [ -102.785294, 47.594403 ] ] ] } },
{ "type": "Feature", "properties": { "AIANNHCE": "3000", "NAMELSAD": "Puyallup Reservation and Off-Reservation Trust Land", "NAME": "Puyallup", "AREA_TYPE": "Reservation", "STATE_NAMES": "Washington", "DECLARATIONS": 1, "OWN_REQUEST": 0, "UNDER_STATE": 1, "FIRST_YEAR": 2021.0, "LATEST_YEAR": 2021.0, "INCIDENT_LIST": "Severe Storm", "POPULATION": 55481, "LAND_SQ_MI": 28.5, "N_COUNTIES": 2, "COUNTY_NAMES": "Pierce County; King County", "COUNTY_DISASTER_MAX": 9 }, "geometry": { "type": "MultiPolygon", "coordinates": [ [ [ [ -122.086014, 47.117246 ], [ -122.080812, 47.116648 ], [ -122.080822, 47.115386 ], [ -122.082513, 47.114643 ], [ -122.086014, 47.117246 ] ] ], [ [ [ -122.339594, 47.191814 ], [ -122.338, 47.192908 ], [ -122.337436, 47.192557 ], [ -122.339594, 47.191814 ] ] ], [ [ [ -122.412289, 47.233954 ], [ -122.411646, 47.235008 ], [ -122.411483, 47.234032 ], [ -122.412289, 47.233954 ] ] ], [ [ [ -122.427612, 47.238387 ], [ -122.426043, 47.239233 ], [ -122.425995, 47.239 ], [ -122.427612, 47.238387 ] ] ], [ [ [ -122.444368336996007, 47.305790193387203 ], [ -122.434617, 47.307491 ], [ -122.429972, 47.319658 ], [ -122.417878161038004, 47.320334135002099 ], [ -122.335771, 47.264084 ], [ -122.329075, 47.263064 ], [ -122.321801, 47.25392 ], [ -122.32148, 47.243093 ], [ -122.31655, 47.239142 ], [ -122.31539, 47.232597 ], [ -122.302214, 47.223283 ], [ -122.303389, 47.210085 ], [ -122.311002, 47.204263 ], [ -122.381396, 47.186301 ], [ -122.396837, 47.197048 ], [ -122.417276, 47.223115 ], [ -122.410209, 47.234381 ], [ -122.417948, 47.240848 ], [ -122.41123, 47.253497 ], [ -122.404156, 47.25313 ], [ -122.409625, 47.259322 ], [ -122.407872, 47.263708 ], [ -122.400791, 47.267951 ], [ -122.403395, 47.270982 ], [ -122.399131, 47.270954 ], [ -122.391192, 47.280004 ], [ -122.399735, 47.279891 ], [ -122.407132, 47.283988 ], [ -122.413735, 47.293921 ], [ -122.444635, 47.300421 ], [ -122.444368336996007, 47.305790193387203 ] ] ] ] } },
{ "type": "Feature", "properties": { "AIANNHCE": "4290", "NAMELSAD": "Tulalip Reservation and Off-Reservation Trust Land", "NAME": "Tulalip", "AREA_TYPE": "Reservation", "STATE_NAMES": "Washington", "DECLARATIONS": 1, "OWN_REQUEST": 0, "UNDER_STATE": 1, "FIRST_YEAR": 2014.0, "LATEST_YEAR": 2014.0, "INCIDENT_LIST": "Mud/Landslide", "POPULATION": 10190, "LAND_SQ_MI": 34.7, "N_COUNTIES": 1, "COUNTY_NAMES": "Snohomish County", "COUNTY_DISASTER_MAX": 9 }, "geometry": { "type": "Polygon", "coordinates": [ [ [ -122.363478134603994, 48.123307131464401 ], [ -122.184324, 48.122947 ], [ -122.183878, 48.097758 ], [ -122.176537, 48.099946 ], [ -122.178864, 48.095658 ], [ -122.183911, 48.095676 ], [ -122.184262, 48.036077 ], [ -122.209672, 48.032682 ], [ -122.223191649905999, 48.024617016961301 ], [ -122.22742, 48.030927 ], [ -122.238237, 48.030585 ], [ -122.274394, 48.04823 ], [ -122.289857, 48.052426 ], [ -122.289483, 48.055454 ], [ -122.274934, 48.050425 ], [ -122.272149, 48.053704 ], [ -122.280005, 48.063067 ], [ -122.29152, 48.06504 ], [ -122.293432, 48.0619 ], [ -122.301001, 48.071332 ], [ -122.321419, 48.080991 ], [ -122.326119, 48.092877 ], [ -122.343241, 48.097631 ], [ -122.347728, 48.110692 ], [ -122.363478134603994, 48.123307131464401 ] ] ] } },
{ "type": "Feature", "properties": { "AIANNHCE": "6390", "NAMELSAD": "Crooked Creek ANVSA", "NAME": "Crooked Creek", "AREA_TYPE": "Alaska Native Village Statistical Area", "STATE_NAMES": "Alaska", "DECLARATIONS": 1, "OWN_REQUEST": 0, "UNDER_STATE": 1, "FIRST_YEAR": 2011.0, "LATEST_YEAR": 2011.0, "INCIDENT_LIST": "Flood", "POPULATION": 18, "LAND_SQ_MI": 99.8, "N_COUNTIES": 1, "COUNTY_NAMES": "Bethel Census Area", "COUNTY_DISASTER_MAX": 7 }, "geometry": { "type": "Polygon", "coordinates": [ [ [ -158.317691, 61.825414 ], [ -158.195596, 61.915697 ], [ -158.17865, 61.911449 ], [ -158.184023, 61.909847 ], [ -158.177742, 61.905537 ], [ -158.180162, 61.904734 ], [ -158.174211, 61.903065 ], [ -158.177337, 61.904404 ], [ -158.145446, 61.913498 ], [ -158.147536, 61.915751 ], [ -158.142086, 61.917589 ], [ -158.141943, 61.921576 ], [ -158.126117, 61.930151 ], [ -158.096354, 61.933353 ], [ -158.097705, 61.935462 ], [ -158.085044, 61.937299 ], [ -158.080969, 61.94302 ], [ -158.066525, 61.943137 ], [ -158.057998, 61.947571 ], [ -158.048245, 61.946805 ], [ -158.022106, 61.930287 ], [ -157.985662, 61.916864 ], [ -157.983966, 61.909048 ], [ -157.972255, 61.901933 ], [ -157.954469, 61.899811 ], [ -157.946509, 61.891267 ], [ -157.926732, 61.884199 ], [ -157.918223, 61.877762 ], [ -157.934785, 61.868908 ], [ -157.932961, 61.865017 ], [ -157.948551, 61.860932 ], [ -157.962593, 61.850499 ], [ -157.962394, 61.796502 ], [ -157.983213, 61.794643 ], [ -158.101307, 61.746038 ], [ -158.190367, 61.745689 ], [ -158.188954, 61.757502 ], [ -158.191365, 61.765358 ], [ -158.225877, 61.781979 ], [ -158.218856, 61.793227 ], [ -158.317691, 61.825414 ] ] ] } },
{ "type": "Feature", "properties": { "AIANNHCE": "3870", "NAMELSAD": "Soboba Reservation and Off-Reservation Trust Land", "NAME": "Soboba", "AREA_TYPE": "Reservation", "STATE_NAMES": "California", "DECLARATIONS": 4, "OWN_REQUEST": 4, "UNDER_STATE": 0, "FIRST_YEAR": 2015.0, "LATEST_YEAR": 2023.0, "INCIDENT_LIST": "Flood; Severe Storm", "POPULATION": 132, "LAND_SQ_MI": 12.3, "N_COUNTIES": 1, "COUNTY_NAMES": "Riverside County", "COUNTY_DISASTER_MAX": 5 }, "geometry": { "type": "Polygon", "coordinates": [ [ [ -116.942245, 33.807211 ], [ -116.928402, 33.805534 ], [ -116.928325, 33.802373 ], [ -116.934402, 33.804532 ], [ -116.936864, 33.802457 ], [ -116.930632, 33.79952 ], [ -116.93191, 33.795521 ], [ -116.92427, 33.799159 ], [ -116.928599, 33.802333 ], [ -116.919449, 33.802105 ], [ -116.922364, 33.793968 ], [ -116.927236, 33.791109 ], [ -116.922392, 33.786021 ], [ -116.910625, 33.787463 ], [ -116.910788, 33.802146 ], [ -116.906461, 33.802206 ], [ -116.906391, 33.805436 ], [ -116.88556, 33.805461 ], [ -116.885656, 33.808804 ], [ -116.875759, 33.809283 ], [ -116.875448, 33.787285 ], [ -116.864898, 33.78737 ], [ -116.863859, 33.790697 ], [ -116.85989, 33.790773 ], [ -116.859443, 33.787446 ], [ -116.855998, 33.787474 ], [ -116.855985, 33.795041 ], [ -116.84258, 33.794556 ], [ -116.842395, 33.787646 ], [ -116.845896, 33.787642 ], [ -116.845896, 33.784307 ], [ -116.842356, 33.784292 ], [ -116.841161, 33.758192 ], [ -116.858099, 33.758957 ], [ -116.858188, 33.75169 ], [ -116.871371, 33.751623 ], [ -116.876056, 33.754625 ], [ -116.876205, 33.758988 ], [ -116.881825, 33.758507 ], [ -116.89102, 33.764912 ], [ -116.91071, 33.765152 ], [ -116.928616, 33.780377 ], [ -116.925434, 33.786439 ], [ -116.932681, 33.786886 ], [ -116.942245, 33.807211 ] ] ] } },
{ "type": "Feature", "properties": { "AIANNHCE": "1490", "NAMELSAD": "Hoopa Valley Reservation", "NAME": "Hoopa Valley", "AREA_TYPE": "Reservation", "STATE_NAMES": "California", "DECLARATIONS": 3, "OWN_REQUEST": 3, "UNDER_STATE": 0, "FIRST_YEAR": 2017.0, "LATEST_YEAR": 2024.0, "INCIDENT_LIST": "Severe Storm; Winter Storm", "POPULATION": 2287, "LAND_SQ_MI": 140.7, "N_COUNTIES": 1, "COUNTY_NAMES": "Humboldt County", "COUNTY_DISASTER_MAX": 6 }, "geometry": { "type": "Polygon", "coordinates": [ [ [ -123.813371, 41.157894 ], [ -123.592845, 41.207913 ], [ -123.534446, 41.038702 ], [ -123.749218, 40.991571 ], [ -123.813371, 41.157894 ] ] ] } },
{ "type": "Feature", "properties": { "AIANNHCE": "2240", "NAMELSAD": "Miccosukee Reservation and Off-Reservation Trust Land", "NAME": "Miccosukee", "AREA_TYPE": "Reservation", "STATE_NAMES": "Florida", "DECLARATIONS": 2, "OWN_REQUEST": 0, "UNDER_STATE": 2, "FIRST_YEAR": 2022.0, "LATEST_YEAR": 2023.0, "INCIDENT_LIST": "Hurricane", "POPULATION": 0, "LAND_SQ_MI": 127.4, "N_COUNTIES": 6, "COUNTY_NAMES": "Broward County; Hendry County; Highlands County and others", "COUNTY_DISASTER_MAX": 9 }, "geometry": { "type": "MultiPolygon", "coordinates": [ [ [ [ -80.482274, 25.760177 ], [ -80.481675, 25.76075 ], [ -80.481675, 25.760177 ], [ -80.482274, 25.760177 ] ] ], [ [ [ -80.495532, 25.763113 ], [ -80.488728, 25.768964 ], [ -80.48405, 25.765387 ], [ -80.487673, 25.769896 ], [ -80.482616, 25.774194 ], [ -80.481855, 25.761604 ], [ -80.495532, 25.763113 ] ] ], [ [ [ -80.820226, 25.761778 ], [ -80.818162, 25.76214 ], [ -80.818194, 25.761786 ], [ -80.820226, 25.761778 ] ] ], [ [ [ -80.856897, 25.76062 ], [ -80.774602, 25.760883 ], [ -80.767874, 25.759348 ], [ -80.856849, 25.757449 ], [ -80.856897, 25.76062 ] ] ], [ [ [ -80.879715, 26.259474 ], [ -80.751513, 26.259467 ], [ -80.74963, 26.173007 ], [ -80.78082, 26.173058 ], [ -80.780713, 25.998532 ], [ -80.872558, 25.99854 ], [ -80.879715, 26.259474 ] ] ], [ [ [ -81.099999, 26.321683 ], [ -81.092085, 26.321747 ], [ -81.092831, 26.343524 ], [ -81.076495, 26.343675 ], [ -81.074792, 26.300137 ], [ -81.099321, 26.29977 ], [ -81.099999, 26.321683 ] ] ], [ [ [ -81.267386, 27.15016 ], [ -81.230261, 27.139064 ], [ -81.230228, 27.121198 ], [ -81.267677, 27.121097 ], [ -81.267386, 27.15016 ] ] ] ] } },
{ "type": "Feature", "properties": { "AIANNHCE": "0360", "NAMELSAD": "Brighton Reservation", "NAME": "Brighton", "AREA_TYPE": "Reservation", "STATE_NAMES": "Florida", "DECLARATIONS": 3, "OWN_REQUEST": 2, "UNDER_STATE": 1, "FIRST_YEAR": 2017.0, "LATEST_YEAR": 2023.0, "INCIDENT_LIST": "Hurricane", "POPULATION": 387, "LAND_SQ_MI": 57.2, "N_COUNTIES": 1, "COUNTY_NAMES": "Glades County", "COUNTY_DISASTER_MAX": 6 }, "geometry": { "type": "Polygon", "coordinates": [ [ [ -81.134573, 27.032894 ], [ -81.118342, 27.032868 ], [ -81.118673, 27.077606 ], [ -81.135107, 27.077186 ], [ -81.135109, 27.091911 ], [ -81.118751, 27.092259 ], [ -81.119499, 27.121555 ], [ -81.069189, 27.122232 ], [ -81.06957, 27.165898 ], [ -81.036984, 27.166274 ], [ -81.036907, 27.137044 ], [ -80.966892, 27.137826 ], [ -80.969507, 27.135831 ], [ -80.970168, 27.123244 ], [ -80.990989, 27.120999 ], [ -80.99827, 27.115552 ], [ -81.00376, 27.097057 ], [ -81.010281, 27.093245 ], [ -81.020016, 27.093243 ], [ -81.02042, 27.078227 ], [ -81.024201, 27.078123 ], [ -81.025384, 27.069466 ], [ -81.033601, 27.058507 ], [ -81.046383, 27.051087 ], [ -81.054553, 27.033729 ], [ -81.06871, 27.033823 ], [ -81.069856, 27.012646 ], [ -81.092365, 26.991025 ], [ -81.102961, 26.985161 ], [ -81.102949, 26.987241 ], [ -81.118949, 26.98697 ], [ -81.11893, 26.996628 ], [ -81.135554, 26.996631 ], [ -81.134573, 27.032894 ] ], [ [ -81.102635, 27.106823 ], [ -81.102445, 27.092492 ], [ -81.085671, 27.092411 ], [ -81.085732, 27.106785 ], [ -81.102635, 27.106823 ] ] ] } },
{ "type": "Feature", "properties": { "AIANNHCE": "1750", "NAMELSAD": "Karuk Reservation and Off-Reservation Trust Land", "NAME": "Karuk", "AREA_TYPE": "Reservation", "STATE_NAMES": "California", "DECLARATIONS": 1, "OWN_REQUEST": 1, "UNDER_STATE": 0, "FIRST_YEAR": 2013.0, "LATEST_YEAR": 2013.0, "INCIDENT_LIST": "Fire", "POPULATION": 593, "LAND_SQ_MI": 1.7, "N_COUNTIES": 2, "COUNTY_NAMES": "Siskiyou County; Humboldt County", "COUNTY_DISASTER_MAX": 6 }, "geometry": { "type": "MultiPolygon", "coordinates": [ [ [ [ -122.631869, 41.708332 ], [ -122.631576, 41.713545 ], [ -122.624136, 41.713129 ], [ -122.625236, 41.708901 ], [ -122.619013, 41.707891 ], [ -122.617445, 41.702217 ], [ -122.612658, 41.702283 ], [ -122.612695, 41.698471 ], [ -122.622142, 41.698604 ], [ -122.624383, 41.705927 ], [ -122.631869, 41.708332 ] ] ], [ [ [ -122.643142, 41.716803 ], [ -122.641916, 41.718086 ], [ -122.642451, 41.716744 ], [ -122.643142, 41.716803 ] ] ], [ [ [ -123.281051, 41.27438 ], [ -123.279234, 41.276546 ], [ -123.279385, 41.272764 ], [ -123.281051, 41.27438 ] ] ], [ [ [ -123.361933, 41.292221 ], [ -123.352524, 41.294059 ], [ -123.361449, 41.290623 ], [ -123.361933, 41.292221 ] ] ], [ [ [ -123.363659, 41.803339 ], [ -123.358865, 41.810286 ], [ -123.352752, 41.809447 ], [ -123.349324, 41.806132 ], [ -123.349048, 41.798293 ], [ -123.353694, 41.802195 ], [ -123.361341, 41.798901 ], [ -123.363659, 41.803339 ] ] ], [ [ [ -123.37859, 41.802878 ], [ -123.37531, 41.80218 ], [ -123.374771, 41.809329 ], [ -123.364203, 41.809684 ], [ -123.370902, 41.807586 ], [ -123.374589, 41.798685 ], [ -123.37859, 41.802878 ] ] ], [ [ [ -123.378324, 41.313698 ], [ -123.379099, 41.317 ], [ -123.377389, 41.316303 ], [ -123.378324, 41.313698 ] ] ], [ [ [ -123.381373, 41.790609 ], [ -123.379619, 41.792382 ], [ -123.38052, 41.790186 ], [ -123.381373, 41.790609 ] ] ], [ [ [ -123.410971, 41.337174 ], [ -123.408075, 41.339738 ], [ -123.409448, 41.336927 ], [ -123.410971, 41.337174 ] ] ], [ [ [ -123.430457, 41.672037 ], [ -123.426441, 41.674373 ], [ -123.426433, 41.671823 ], [ -123.430457, 41.672037 ] ] ], [ [ [ -123.443336, 41.687363 ], [ -123.435997, 41.687353 ], [ -123.435874, 41.681922 ], [ -123.443322, 41.68196 ], [ -123.443336, 41.687363 ] ] ], [ [ [ -123.445297, 41.373081 ], [ -123.446262, 41.374641 ], [ -123.444764, 41.374101 ], [ -123.445297, 41.373081 ] ] ], [ [ [ -123.450177, 41.709622 ], [ -123.4451, 41.712277 ], [ -123.445118, 41.708429 ], [ -123.450177, 41.709622 ] ] ], [ [ [ -123.491349, 41.447579 ], [ -123.488463, 41.450391 ], [ -123.489903, 41.447491 ], [ -123.491349, 41.447579 ] ] ], [ [ [ -123.498701, 41.383839 ], [ -123.498125, 41.385792 ], [ -123.497987, 41.384318 ], [ -123.498701, 41.383839 ] ] ], [ [ [ -123.517612, 41.472319 ], [ -123.514416, 41.477854 ], [ -123.513986, 41.473232 ], [ -123.517612, 41.472319 ] ] ], [ [ [ -123.527261, 41.492787 ], [ -123.525718, 41.4954 ], [ -123.523603, 41.493365 ], [ -123.527261, 41.492787 ] ] ], [ [ [ -123.52855, 41.529425 ], [ -123.526826, 41.531223 ], [ -123.527781, 41.529414 ], [ -123.52855, 41.529425 ] ] ], [ [ [ -123.529016, 41.304566 ], [ -123.52811, 41.306211 ], [ -123.527133, 41.304635 ], [ -123.529016, 41.304566 ] ] ], [ [ [ -123.529296, 41.524962 ], [ -123.527094, 41.5249 ], [ -123.52878, 41.523618 ], [ -123.529296, 41.524962 ] ] ], [ [ [ -123.550442, 41.299774 ], [ -123.543807, 41.303145 ], [ -123.541125, 41.300634 ], [ -123.547225, 41.300853 ], [ -123.550442, 41.299774 ] ] ] ] } }
]
}
