{"type":"FeatureCollection","features":[{"type":"Feature","geometry":{"type":"MultiPolygon","coordinates":[[[[-107.33826,34.82986],[-107.32953,34.82988],[-107.3289,34.82625],[-107.33769,34.82618],[-107.33826,34.82986]]],[[[-107.35173,34.8557],[-107.34349,34.85567],[-107.34355,34.84825],[-107.35177,34.84831],[-107.35173,34.8557]]],[[[-107.39064,34.82403],[-107.3817,34.82407],[-107.38166,34.81301],[-107.38672,34.81214],[-107.38601,34.81655],[-107.39046,34.81649],[-107.39064,34.82403]]],[[[-107.41298,34.80507],[-107.40441,34.80499],[-107.40436,34.79763],[-107.41294,34.79776],[-107.41298,34.80507]]],[[[-107.413,34.76869],[-107.41288,34.78316],[-107.39551,34.78312],[-107.3935,34.76858],[-107.413,34.76869]]],[[[-107.42239,34.67493],[-107.41808,34.67494],[-107.41807,34.67139],[-107.42241,34.67137],[-107.42239,34.67493]]],[[[-107.43086,34.76885],[-107.413,34.76869],[-107.41315,34.75419],[-107.43096,34.75434],[-107.43086,34.76885]]],[[[-107.43111,34.69643],[-107.41358,34.69648],[-107.41362,34.68214],[-107.43104,34.68205],[-107.43111,34.69643]]],[[[-107.43964,34.8125],[-107.43076,34.81244],[-107.43074,34.8088],[-107.43964,34.80892],[-107.43964,34.8125]]],[[[-107.43974,34.75436],[-107.43096,34.75434],[-107.43101,34.74706],[-107.4397,34.7471],[-107.43974,34.75436]]],[[[-107.4486,34.68201],[-107.43104,34.68205],[-107.4312,34.66779],[-107.44862,34.66738],[-107.4486,34.68201]]],[[[-107.46607,34.79446],[-107.44832,34.79827],[-107.44841,34.78336],[-107.45702,34.78323],[-107.453,34.79033],[-107.46171,34.79054],[-107.46174,34.78715],[-107.46591,34.7869],[-107.46607,34.79446]]],[[[-107.4662,34.76894],[-107.44852,34.76889],[-107.44852,34.76526],[-107.45736,34.76529],[-107.45741,34.76163],[-107.44845,34.76144],[-107.44846,34.75436],[-107.46625,34.75438],[-107.4662,34.76894]]],[[[-107.46628,34.73978],[-107.44864,34.73985],[-107.44867,34.72536],[-107.45748,34.72535],[-107.45747,34.73262],[-107.46495,34.73265],[-107.46628,34.73978]]],[[[-107.48382,34.72507],[-107.47504,34.72508],[-107.475,34.71789],[-107.47073,34.718],[-107.47075,34.71438],[-107.48393,34.71418],[-107.48382,34.72507]]],[[[-107.51576,34.71335],[-107.51158,34.71316],[-107.51145,34.71039],[-107.51578,34.71063],[-107.51576,34.71335]]],[[[-107.51893,34.78345],[-107.50144,34.78356],[-107.5015,34.77989],[-107.51896,34.77996],[-107.51893,34.78345]]],[[[-107.55897,35.07144],[-107.55669,35.07361],[-107.55659,35.07143],[-107.55897,35.07144]]],[[[-107.5668,35.08465],[-107.55724,35.08471],[-107.55345,35.07393],[-107.56604,35.07704],[-107.5668,35.08465]]],[[[-107.60671,34.45481],[-107.60205,34.45484],[-107.60196,34.45118],[-107.60657,34.45121],[-107.60671,34.45481]]],[[[-107.64778,35.13156],[-107.64344,35.13155],[-107.64336,35.11725],[-107.64777,35.11725],[-107.64778,35.13156]]],[[[-107.67911,35.10288],[-107.67848,35.13153],[-107.67251,35.13151],[-107.67096,35.13863],[-107.66092,35.14039],[-107.6608,35.15328],[-107.65206,35.15315],[-107.65211,35.14599],[-107.65649,35.14604],[-107.65667,35.13626],[-107.6609,35.13513],[-107.65719,35.13383],[-107.67211,35.12973],[-107.66906,35.12389],[-107.66099,35.12566],[-107.66111,35.10278],[-107.67911,35.10288]]],[[[-107.69557,35.14618],[-107.67855,35.14596],[-107.67853,35.14235],[-107.67375,35.14249],[-107.67409,35.13513],[-107.6785,35.13513],[-107.67848,35.13153],[-107.69601,35.13146],[-107.69557,35.14618]]],[[[-107.76601,35.17529],[-107.67839,35.1746],[-107.67802,35.16044],[-107.7134,35.16042],[-107.71316,35.15328],[-107.69561,35.15333],[-107.69557,35.14618],[-107.70417,35.14625],[-107.70448,35.13887],[-107.71326,35.13892],[-107.71356,35.13136],[-107.7311,35.13133],[-107.73105,35.14577],[-107.71756,35.14606],[-107.71807,35.16044],[-107.766,35.16088],[-107.76601,35.17529]]],[[[-107.80022,34.95957],[-107.79103,34.95933],[-107.7908,34.95235],[-107.80007,34.95244],[-107.80022,34.95957]]],[[[-107.80265,34.98654],[-107.79804,34.98676],[-107.79809,34.97281],[-107.80242,34.9728],[-107.80265,34.98654]]],[[[-107.84028,34.94315],[-107.8265,34.94327],[-107.82657,34.93586],[-107.83597,34.93564],[-107.836,34.93891],[-107.84022,34.93902],[-107.84028,34.94315]]],[[[-107.85346,34.85592],[-107.83584,34.85617],[-107.8358,34.86388],[-107.83106,34.86516],[-107.83579,34.86746],[-107.83577,34.87103],[-107.8309,34.8711],[-107.831,34.86741],[-107.82662,34.86737],[-107.82675,34.86378],[-107.82246,34.86373],[-107.82262,34.85988],[-107.81835,34.86003],[-107.81857,34.85613],[-107.814,34.85614],[-107.81394,34.85258],[-107.80027,34.85211],[-107.80006,34.84114],[-107.81848,34.84123],[-107.8185,34.85273],[-107.83575,34.85233],[-107.8359,34.84523],[-107.85331,34.84533],[-107.85346,34.85592]]],[[[-107.90498,34.75576],[-107.90359,34.76849],[-107.89706,34.77794],[-107.87085,34.80627],[-107.86445,34.81908],[-107.86435,34.83144],[-107.85942,34.83319],[-107.8526,34.82992],[-107.8373,34.83283],[-107.8159,34.82647],[-107.80544,34.83716],[-107.79503,34.83918],[-107.78249,34.85063],[-107.78784,34.85803],[-107.80041,34.86172],[-107.81103,34.88447],[-107.81057,34.88912],[-107.81775,34.89388],[-107.81915,34.89945],[-107.83463,34.9018],[-107.83657,34.90673],[-107.84042,34.90655],[-107.84041,34.90236],[-107.83601,34.90209],[-107.83587,34.88711],[-107.8535,34.88562],[-107.85346,34.88203],[-107.86208,34.88214],[-107.86206,34.87489],[-107.87507,34.87488],[-107.8751,34.87119],[-107.88382,34.87126],[-107.8838,34.8737],[-107.87938,34.87858],[-107.87149,34.87856],[-107.8707,34.88224],[-107.86643,34.88225],[-107.86641,34.89325],[-107.85798,34.89655],[-107.85791,34.91803],[-107.85359,34.91826],[-107.8534,34.93287],[-107.84471,34.93272],[-107.84477,34.9291],[-107.84042,34.92901],[-107.84036,34.9254],[-107.84484,34.92548],[-107.84496,34.91823],[-107.83621,34.91797],[-107.836,34.90724],[-107.82235,34.916],[-107.82236,34.92662],[-107.83329,34.91806],[-107.84048,34.92163],[-107.83535,34.93291],[-107.80106,34.93324],[-107.801,34.94015],[-107.78398,34.93861],[-107.77304,34.95076],[-107.77296,34.95861],[-107.7517,34.9587],[-107.75134,35.09127],[-107.72302,35.08337],[-107.5571,35.06967],[-107.55643,35.07129],[-107.54483,35.06758],[-107.54325,34.8697],[-107.51812,34.87094],[-107.51928,34.78372],[-107.62338,34.78326],[-107.62386,34.69655],[-107.55378,34.6968],[-107.55386,34.68201],[-107.53638,34.68184],[-107.5362,34.69651],[-107.44898,34.6963],[-107.4486,34.68201],[-107.45759,34.6818],[-107.45758,34.66731],[-107.44862,34.66738],[-107.44876,34.65332],[-107.46629,34.65319],[-107.46666,34.66723],[-107.48418,34.66734],[-107.48381,34.65304],[-107.49258,34.64948],[-107.49254,34.65304],[-107.50132,34.65302],[-107.50136,34.63853],[-107.51886,34.63867],[-107.51505,34.57955],[-107.53365,34.58063],[-107.53367,34.56497],[-107.55091,34.56491],[-107.55109,34.55058],[-107.54241,34.55054],[-107.5422,34.53588],[-107.53376,34.53587],[-107.53297,34.49236],[-107.53761,34.49239],[-107.5378,34.4779],[-107.56306,34.47792],[-107.5633,34.46166],[-107.56768,34.46168],[-107.56772,34.47616],[-107.58972,34.47626],[-107.58966,34.46894],[-107.58554,34.46887],[-107.58551,34.46349],[-107.66375,34.46382],[-107.66386,34.47566],[-107.67212,34.47585],[-107.67213,34.48982],[-107.72593,34.4896],[-107.72544,34.47559],[-107.7777,34.47801],[-107.77741,34.49216],[-107.77315,34.49223],[-107.77351,34.50686],[-107.77779,34.50684],[-107.77741,34.54985],[-107.76005,34.54968],[-107.75979,34.56401],[-107.70931,34.56324],[-107.70783,34.60962],[-107.72971,34.60921],[-107.72954,34.69613],[-107.87405,34.69638],[-107.88281,34.70704],[-107.88246,34.72969],[-107.87562,34.73905],[-107.87076,34.73995],[-107.86755,34.74667],[-107.8616,34.74949],[-107.86136,34.76259],[-107.88676,34.7725],[-107.89752,34.76827],[-107.90191,34.7575],[-107.90498,34.75576]],[[-107.69962,34.52606],[-107.69492,34.52611],[-107.69457,34.53323],[-107.69929,34.53319],[-107.69962,34.52606]],[[-107.67677,34.69608],[-107.65923,34.69618],[-107.65924,34.70373],[-107.67694,34.7037],[-107.67677,34.69608]],[[-107.61555,34.59647],[-107.61123,34.59654],[-107.61116,34.59331],[-107.60255,34.59333],[-107.60687,34.60025],[-107.6154,34.60028],[-107.61555,34.59647]],[[-107.60302,34.49265],[-107.59488,34.49255],[-107.5948,34.50689],[-107.60297,34.50714],[-107.60302,34.49265]],[[-107.58552,34.53611],[-107.56795,34.53623],[-107.56796,34.55061],[-107.58542,34.55078],[-107.58552,34.53611]],[[-107.47548,34.68188],[-107.46644,34.68175],[-107.46645,34.68901],[-107.47526,34.68905],[-107.47548,34.68188]],[[-107.48418,34.66734],[-107.4843,34.68191],[-107.50147,34.68208],[-107.50144,34.66753],[-107.48418,34.66734]],[[-107.51886,34.63867],[-107.51888,34.65295],[-107.53611,34.65311],[-107.5318,34.64582],[-107.52745,34.64581],[-107.52317,34.63872],[-107.51886,34.63867]],[[-107.53638,34.68184],[-107.53624,34.66766],[-107.51923,34.66773],[-107.51932,34.6818],[-107.53638,34.68184]],[[-107.56795,34.53623],[-107.56797,34.52155],[-107.5591,34.52147],[-107.55888,34.53624],[-107.56795,34.53623]],[[-107.56797,34.52155],[-107.58544,34.52152],[-107.5854,34.51387],[-107.57674,34.51389],[-107.57664,34.5068],[-107.56804,34.50689],[-107.56797,34.52155]]]]},"properties":{"AIANNHCE":"0010","NAMELSAD":"Acoma Pueblo and Off-Reservation Trust Land","FEMA":"Pueblo of Acoma","POP":3605,"AIAN":3397,"POP_OK":1,"DECL":4,"TRIBE_N":1,"STATE_N":3,"LIST":"2011: Severe Storm | 2012: Flood | 2015: Severe Storm | 2018: Flood","STATE":"New Mexico"}},{"type":"Feature","geometry":{"type":"MultiPolygon","coordinates":[[[[-116.42309,33.80166],[-116.42299,33.81622],[-116.40575,33.81634],[-116.40596,33.80175],[-116.42309,33.80166]]],[[[-116.44077,33.787],[-116.44061,33.8015],[-116.42309,33.80166],[-116.42283,33.78707],[-116.44077,33.787]]],[[[-116.44079,33.85937],[-116.42374,33.85938],[-116.42352,33.8453],[-116.44084,33.84502],[-116.44079,33.85937]]],[[[-116.44086,33.83064],[-116.42344,33.83073],[-116.42352,33.8453],[-116.40569,33.84537],[-116.40583,33.83094],[-116.42323,33.83073],[-116.42299,33.81622],[-116.44065,33.81599],[-116.44086,33.83064]]],[[[-116.45816,33.81597],[-116.44065,33.81599],[-116.44061,33.8015],[-116.45804,33.80144],[-116.45816,33.81597]]],[[[-116.45844,33.84502],[-116.44083,33.84489],[-116.44086,33.83064],[-116.45815,33.83089],[-116.45844,33.84502]]],[[[-116.46139,33.7804],[-116.45801,33.78041],[-116.45812,33.78693],[-116.44077,33.787],[-116.44097,33.77248],[-116.4583,33.77252],[-116.45801,33.77796],[-116.46139,33.7804]]],[[[-116.47548,33.80135],[-116.45804,33.80144],[-116.45812,33.78693],[-116.47544,33.787],[-116.47548,33.80135]]],[[[-116.47608,33.85939],[-116.45822,33.85944],[-116.45844,33.84502],[-116.4759,33.84495],[-116.47608,33.85939]]],[[[-116.48441,33.78981],[-116.4852,33.79368],[-116.48485,33.79408],[-116.48441,33.78981]]],[[[-116.49285,33.78682],[-116.47544,33.787],[-116.47554,33.77262],[-116.49285,33.77242],[-116.49285,33.78682]]],[[[-116.49298,33.81588],[-116.47559,33.81591],[-116.47565,33.80135],[-116.49285,33.80152],[-116.49298,33.81588]]],[[[-116.5106,33.83044],[-116.49321,33.83034],[-116.49322,33.84493],[-116.4759,33.84495],[-116.47559,33.83047],[-116.49296,33.83035],[-116.49298,33.81588],[-116.51069,33.81593],[-116.5106,33.83044]]],[[[-116.51071,33.80141],[-116.49285,33.80152],[-116.49285,33.78682],[-116.51055,33.78702],[-116.51071,33.80141]]],[[[-116.51062,33.84493],[-116.51075,33.85938],[-116.49345,33.85942],[-116.49322,33.84493],[-116.51062,33.84493]]],[[[-116.52823,33.83036],[-116.52818,33.84486],[-116.51062,33.84493],[-116.5106,33.83044],[-116.52823,33.83036]]],[[[-116.52828,33.80143],[-116.52822,33.81597],[-116.51069,33.81593],[-116.51071,33.80141],[-116.52828,33.80143]]],[[[-116.54558,33.81584],[-116.54558,33.83038],[-116.52823,33.83036],[-116.52822,33.81597],[-116.54558,33.81584]]],[[[-116.54559,33.84489],[-116.54552,33.85955],[-116.52806,33.85953],[-116.52818,33.84486],[-116.54559,33.84489]]],[[[-116.55205,33.82285],[-116.55128,33.82298],[-116.55194,33.8223],[-116.55205,33.82285]]],[[[-116.56295,33.84492],[-116.55426,33.84484],[-116.55415,33.83042],[-116.56315,33.83052],[-116.56295,33.84492]]],[[[-116.56489,33.71395],[-116.5647,33.75764],[-116.55602,33.7579],[-116.55604,33.76512],[-116.54745,33.76519],[-116.54755,33.77232],[-116.56306,33.77228],[-116.56308,33.78682],[-116.54562,33.78672],[-116.54565,33.80142],[-116.52828,33.80143],[-116.52996,33.75794],[-116.51293,33.75812],[-116.51288,33.71399],[-116.52808,33.714],[-116.53028,33.69964],[-116.54761,33.6996],[-116.54772,33.71407],[-116.56489,33.71395]],[[-116.54253,33.72866],[-116.53707,33.72681],[-116.53596,33.72857],[-116.54253,33.72866]]],[[[-116.56482,33.69959],[-116.54761,33.6996],[-116.54765,33.68492],[-116.56495,33.68482],[-116.56482,33.69959]]],[[[-116.57605,33.81392],[-116.57391,33.81481],[-116.57391,33.81393],[-116.57605,33.81392]]],[[[-116.58032,33.8596],[-116.56275,33.85962],[-116.56295,33.84492],[-116.58025,33.84492],[-116.58032,33.8596]]],[[[-116.58045,33.8013],[-116.56292,33.80143],[-116.56309,33.81127],[-116.56741,33.81126],[-116.56309,33.8122],[-116.5631,33.8159],[-116.54558,33.81584],[-116.54565,33.80142],[-116.56291,33.80142],[-116.56308,33.78682],[-116.58038,33.78668],[-116.58045,33.8013]]],[[[-116.58236,33.71416],[-116.56489,33.71395],[-116.56482,33.69959],[-116.58223,33.69948],[-116.58236,33.71416]]],[[[-116.5847,33.82323],[-116.58038,33.82417],[-116.58039,33.82321],[-116.5847,33.82323]]],[[[-116.58472,33.81959],[-116.5804,33.82055],[-116.5804,33.81956],[-116.58472,33.81959]]],[[[-116.58902,33.8214],[-116.5847,33.82323],[-116.58471,33.82142],[-116.58902,33.8214]]],[[[-116.59346,33.79785],[-116.58911,33.79783],[-116.58915,33.79026],[-116.59339,33.79023],[-116.59346,33.79785]]],[[[-116.59745,33.84502],[-116.58025,33.84492],[-116.58024,33.83034],[-116.59775,33.83025],[-116.59745,33.84502]]],[[[-116.59752,33.81593],[-116.59135,33.81597],[-116.59032,33.81958],[-116.59029,33.81598],[-116.5802,33.81592],[-116.58045,33.8013],[-116.59775,33.80136],[-116.59752,33.81593]]],[[[-116.59954,33.69956],[-116.58223,33.69948],[-116.58252,33.68472],[-116.59965,33.68472],[-116.59954,33.69956]]],[[[-116.61435,33.77222],[-116.59975,33.77212],[-116.59972,33.75745],[-116.61435,33.75742],[-116.61435,33.77222]]],[[[-116.61425,33.69962],[-116.61435,33.74342],[-116.59943,33.7432],[-116.59972,33.75745],[-116.58225,33.75752],[-116.58236,33.71416],[-116.59947,33.7141],[-116.59954,33.69956],[-116.61425,33.69962]]],[[[-116.61445,33.8015],[-116.59775,33.80136],[-116.59784,33.79024],[-116.59339,33.79023],[-116.59335,33.7868],[-116.58038,33.78668],[-116.58054,33.77227],[-116.56493,33.77225],[-116.5647,33.75764],[-116.58225,33.75752],[-116.58235,33.77223],[-116.59799,33.77229],[-116.59772,33.78676],[-116.61438,33.78691],[-116.61445,33.8015]]],[[[-116.61505,33.85962],[-116.59715,33.85962],[-116.59745,33.84502],[-116.61461,33.84501],[-116.61505,33.85962]]],[[[-116.61457,33.83017],[-116.59775,33.83025],[-116.59752,33.81593],[-116.6145,33.81602],[-116.61457,33.83017]]],[[[-116.6755,33.92239],[-116.65861,33.92159],[-116.65863,33.91815],[-116.66765,33.91424],[-116.6715,33.91745],[-116.66728,33.91723],[-116.67376,33.9181],[-116.6755,33.92239]]]]},"properties":{"AIANNHCE":"0020","NAMELSAD":"Agua Caliente Indian Reservation and Off-Reservation Trust Land","FEMA":"Agua Caliente Indian Reservation","POP":28392,"AIAN":274,"POP_OK":1,"DECL":1,"TRIBE_N":1,"STATE_N":0,"LIST":"2024: Tropical Storm","STATE":"California"}},{"type":"Feature","geometry":{"type":"MultiPolygon","coordinates":[[[[-90.5902,46.86048],[-90.57001,46.8497],[-90.56887,46.84725],[-90.57938,46.84691],[-90.57964,46.85066],[-90.58998,46.8542],[-90.5902,46.86048]]],[[[-90.80615,46.73025],[-90.78442,46.72937],[-90.77366,46.723],[-90.76602,46.71285],[-90.78616,46.72642],[-90.80615,46.73025]]],[[[-90.82246,46.61947],[-90.79478,46.62494],[-90.73765,46.65532],[-90.7462,46.66397],[-90.76094,46.66038],[-90.74809,46.66982],[-90.71222,46.66593],[-90.6932,46.65999],[-90.75878,46.70425],[-90.75343,46.70383],[-90.62789,46.62384],[-90.55814,46.58638],[-90.53796,46.58108],[-90.5255,46.58693],[-90.50591,46.58961],[-90.4832,46.57871],[-90.48332,46.54398],[-90.54993,46.54409],[-90.54885,46.41404],[-90.79831,46.41416],[-90.80171,46.58755],[-90.82261,46.58775],[-90.82246,46.61947]]]]},"properties":{"AIANNHCE":"0140","NAMELSAD":"Bad River Reservation","FEMA":"Bad River Indian Reservation","POP":1279,"AIAN":892,"POP_OK":1,"DECL":1,"TRIBE_N":0,"STATE_N":1,"LIST":"2016: Severe Storm","STATE":"Wisconsin"}},{"type":"Feature","geometry":{"type":"Polygon","coordinates":[[[-81.10767,26.29958],[-81.07479,26.30014],[-81.07649,26.34358],[-81.0517,26.34379],[-81.05152,26.32936],[-81.0432,26.32943],[-81.04367,26.34421],[-80.97876,26.34555],[-80.97832,26.33026],[-80.96154,26.33062],[-80.9615,26.31624],[-80.89767,26.3171],[-80.89912,26.33128],[-80.83214,26.33009],[-80.83001,26.25949],[-81.1068,26.25597],[-81.10767,26.29958]],[[-80.9983,26.32197],[-80.99625,26.32016],[-80.9963,26.32201],[-80.9983,26.32197]],[[-81.0432,26.32943],[-81.04323,26.31504],[-81.02675,26.31532],[-81.02663,26.32252],[-81.03578,26.32231],[-81.03482,26.32603],[-81.03977,26.32575],[-81.03984,26.32946],[-81.0432,26.32943]]]},"properties":{"AIANNHCE":"0225","NAMELSAD":"Big Cypress Reservation","FEMA":"Big Cypress Indian Reservation / Seminole Tribe of Florida","POP":321,"AIAN":283,"POP_OK":1,"DECL":3,"TRIBE_N":2,"STATE_N":1,"LIST":"2017: Hurricane | 2022: Hurricane | 2023: Hurricane","STATE":"Florida"}},{"type":"Feature","geometry":{"type":"MultiPolygon","coordinates":[[[[-112.33678,48.8057],[-112.33335,48.80754],[-112.33336,48.8057],[-112.33678,48.8057]]],[[[-113.60914,48.99824],[-112.36503,48.99884],[-112.36787,48.6545],[-112.36066,48.65086],[-112.35767,48.64463],[-112.34482,48.6428],[-112.34696,48.63414],[-112.34024,48.63136],[-112.34028,48.6233],[-112.34979,48.61515],[-112.33812,48.6096],[-112.34098,48.59792],[-112.33208,48.59826],[-112.32777,48.59223],[-112.33037,48.58668],[-112.3241,48.58351],[-112.32039,48.57476],[-112.2977,48.57212],[-112.28533,48.55879],[-112.3089,48.54874],[-112.3026,48.54151],[-112.30616,48.5403],[-112.3055,48.52848],[-112.28952,48.52345],[-112.28528,48.51139],[-112.27295,48.50915],[-112.26248,48.49855],[-112.25405,48.49681],[-112.25295,48.48947],[-112.2442,48.48398],[-112.23573,48.49079],[-112.23113,48.49072],[-112.22503,48.46999],[-112.23141,48.46553],[-112.22834,48.46045],[-112.23073,48.45612],[-112.24266,48.4513],[-112.24358,48.44593],[-112.25324,48.44336],[-112.25795,48.44541],[-112.2614,48.44034],[-112.26726,48.44013],[-112.25669,48.43451],[-112.25687,48.42968],[-112.26188,48.42983],[-112.26546,48.42358],[-112.27094,48.42476],[-112.27169,48.41907],[-112.28639,48.41201],[-112.28743,48.40648],[-112.29582,48.40055],[-112.30363,48.40248],[-112.30048,48.40589],[-112.30614,48.40666],[-112.30642,48.39912],[-112.31456,48.40306],[-112.31203,48.39805],[-112.31407,48.38986],[-112.32476,48.39244],[-112.32782,48.39059],[-112.32372,48.38446],[-112.32837,48.38297],[-112.33147,48.37191],[-112.33837,48.37025],[-112.3332,48.36912],[-112.3318,48.36209],[-112.34565,48.35533],[-112.34803,48.35015],[-112.34124,48.34609],[-112.34657,48.34214],[-112.33951,48.34075],[-112.32924,48.33178],[-112.31922,48.33235],[-112.31818,48.33031],[-112.32391,48.32578],[-112.31819,48.32288],[-112.31936,48.32113],[-112.32731,48.32329],[-112.33831,48.32057],[-112.34051,48.32509],[-112.35422,48.32045],[-112.35179,48.3163],[-112.36192,48.31644],[-112.36448,48.31146],[-112.38251,48.32067],[-112.38861,48.3185],[-112.38344,48.31525],[-112.38939,48.31615],[-112.39669,48.31023],[-112.40148,48.31795],[-112.4005,48.32136],[-112.40533,48.32324],[-112.40108,48.32654],[-112.40791,48.32544],[-112.40402,48.33002],[-112.41093,48.329],[-112.40964,48.33127],[-112.417,48.33461],[-112.41492,48.33609],[-112.42054,48.34028],[-112.42544,48.33578],[-112.42747,48.34182],[-112.43178,48.33724],[-112.47254,48.34962],[-112.46988,48.3469],[-112.48262,48.34258],[-112.50614,48.34644],[-112.51232,48.34102],[-112.53312,48.33438],[-112.54192,48.3253],[-112.56791,48.31947],[-112.5772,48.31384],[-112.57586,48.30968],[-112.58468,48.30946],[-112.59009,48.30389],[-112.59711,48.28295],[-112.60648,48.27401],[-112.60779,48.25933],[-112.62301,48.25278],[-112.6309,48.24732],[-112.62954,48.24461],[-112.63637,48.24607],[-112.64145,48.24229],[-112.64505,48.24424],[-112.66236,48.24148],[-112.67887,48.24818],[-112.71273,48.24134],[-112.71929,48.23667],[-112.7536,48.22844],[-112.75645,48.21955],[-112.76978,48.20536],[-112.77383,48.20617],[-112.77299,48.20383],[-112.77776,48.20238],[-112.78169,48.20542],[-112.80007,48.19264],[-112.80727,48.19431],[-112.81417,48.18532],[-112.82332,48.18144],[-112.85742,48.17529],[-112.87208,48.16297],[-112.87356,48.16486],[-112.88278,48.15979],[-112.90206,48.15844],[-112.90651,48.16238],[-112.92175,48.16464],[-112.92242,48.24202],[-113.24192,48.41288],[-113.42141,48.69349],[-113.41858,48.70701],[-113.42263,48.73404],[-113.43994,48.75331],[-113.48695,48.7844],[-113.60955,48.9332],[-113.60914,48.99824]]]]},"properties":{"AIANNHCE":"0305","NAMELSAD":"Blackfeet Indian Reservation and Off-Reservation Trust Land","FEMA":"Blackfeet Indian Reservation","POP":10199,"AIAN":8644,"POP_OK":1,"DECL":1,"TRIBE_N":0,"STATE_N":1,"LIST":"2011: Severe Storm","STATE":"Montana"}},{"type":"Feature","geometry":{"type":"MultiPolygon","coordinates":[[[[-92.37808,47.81267],[-92.37261,47.81265],[-92.37266,47.8234],[-92.37806,47.82344],[-92.37797,47.83062],[-92.3725,47.83058],[-92.37241,47.83417],[-92.36184,47.83398],[-92.35865,47.83862],[-92.35661,47.83037],[-92.33767,47.82431],[-92.32862,47.8272],[-92.33566,47.83193],[-92.31855,47.82729],[-92.30854,47.82879],[-92.30845,47.82646],[-92.32463,47.82168],[-92.32515,47.81833],[-92.31651,47.81585],[-92.31889,47.81417],[-92.33149,47.81095],[-92.34414,47.81234],[-92.34546,47.80696],[-92.34304,47.80557],[-92.35057,47.80291],[-92.35102,47.80831],[-92.378,47.80907],[-92.37808,47.81267]],[[-92.35658,47.82306],[-92.3512,47.82296],[-92.35124,47.82671],[-92.3566,47.82675],[-92.35658,47.82306]],[[-92.3725,47.83058],[-92.37269,47.82699],[-92.36729,47.82689],[-92.36727,47.83049],[-92.3725,47.83058]]],[[[-92.85189,48.05781],[-92.84355,48.06385],[-92.84232,48.0653],[-92.84295,48.05793],[-92.85189,48.05781]]],[[[-92.87347,48.05031],[-92.86247,48.05063],[-92.86256,48.04711],[-92.87345,48.04734],[-92.87347,48.05031]]],[[[-93.3446,48.00442],[-93.3433,48.17923],[-93.03008,48.17937],[-93.03214,48.0048],[-93.3446,48.00442]]],[[[-93.59601,47.89783],[-93.46603,47.89505],[-93.46679,47.80987],[-93.59583,47.81108],[-93.59601,47.89783]]]]},"properties":{"AIANNHCE":"0335","NAMELSAD":"Bois Forte Reservation and Off-Reservation Trust Land","FEMA":"Bois Forte (Nett Lake) Indian Reservation","POP":784,"AIAN":498,"POP_OK":1,"DECL":2,"TRIBE_N":0,"STATE_N":2,"LIST":"2014: Flood | 2022: Flood","STATE":"Minnesota"}},{"type":"Feature","geometry":{"type":"Polygon","coordinates":[[[-81.13457,27.03289],[-81.11834,27.03287],[-81.11867,27.07761],[-81.13511,27.07719],[-81.13511,27.09191],[-81.11875,27.09226],[-81.1195,27.12156],[-81.06919,27.12223],[-81.06957,27.1659],[-81.0369,27.16624],[-81.03691,27.13704],[-80.96689,27.13783],[-80.96982,27.13556],[-80.97018,27.12301],[-80.99099,27.121],[-80.99827,27.11555],[-81.00376,27.09706],[-81.01028,27.09324],[-81.02002,27.09324],[-81.02042,27.07823],[-81.0242,27.07812],[-81.02538,27.06947],[-81.0336,27.05851],[-81.04638,27.05109],[-81.05455,27.03373],[-81.06871,27.03382],[-81.06986,27.01265],[-81.09237,26.99103],[-81.10296,26.98516],[-81.10295,26.98724],[-81.11895,26.98697],[-81.11893,26.99663],[-81.13555,26.99663],[-81.13457,27.03289]],[[-81.10245,27.09249],[-81.08567,27.09241],[-81.08573,27.10678],[-81.10264,27.10682],[-81.10245,27.09249]]]},"properties":{"AIANNHCE":"0360","NAMELSAD":"Brighton Reservation","FEMA":"Brighton Indian Reservation","POP":426,"AIAN":245,"POP_OK":1,"DECL":2,"TRIBE_N":2,"STATE_N":0,"LIST":"2017: Hurricane | 2022: Hurricane","STATE":"Florida"}},{"type":"Feature","geometry":{"type":"MultiPolygon","coordinates":[[[[-118.56995,43.56526],[-118.56074,43.5653],[-118.56065,43.55142],[-118.56986,43.55139],[-118.56995,43.56526]]],[[[-118.72836,43.59844],[-118.70848,43.59852],[-118.70851,43.58406],[-118.72836,43.58414],[-118.72836,43.59844]]],[[[-118.73879,43.55523],[-118.72832,43.55521],[-118.72833,43.56243],[-118.70843,43.56244],[-118.70835,43.54073],[-118.73874,43.54079],[-118.73879,43.55523]]],[[[-118.7483,43.58421],[-118.73894,43.58417],[-118.7389,43.57694],[-118.74829,43.57697],[-118.7483,43.58421]]],[[[-118.75898,43.59825],[-118.74833,43.5984],[-118.7483,43.58421],[-118.75891,43.58426],[-118.75898,43.59825]]],[[[-118.75917,43.52617],[-118.73862,43.52627],[-118.73865,43.51898],[-118.72775,43.51889],[-118.72821,43.50425],[-118.73844,43.50422],[-118.73842,43.51158],[-118.75914,43.5116],[-118.75917,43.52617]]],[[[-118.76875,43.56971],[-118.74826,43.56973],[-118.74815,43.55524],[-118.75948,43.55517],[-118.75951,43.56318],[-118.76872,43.56316],[-118.76875,43.56971]]],[[[-118.76893,43.53365],[-118.7592,43.53368],[-118.75917,43.52617],[-118.76889,43.52609],[-118.76893,43.53365]]],[[[-118.79612,43.59171],[-118.7864,43.59161],[-118.78637,43.58455],[-118.79609,43.58452],[-118.79612,43.59171]]],[[[-118.80673,43.55502],[-118.75948,43.55517],[-118.7594,43.54036],[-118.76896,43.54034],[-118.76893,43.53365],[-118.77866,43.5335],[-118.77868,43.54006],[-118.79678,43.54002],[-118.79688,43.53346],[-118.80624,43.53347],[-118.80673,43.55502]]],[[[-118.80692,43.59901],[-118.79606,43.59899],[-118.79612,43.59171],[-118.80675,43.59163],[-118.80692,43.59901]]],[[[-118.80697,43.56987],[-118.78647,43.57017],[-118.78644,43.56349],[-118.80693,43.56344],[-118.80697,43.56987]]],[[[-118.81713,43.58359],[-118.80703,43.58361],[-118.807,43.57693],[-118.8171,43.57691],[-118.81713,43.58359]]],[[[-118.81758,43.60641],[-118.80696,43.60643],[-118.80694,43.59901],[-118.81756,43.59899],[-118.81758,43.60641]]],[[[-118.82214,43.52798],[-118.79802,43.5279],[-118.79773,43.51844],[-118.817,43.51841],[-118.81696,43.51218],[-118.79715,43.51165],[-118.79712,43.50363],[-118.77944,43.50382],[-118.77936,43.49726],[-118.80716,43.49745],[-118.80719,43.5048],[-118.81701,43.50465],[-118.8169,43.49709],[-118.82212,43.49739],[-118.82214,43.52798]]],[[[-118.83162,43.56207],[-118.83133,43.56999],[-118.82213,43.57003],[-118.82213,43.56209],[-118.83162,43.56207]]],[[[-118.84221,43.56215],[-118.82822,43.56065],[-118.82931,43.55531],[-118.81212,43.55527],[-118.81204,43.54656],[-118.83153,43.54624],[-118.83151,43.53967],[-118.84217,43.54002],[-118.84221,43.56215]]],[[[-118.85277,43.60604],[-118.84246,43.60607],[-118.84225,43.59872],[-118.85299,43.59896],[-118.85277,43.60604]]],[[[-118.86245,43.53986],[-118.84217,43.54002],[-118.84219,43.53322],[-118.86241,43.53317],[-118.86245,43.53986]]],[[[-118.87266,43.53315],[-118.86241,43.53317],[-118.86238,43.52626],[-118.87263,43.52635],[-118.87266,43.53315]]],[[[-118.87276,43.55567],[-118.86212,43.55545],[-118.8623,43.54843],[-118.87273,43.54844],[-118.87276,43.55567]]],[[[-118.93215,43.53403],[-118.92253,43.53405],[-118.92257,43.54821],[-118.91315,43.5483],[-118.91303,43.52591],[-118.9321,43.52585],[-118.93215,43.53403]]],[[[-118.94059,43.54829],[-118.93189,43.5484],[-118.93188,43.54059],[-118.94057,43.54068],[-118.94059,43.54829]]],[[[-119.07934,43.5996],[-119.07905,43.61365],[-119.05936,43.61229],[-119.05934,43.59596],[-119.06946,43.596],[-119.06947,43.59267],[-119.0745,43.59268],[-119.07452,43.59971],[-119.07934,43.5996]]],[[[-119.07947,43.58079],[-119.0794,43.58549],[-119.0753,43.58442],[-119.07947,43.58079]]],[[[-119.09691,43.57843],[-119.09567,43.57977],[-119.09567,43.57843],[-119.09691,43.57843]]]]},"properties":{"AIANNHCE":"0400","NAMELSAD":"Burns Paiute Indian Colony and Off-Reservation Trust Land","FEMA":"Burns Paiute Indian Reservation","POP":150,"AIAN":81,"POP_OK":1,"DECL":1,"TRIBE_N":1,"STATE_N":0,"LIST":"2023: Mud/Landslide","STATE":"Oregon"}},{"type":"Feature","geometry":{"type":"Polygon","coordinates":[[[-116.788,33.54092],[-116.75334,33.54073],[-116.7533,33.56253],[-116.73599,33.56263],[-116.73599,33.54069],[-116.63134,33.54045],[-116.6317,33.49893],[-116.69245,33.49841],[-116.69245,33.48775],[-116.69731,33.48772],[-116.69731,33.49144],[-116.71954,33.49083],[-116.71952,33.49553],[-116.73022,33.4954],[-116.73025,33.49889],[-116.73629,33.49879],[-116.73623,33.49027],[-116.74439,33.4903],[-116.74439,33.49538],[-116.75289,33.49547],[-116.75313,33.49933],[-116.78779,33.4997],[-116.788,33.54092]]]},"properties":{"AIANNHCE":"0435","NAMELSAD":"Cahuilla Reservation","FEMA":"Cahuilla Indian Reservation","POP":65,"AIAN":33,"POP_OK":0,"DECL":1,"TRIBE_N":1,"STATE_N":0,"LIST":"2019: Severe Storm","STATE":"California"}},{"type":"Feature","geometry":{"type":"MultiPolygon","coordinates":[[[[-80.89902,34.90259],[-80.88739,34.90645],[-80.88825,34.90915],[-80.878,34.91375],[-80.8789,34.91574],[-80.86768,34.91438],[-80.87931,34.9029],[-80.87956,34.89535],[-80.89475,34.89599],[-80.89352,34.89946],[-80.89902,34.90259]]],[[[-80.9214,34.93403],[-80.91112,34.94759],[-80.90515,34.9462],[-80.90974,34.93381],[-80.9214,34.93403]]]]},"properties":{"AIANNHCE":"0525","NAMELSAD":"Catawba Reservation and Off-Reservation Trust Land","FEMA":"Catawba Indian Nation","POP":789,"AIAN":432,"POP_OK":1,"DECL":2,"TRIBE_N":0,"STATE_N":2,"LIST":"2018: Hurricane | 2024: Hurricane","STATE":"South Carolina"}},{"type":"Feature","geometry":{"type":"MultiPolygon","coordinates":[[[[-122.94343,46.95637],[-122.94089,46.95637],[-122.93868,46.95],[-122.94237,46.94914],[-122.94343,46.95637]]],[[[-122.98535,46.84202],[-122.9839,46.84318],[-122.98457,46.84203],[-122.98535,46.84202]]],[[[-123.00338,46.78284],[-123.00298,46.78474],[-123.00301,46.78296],[-123.00338,46.78284]]],[[[-123.01086,46.78471],[-123.00489,46.78476],[-122.9993,46.77561],[-123.00684,46.77545],[-123.01086,46.78471]]],[[[-123.01129,46.78629],[-123.01074,46.79344],[-123.00665,46.78629],[-123.01129,46.78629]]],[[[-123.01192,46.79539],[-123.01319,46.7972],[-123.012,46.79721],[-123.01192,46.79539]]],[[[-123.01445,46.80433],[-123.00767,46.8042],[-123.01225,46.80244],[-123.01445,46.80433]]],[[[-123.01861,46.80144],[-123.01225,46.80244],[-123.01221,46.8014],[-123.01861,46.80144]]],[[[-123.03587,46.79675],[-123.03249,46.79684],[-123.03359,46.79559],[-123.03587,46.79675]]],[[[-123.25943,46.82914],[-123.25189,46.83416],[-123.25238,46.83698],[-123.2457,46.83693],[-123.2451,46.84141],[-123.24525,46.83871],[-123.23918,46.83869],[-123.24277,46.83725],[-123.22393,46.83658],[-123.22182,46.82759],[-123.20281,46.82983],[-123.2029,46.82269],[-123.18792,46.82253],[-123.18462,46.82992],[-123.17853,46.82845],[-123.18134,46.82252],[-123.17119,46.82246],[-123.16914,46.82775],[-123.15687,46.82692],[-123.16062,46.8222],[-123.15526,46.82216],[-123.15523,46.82682],[-123.13994,46.82584],[-123.13927,46.80682],[-123.15181,46.80468],[-123.15465,46.79894],[-123.16545,46.79811],[-123.16985,46.79833],[-123.18196,46.80182],[-123.1938,46.80718],[-123.21236,46.8092],[-123.20419,46.81017],[-123.19836,46.80852],[-123.18842,46.80662],[-123.1814,46.80217],[-123.17264,46.79951],[-123.16623,46.79815],[-123.16342,46.79832],[-123.18196,46.8028],[-123.1934,46.81364],[-123.19602,46.81404],[-123.19582,46.80832],[-123.2082,46.81375],[-123.21119,46.80979],[-123.21796,46.8092],[-123.22192,46.81532],[-123.22067,46.81866],[-123.22813,46.81514],[-123.22626,46.81061],[-123.23337,46.81664],[-123.23956,46.81534],[-123.24101,46.81975],[-123.24596,46.81746],[-123.24775,46.8116],[-123.25618,46.81155],[-123.25458,46.81805],[-123.25803,46.8218],[-123.2536,46.8192],[-123.25943,46.82914]],[[-123.14996,46.82355],[-123.14464,46.82207],[-123.14461,46.82344],[-123.14996,46.82355]]],[[[-123.27922,46.60239],[-123.27629,46.60344],[-123.27918,46.59891],[-123.27922,46.60239]]],[[[-123.30502,46.91048],[-123.29595,46.91024],[-123.28371,46.88779],[-123.28865,46.88797],[-123.29544,46.8984],[-123.29482,46.90261],[-123.30502,46.91048]]],[[[-123.32423,46.92812],[-123.31449,46.93264],[-123.31041,46.92837],[-123.31429,46.92837],[-123.31264,46.92316],[-123.32207,46.92323],[-123.32423,46.92812]]]]},"properties":{"AIANNHCE":"0575","NAMELSAD":"Chehalis Reservation and Off-Reservation Trust Land","FEMA":"Chehalis Indian Reservation","POP":713,"AIAN":367,"POP_OK":1,"DECL":1,"TRIBE_N":0,"STATE_N":1,"LIST":"2022: Flood","STATE":"Washington"}},{"type":"Feature","geometry":{"type":"MultiPolygon","coordinates":[[[[-100.44187,44.30573],[-100.43162,44.30554],[-100.43147,44.26973],[-100.42645,44.26957],[-100.42655,44.26223],[-100.43671,44.26223],[-100.43682,44.26965],[-100.44173,44.26957],[-100.44187,44.30573]]],[[[-100.44638,44.32743],[-100.42656,44.32743],[-100.42656,44.31303],[-100.44634,44.31295],[-100.44638,44.32743]]],[[[-100.50082,44.4439],[-100.49555,44.44204],[-100.49551,44.43656],[-100.50076,44.43656],[-100.50082,44.4439]]],[[[-100.51669,44.29127],[-100.51156,44.29127],[-100.51156,44.27696],[-100.50651,44.27696],[-100.50651,44.25524],[-100.51669,44.25524],[-100.51669,44.29127]]],[[[-100.52681,44.32011],[-100.51665,44.32011],[-100.51665,44.31285],[-100.52681,44.31289],[-100.52681,44.32011]]],[[[-100.54661,44.54523],[-100.53171,44.54521],[-100.53169,44.53784],[-100.53679,44.54323],[-100.54661,44.54523]]],[[[-100.54691,44.29855],[-100.54691,44.31289],[-100.53681,44.31289],[-100.53681,44.3057],[-100.52676,44.3057],[-100.52676,44.29855],[-100.54691,44.29855]]],[[[-100.55135,44.54815],[-100.55135,44.55968],[-100.54694,44.55968],[-100.54686,44.54815],[-100.55135,44.54815]]],[[[-100.58676,44.2262],[-100.57659,44.22976],[-100.57659,44.21888],[-100.58676,44.22248],[-100.58676,44.2262]]],[[[-100.60195,44.52376],[-100.59168,44.52376],[-100.59168,44.51633],[-100.60195,44.51633],[-100.60195,44.52376]]],[[[-100.63158,44.55963],[-100.61225,44.55972],[-100.61175,44.54506],[-100.6316,44.54503],[-100.63158,44.55963]]],[[[-100.81895,44.76227],[-100.80846,44.76217],[-100.8085,44.75489],[-100.81896,44.75489],[-100.81895,44.76227]]],[[[-101.39703,44.64683],[-101.39194,44.64688],[-101.39192,44.64324],[-101.39703,44.64324],[-101.39703,44.64683]]],[[[-101.88046,44.53132],[-101.87101,44.53181],[-101.87106,44.51688],[-101.88046,44.51688],[-101.88046,44.53132]]],[[[-102.00043,44.51166],[-101.99978,45.47153],[-100.34127,45.4719],[-100.33032,45.44221],[-100.30454,45.42094],[-100.27418,45.38184],[-100.27396,45.37535],[-100.28232,45.35532],[-100.30823,45.33208],[-100.31666,45.3179],[-100.30738,45.29191],[-100.26805,45.26111],[-100.25729,45.23854],[-100.2582,45.23283],[-100.27499,45.19828],[-100.279,45.15889],[-100.29072,45.13838],[-100.32417,45.10162],[-100.32659,45.09086],[-100.32386,45.07416],[-100.31651,45.05929],[-100.28158,45.0334],[-100.27802,45.02771],[-100.27938,45.02007],[-100.28954,45.01446],[-100.31224,45.0152],[-100.36318,45.0291],[-100.37765,45.0301],[-100.39001,45.02717],[-100.40838,45.01181],[-100.42342,44.99205],[-100.42378,44.97311],[-100.41354,44.91561],[-100.39495,44.87968],[-100.39347,44.86869],[-100.41868,44.84337],[-100.47513,44.81643],[-100.51486,44.78365],[-100.52686,44.76828],[-100.54348,44.76109],[-100.61097,44.7701],[-100.64174,44.79184],[-100.66164,44.81301],[-100.67639,44.82316],[-100.70223,44.82837],[-100.71481,44.82162],[-100.72423,44.80763],[-100.72882,44.7837],[-100.71764,44.77093],[-100.72997,44.7644],[-100.73937,44.76576],[-100.73626,44.7744],[-100.74531,44.77588],[-100.75305,44.77272],[-100.74962,44.76542],[-100.75214,44.76151],[-100.77339,44.7585],[-100.77607,44.76123],[-100.77107,44.76745],[-100.77508,44.77238],[-100.79796,44.76351],[-100.79782,44.76994],[-100.81201,44.76802],[-100.81826,44.78045],[-100.83118,44.78334],[-100.84342,44.77697],[-100.85366,44.78072],[-100.88805,44.76973],[-100.8932,44.77186],[-100.89563,44.77788],[-100.909,44.7837],[-100.91185,44.78322],[-100.91179,44.77594],[-100.91719,44.76962],[-100.93984,44.76252],[-100.95519,44.76552],[-100.95826,44.76124],[-100.95511,44.75438],[-100.97602,44.75103],[-100.98174,44.73781],[-100.98771,44.73196],[-100.99692,44.73945],[-101.00639,44.72875],[-101.02261,44.72415],[-101.03594,44.72743],[-101.06292,44.74251],[-101.08324,44.73843],[-101.14131,44.747],[-101.14975,44.74233],[-101.15367,44.72883],[-101.16117,44.72207],[-101.23514,44.69057],[-101.23984,44.69849],[-101.24939,44.69885],[-101.26593,44.69343],[-101.27518,44.68516],[-101.29691,44.68967],[-101.31917,44.68052],[-101.32466,44.68146],[-101.32824,44.69096],[-101.33405,44.6897],[-101.33929,44.68347],[-101.35989,44.68902],[-101.36255,44.68499],[-101.35886,44.67292],[-101.37228,44.6738],[-101.37398,44.67097],[-101.36499,44.66195],[-101.36476,44.65642],[-101.37708,44.6587],[-101.38489,44.65369],[-101.3904,44.65767],[-101.39742,44.65678],[-101.41572,44.64211],[-101.43138,44.64061],[-101.44078,44.64363],[-101.44585,44.63824],[-101.45486,44.63803],[-101.45564,44.62873],[-101.46679,44.61928],[-101.4558,44.61023],[-101.46909,44.6118],[-101.47666,44.60184],[-101.49001,44.60288],[-101.49622,44.60033],[-101.49773,44.5952],[-101.49401,44.58396],[-101.50115,44.58124],[-101.51205,44.58545],[-101.51407,44.57599],[-101.53104,44.56788],[-101.53701,44.57407],[-101.54352,44.57206],[-101.55283,44.57574],[-101.5585,44.56921],[-101.56555,44.57564],[-101.5769,44.57821],[-101.5906,44.57397],[-101.60674,44.57725],[-101.60999,44.57221],[-101.62301,44.5729],[-101.62874,44.57504],[-101.62657,44.57986],[-101.63052,44.58646],[-101.63555,44.58569],[-101.64037,44.57943],[-101.64603,44.58519],[-101.65523,44.5823],[-101.66115,44.58799],[-101.66468,44.58375],[-101.67604,44.58035],[-101.68204,44.57106],[-101.68796,44.57043],[-101.69178,44.57557],[-101.70134,44.57498],[-101.71239,44.5802],[-101.71658,44.57679],[-101.71602,44.57268],[-101.72885,44.56608],[-101.74698,44.56779],[-101.74913,44.56356],[-101.7433,44.55851],[-101.74535,44.5547],[-101.76576,44.54799],[-101.78242,44.53606],[-101.78466,44.54078],[-101.79694,44.54317],[-101.80567,44.53398],[-101.80523,44.52549],[-101.8112,44.52237],[-101.81653,44.53129],[-101.82774,44.53173],[-101.83152,44.52696],[-101.82988,44.51688],[-101.84027,44.51687],[-101.84114,44.52712],[-101.8475,44.5294],[-101.85556,44.5266],[-101.86577,44.53213],[-101.88125,44.53309],[-101.88783,44.53858],[-101.92535,44.52998],[-101.93956,44.5351],[-101.9464,44.52866],[-101.96786,44.52508],[-101.97388,44.52684],[-101.97859,44.52275],[-101.98681,44.52475],[-101.99605,44.5189],[-102.00043,44.51166]]],[[[-102.07133,44.5025],[-102.061,44.5025],[-102.06087,44.4883],[-102.0712,44.4883],[-102.07133,44.5025]]]]},"properties":{"AIANNHCE":"0605","NAMELSAD":"Cheyenne River Reservation and Off-Reservation Trust Land","FEMA":"Cheyenne River Indian Reservation","POP":7582,"AIAN":5521,"POP_OK":1,"DECL":5,"TRIBE_N":0,"STATE_N":5,"LIST":"2014: Severe Storm | 2017: Severe Storm | 2019: Flood | 2019: Flood | 2020: Severe Storm","STATE":"South Dakota"}},{"type":"Feature","geometry":{"type":"Polygon","coordinates":[[[-106.4423,35.63843],[-106.3921,35.63811],[-106.39277,35.67542],[-106.23098,35.67547],[-106.23097,35.54763],[-106.28535,35.54767],[-106.31265,35.57009],[-106.38141,35.56979],[-106.44214,35.59846],[-106.4423,35.63843]]]},"properties":{"AIANNHCE":"0680","NAMELSAD":"Pueblo de Cochiti","FEMA":"Cochiti Pueblo (Indian Reservation)","POP":1704,"AIAN":810,"POP_OK":1,"DECL":2,"TRIBE_N":0,"STATE_N":2,"LIST":"2012: Flood | 2013: Severe Storm","STATE":"New Mexico"}},{"type":"Feature","geometry":{"type":"Polygon","coordinates":[[[-117.04052,47.52333],[-116.84931,47.52273],[-116.84828,47.51862],[-116.86793,47.50335],[-116.90514,47.50891],[-116.88246,47.49548],[-116.87638,47.48637],[-116.89379,47.48834],[-116.90404,47.48388],[-116.91424,47.48855],[-116.91338,47.48157],[-116.9222,47.47736],[-116.92529,47.47107],[-116.94047,47.46478],[-116.94021,47.46181],[-116.92455,47.46565],[-116.90846,47.47594],[-116.8949,47.47673],[-116.88876,47.47383],[-116.88878,47.46911],[-116.87784,47.47317],[-116.87621,47.46934],[-116.88025,47.46318],[-116.86939,47.46574],[-116.86477,47.45891],[-116.85638,47.46303],[-116.8504,47.45907],[-116.80033,47.4596],[-116.79765,47.45776],[-116.79936,47.4458],[-116.45197,47.44951],[-116.51873,47.38152],[-116.53399,47.3615],[-116.82788,47.0431],[-116.84231,47.04937],[-116.84829,47.04717],[-116.85837,47.05251],[-116.85765,47.05479],[-116.87222,47.05908],[-116.88308,47.06639],[-116.8844,47.07142],[-116.89619,47.0779],[-116.92519,47.08156],[-116.94437,47.06723],[-116.95504,47.06882],[-116.9633,47.08032],[-116.97744,47.08912],[-116.97625,47.0984],[-116.96774,47.11523],[-116.97117,47.11997],[-116.98501,47.12646],[-116.99554,47.12643],[-117.00102,47.13049],[-117.03982,47.12727],[-117.04052,47.52333]]]},"properties":{"AIANNHCE":"0705","NAMELSAD":"Coeur d'Alene Reservation","FEMA":"Coeur d'Alene Indian Reservation","POP":8051,"AIAN":1130,"POP_OK":1,"DECL":1,"TRIBE_N":0,"STATE_N":1,"LIST":"2016: Severe Storm","STATE":"Idaho"}},{"type":"Feature","geometry":{"type":"MultiPolygon","coordinates":[[[[-119.73891,48.25612],[-119.73222,48.2602],[-119.72664,48.26732],[-119.72918,48.26986],[-119.72167,48.27559],[-119.69377,48.28425],[-119.66964,48.29802],[-119.65823,48.29808],[-119.60991,48.31827],[-119.60566,48.32941],[-119.60685,48.34274],[-119.58193,48.35917],[-119.56718,48.3749],[-119.55709,48.37816],[-119.54551,48.39425],[-119.53311,48.39298],[-119.52656,48.40426],[-119.52648,48.41132],[-119.51303,48.4122],[-119.489,48.40388],[-119.47377,48.40979],[-119.47008,48.41831],[-119.46966,48.46043],[-119.48378,48.47311],[-119.48189,48.4809],[-118.18921,48.4816],[-118.20651,48.4703],[-118.21221,48.4577],[-118.21201,48.45],[-118.20291,48.44219],[-118.20041,48.4263],[-118.20351,48.40969],[-118.1897,48.39149],[-118.1819,48.37289],[-118.1802,48.33569],[-118.1756,48.31949],[-118.1649,48.30449],[-118.1563,48.29869],[-118.15075,48.28225],[-118.14,48.26833],[-118.1516,48.24069],[-118.1949,48.21249],[-118.1895,48.20759],[-118.1876,48.19909],[-118.1966,48.19059],[-118.1913,48.15859],[-118.1965,48.14529],[-118.2057,48.13859],[-118.24761,48.13466],[-118.25439,48.12853],[-118.25359,48.11298],[-118.2375,48.10479],[-118.2311,48.08828],[-118.235,48.07908],[-118.2332,48.06529],[-118.2382,48.05818],[-118.2452,48.05468],[-118.25789,48.05978],[-118.26447,48.05828],[-118.2672,48.04706],[-118.27548,48.04057],[-118.3161,48.04165],[-118.33947,48.04976],[-118.3589,48.04943],[-118.40241,48.02638],[-118.37535,47.99988],[-118.37064,47.98557],[-118.34874,47.97178],[-118.35609,47.92932],[-118.34,47.90018],[-118.34124,47.89243],[-118.34991,47.88257],[-118.34817,47.87488],[-118.35567,47.85981],[-118.35707,47.8416],[-118.36815,47.833],[-118.38345,47.83036],[-118.41649,47.83501],[-118.44582,47.8455],[-118.45616,47.85447],[-118.45698,47.87488],[-118.46424,47.8819],[-118.47574,47.87715],[-118.49924,47.87385],[-118.5313,47.87488],[-118.53922,47.87765],[-118.54398,47.88858],[-118.53459,47.90121],[-118.5335,47.91488],[-118.5704,47.93232],[-118.59805,47.92919],[-118.60704,47.93123],[-118.62478,47.92755],[-118.63429,47.92989],[-118.64737,47.92556],[-118.66195,47.93741],[-118.6926,47.94215],[-118.70762,47.93358],[-118.71168,47.90335],[-118.73032,47.90017],[-118.76989,47.91291],[-118.81188,47.92028],[-118.8294,47.93314],[-118.83486,47.95321],[-118.84669,47.9577],[-118.8693,47.95655],[-118.90063,47.94794],[-118.95071,47.9413],[-118.9781,47.94528],[-118.98275,47.94978],[-118.98243,47.96912],[-118.96392,47.98592],[-118.96071,47.9988],[-118.95216,48.009],[-118.95078,48.01888],[-118.97886,48.03687],[-119.00472,48.04428],[-119.01879,48.06978],[-119.02464,48.10312],[-119.02954,48.11419],[-119.05585,48.13647],[-119.07009,48.1404],[-119.09833,48.13767],[-119.13096,48.15119],[-119.15373,48.14497],[-119.17702,48.12829],[-119.19232,48.12856],[-119.21166,48.11622],[-119.23301,48.11329],[-119.25255,48.10259],[-119.26942,48.10456],[-119.29207,48.11497],[-119.30729,48.11178],[-119.32752,48.09666],[-119.32793,48.07027],[-119.33311,48.05604],[-119.34123,48.04985],[-119.36669,48.0528],[-119.40223,48.05042],[-119.42325,48.06256],[-119.44073,48.07867],[-119.48417,48.0787],[-119.49931,48.0827],[-119.51611,48.07478],[-119.51757,48.06262],[-119.52413,48.05704],[-119.54581,48.04973],[-119.5644,48.03547],[-119.5951,48.02086],[-119.60755,48.0107],[-119.61552,47.99903],[-119.63338,47.9964],[-119.65176,48.00001],[-119.68456,48.01978],[-119.69307,48.02852],[-119.69371,48.03206],[-119.67047,48.06792],[-119.67266,48.08105],[-119.68529,48.09322],[-119.70485,48.08279],[-119.72193,48.08248],[-119.7363,48.09762],[-119.71334,48.10021],[-119.70354,48.10618],[-119.69315,48.10636],[-119.68487,48.11399],[-119.68237,48.12491],[-119.66524,48.15342],[-119.67928,48.17835],[-119.68146,48.19138],[-119.70117,48.20409],[-119.7159,48.2087],[-119.7215,48.21918],[-119.73674,48.23153],[-119.73351,48.23663],[-119.73891,48.25612]]],[[[-120.13998,47.88602],[-120.12963,47.88585],[-120.12954,47.87913],[-120.13995,47.87873],[-120.13998,47.88602]]]]},"properties":{"AIANNHCE":"0760","NAMELSAD":"Colville Reservation and Off-Reservation Trust Land","FEMA":"Colville Indian Reservation","POP":7588,"AIAN":3808,"POP_OK":1,"DECL":7,"TRIBE_N":2,"STATE_N":5,"LIST":"2012: Severe Storm | 2014: Fire | 2016: Fire | 2018: Flood | 2021: Fire | 2022: Fire | 2024: Severe Storm","STATE":"Washington"}},{"type":"Feature","geometry":{"type":"MultiPolygon","coordinates":[[[[-107.01342,45.21097],[-107.0106,45.21097],[-107.0106,45.20759],[-107.01342,45.20757],[-107.01342,45.21097]]],[[[-107.01342,45.18156],[-107.0106,45.18872],[-107.0106,45.18156],[-107.01342,45.18156]]],[[[-107.01594,45.97972],[-107.01132,45.97971],[-107.00988,46.00075],[-107.01129,45.96098],[-107.01136,45.97658],[-107.01592,45.97656],[-107.01594,45.97972]]],[[[-107.01674,45.95013],[-107.01068,45.95057],[-107.01071,45.94658],[-107.01674,45.94659],[-107.01674,45.95013]]],[[[-107.01987,46.11084],[-107.0149,46.11155],[-107.015,46.1079],[-107.01995,46.10796],[-107.01987,46.11084]]],[[[-107.03024,46.05743],[-107.01986,46.05729],[-107.01969,46.04271],[-107.03008,46.04286],[-107.03024,46.05743]]],[[[-107.03032,46.13313],[-107.01469,46.133],[-107.01499,46.11864],[-107.03042,46.11843],[-107.03032,46.13313]]],[[[-107.03042,46.09325],[-107.01977,46.09297],[-107.02002,46.0859],[-107.03067,46.08598],[-107.03042,46.09325]]],[[[-107.04099,46.07158],[-107.04077,46.07926],[-107.03036,46.07898],[-107.03054,46.07149],[-107.04099,46.07158]]],[[[-107.04113,46.10823],[-107.03055,46.10805],[-107.03067,46.1003],[-107.04136,46.10041],[-107.04113,46.10823]]],[[[-107.05208,45.88478],[-107.03171,45.88407],[-107.03185,45.87685],[-107.05212,45.877],[-107.05208,45.88478]]],[[[-107.05783,45.93551],[-107.0518,45.93556],[-107.0518,45.93207],[-107.05784,45.93206],[-107.05783,45.93551]]],[[[-107.07118,46.01427],[-107.06072,46.01399],[-107.06036,45.99941],[-107.07093,45.99956],[-107.07118,46.01427]]],[[[-107.07235,46.11507],[-107.07231,46.12971],[-107.06175,46.12957],[-107.06216,46.11527],[-107.07235,46.11507]]],[[[-107.07285,45.91348],[-107.05195,45.91349],[-107.05203,45.89821],[-107.07278,45.8981],[-107.07285,45.91348]]],[[[-107.07771,45.85909],[-107.07277,45.85898],[-107.07273,45.8554],[-107.07777,45.85544],[-107.07771,45.85909]]],[[[-107.09302,46.1293],[-107.08287,46.12934],[-107.08302,46.11502],[-107.09349,46.115],[-107.09302,46.1293]]],[[[-107.0937,46.093],[-107.07259,46.09298],[-107.07239,46.08586],[-107.09368,46.08609],[-107.0937,46.093]]],[[[-107.09782,45.89422],[-107.09315,45.89431],[-107.09317,45.89046],[-107.09795,45.89038],[-107.09782,45.89422]]],[[[-107.09822,45.88463],[-107.09817,45.88737],[-107.09291,45.88744],[-107.09287,45.88316],[-107.09822,45.88463]]],[[[-107.10455,46.05736],[-107.09431,46.05715],[-107.09406,46.05005],[-107.10431,46.05013],[-107.10455,46.05736]]],[[[-107.12707,46.13689],[-107.1166,46.13677],[-107.11642,46.13316],[-107.12691,46.13326],[-107.12707,46.13689]]],[[[-107.12728,46.30694],[-107.12259,46.30652],[-107.12329,46.29962],[-107.12777,46.29958],[-107.12728,46.30694]]],[[[-107.13518,46.12204],[-107.13004,46.12211],[-107.13025,46.11489],[-107.13548,46.11483],[-107.13518,46.12204]]],[[[-107.14071,46.30308],[-107.13705,46.30847],[-107.13542,46.30853],[-107.1356,46.30213],[-107.14071,46.30308]]],[[[-107.14592,46.08065],[-107.14592,46.08642],[-107.13553,46.08617],[-107.13564,46.07899],[-107.14592,46.08065]]],[[[-107.15637,46.05549],[-107.15138,46.05554],[-107.15136,46.05173],[-107.1563,46.05171],[-107.15637,46.05549]]],[[[-107.17674,46.0721],[-107.157,46.07167],[-107.15664,46.05742],[-107.16698,46.05758],[-107.1667,46.06509],[-107.17701,46.06526],[-107.17674,46.0721]]],[[[-107.1772,45.81094],[-107.16686,45.81162],[-107.16655,45.79727],[-107.17706,45.79726],[-107.1772,45.81094]]],[[[-107.19251,45.84049],[-107.18757,45.84054],[-107.18738,45.83219],[-107.19281,45.83207],[-107.19251,45.84049]]],[[[-107.1978,46.07969],[-107.18718,46.07951],[-107.18797,46.07237],[-107.19786,46.07257],[-107.1978,46.07969]]],[[[-107.20011,46.15348],[-107.19467,46.15353],[-107.19459,46.14968],[-107.20003,46.14963],[-107.20011,46.15348]]],[[[-107.20772,46.10815],[-107.19753,46.10807],[-107.19775,46.10108],[-107.2081,46.10119],[-107.20772,46.10815]]],[[[-107.21553,46.17685],[-107.19481,46.17863],[-107.19474,46.17136],[-107.21537,46.17118],[-107.21553,46.17685]]],[[[-107.23362,45.79345],[-107.22327,45.79014],[-107.22331,45.79707],[-107.21851,45.79706],[-107.21859,45.78255],[-107.23353,45.78261],[-107.23362,45.79345]]],[[[-107.23931,46.0726],[-107.22914,46.07255],[-107.22951,46.06481],[-107.23908,46.06557],[-107.23931,46.0726]]],[[[-107.23934,46.11869],[-107.22867,46.11875],[-107.22886,46.12597],[-107.21818,46.12595],[-107.21809,46.1333],[-107.1967,46.13331],[-107.19715,46.12589],[-107.18685,46.126],[-107.18691,46.13316],[-107.18127,46.13318],[-107.18199,46.11848],[-107.19739,46.11854],[-107.19741,46.1222],[-107.20782,46.12216],[-107.20795,46.11509],[-107.23924,46.1153],[-107.23934,46.11869]]],[[[-107.24305,46.13346],[-107.23918,46.13347],[-107.23914,46.12597],[-107.24295,46.12583],[-107.24305,46.13346]]],[[[-107.24949,45.98551],[-107.23879,45.9854],[-107.23885,45.97829],[-107.24898,45.97824],[-107.24949,45.98551]]],[[[-107.25831,46.17833],[-107.24266,46.17836],[-107.24269,46.1751],[-107.2478,46.17508],[-107.24783,46.17151],[-107.24267,46.17153],[-107.24263,46.16445],[-107.22585,46.16462],[-107.22576,46.15727],[-107.24724,46.15731],[-107.24753,46.16465],[-107.25808,46.16465],[-107.25831,46.17833]]],[[[-107.25892,46.13309],[-107.24788,46.13307],[-107.2479,46.12566],[-107.25896,46.12569],[-107.25892,46.13309]]],[[[-107.25961,45.85207],[-107.23857,45.85207],[-107.23857,45.84106],[-107.24909,45.84106],[-107.24909,45.84838],[-107.25961,45.84838],[-107.25961,45.85207]]],[[[-107.27382,45.99661],[-107.2683,45.99659],[-107.26825,46.00024],[-107.25839,46.00021],[-107.25845,45.9966],[-107.26343,45.99664],[-107.2638,45.99286],[-107.27385,45.99275],[-107.27382,45.99661]]],[[[-107.27912,46.08673],[-107.26863,46.08667],[-107.2687,46.07979],[-107.25832,46.07967],[-107.25824,46.08696],[-107.24815,46.08691],[-107.2483,46.07248],[-107.27926,46.07263],[-107.27912,46.08673]]],[[[-107.27951,46.12264],[-107.25859,46.12259],[-107.25861,46.11909],[-107.26386,46.1191],[-107.26382,46.11534],[-107.27633,46.11528],[-107.27956,46.11599],[-107.27951,46.12264]]],[[[-107.28337,46.17126],[-107.2782,46.17121],[-107.27816,46.16413],[-107.28331,46.16411],[-107.28337,46.17126]]],[[[-107.2905,45.82708],[-107.27958,45.82714],[-107.27949,45.81986],[-107.29003,45.81981],[-107.2905,45.82708]]],[[[-107.29407,46.19409],[-107.28695,46.19406],[-107.28693,46.18874],[-107.29434,46.18874],[-107.29407,46.19409]]],[[[-107.29608,45.9676],[-107.29067,45.96761],[-107.29068,45.96568],[-107.29605,45.96413],[-107.29608,45.9676]]],[[[-107.29981,46.10785],[-107.28904,46.10785],[-107.28881,46.10079],[-107.29937,46.10079],[-107.29981,46.10785]]],[[[-107.29986,46.09734],[-107.28932,46.09372],[-107.28939,46.08629],[-107.29997,46.08635],[-107.29986,46.09734]]],[[[-107.30023,46.0147],[-107.29439,46.01468],[-107.2943,46.02171],[-107.28331,46.02169],[-107.28343,46.01461],[-107.28898,46.01461],[-107.28904,46.00715],[-107.30007,46.00725],[-107.30023,46.0147]]],[[[-107.30024,46.05069],[-107.30016,46.05811],[-107.27924,46.05794],[-107.27896,46.05059],[-107.30024,46.05069]]],[[[-107.30972,46.15033],[-107.29922,46.15036],[-107.29929,46.14369],[-107.30975,46.14372],[-107.30972,46.15033]]],[[[-107.31059,46.00726],[-107.30007,46.00725],[-107.30009,46.00019],[-107.31066,46.00024],[-107.31059,46.00726]]],[[[-107.32082,46.03974],[-107.31539,46.03971],[-107.31547,46.03249],[-107.31032,46.03247],[-107.31037,46.02869],[-107.32094,46.02875],[-107.32082,46.03974]]],[[[-107.3309,46.13632],[-107.33087,46.14399],[-107.32073,46.14396],[-107.32081,46.13628],[-107.3309,46.13632]]],[[[-107.3329,45.9023],[-107.32698,45.90193],[-107.32668,45.89797],[-107.33324,45.89781],[-107.3329,45.9023]]],[[[-107.33536,46.10107],[-107.33043,46.10104],[-107.33042,46.10796],[-107.32026,46.10791],[-107.32031,46.10088],[-107.31461,46.10086],[-107.31468,46.09703],[-107.33537,46.09711],[-107.33536,46.10107]]],[[[-107.34055,46.19225],[-107.31925,46.19293],[-107.31973,46.18525],[-107.3404,46.18513],[-107.34055,46.19225]]],[[[-107.34604,46.11501],[-107.34067,46.115],[-107.34084,46.10833],[-107.34593,46.10819],[-107.34604,46.11501]]],[[[-107.34636,46.16643],[-107.34078,46.16718],[-107.34075,46.16328],[-107.34639,46.16338],[-107.34636,46.16643]]],[[[-107.35243,46.0616],[-107.3469,46.06157],[-107.34678,46.0725],[-107.31011,46.07216],[-107.31018,46.06527],[-107.30012,46.06523],[-107.30016,46.05811],[-107.33619,46.05786],[-107.33621,46.06162],[-107.34156,46.06168],[-107.34159,46.05784],[-107.35246,46.05789],[-107.35243,46.0616]]],[[[-107.36199,46.10104],[-107.34095,46.10076],[-107.34096,46.09339],[-107.36203,46.09403],[-107.36199,46.10104]]],[[[-107.36233,46.03259],[-107.35713,46.03256],[-107.35703,46.02872],[-107.36237,46.02875],[-107.36233,46.03259]]],[[[-107.36732,46.13658],[-107.36213,46.13658],[-107.3622,46.13309],[-107.36743,46.1331],[-107.36732,46.13658]]],[[[-107.37239,46.20628],[-107.36188,46.20625],[-107.36183,46.19883],[-107.37234,46.1988],[-107.37239,46.20628]]],[[[-107.3822,46.11491],[-107.37696,46.11485],[-107.3769,46.12184],[-107.37214,46.12179],[-107.37211,46.12545],[-107.36194,46.12545],[-107.36196,46.11862],[-107.37218,46.11865],[-107.37681,46.1114],[-107.38224,46.11138],[-107.3822,46.11491]]],[[[-107.39318,46.19913],[-107.38265,46.19917],[-107.38261,46.19195],[-107.39312,46.19185],[-107.39318,46.19913]]],[[[-107.39397,46.22054],[-107.38283,46.22071],[-107.38288,46.21329],[-107.39381,46.21323],[-107.39397,46.22054]]],[[[-107.39873,45.97484],[-107.39375,45.97485],[-107.39379,45.98206],[-107.38846,45.98208],[-107.3884,45.97087],[-107.39874,45.97086],[-107.39873,45.97484]]],[[[-107.39911,45.87414],[-107.39425,45.87409],[-107.39421,45.86998],[-107.39922,45.87001],[-107.39911,45.87414]]],[[[-107.40287,46.10505],[-107.39763,46.10504],[-107.39765,46.1012],[-107.40289,46.10122],[-107.40287,46.10505]]],[[[-107.40325,46.1778],[-107.39264,46.1779],[-107.39259,46.17069],[-107.40319,46.17065],[-107.40325,46.1778]]],[[[-107.41006,45.89124],[-107.40486,45.89135],[-107.40499,45.88452],[-107.41012,45.88447],[-107.41006,45.89124]]],[[[-107.41449,45.97849],[-107.40411,45.97872],[-107.40408,45.97121],[-107.41445,45.97107],[-107.41449,45.97849]]],[[[-107.42557,45.87385],[-107.41013,45.87392],[-107.40977,45.8807],[-107.40469,45.88054],[-107.40402,45.86982],[-107.4258,45.87016],[-107.42557,45.87385]]],[[[-107.43004,46.03249],[-107.42494,46.03245],[-107.42495,46.02869],[-107.4301,46.02867],[-107.43004,46.03249]]],[[[-107.43526,45.98531],[-107.41451,45.98546],[-107.41449,45.97849],[-107.43523,45.97807],[-107.43526,45.98531]]],[[[-107.46665,45.9026],[-107.45173,45.90271],[-107.45174,45.91011],[-107.456,45.91029],[-107.4558,45.91377],[-107.44622,45.91354],[-107.44605,45.89905],[-107.46648,45.89864],[-107.46665,45.9026]]],[[[-107.46691,45.91376],[-107.46111,45.91392],[-107.46111,45.90619],[-107.46688,45.9062],[-107.46691,45.91376]]],[[[-107.49176,46.14995],[-107.48574,46.15715],[-107.46606,46.16355],[-107.47918,46.15114],[-107.49176,46.14995]]],[[[-107.55396,45.96575],[-107.54928,45.96605],[-107.54957,45.96219],[-107.55317,45.96305],[-107.55396,45.96575]]],[[[-107.56446,46.08509],[-107.55988,46.08679],[-107.55938,46.07964],[-107.56452,46.07967],[-107.56446,46.08509]]],[[[-107.66515,45.96042],[-107.65515,45.9603],[-107.65502,45.95656],[-107.66478,45.95661],[-107.66515,45.96042]]],[[[-107.6907,46.04961],[-107.68493,46.04963],[-107.68493,46.04688],[-107.69067,46.04682],[-107.6907,46.04961]]],[[[-107.74207,46.04922],[-107.7368,46.04917],[-107.73679,46.04575],[-107.74207,46.04573],[-107.74207,46.04922]]],[[[-107.77749,46.0605],[-107.76485,46.0612],[-107.7649,46.05695],[-107.77518,46.05702],[-107.77749,46.0605]]],[[[-107.78106,45.72805],[-107.76021,45.72859],[-107.76021,45.72149],[-107.78106,45.72149],[-107.78106,45.72805]]],[[[-107.81834,46.02176],[-107.798,46.02159],[-107.79803,46.01775],[-107.81831,46.0179],[-107.81834,46.02176]]],[[[-107.88213,45.87741],[-107.87609,45.87745],[-107.87605,45.87324],[-107.88192,45.87324],[-107.88213,45.87741]]],[[[-107.89254,45.94674],[-107.88702,45.94666],[-107.88714,45.94244],[-107.89275,45.94251],[-107.89254,45.94674]]],[[[-107.9021,45.99238],[-107.89177,45.99236],[-107.89162,45.98533],[-107.90234,45.98547],[-107.9021,45.99238]]],[[[-107.90761,46.0158],[-107.90204,46.01684],[-107.90219,46.01068],[-107.90768,46.01071],[-107.90761,46.0158]]],[[[-107.95875,45.96972],[-107.9529,45.9697],[-107.9531,45.96626],[-107.95883,45.96634],[-107.95875,45.96972]]],[[[-107.96379,45.92206],[-107.95405,45.92195],[-107.95428,45.91048],[-107.95784,45.91053],[-107.96017,45.91725],[-107.96375,45.91726],[-107.96379,45.92206]]],[[[-107.97057,45.96317],[-107.96442,45.96318],[-107.9645,45.95907],[-107.97067,45.95912],[-107.97057,45.96317]]],[[[-108.00641,45.91513],[-108.00633,45.92104],[-108.0041,45.92104],[-108.00275,45.91399],[-108.00641,45.91513]]],[[[-108.2367,45.76899],[-108.23142,45.76897],[-108.23155,45.76202],[-108.23679,45.76203],[-108.2367,45.76899]]],[[[-108.31136,45.87764],[-108.31963,45.88147],[-108.31098,45.88217],[-108.31136,45.87764]]],[[[-108.69962,45.34895],[-108.68573,45.39185],[-108.68222,45.43313],[-108.64071,45.46793],[-108.62306,45.47542],[-108.62308,45.48161],[-108.63819,45.50174],[-108.58882,45.52158],[-108.57773,45.52926],[-108.57783,45.54017],[-108.56021,45.54023],[-108.56034,45.55114],[-108.55008,45.55115],[-108.55013,45.55843],[-108.53981,45.5585],[-108.54012,45.58024],[-108.52989,45.5803],[-108.53018,45.59492],[-108.51975,45.59494],[-108.51985,45.60935],[-108.50948,45.60964],[-108.50968,45.62394],[-108.48786,45.62391],[-108.48787,45.63136],[-108.45802,45.63141],[-108.45806,45.64586],[-108.44773,45.64586],[-108.44784,45.65484],[-108.43807,45.65486],[-108.43811,45.66025],[-108.4278,45.66023],[-108.42791,45.66744],[-108.4176,45.66749],[-108.41834,45.69639],[-108.39767,45.69909],[-108.39762,45.73986],[-108.38727,45.73985],[-108.37775,45.74632],[-108.37081,45.74631],[-108.37085,45.74993],[-108.36245,45.75007],[-108.36494,45.78375],[-108.24296,45.78376],[-108.24272,45.70472],[-108.23233,45.70467],[-108.23242,45.69765],[-108.24268,45.69771],[-108.24274,45.68148],[-107.63808,45.68151],[-107.63787,45.72019],[-107.62241,45.7202],[-107.62208,45.72391],[-107.61803,45.724],[-107.61687,45.72036],[-107.59653,45.72038],[-107.59681,45.74598],[-107.5915,45.74589],[-107.59177,45.76193],[-107.5959,45.76801],[-107.24648,45.76823],[-107.24657,45.78275],[-107.23646,45.78299],[-107.23646,45.77862],[-107.23157,45.7787],[-107.23165,45.77576],[-107.23632,45.77542],[-107.23616,45.76818],[-107.01505,45.76819],[-107.02059,45.15722],[-107.01462,45.14121],[-107.01059,45.10755],[-107.00516,44.9963],[-107.08489,44.9966],[-107.12742,44.99984],[-107.48375,45.00143],[-108.24941,44.9999],[-108.24643,45.00603],[-108.25863,45.00758],[-108.25329,45.01338],[-108.25408,45.01806],[-108.24812,45.02055],[-108.25049,45.02874],[-108.24467,45.04176],[-108.23508,45.04789],[-108.22083,45.04743],[-108.22206,45.0526],[-108.23794,45.05526],[-108.2396,45.06251],[-108.22776,45.06418],[-108.22987,45.07073],[-108.2202,45.07834],[-108.21752,45.09412],[-108.20662,45.09437],[-108.2018,45.10479],[-108.19846,45.09962],[-108.18913,45.09968],[-108.18779,45.10791],[-108.19802,45.11342],[-108.18631,45.11178],[-108.18296,45.11398],[-108.18163,45.12446],[-108.18928,45.13071],[-108.16987,45.13275],[-108.16395,45.13799],[-108.16587,45.14295],[-108.17184,45.14471],[-108.16921,45.14852],[-108.17405,45.15822],[-108.15864,45.1638],[-108.1684,45.17081],[-108.16085,45.17267],[-108.15338,45.16784],[-108.14777,45.18511],[-108.135,45.18161],[-108.12974,45.18384],[-108.14565,45.19261],[-108.13044,45.19484],[-108.13671,45.20264],[-108.1259,45.21054],[-108.12854,45.21779],[-108.11322,45.2161],[-108.09805,45.22052],[-108.69962,45.21771],[-108.6993,45.31349],[-108.6964,45.32036],[-108.69943,45.32772],[-108.69962,45.34895]],[[-107.97016,45.32062],[-107.97029,45.2935],[-107.95988,45.29345],[-107.96004,45.29709],[-107.95489,45.297],[-107.9551,45.30405],[-107.91542,45.30405],[-107.91505,45.31876],[-107.96509,45.32292],[-107.96519,45.32059],[-107.97016,45.32062]]]]},"properties":{"AIANNHCE":"0845","NAMELSAD":"Crow Reservation and Off-Reservation Trust Land","FEMA":"Crow Indian Reservation / Crow/Northern Cheyenne Area","POP":6848,"AIAN":5539,"POP_OK":1,"DECL":2,"TRIBE_N":0,"STATE_N":2,"LIST":"2011: Severe Storm | 2012: Fire","STATE":"Montana"}},{"type":"Feature","geometry":{"type":"Polygon","coordinates":[[[-99.93827,44.20035],[-99.9348,44.20609],[-99.89422,44.23713],[-99.78569,44.23676],[-99.78541,44.27994],[-99.42144,44.28025],[-99.42173,44.23745],[-99.30045,44.23786],[-99.30018,44.19483],[-99.2886,44.19481],[-99.28891,44.10691],[-99.24536,44.10731],[-99.24558,44.07759],[-99.10617,44.0781],[-99.10833,43.93406],[-99.35474,43.93362],[-99.34587,43.96956],[-99.346,43.98145],[-99.35372,43.99533],[-99.42767,44.0428],[-99.44977,44.04844],[-99.51133,44.05499],[-99.53951,44.07333],[-99.55844,44.09197],[-99.56222,44.0995],[-99.56089,44.10971],[-99.54064,44.15014],[-99.54075,44.15851],[-99.57539,44.19162],[-99.59909,44.20596],[-99.63235,44.21566],[-99.66612,44.21735],[-99.68403,44.21446],[-99.70137,44.20336],[-99.71026,44.1932],[-99.71069,44.18458],[-99.69575,44.17238],[-99.645,44.1655],[-99.62297,44.1565],[-99.60718,44.14525],[-99.59877,44.12378],[-99.60168,44.11449],[-99.61225,44.10369],[-99.63252,44.0979],[-99.65454,44.10169],[-99.76305,44.13524],[-99.84811,44.12422],[-99.87539,44.1264],[-99.88448,44.12958],[-99.89907,44.14119],[-99.91687,44.16787],[-99.93508,44.18828],[-99.93827,44.20035]]]},"properties":{"AIANNHCE":"0855","NAMELSAD":"Crow Creek Reservation","FEMA":"Crow Creek Indian Reservation","POP":1752,"AIAN":1462,"POP_OK":1,"DECL":1,"TRIBE_N":0,"STATE_N":1,"LIST":"2015: Severe Storm","STATE":"South Dakota"}},{"type":"Feature","geometry":{"type":"MultiPolygon","coordinates":[[[[-83.38583,35.46895],[-83.38697,35.47245],[-83.37875,35.47342],[-83.38118,35.47666],[-83.37593,35.47714],[-83.36722,35.48415],[-83.36606,35.49138],[-83.37042,35.49287],[-83.36755,35.50071],[-83.35904,35.49633],[-83.34772,35.50896],[-83.33722,35.50495],[-83.31479,35.51219],[-83.30287,35.50346],[-83.30253,35.49815],[-83.29703,35.50192],[-83.30101,35.50716],[-83.30212,35.51176],[-83.29246,35.51857],[-83.29082,35.52412],[-83.28509,35.5228],[-83.28496,35.52702],[-83.29294,35.52737],[-83.29162,35.53183],[-83.29511,35.53256],[-83.28551,35.53918],[-83.30514,35.55934],[-83.25734,35.59385],[-83.18029,35.51896],[-83.18084,35.51482],[-83.17387,35.51287],[-83.18573,35.51019],[-83.19458,35.52006],[-83.20749,35.51628],[-83.21554,35.52645],[-83.2317,35.52593],[-83.23455,35.53032],[-83.24306,35.52774],[-83.24655,35.52163],[-83.2543,35.51741],[-83.25738,35.51689],[-83.26198,35.52233],[-83.26981,35.52103],[-83.27339,35.51185],[-83.28736,35.52283],[-83.30005,35.50648],[-83.28947,35.50736],[-83.28584,35.51346],[-83.27195,35.50906],[-83.26433,35.52044],[-83.26168,35.51456],[-83.25526,35.51357],[-83.23623,35.52624],[-83.23268,35.52329],[-83.22137,35.52349],[-83.20978,35.51183],[-83.19651,35.51733],[-83.18793,35.50603],[-83.16879,35.50787],[-83.15803,35.49724],[-83.22841,35.44024],[-83.23777,35.43854],[-83.25451,35.44731],[-83.28251,35.44742],[-83.28182,35.45376],[-83.28862,35.45193],[-83.29041,35.45962],[-83.29985,35.46016],[-83.30681,35.46686],[-83.31489,35.46063],[-83.32335,35.4655],[-83.33031,35.45904],[-83.33616,35.46577],[-83.33166,35.46983],[-83.3334,35.47097],[-83.34464,35.46445],[-83.35778,35.44597],[-83.36611,35.44603],[-83.3643,35.45288],[-83.36923,35.45537],[-83.36814,35.45841],[-83.37164,35.45594],[-83.38441,35.45778],[-83.38139,35.46613],[-83.38811,35.46645],[-83.38583,35.46895]],[[-83.37226,35.46443],[-83.36901,35.46561],[-83.36737,35.46554],[-83.36969,35.46739],[-83.37226,35.46443]],[[-83.31334,35.49791],[-83.31302,35.4965],[-83.31314,35.49799],[-83.31334,35.49791]],[[-83.28763,35.54908],[-83.28343,35.54719],[-83.28106,35.55138],[-83.28548,35.55294],[-83.28763,35.54908]]],[[[-83.38945,35.44737],[-83.3905,35.44493],[-83.38639,35.44124],[-83.38326,35.44425],[-83.3774,35.44139],[-83.37775,35.43736],[-83.38476,35.43652],[-83.38733,35.44169],[-83.3932,35.44429],[-83.38945,35.44737]]],[[[-83.39916,35.45869],[-83.39514,35.46118],[-83.39874,35.46508],[-83.39633,35.46443],[-83.39476,35.4702],[-83.38628,35.46928],[-83.38894,35.46568],[-83.38919,35.46371],[-83.38568,35.4626],[-83.3931,35.45681],[-83.39275,35.45347],[-83.39916,35.45869]]],[[[-83.40759,35.42777],[-83.40924,35.43909],[-83.40076,35.44707],[-83.39702,35.44311],[-83.39889,35.43559],[-83.40759,35.42777]]],[[[-83.40832,35.42663],[-83.40742,35.42649],[-83.41025,35.42652],[-83.40832,35.42663]]],[[[-83.4425,35.39461],[-83.44035,35.40078],[-83.43892,35.3966],[-83.43168,35.39822],[-83.42892,35.4097],[-83.42652,35.40764],[-83.4291,35.4009],[-83.42326,35.39556],[-83.42544,35.39108],[-83.4176,35.39429],[-83.42058,35.40226],[-83.41849,35.40555],[-83.41549,35.40248],[-83.41181,35.40521],[-83.41304,35.41014],[-83.40526,35.40606],[-83.40715,35.41442],[-83.39485,35.41311],[-83.40719,35.41503],[-83.40842,35.42109],[-83.41305,35.42235],[-83.41181,35.42528],[-83.40741,35.42544],[-83.40455,35.42131],[-83.39858,35.42426],[-83.40125,35.42809],[-83.39547,35.42569],[-83.38077,35.43591],[-83.37528,35.43654],[-83.37174,35.43507],[-83.37366,35.43225],[-83.36945,35.43204],[-83.37397,35.4186],[-83.37127,35.4162],[-83.37511,35.41467],[-83.37289,35.41097],[-83.37694,35.40913],[-83.37462,35.39928],[-83.38349,35.406],[-83.39232,35.4059],[-83.39144,35.39725],[-83.38798,35.3964],[-83.39142,35.39321],[-83.39898,35.39347],[-83.40476,35.38519],[-83.41461,35.38144],[-83.41851,35.38473],[-83.43017,35.38462],[-83.43045,35.3898],[-83.42677,35.3931],[-83.43221,35.39717],[-83.4425,35.39461]],[[-83.40991,35.4006],[-83.40632,35.40033],[-83.4046,35.40488],[-83.40792,35.40557],[-83.40991,35.4006]],[[-83.38812,35.41232],[-83.38485,35.40676],[-83.37969,35.40877],[-83.38474,35.4123],[-83.37693,35.41531],[-83.38812,35.41232]],[[-83.38775,35.42708],[-83.38166,35.42583],[-83.38018,35.433],[-83.38338,35.43362],[-83.38775,35.42708]]],[[[-83.72304,35.36428],[-83.723,35.37194],[-83.7163,35.37183],[-83.71635,35.36407],[-83.72304,35.36428]]],[[[-83.78032,35.31134],[-83.77483,35.31115],[-83.77505,35.30594],[-83.78026,35.30608],[-83.78032,35.31134]]],[[[-83.788,35.35811],[-83.77503,35.3589],[-83.77447,35.35141],[-83.78756,35.35065],[-83.788,35.35811]]],[[[-83.7994,35.34754],[-83.79198,35.34742],[-83.79218,35.34247],[-83.79957,35.34275],[-83.7994,35.34754]]],[[[-83.80943,35.32001],[-83.80845,35.32098],[-83.80806,35.31977],[-83.80943,35.32001]]],[[[-83.82731,35.35166],[-83.81483,35.35154],[-83.81492,35.34644],[-83.82754,35.34679],[-83.82731,35.35166]]],[[[-83.84038,35.30901],[-83.84023,35.32569],[-83.82669,35.32533],[-83.82844,35.31666],[-83.83429,35.31681],[-83.83454,35.30879],[-83.84038,35.30901]]],[[[-83.84662,35.29735],[-83.8373,35.29721],[-83.83735,35.29304],[-83.84671,35.29322],[-83.84662,35.29735]]],[[[-83.85233,35.22734],[-83.83653,35.22887],[-83.83526,35.223],[-83.839,35.22214],[-83.83998,35.22493],[-83.85061,35.22244],[-83.85233,35.22734]]],[[[-83.86177,35.21625],[-83.85618,35.21592],[-83.85689,35.20776],[-83.86263,35.208],[-83.86177,35.21625]]],[[[-83.86123,35.29402],[-83.85651,35.29246],[-83.85823,35.27612],[-83.86287,35.27762],[-83.86123,35.29402]]],[[[-83.87161,35.31756],[-83.8688,35.32139],[-83.86146,35.3204],[-83.86447,35.31609],[-83.87161,35.31756]]],[[[-83.87832,35.32554],[-83.86945,35.32847],[-83.86664,35.32536],[-83.87529,35.32239],[-83.87832,35.32554]]],[[[-83.8786,35.3036],[-83.87324,35.30555],[-83.86447,35.29864],[-83.8653,35.29479],[-83.874,35.29596],[-83.8786,35.3036]]],[[[-83.87705,35.31799],[-83.87293,35.31529],[-83.87466,35.31155],[-83.87877,35.31496],[-83.87705,35.31799]]],[[[-83.87878,35.30644],[-83.8775,35.30844],[-83.87631,35.30711],[-83.87878,35.30644]]],[[[-83.88248,35.27866],[-83.87509,35.28417],[-83.86797,35.27871],[-83.87063,35.2775],[-83.86614,35.27159],[-83.8671,35.2656],[-83.88248,35.27866]]],[[[-83.88381,35.29044],[-83.87886,35.29222],[-83.87944,35.28665],[-83.88435,35.28685],[-83.88381,35.29044]]],[[[-83.8854,35.29662],[-83.87967,35.29646],[-83.88037,35.29297],[-83.88137,35.29324],[-83.8854,35.29662]]],[[[-83.90042,35.34081],[-83.89131,35.34034],[-83.8845,35.3369],[-83.89201,35.33698],[-83.89222,35.33307],[-83.90074,35.33346],[-83.90042,35.34081]]],[[[-83.9084,35.1673],[-83.89596,35.1649],[-83.89968,35.15699],[-83.89399,35.15684],[-83.8946,35.14603],[-83.90067,35.14665],[-83.90016,35.15185],[-83.90463,35.152],[-83.9042,35.15758],[-83.9099,35.15801],[-83.9084,35.1673]]],[[[-83.9191,35.20237],[-83.91868,35.20699],[-83.91169,35.20634],[-83.91208,35.20162],[-83.9191,35.20237]]],[[[-83.92726,35.20293],[-83.91911,35.20232],[-83.91919,35.19901],[-83.9277,35.19945],[-83.92726,35.20293]]],[[[-83.94057,35.19628],[-83.92919,35.19454],[-83.9296,35.19028],[-83.92049,35.18967],[-83.92046,35.18755],[-83.92985,35.18778],[-83.92981,35.18323],[-83.93679,35.18362],[-83.93591,35.19188],[-83.94096,35.19194],[-83.94057,35.19628]]],[[[-83.98833,35.16042],[-83.97761,35.15958],[-83.97696,35.16704],[-83.96769,35.16664],[-83.96843,35.15833],[-83.97715,35.1587],[-83.97822,35.15085],[-83.98916,35.15178],[-83.98833,35.16042]]],[[[-83.99484,35.11662],[-83.98983,35.11689],[-83.98941,35.11992],[-83.97527,35.11888],[-83.97426,35.1281],[-83.96192,35.12689],[-83.96356,35.11066],[-83.9758,35.11156],[-83.97665,35.10276],[-83.99103,35.10357],[-83.99057,35.10835],[-83.99566,35.10874],[-83.99484,35.11662]]],[[[-84.01367,35.09642],[-84.00508,35.09596],[-84.00593,35.087],[-84.01455,35.08743],[-84.01367,35.09642]]],[[[-84.04993,35.11568],[-84.04911,35.13547],[-84.04209,35.13514],[-84.03928,35.13097],[-84.04256,35.13357],[-84.04926,35.12859],[-84.04496,35.12416],[-84.04114,35.12829],[-84.04236,35.11509],[-84.04993,35.11568]]],[[[-84.09652,35.14221],[-84.09305,35.14297],[-84.09254,35.14707],[-84.07252,35.1457],[-84.06693,35.14055],[-84.07003,35.13983],[-84.06711,35.13596],[-84.05877,35.1381],[-84.06704,35.1425],[-84.06679,35.14514],[-84.05951,35.14478],[-84.05977,35.14021],[-84.05431,35.13972],[-84.05773,35.10879],[-84.06921,35.10939],[-84.06852,35.11689],[-84.08072,35.11761],[-84.07664,35.12922],[-84.09351,35.13226],[-84.0931,35.13866],[-84.09627,35.13895],[-84.09652,35.14221]],[[-84.09038,35.13922],[-84.08665,35.14039],[-84.08349,35.14522],[-84.08733,35.1439],[-84.09038,35.13922]],[[-84.06768,35.1285],[-84.0623,35.12183],[-84.05778,35.1236],[-84.06327,35.13058],[-84.06768,35.1285]],[[-84.06738,35.13168],[-84.06887,35.13665],[-84.07642,35.13972],[-84.07671,35.13541],[-84.06738,35.13168]]]]},"properties":{"AIANNHCE":"0990","NAMELSAD":"Eastern Cherokee Reservation and Off-Reservation Trust Land","FEMA":"Eastern Band of Cherokee Indians","POP":7707,"AIAN":5841,"POP_OK":1,"DECL":3,"TRIBE_N":1,"STATE_N":2,"LIST":"2013: Flood | 2013: Mud/Landslide | 2024: Tropical Storm","STATE":"North Carolina"}},{"type":"Feature","geometry":{"type":"MultiPolygon","coordinates":[[[[-96.56271,44.06579],[-96.5464,44.06612],[-96.54648,44.05812],[-96.53603,44.05815],[-96.53609,44.05165],[-96.5589,44.05119],[-96.55896,44.05563],[-96.56252,44.0556],[-96.56271,44.06579]]],[[[-96.5667,44.08785],[-96.55673,44.08802],[-96.55678,44.07505],[-96.567,44.07497],[-96.5667,44.08785]]],[[[-96.60794,44.07655],[-96.59748,44.07658],[-96.59728,44.08785],[-96.5871,44.08794],[-96.58797,44.10254],[-96.57803,44.10253],[-96.57707,44.09529],[-96.56664,44.09528],[-96.5667,44.08789],[-96.5769,44.08801],[-96.57715,44.08069],[-96.58199,44.08056],[-96.58218,44.07294],[-96.60795,44.07295],[-96.60794,44.07655]]],[[[-96.60795,44.04302],[-96.59771,44.0437],[-96.59798,44.03649],[-96.608,44.03646],[-96.60795,44.04302]]]]},"properties":{"AIANNHCE":"1100","NAMELSAD":"Flandreau Reservation","FEMA":"Flandreau Indian Reservation","POP":520,"AIAN":420,"POP_OK":1,"DECL":3,"TRIBE_N":0,"STATE_N":3,"LIST":"2011: Severe Storm | 2020: Severe Storm | 2022: Severe Storm","STATE":"South Dakota"}},{"type":"Feature","geometry":{"type":"MultiPolygon","coordinates":[[[[-91.69004,46.1646],[-91.68483,46.16464],[-91.68483,46.16098],[-91.69,46.16097],[-91.69004,46.1646]]],[[[-91.72131,46.20093],[-91.71612,46.20093],[-91.71612,46.19727],[-91.72131,46.19727],[-91.72131,46.20093]]],[[[-91.74815,46.32347],[-91.74276,46.32347],[-91.74276,46.31981],[-91.74815,46.31981],[-91.74815,46.32347]]],[[[-91.80079,46.35297],[-91.79002,46.35637],[-91.79002,46.35276],[-91.80079,46.35297]]],[[[-92.05575,46.24829],[-92.05035,46.24829],[-92.05045,46.24459],[-92.05575,46.2446],[-92.05575,46.24829]]],[[[-92.09633,46.7891],[-92.09591,46.78885],[-92.09659,46.7889],[-92.09633,46.7891]]],[[[-92.11309,46.33543],[-92.10778,46.33543],[-92.10778,46.33176],[-92.11309,46.33176],[-92.11309,46.33543]]],[[[-92.27992,46.42527],[-92.27455,46.42527],[-92.27455,46.42179],[-92.27992,46.42179],[-92.27992,46.42527]]],[[[-92.28874,46.29105],[-92.28337,46.29131],[-92.28337,46.28786],[-92.28866,46.28794],[-92.28874,46.29105]]],[[[-92.47014,46.66841],[-92.46087,46.67253],[-92.45962,46.668],[-92.47014,46.66491],[-92.47014,46.66841]],[[-92.46988,46.66698],[-92.46649,46.66631],[-92.46649,46.66714],[-92.46988,46.66698]]],[[[-92.57571,46.91142],[-92.57357,46.91242],[-92.57364,46.91127],[-92.57571,46.91142]]],[[[-92.73475,46.66423],[-92.733,46.87879],[-92.72385,46.88241],[-92.67654,46.87529],[-92.62598,46.87422],[-92.5785,46.86541],[-92.57267,46.86128],[-92.5761,46.84669],[-92.57384,46.84289],[-92.55792,46.83463],[-92.54163,46.81836],[-92.52401,46.81348],[-92.50542,46.81804],[-92.49248,46.81779],[-92.48653,46.81427],[-92.48568,46.79788],[-92.46281,46.79384],[-92.45911,46.79016],[-92.46126,46.78447],[-92.48592,46.77202],[-92.49278,46.76526],[-92.49254,46.75653],[-92.47844,46.73585],[-92.48168,46.73593],[-92.48105,46.67826],[-92.46488,46.67815],[-92.46488,46.67442],[-92.47013,46.67448],[-92.47014,46.66964],[-92.47903,46.66391],[-92.73475,46.66423]]],[[[-92.86028,46.79834],[-92.8497,46.79857],[-92.84967,46.79495],[-92.86035,46.79504],[-92.86028,46.79834]]]]},"properties":{"AIANNHCE":"1125","NAMELSAD":"Fond du Lac Reservation and Off-Reservation Trust Land","FEMA":"Fond du Lac Indian Reservation","POP":3799,"AIAN":1150,"POP_OK":1,"DECL":1,"TRIBE_N":0,"STATE_N":1,"LIST":"2012: Severe Storm","STATE":"Minnesota, Wisconsin"}},{"type":"Feature","geometry":{"type":"MultiPolygon","coordinates":[[[[-108.90981,47.91399],[-108.88836,47.91419],[-108.88842,47.8997],[-108.87717,47.89975],[-108.87702,47.88532],[-108.88849,47.88525],[-108.88849,47.87061],[-108.90982,47.87378],[-108.90979,47.8851],[-108.90474,47.88517],[-108.90472,47.89606],[-108.89361,47.89599],[-108.89357,47.8996],[-108.91008,47.89928],[-108.90981,47.91399]]],[[[-108.93744,47.9931],[-108.92587,47.99313],[-108.92584,48.00091],[-108.93114,48.0009],[-108.93115,48.00452],[-108.9207,48.00443],[-108.9207,48.00106],[-108.91508,48.00106],[-108.91532,47.99305],[-108.9094,47.99305],[-108.9093,47.98676],[-108.93735,47.98657],[-108.93744,47.9931]]],[[[-108.95242,48.11791],[-108.95242,48.13725],[-108.94679,48.13724],[-108.94681,48.13358],[-108.93084,48.13379],[-108.93097,48.12933],[-108.94165,48.12925],[-108.94172,48.1172],[-108.95242,48.11791]]],[[[-108.98017,48.0191],[-108.97448,48.01909],[-108.97446,48.02268],[-108.9637,48.02264],[-108.9638,48.01545],[-108.95841,48.01546],[-108.95846,48.01184],[-108.97439,48.01183],[-108.97436,48.01544],[-108.98021,48.01543],[-108.98017,48.0191]]],[[[-108.99584,48.16267],[-108.99058,48.16269],[-108.99057,48.15555],[-108.9739,48.15244],[-108.97397,48.16259],[-108.98493,48.16257],[-108.98491,48.1698],[-108.97399,48.16985],[-108.974,48.16613],[-108.9578,48.16612],[-108.95776,48.1626],[-108.95241,48.16259],[-108.95237,48.15537],[-108.94171,48.1519],[-108.9417,48.14821],[-108.93612,48.1482],[-108.93611,48.14457],[-108.95231,48.14452],[-108.95233,48.14811],[-108.99569,48.14819],[-108.99584,48.16267]]],[[[-108.99595,48.17719],[-108.97425,48.1808],[-108.97405,48.17348],[-108.99586,48.16982],[-108.99595,48.17719]]],[[[-109.04961,48.01588],[-109.04952,48.0183],[-109.04427,48.01832],[-109.0441,48.02189],[-109.04945,48.02197],[-109.04882,48.03396],[-109.04358,48.03392],[-109.04398,48.03008],[-109.0281,48.03001],[-109.02822,48.01544],[-109.04961,48.01588]]],[[[-109.0816,48.12118],[-109.0691,48.12113],[-109.06901,48.1169],[-109.07487,48.11674],[-109.07488,48.11335],[-109.05522,48.11363],[-109.0552,48.10947],[-109.04966,48.10953],[-109.04964,48.11699],[-109.04436,48.11681],[-109.04441,48.11351],[-109.034,48.11353],[-109.03406,48.11992],[-109.03871,48.11995],[-109.03874,48.12533],[-109.02304,48.12535],[-109.02306,48.12951],[-109.0174,48.12953],[-109.01737,48.12516],[-109.00548,48.12519],[-109.00577,48.12147],[-108.99062,48.1214],[-108.99057,48.12926],[-108.97926,48.12923],[-108.97944,48.12145],[-108.97403,48.12146],[-108.97404,48.10986],[-108.96871,48.10994],[-108.96872,48.10286],[-108.96322,48.10288],[-108.96316,48.1138],[-108.96866,48.11376],[-108.96864,48.11719],[-108.95243,48.1172],[-108.95265,48.1029],[-108.94188,48.10286],[-108.9419,48.09932],[-108.93633,48.09937],[-108.93633,48.10623],[-108.93095,48.10623],[-108.93109,48.09905],[-108.91463,48.0991],[-108.91469,48.12087],[-108.91998,48.12082],[-108.92007,48.13365],[-108.90912,48.13366],[-108.90952,48.14132],[-108.91953,48.1405],[-108.9197,48.1549],[-108.93069,48.15797],[-108.93081,48.16264],[-108.89823,48.1627],[-108.8984,48.17733],[-108.88746,48.17751],[-108.88757,48.19168],[-108.90874,48.19165],[-108.90886,48.19866],[-108.88763,48.19855],[-108.88813,48.53582],[-108.87999,48.53807],[-108.8764,48.54111],[-108.87797,48.54358],[-108.87135,48.54411],[-108.87533,48.54271],[-108.87197,48.53687],[-108.87474,48.53366],[-108.86193,48.53211],[-108.86627,48.52441],[-108.85436,48.5229],[-108.85482,48.51891],[-108.85974,48.51822],[-108.86197,48.51424],[-108.83967,48.51398],[-108.83913,48.50693],[-108.835,48.50828],[-108.83049,48.50392],[-108.81957,48.50811],[-108.821,48.50491],[-108.81595,48.50313],[-108.81398,48.4984],[-108.79355,48.50311],[-108.80319,48.49285],[-108.80102,48.49078],[-108.79064,48.48859],[-108.79028,48.49127],[-108.78381,48.49268],[-108.77881,48.48534],[-108.77207,48.49203],[-108.77316,48.48633],[-108.76952,48.48557],[-108.7507,48.49366],[-108.74117,48.48707],[-108.73802,48.49465],[-108.73488,48.49174],[-108.73715,48.48754],[-108.73411,48.48587],[-108.72703,48.49727],[-108.72481,48.49011],[-108.71358,48.48548],[-108.71302,48.4914],[-108.72097,48.49448],[-108.71396,48.49801],[-108.72196,48.50048],[-108.71571,48.50125],[-108.6919,48.49059],[-108.69754,48.48583],[-108.68877,48.48605],[-108.69034,48.47915],[-108.68152,48.48047],[-108.67095,48.47442],[-108.66908,48.48097],[-108.66487,48.48142],[-108.66574,48.48488],[-108.66188,48.48638],[-108.65816,48.48243],[-108.65376,48.48262],[-108.65471,48.48871],[-108.65192,48.49052],[-108.63111,48.48372],[-108.63189,48.481],[-108.63727,48.48094],[-108.62794,48.47665],[-108.62782,48.46982],[-108.62044,48.4738],[-108.62058,48.47768],[-108.61646,48.47819],[-108.61361,48.47274],[-108.60892,48.47745],[-108.60616,48.47604],[-108.60719,48.46865],[-108.60335,48.4683],[-108.59696,48.48023],[-108.5901,48.47911],[-108.59104,48.47538],[-108.58815,48.47425],[-108.58193,48.47906],[-108.57344,48.47817],[-108.57553,48.48321],[-108.57226,48.48489],[-108.57096,48.48024],[-108.56085,48.47766],[-108.56434,48.47498],[-108.55748,48.47603],[-108.55845,48.47118],[-108.549,48.47238],[-108.54876,48.47034],[-108.55821,48.46927],[-108.5578,48.46473],[-108.56294,48.46871],[-108.56423,48.46664],[-108.5623,48.46139],[-108.55634,48.46102],[-108.56187,48.45754],[-108.5496,48.45471],[-108.54743,48.4494],[-108.5404,48.44858],[-108.54655,48.44347],[-108.54153,48.44204],[-108.54407,48.43899],[-108.54014,48.4359],[-108.53402,48.43807],[-108.53761,48.44147],[-108.53056,48.4398],[-108.51767,48.44398],[-108.52218,48.43828],[-108.51157,48.44139],[-108.50619,48.43229],[-108.50953,48.42909],[-108.49761,48.42631],[-108.49507,48.42855],[-108.5007,48.42935],[-108.50071,48.43323],[-108.49527,48.43384],[-108.48533,48.42809],[-108.49418,48.42515],[-108.48334,48.42081],[-108.47079,48.42901],[-108.4745,48.42358],[-108.47226,48.41489],[-108.46916,48.41438],[-108.46913,48.42153],[-108.46405,48.42352],[-108.46284,48.4281],[-108.44707,48.4129],[-108.43873,48.4196],[-108.44672,48.42374],[-108.4406,48.42907],[-108.43134,48.42667],[-108.43399,48.43265],[-108.427,48.43139],[-108.42584,48.43587],[-108.4287,48.44005],[-108.42306,48.44476],[-108.41809,48.44127],[-108.40856,48.44829],[-108.40445,48.44373],[-108.39801,48.44508],[-108.40485,48.44077],[-108.39327,48.43777],[-108.39234,48.44252],[-108.38401,48.43782],[-108.37754,48.44233],[-108.37417,48.43644],[-108.36821,48.44143],[-108.35957,48.439],[-108.36758,48.43092],[-108.35912,48.42911],[-108.35425,48.43256],[-108.35369,48.42805],[-108.3467,48.4284],[-108.34809,48.42405],[-108.34393,48.42002],[-108.33268,48.42868],[-108.32795,48.42839],[-108.32859,48.41767],[-108.31641,48.41817],[-108.31615,48.41045],[-108.31007,48.41181],[-108.29827,48.40635],[-108.28938,48.39819],[-108.3006,48.39911],[-108.29785,48.3918],[-108.28097,48.38642],[-108.36511,47.88841],[-108.38007,47.88392],[-108.38518,47.88616],[-108.40006,47.88346],[-108.40319,47.88753],[-108.44375,47.8964],[-108.45615,47.89398],[-108.46829,47.90126],[-108.47473,47.90939],[-108.48316,47.91259],[-108.48764,47.91856],[-108.48268,47.92149],[-108.48477,47.92357],[-108.5007,47.92973],[-108.45192,47.97722],[-108.56956,47.98127],[-108.5978,47.99192],[-108.60758,47.991],[-108.62326,47.95724],[-108.62559,47.92041],[-108.63757,47.92287],[-108.65613,47.91998],[-108.66213,47.92497],[-108.66528,47.92207],[-108.88535,47.92273],[-108.88551,48.02635],[-108.89334,48.02636],[-108.89333,48.02278],[-108.90412,48.02275],[-108.90413,48.0336],[-108.89339,48.03364],[-108.89329,48.03757],[-108.88555,48.03756],[-108.88559,48.04839],[-108.8979,48.04471],[-108.89798,48.05192],[-108.90948,48.05195],[-108.90963,48.03369],[-108.92035,48.0337],[-108.92047,48.03002],[-108.926,48.02999],[-108.92568,48.04825],[-108.9471,48.05193],[-108.94712,48.04467],[-108.95275,48.04471],[-108.95249,48.05917],[-108.97424,48.05924],[-108.97425,48.06649],[-108.97882,48.06652],[-108.97877,48.05925],[-108.99016,48.05932],[-108.98998,48.06636],[-108.98481,48.06635],[-108.98482,48.07002],[-108.99599,48.06997],[-108.99597,48.07373],[-109.02213,48.07375],[-109.02225,48.08128],[-109.02729,48.08127],[-109.02739,48.07756],[-109.03942,48.07757],[-109.03933,48.0808],[-109.06046,48.08082],[-109.06025,48.10247],[-109.0689,48.10253],[-109.06882,48.0956],[-109.08124,48.0988],[-109.0816,48.12118]],[[-109.0387,48.08807],[-109.01727,48.08792],[-109.0172,48.10242],[-109.03874,48.10247],[-109.0387,48.08807]],[[-109.00704,48.08822],[-108.99567,48.08817],[-108.99512,48.10354],[-109.00655,48.10264],[-109.00704,48.08822]],[[-108.99591,48.10622],[-108.99022,48.10626],[-108.99022,48.11355],[-108.99571,48.11349],[-108.99591,48.10622]],[[-108.92551,48.08109],[-108.92019,48.08111],[-108.92017,48.08453],[-108.9255,48.08443],[-108.92551,48.08109]],[[-108.90934,48.08806],[-108.88562,48.08799],[-108.88564,48.10256],[-108.90933,48.10283],[-108.90934,48.08806]],[[-108.90929,48.10985],[-108.90387,48.1099],[-108.90389,48.11355],[-108.90932,48.11357],[-108.90929,48.10985]],[[-108.90313,48.12511],[-108.89672,48.12532],[-108.89678,48.13098],[-108.90326,48.13104],[-108.90313,48.12511]],[[-108.89851,48.13146],[-108.88715,48.13211],[-108.88715,48.13377],[-108.89848,48.13375],[-108.89851,48.13146]],[[-108.98482,48.07002],[-108.97418,48.07008],[-108.97422,48.07375],[-108.96854,48.07374],[-108.9686,48.08068],[-108.95795,48.08064],[-108.95792,48.0771],[-108.95256,48.07705],[-108.95249,48.07008],[-108.96882,48.07002],[-108.9689,48.0666],[-108.94721,48.06659],[-108.94723,48.06282],[-108.93639,48.06281],[-108.93646,48.05918],[-108.93102,48.0592],[-108.931,48.07012],[-108.93629,48.07015],[-108.93636,48.08106],[-108.94184,48.08103],[-108.94179,48.08458],[-108.9365,48.08458],[-108.93652,48.08815],[-108.92023,48.08813],[-108.92015,48.09527],[-108.93087,48.09164],[-108.93082,48.0954],[-108.94714,48.09541],[-108.94713,48.09917],[-108.95249,48.09916],[-108.95244,48.08821],[-108.97963,48.08822],[-108.97957,48.07371],[-108.98478,48.07373],[-108.98482,48.07002]]],[[[-109.0821,48.04087],[-109.08163,48.06674],[-109.02219,48.06595],[-109.02216,48.06252],[-109.0275,48.06245],[-109.02757,48.05961],[-109.02235,48.05958],[-109.02238,48.05159],[-109.02751,48.05153],[-109.02749,48.04842],[-109.00072,48.04804],[-109.00072,48.04467],[-108.99597,48.04468],[-108.996,48.04809],[-108.98509,48.04807],[-108.98516,48.05178],[-108.97879,48.05177],[-108.97877,48.05925],[-108.97424,48.05924],[-108.97427,48.04473],[-108.99046,48.04467],[-108.9904,48.03712],[-108.99592,48.03711],[-108.99591,48.02996],[-109.00687,48.03295],[-109.00683,48.03995],[-109.0127,48.04],[-109.01271,48.0449],[-109.03321,48.04505],[-109.03326,48.03664],[-109.05301,48.03658],[-109.05285,48.0405],[-109.0821,48.04087]],[[-109.06549,48.04464],[-109.03883,48.04507],[-109.03879,48.06224],[-109.06029,48.06227],[-109.06026,48.04894],[-109.06589,48.04907],[-109.06549,48.04464]]]]},"properties":{"AIANNHCE":"1150","NAMELSAD":"Fort Belknap Reservation and Off-Reservation Trust Land","FEMA":"Fort Belknap Indian Reservation","POP":3148,"AIAN":2883,"POP_OK":1,"DECL":4,"TRIBE_N":0,"STATE_N":4,"LIST":"2011: Severe Storm | 2013: Flood | 2015: Severe Storm | 2024: Severe Storm","STATE":"Montana"}},{"type":"Feature","geometry":{"type":"Polygon","coordinates":[[[-102.78529,47.5944],[-102.78483,47.99876],[-101.82194,47.99865],[-101.82208,47.58847],[-101.69473,47.5885],[-101.69476,47.56103],[-101.69864,47.56021],[-101.71351,47.53688],[-101.74183,47.52923],[-101.81205,47.497],[-101.83583,47.49547],[-101.90747,47.45792],[-101.94009,47.45788],[-101.94005,47.46588],[-101.99289,47.46594],[-101.99316,47.47242],[-102.03578,47.47243],[-102.03578,47.47617],[-102.09934,47.47639],[-102.09933,47.48002],[-102.22675,47.47991],[-102.22687,47.47617],[-102.29019,47.47672],[-102.28977,47.46902],[-102.37479,47.46933],[-102.37546,47.46211],[-102.43847,47.46112],[-102.43838,47.46625],[-102.45976,47.46581],[-102.4605,47.51248],[-102.4921,47.51786],[-102.50388,47.50798],[-102.50378,47.51372],[-102.51605,47.51012],[-102.52581,47.51906],[-102.57819,47.53041],[-102.58493,47.53412],[-102.5908,47.54521],[-102.59972,47.54681],[-102.62877,47.53545],[-102.64163,47.54234],[-102.66218,47.52878],[-102.67327,47.52635],[-102.68814,47.53753],[-102.69259,47.54586],[-102.68911,47.55234],[-102.67547,47.55949],[-102.69859,47.58047],[-102.72724,47.56826],[-102.72597,47.57939],[-102.7479,47.58089],[-102.74242,47.592],[-102.74592,47.59591],[-102.75004,47.59617],[-102.74851,47.58867],[-102.76656,47.59803],[-102.78529,47.5944]]]},"properties":{"AIANNHCE":"1160","NAMELSAD":"Fort Berthold Reservation","FEMA":"Fort Berthold Indian Reservation","POP":7267,"AIAN":4234,"POP_OK":1,"DECL":1,"TRIBE_N":0,"STATE_N":1,"LIST":"2011: Flood","STATE":"North Dakota"}},{"type":"Feature","geometry":{"type":"MultiPolygon","coordinates":[[[[-104.43321,48.10654],[-104.42766,48.10654],[-104.42766,48.10289],[-104.43321,48.10287],[-104.43321,48.10654]]],[[[-106.40605,48.24733],[-106.4006,48.24807],[-106.4006,48.2446],[-106.40605,48.2446],[-106.40605,48.24733]]],[[[-106.57793,48.63466],[-105.37674,48.63032],[-104.44731,48.63503],[-104.45756,48.61525],[-104.45349,48.61473],[-104.45278,48.61008],[-104.46082,48.60838],[-104.45633,48.60509],[-104.46446,48.59981],[-104.46452,48.59488],[-104.46055,48.59522],[-104.4602,48.5926],[-104.46238,48.58928],[-104.46635,48.58996],[-104.4669,48.58058],[-104.47724,48.57656],[-104.48436,48.56336],[-104.48847,48.56235],[-104.48974,48.5536],[-104.49529,48.55542],[-104.49484,48.54977],[-104.505,48.54717],[-104.50348,48.543],[-104.50794,48.54217],[-104.50556,48.53842],[-104.51034,48.53818],[-104.51048,48.54155],[-104.51363,48.5417],[-104.51371,48.53853],[-104.5189,48.53751],[-104.51729,48.53564],[-104.53006,48.53529],[-104.52725,48.52968],[-104.53864,48.52964],[-104.53506,48.52592],[-104.54033,48.52751],[-104.54456,48.52443],[-104.53975,48.52148],[-104.53455,48.52367],[-104.53562,48.52018],[-104.5459,48.52153],[-104.5469,48.51779],[-104.54351,48.51535],[-104.54915,48.51631],[-104.54862,48.51095],[-104.55299,48.51263],[-104.55139,48.50551],[-104.55602,48.50784],[-104.55567,48.50366],[-104.54902,48.5042],[-104.55267,48.49607],[-104.54699,48.49823],[-104.54831,48.49492],[-104.55258,48.49504],[-104.55281,48.48944],[-104.55769,48.49291],[-104.55515,48.48766],[-104.5629,48.48906],[-104.55742,48.48344],[-104.56379,48.48143],[-104.55836,48.48009],[-104.56351,48.47743],[-104.55662,48.47335],[-104.56285,48.46875],[-104.5563,48.4631],[-104.56387,48.4604],[-104.56027,48.45942],[-104.5635,48.45748],[-104.55684,48.45736],[-104.56265,48.45508],[-104.56167,48.45277],[-104.5545,48.45599],[-104.55965,48.44941],[-104.55121,48.44884],[-104.5542,48.44488],[-104.55064,48.4414],[-104.55639,48.43483],[-104.55263,48.42936],[-104.55683,48.4231],[-104.56409,48.42382],[-104.56339,48.41358],[-104.57042,48.40904],[-104.57023,48.40614],[-104.57498,48.40593],[-104.57559,48.39809],[-104.57203,48.39521],[-104.57875,48.39117],[-104.57995,48.38411],[-104.58891,48.37849],[-104.59197,48.37249],[-104.5842,48.3683],[-104.59034,48.35781],[-104.5875,48.34739],[-104.5838,48.34546],[-104.5848,48.34088],[-104.58848,48.3397],[-104.5927,48.34352],[-104.61477,48.34209],[-104.61439,48.33769],[-104.59905,48.33585],[-104.59769,48.33157],[-104.60286,48.32982],[-104.60235,48.32616],[-104.61455,48.32361],[-104.61939,48.31881],[-104.62379,48.32305],[-104.63274,48.32345],[-104.6307,48.31777],[-104.63375,48.31356],[-104.64145,48.31551],[-104.63719,48.3112],[-104.64524,48.31338],[-104.65473,48.30257],[-104.66216,48.30086],[-104.66121,48.29839],[-104.67042,48.29949],[-104.67685,48.29425],[-104.67782,48.29961],[-104.68354,48.2982],[-104.68286,48.30251],[-104.68535,48.30253],[-104.68889,48.30032],[-104.6877,48.29634],[-104.69179,48.29492],[-104.68705,48.29416],[-104.69561,48.28987],[-104.69831,48.2922],[-104.69934,48.28622],[-104.71289,48.28099],[-104.7219,48.27112],[-104.72514,48.26029],[-104.72076,48.25852],[-104.72165,48.2544],[-104.71704,48.24775],[-104.71102,48.24682],[-104.71465,48.24268],[-104.7136,48.23875],[-104.72174,48.23221],[-104.70797,48.22715],[-104.70615,48.22958],[-104.70843,48.23291],[-104.70257,48.23294],[-104.70034,48.22896],[-104.70564,48.22479],[-104.68633,48.21537],[-104.68342,48.2104],[-104.67833,48.21071],[-104.67974,48.20701],[-104.67507,48.20536],[-104.67506,48.2012],[-104.66067,48.19605],[-104.66393,48.19316],[-104.67366,48.19589],[-104.66544,48.18767],[-104.65791,48.18822],[-104.66362,48.18274],[-104.65794,48.18009],[-104.66021,48.17684],[-104.65349,48.17285],[-104.65581,48.17089],[-104.65314,48.16805],[-104.64196,48.16764],[-104.64271,48.17348],[-104.63894,48.17619],[-104.64381,48.17828],[-104.63682,48.17908],[-104.63518,48.17419],[-104.63796,48.17034],[-104.63354,48.16761],[-104.62818,48.17105],[-104.62508,48.1684],[-104.63076,48.16633],[-104.62404,48.15815],[-104.6278,48.15537],[-104.62184,48.15448],[-104.61937,48.15901],[-104.61318,48.1598],[-104.60989,48.15508],[-104.61656,48.14931],[-104.60479,48.1527],[-104.59403,48.15046],[-104.59403,48.14324],[-104.61368,48.14625],[-104.61348,48.14264],[-104.60975,48.14112],[-104.61034,48.13379],[-104.62916,48.12739],[-104.61985,48.11785],[-104.6261,48.11196],[-104.68163,48.10332],[-104.68676,48.11557],[-104.71024,48.11941],[-104.72386,48.11345],[-104.74544,48.11029],[-104.76073,48.12638],[-104.77114,48.12984],[-104.78922,48.12826],[-104.81961,48.11928],[-104.83603,48.12018],[-104.86222,48.13067],[-104.87189,48.14383],[-104.87864,48.14798],[-104.89201,48.15055],[-104.91513,48.14406],[-104.92219,48.13787],[-104.92584,48.11048],[-104.93825,48.09585],[-104.94457,48.09339],[-104.97406,48.10331],[-104.98359,48.10158],[-104.97481,48.08447],[-104.98698,48.06862],[-104.99342,48.0657],[-104.99837,48.06709],[-104.99933,48.07118],[-104.99249,48.08069],[-104.99569,48.08467],[-105.00623,48.08537],[-105.0139,48.07735],[-105.01385,48.06933],[-105.03709,48.06342],[-105.04356,48.05356],[-105.05278,48.0581],[-105.04914,48.07293],[-105.06107,48.07807],[-105.07136,48.07458],[-105.08747,48.06305],[-105.11912,48.0596],[-105.10784,48.06857],[-105.10941,48.07643],[-105.11773,48.07865],[-105.14233,48.07299],[-105.17337,48.08185],[-105.17639,48.08848],[-105.16719,48.09649],[-105.17772,48.1031],[-105.18286,48.09769],[-105.18157,48.07973],[-105.18643,48.07091],[-105.21087,48.06325],[-105.22194,48.06687],[-105.2242,48.07139],[-105.21893,48.08146],[-105.23183,48.09014],[-105.26053,48.08944],[-105.31756,48.07902],[-105.32547,48.08225],[-105.32461,48.08822],[-105.32711,48.0905],[-105.34107,48.0949],[-105.36453,48.08875],[-105.39011,48.09304],[-105.45258,48.08941],[-105.47057,48.09396],[-105.48686,48.09112],[-105.49804,48.0979],[-105.5032,48.09779],[-105.5152,48.09171],[-105.52368,48.07432],[-105.53541,48.06645],[-105.55502,48.0736],[-105.56848,48.08355],[-105.58169,48.08003],[-105.59503,48.08178],[-105.6175,48.07327],[-105.64794,48.0773],[-105.65314,48.0733],[-105.63965,48.066],[-105.63864,48.05904],[-105.64344,48.0511],[-105.65151,48.0465],[-105.66254,48.04629],[-105.6662,48.05705],[-105.68002,48.05909],[-105.70117,48.0491],[-105.7172,48.03338],[-105.7386,48.03063],[-105.75056,48.0254],[-105.76376,48.0289],[-105.7674,48.04317],[-105.77446,48.04834],[-105.78188,48.04255],[-105.78111,48.03252],[-105.78628,48.02256],[-105.80888,48.02473],[-105.85198,48.00852],[-105.881,48.02402],[-105.88453,48.0342],[-105.89462,48.03818],[-105.89928,48.03422],[-105.89754,48.01108],[-105.91659,48.00384],[-105.93837,48.01423],[-105.9746,48.01586],[-106.00618,48.03369],[-106.01737,48.03363],[-106.02404,48.02807],[-106.02316,48.02223],[-106.01205,48.01617],[-106.01114,48.01125],[-106.01668,48.00525],[-106.02937,48.00406],[-106.04412,48.00847],[-106.04869,48.01967],[-106.05826,48.02891],[-106.07915,48.03554],[-106.08824,48.03313],[-106.08448,48.0227],[-106.09554,48.01058],[-106.11988,48.00407],[-106.14195,48.00641],[-106.14569,48.00954],[-106.143,48.01276],[-106.12449,48.02146],[-106.1222,48.02711],[-106.12615,48.03098],[-106.2293,48.02642],[-106.2448,48.02994],[-106.27248,48.04611],[-106.28555,48.0453],[-106.29331,48.04042],[-106.30097,48.04138],[-106.30777,48.05223],[-106.31871,48.05553],[-106.31614,48.06196],[-106.30147,48.06163],[-106.30031,48.07069],[-106.29572,48.06974],[-106.29448,48.06402],[-106.28055,48.06754],[-106.27813,48.07163],[-106.28313,48.07618],[-106.2825,48.07957],[-106.26284,48.08013],[-106.24992,48.08581],[-106.26389,48.08627],[-106.27251,48.08181],[-106.28177,48.08415],[-106.28345,48.08715],[-106.2702,48.09089],[-106.26455,48.09666],[-106.27475,48.09929],[-106.27563,48.09356],[-106.27932,48.09149],[-106.2939,48.09659],[-106.29304,48.09939],[-106.28451,48.09905],[-106.28773,48.10291],[-106.28406,48.11017],[-106.29149,48.11372],[-106.28741,48.108],[-106.29086,48.10507],[-106.29472,48.11001],[-106.3013,48.10954],[-106.3027,48.11218],[-106.29913,48.11697],[-106.30222,48.11932],[-106.30965,48.11785],[-106.3076,48.11059],[-106.31418,48.11192],[-106.31794,48.11674],[-106.3216,48.11561],[-106.32182,48.11158],[-106.3303,48.10983],[-106.33341,48.11607],[-106.33733,48.11721],[-106.33591,48.12076],[-106.34586,48.12468],[-106.3369,48.12425],[-106.32499,48.13348],[-106.32882,48.13655],[-106.33707,48.13521],[-106.33548,48.13912],[-106.34554,48.13698],[-106.34453,48.14247],[-106.34572,48.13999],[-106.35536,48.14474],[-106.36468,48.14518],[-106.36742,48.14839],[-106.36511,48.15215],[-106.37906,48.16001],[-106.37648,48.1635],[-106.38117,48.16567],[-106.37831,48.16842],[-106.38621,48.17611],[-106.38407,48.17751],[-106.38543,48.1871],[-106.3815,48.18952],[-106.38726,48.19544],[-106.38293,48.19705],[-106.38638,48.1977],[-106.38713,48.20204],[-106.3801,48.21233],[-106.38327,48.2173],[-106.38955,48.21924],[-106.38496,48.22145],[-106.39048,48.22804],[-106.38638,48.22907],[-106.38533,48.23464],[-106.39283,48.23619],[-106.39178,48.24368],[-106.39974,48.24288],[-106.39783,48.25505],[-106.40673,48.25804],[-106.4045,48.26149],[-106.40901,48.26392],[-106.41121,48.2702],[-106.40611,48.27405],[-106.41134,48.28173],[-106.40501,48.28364],[-106.40611,48.28787],[-106.40217,48.29103],[-106.40584,48.2959],[-106.40363,48.30288],[-106.40712,48.30562],[-106.40096,48.31067],[-106.40295,48.31237],[-106.39515,48.31559],[-106.40148,48.32094],[-106.39801,48.32714],[-106.40284,48.3281],[-106.39809,48.33356],[-106.40114,48.33649],[-106.39709,48.33902],[-106.40321,48.3417],[-106.40198,48.34492],[-106.40935,48.35106],[-106.40325,48.35717],[-106.41012,48.35715],[-106.41463,48.36266],[-106.41086,48.368],[-106.41761,48.36984],[-106.42355,48.37739],[-106.43094,48.37778],[-106.43967,48.39401],[-106.43964,48.40333],[-106.44819,48.40913],[-106.44734,48.41274],[-106.45319,48.41859],[-106.45127,48.42198],[-106.46252,48.42689],[-106.46997,48.43623],[-106.46867,48.43906],[-106.47625,48.43974],[-106.47362,48.44197],[-106.47756,48.44267],[-106.48117,48.44877],[-106.47484,48.44912],[-106.47986,48.45084],[-106.47746,48.45345],[-106.48099,48.45864],[-106.48385,48.45647],[-106.4849,48.4603],[-106.48838,48.45943],[-106.49347,48.46357],[-106.48962,48.46771],[-106.49474,48.47403],[-106.48997,48.47587],[-106.49388,48.4808],[-106.48646,48.4819],[-106.48935,48.49271],[-106.48627,48.49629],[-106.4883,48.49777],[-106.48408,48.49934],[-106.49116,48.50015],[-106.48807,48.50632],[-106.49179,48.50946],[-106.48218,48.5156],[-106.48892,48.5172],[-106.48454,48.51905],[-106.48896,48.5197],[-106.49615,48.52892],[-106.50249,48.52705],[-106.50218,48.53325],[-106.51242,48.53905],[-106.51748,48.54703],[-106.52941,48.55261],[-106.53195,48.55489],[-106.53007,48.55777],[-106.54002,48.56057],[-106.54744,48.56676],[-106.54555,48.56804],[-106.54811,48.57183],[-106.54548,48.57322],[-106.55414,48.58048],[-106.54995,48.58704],[-106.55384,48.5888],[-106.55173,48.5929],[-106.55803,48.60062],[-106.55799,48.60836],[-106.56341,48.61125],[-106.5638,48.62248],[-106.5726,48.62665],[-106.57236,48.63096],[-106.57751,48.63111],[-106.57793,48.63466]]]]},"properties":{"AIANNHCE":"1250","NAMELSAD":"Fort Peck Indian Reservation and Off-Reservation Trust Land","FEMA":"Fort Peck Indian Reservation","POP":9785,"AIAN":6229,"POP_OK":1,"DECL":3,"TRIBE_N":0,"STATE_N":3,"LIST":"2011: Severe Storm | 2013: Flood | 2023: Flood","STATE":"Montana"}},{"type":"Feature","geometry":{"type":"Polygon","coordinates":[[[-80.43792,27.40396],[-80.43202,27.4036],[-80.43196,27.39997],[-80.43704,27.39994],[-80.43792,27.40396]]]},"properties":{"AIANNHCE":"1260","NAMELSAD":"Fort Pierce Reservation","FEMA":"Fort Pierce Indian Reservation","POP":21,"AIAN":2,"POP_OK":0,"DECL":2,"TRIBE_N":2,"STATE_N":0,"LIST":"2017: Hurricane | 2022: Hurricane","STATE":"Florida"}},{"type":"Feature","geometry":{"type":"MultiPolygon","coordinates":[[[[-89.56045,47.96988],[-89.55589,47.97299],[-89.55349,47.97334],[-89.56045,47.96988]]],[[[-89.56354,47.97756],[-89.56205,47.97917],[-89.55891,47.979],[-89.56354,47.97756]]],[[[-89.56633,47.97135],[-89.56239,47.97183],[-89.56276,47.9711],[-89.56633,47.97135]]],[[[-89.58685,47.95996],[-89.57749,47.96616],[-89.56689,47.96724],[-89.57116,47.96401],[-89.58685,47.95996]]],[[[-89.58807,47.96956],[-89.58101,47.9763],[-89.58254,47.97897],[-89.56728,47.97829],[-89.58307,47.96842],[-89.58807,47.96956]]],[[[-89.59186,47.96644],[-89.58932,47.96778],[-89.5865,47.9676],[-89.59186,47.96644]]],[[[-89.66464,47.95338],[-89.66174,47.95479],[-89.65511,47.95274],[-89.66012,47.95079],[-89.66464,47.95338]]],[[[-89.88648,47.98631],[-89.87329,47.98542],[-89.86815,47.9899],[-89.84624,47.99272],[-89.84271,47.99742],[-89.84485,48.0031],[-89.83182,47.9994],[-89.8198,48.0151],[-89.80745,48.01722],[-89.80602,48.01403],[-89.79774,48.0145],[-89.79185,48.0182],[-89.77943,48.01836],[-89.77585,48.02245],[-89.77367,48.02007],[-89.74931,48.02332],[-89.74257,48.01983],[-89.72316,48.02048],[-89.71966,48.01817],[-89.72432,48.01649],[-89.72404,48.01367],[-89.7171,48.01717],[-89.71591,48.00925],[-89.70815,48.01016],[-89.70144,48.00621],[-89.68888,48.01078],[-89.6738,48.01151],[-89.66713,48.00742],[-89.66321,48.01062],[-89.65705,48.00995],[-89.65107,48.00362],[-89.64545,48.0062],[-89.638,48.00378],[-89.63717,48.00931],[-89.61787,48.01095],[-89.61035,48.01778],[-89.60782,48.00657],[-89.58586,48.00118],[-89.58396,47.99588],[-89.54519,48.00108],[-89.52722,47.99946],[-89.51142,48.00507],[-89.49398,48.00471],[-89.54569,47.99398],[-89.56638,47.99282],[-89.57303,47.9896],[-89.57466,47.98463],[-89.60103,47.9803],[-89.609,47.98062],[-89.61389,47.98495],[-89.60609,47.98879],[-89.61165,47.99471],[-89.62453,47.99466],[-89.64959,47.97929],[-89.63954,47.95359],[-89.65757,47.96703],[-89.68137,47.96364],[-89.69053,47.95348],[-89.68193,47.94978],[-89.68185,47.94497],[-89.70321,47.93959],[-89.75865,47.90749],[-89.75988,47.90407],[-89.77396,47.90207],[-89.79415,47.89202],[-89.84627,47.87859],[-89.85396,47.874],[-89.86871,47.8744],[-89.8685,47.88499],[-89.87356,47.88499],[-89.87356,47.88844],[-89.86845,47.88844],[-89.86777,47.93492],[-89.85893,47.93448],[-89.85849,47.94617],[-89.85464,47.94606],[-89.88648,47.98631]]]]},"properties":{"AIANNHCE":"1355","NAMELSAD":"Grand Portage Reservation and Off-Reservation Trust Land","FEMA":"Grand Portage Indian Reservation","POP":589,"AIAN":266,"POP_OK":1,"DECL":1,"TRIBE_N":0,"STATE_N":1,"LIST":"2012: Severe Storm","STATE":"Minnesota"}},{"type":"Feature","geometry":{"type":"MultiPolygon","coordinates":[[[[-123.33827,44.2664],[-123.32243,44.26302],[-123.32049,44.25904],[-123.33827,44.2664]]],[[[-123.57658,45.0751],[-123.5689,45.07636],[-123.56886,45.07997],[-123.56119,45.08011],[-123.56144,45.06912],[-123.5736,45.0698],[-123.57658,45.0751]]],[[[-123.58941,45.04903],[-123.58426,45.05165],[-123.58716,45.05951],[-123.58263,45.05992],[-123.58642,45.06849],[-123.58341,45.06901],[-123.57669,45.05658],[-123.5802,45.05074],[-123.57794,45.05076],[-123.57678,45.04367],[-123.58193,45.04366],[-123.58189,45.04726],[-123.58941,45.04903]],[[-123.58131,45.05667],[-123.57824,45.05734],[-123.5796,45.05831],[-123.58131,45.05667]]],[[[-123.59707,45.05565],[-123.59706,45.05861],[-123.59401,45.05889],[-123.59205,45.05468],[-123.59707,45.05565]]],[[[-123.60163,45.08367],[-123.59684,45.08369],[-123.59687,45.07981],[-123.60161,45.08005],[-123.60163,45.08367]]],[[[-123.61211,45.17723],[-123.60648,45.17729],[-123.60639,45.17364],[-123.61206,45.17359],[-123.61211,45.17723]]],[[[-123.61956,45.05631],[-123.61831,45.05828],[-123.6183,45.05597],[-123.61956,45.05631]]],[[[-123.62708,45.07607],[-123.61966,45.07636],[-123.61929,45.08],[-123.61187,45.08],[-123.61103,45.07644],[-123.61171,45.08732],[-123.60719,45.08727],[-123.60673,45.07644],[-123.59444,45.07275],[-123.59447,45.06728],[-123.60231,45.06912],[-123.60233,45.06587],[-123.60935,45.06714],[-123.61085,45.06116],[-123.62206,45.06048],[-123.61694,45.06191],[-123.61491,45.06991],[-123.60417,45.06912],[-123.6041,45.07276],[-123.62074,45.07278],[-123.62072,45.06916],[-123.62454,45.06918],[-123.62708,45.07607]]],[[[-123.72964,45.15918],[-123.66777,45.15915],[-123.66773,45.17345],[-123.64655,45.17357],[-123.64718,45.15916],[-123.61681,45.15915],[-123.61671,45.16658],[-123.60645,45.16685],[-123.60639,45.17364],[-123.59608,45.17359],[-123.59606,45.18086],[-123.60623,45.18094],[-123.60628,45.19514],[-123.60121,45.19518],[-123.60124,45.19868],[-123.59114,45.19863],[-123.5911,45.19506],[-123.5962,45.19509],[-123.59619,45.18796],[-123.58602,45.18793],[-123.58606,45.13775],[-123.60646,45.13777],[-123.60647,45.13057],[-123.70837,45.13059],[-123.70832,45.14502],[-123.72972,45.14492],[-123.72964,45.15918]]],[[[-123.88841,45.50903],[-123.88728,45.51527],[-123.88657,45.50863],[-123.88841,45.50903]]]]},"properties":{"AIANNHCE":"1365","NAMELSAD":"Grand Ronde Community and Off-Reservation Trust Land","FEMA":"Grand Ronde Indian Reservation","POP":727,"AIAN":442,"POP_OK":1,"DECL":1,"TRIBE_N":0,"STATE_N":1,"LIST":"2021: Severe Storm","STATE":"Oregon"}},{"type":"Feature","geometry":{"type":"Polygon","coordinates":[[[-112.87593,36.1574],[-112.86466,36.16376],[-112.86276,36.17593],[-112.84998,36.1994],[-112.84073,36.20611],[-112.83654,36.21798],[-112.83969,36.22724],[-112.84575,36.23198],[-112.84464,36.23489],[-112.83543,36.23459],[-112.82777,36.22886],[-112.81969,36.23017],[-112.81172,36.24037],[-112.80036,36.24074],[-112.79224,36.24535],[-112.78732,36.25846],[-112.76794,36.26284],[-112.7292,36.28274],[-112.71033,36.27676],[-112.65859,36.27201],[-112.6549,36.27713],[-112.6646,36.28527],[-112.6634,36.28674],[-112.65953,36.28185],[-112.64023,36.2749],[-112.62461,36.25836],[-112.61742,36.25631],[-112.61107,36.26713],[-112.61253,36.27275],[-112.60399,36.28239],[-112.59325,36.28594],[-112.59534,36.29341],[-112.61044,36.29818],[-112.60846,36.30232],[-112.59923,36.30022],[-112.60056,36.30423],[-112.59253,36.30898],[-112.59151,36.31986],[-112.60483,36.32676],[-112.5841,36.32502],[-112.5742,36.32869],[-112.57692,36.33476],[-112.56041,36.33922],[-112.56329,36.34832],[-112.57057,36.35246],[-112.57242,36.35766],[-112.56831,36.35716],[-112.55942,36.3463],[-112.55764,36.33471],[-112.55067,36.34376],[-112.54384,36.34129],[-112.51927,36.34721],[-112.51004,36.35307],[-112.511,36.35779],[-112.50209,36.34885],[-112.49005,36.34789],[-112.48688,36.34394],[-112.50616,36.33955],[-112.5221,36.32618],[-112.53398,36.32896],[-112.53708,36.33433],[-112.54894,36.33646],[-112.56381,36.32627],[-112.5679,36.31893],[-112.56937,36.3085],[-112.56402,36.26055],[-112.55094,36.2409],[-112.55834,36.2321],[-112.55861,36.22682],[-112.55411,36.21989],[-112.53209,36.20629],[-112.52311,36.20756],[-112.5175,36.21612],[-112.48337,36.20459],[-112.48955,36.19392],[-112.48951,36.18211],[-112.48118,36.17378],[-112.4707,36.15218],[-112.45982,36.14879],[-112.45934,36.14041],[-112.42978,36.1407],[-112.42583,36.14383],[-112.40454,36.13161],[-112.40507,36.02035],[-112.5122,36.02056],[-112.51224,36.00599],[-112.51674,36.00595],[-112.51709,35.99161],[-112.51254,35.99158],[-112.5121,35.98092],[-112.5168,35.981],[-112.5169,35.96995],[-112.51238,35.96991],[-112.51231,35.95914],[-112.50798,35.9592],[-112.50429,35.95198],[-112.50674,35.94824],[-112.51265,35.9482],[-112.51244,35.95175],[-112.52147,35.95188],[-112.52134,35.94824],[-112.52598,35.94829],[-112.52589,35.95564],[-112.52147,35.95558],[-112.52143,35.9685],[-112.5262,35.96993],[-112.52611,35.98105],[-112.53007,35.98099],[-112.52989,36.00241],[-112.52572,36.00261],[-112.52542,36.02052],[-112.5299,36.02071],[-112.5303,36.03433],[-112.5474,36.03482],[-112.54754,36.04979],[-112.6015,36.04954],[-112.60102,36.10783],[-112.76153,36.10845],[-112.76194,36.15131],[-112.87592,36.15068],[-112.87593,36.1574]]]},"properties":{"AIANNHCE":"1440","NAMELSAD":"Havasupai Reservation","FEMA":"Havasupai Indian Reservation","POP":0,"AIAN":0,"POP_OK":0,"DECL":3,"TRIBE_N":2,"STATE_N":1,"LIST":"2011: Severe Storm | 2018: Flood | 2023: Flood","STATE":"Arizona"}},{"type":"Feature","geometry":{"type":"MultiPolygon","coordinates":[[[[-124.38742,47.72992],[-124.37631,47.72991],[-124.37631,47.7262],[-124.38747,47.72624],[-124.38742,47.72992]]],[[[-124.43431,47.74964],[-124.41099,47.74792],[-124.41122,47.74084],[-124.38731,47.73734],[-124.38742,47.72992],[-124.39862,47.7299],[-124.39856,47.73354],[-124.40381,47.73355],[-124.40378,47.73714],[-124.41135,47.73713],[-124.4115,47.73251],[-124.42209,47.73241],[-124.43431,47.74964]]]]},"properties":{"AIANNHCE":"1460","NAMELSAD":"Hoh Indian Reservation and Off-Reservation Trust Land","FEMA":"Hoh Indian Reservation","POP":54,"AIAN":25,"POP_OK":1,"DECL":2,"TRIBE_N":0,"STATE_N":2,"LIST":"2022: Flood | 2022: Flood","STATE":"Washington"}},{"type":"Feature","geometry":{"type":"Polygon","coordinates":[[[-80.22111,26.03907],[-80.21668,26.03919],[-80.21691,26.04596],[-80.21298,26.04298],[-80.21307,26.04655],[-80.21055,26.04662],[-80.21066,26.05016],[-80.21352,26.0501],[-80.21516,26.04646],[-80.21506,26.05376],[-80.20747,26.05396],[-80.20876,26.04296],[-80.2047,26.04309],[-80.20447,26.03579],[-80.21659,26.03558],[-80.2165,26.03202],[-80.22095,26.03184],[-80.22111,26.03907]]]},"properties":{"AIANNHCE":"1475","NAMELSAD":"Hollywood Reservation","FEMA":"Hollywood Indian Reservation","POP":551,"AIAN":310,"POP_OK":1,"DECL":3,"TRIBE_N":2,"STATE_N":1,"LIST":"2017: Hurricane | 2022: Hurricane | 2022: Hurricane","STATE":"Florida"}},{"type":"Feature","geometry":{"type":"Polygon","coordinates":[[[-123.81337,41.15789],[-123.59284,41.20791],[-123.53445,41.0387],[-123.74922,40.99157],[-123.81337,41.15789]]]},"properties":{"AIANNHCE":"1490","NAMELSAD":"Hoopa Valley Reservation","FEMA":"Hoopa Valley Indian Reservation","POP":2248,"AIAN":1655,"POP_OK":1,"DECL":3,"TRIBE_N":3,"STATE_N":0,"LIST":"2017: Severe Storm | 2023: Winter Storm | 2024: Severe Storm","STATE":"California"}},{"type":"Feature","geometry":{"type":"MultiPolygon","coordinates":[[[[-110.75433,35.03834],[-110.74653,35.03858],[-110.74652,35.0353],[-110.74165,35.03522],[-110.74165,35.03148],[-110.75269,35.03175],[-110.75433,35.03834]]],[[[-111.00704,36.00689],[-111.00055,36.03549],[-110.99994,36.27972],[-110.95304,36.28159],[-110.94085,36.30198],[-110.93387,36.30015],[-110.9232,36.30298],[-110.91861,36.29813],[-110.91803,36.28007],[-110.87569,36.27782],[-110.87431,36.31002],[-110.85529,36.32626],[-110.85434,36.33274],[-110.86135,36.33351],[-110.83627,36.35341],[-110.83132,36.36313],[-110.83246,36.36604],[-110.83959,36.36237],[-110.84424,36.36577],[-110.84731,36.35809],[-110.85289,36.36481],[-110.83351,36.38461],[-110.75272,36.41032],[-110.74663,36.39843],[-110.74268,36.39844],[-110.74267,36.39344],[-110.72198,36.39348],[-110.72174,36.37574],[-110.5773,36.375],[-110.55293,36.39651],[-110.52054,36.40327],[-110.50291,36.38813],[-110.4566,36.41401],[-110.41651,36.40001],[-110.38872,36.40524],[-110.36488,36.42427],[-110.31307,36.43057],[-110.30798,36.42048],[-110.32433,36.39042],[-110.32343,36.38319],[-110.33217,36.37495],[-110.36051,36.36058],[-110.35837,36.35883],[-110.37222,36.34931],[-110.3813,36.30222],[-110.3837,36.29909],[-110.38939,36.30131],[-110.39978,36.29847],[-110.41713,36.28159],[-110.42862,36.25],[-110.4339,36.22136],[-110.43155,36.2048],[-110.44433,36.16387],[-110.46986,36.13425],[-110.49866,36.15689],[-110.51885,36.15649],[-110.56924,36.1426],[-110.61662,36.09958],[-110.61674,36.04148],[-110.54536,36.04148],[-110.54541,36.01387],[-110.53672,36.02175],[-110.52916,36.01575],[-110.50062,36.01575],[-110.50069,36.07051],[-110.47033,36.07024],[-110.46483,36.07934],[-110.46498,36.09937],[-110.42503,36.09915],[-110.42547,36.06994],[-110.40305,36.07055],[-110.40284,36.04308],[-110.29348,36.04331],[-110.28627,36.03488],[-110.29003,36.02658],[-110.29872,36.0142],[-110.30408,36.01444],[-110.31036,36.00519],[-110.31961,36.00042],[-110.25068,35.99965],[-110.16058,35.96521],[-110.14588,35.97488],[-110.1405,35.9914],[-110.12415,35.99373],[-110.12463,35.92712],[-110.11988,35.92395],[-110.11909,35.91178],[-110.1101,35.91152],[-110.10408,35.9149],[-110.10037,35.90923],[-110.08822,35.91532],[-110.07566,35.91329],[-110.07607,35.9183],[-110.08585,35.92759],[-110.07644,35.93011],[-110.06211,35.93087],[-110.05877,35.92145],[-110.0533,35.92425],[-110.04656,35.91109],[-110.04292,35.91502],[-110.04213,35.92362],[-110.03462,35.92374],[-110.02996,35.92743],[-110.02041,35.92515],[-110.02635,35.91493],[-110.02517,35.90882],[-110.04123,35.88966],[-110.04139,35.8808],[-110.05442,35.86622],[-110.05483,35.84377],[-110.00067,35.84427],[-110.00068,35.64836],[-110.14642,35.64903],[-110.14702,35.6054],[-110.12411,35.60538],[-110.12489,35.57771],[-110.18247,35.57913],[-110.18299,35.59064],[-110.27791,35.59031],[-110.27773,35.53956],[-110.25068,35.53327],[-110.25055,35.51865],[-110.72307,35.51988],[-110.72306,35.50001],[-110.88622,35.50009],[-110.85312,35.52975],[-110.83873,35.54839],[-110.8035,35.5485],[-110.80356,35.57841],[-110.83917,35.57817],[-110.83911,35.56288],[-110.85608,35.56285],[-110.856,35.54858],[-111.00071,35.54888],[-110.99935,35.90377],[-111.00104,35.99084],[-111.00704,36.00689]],[[-110.23569,35.70822],[-110.23083,35.69728],[-110.22053,35.70063],[-110.22076,35.69613],[-110.2142,35.69458],[-110.21391,35.69203],[-110.19947,35.69243],[-110.14576,35.70866],[-110.12783,35.696],[-110.08169,35.70028],[-110.09241,35.7352],[-110.08435,35.75004],[-110.08342,35.79278],[-110.09041,35.79145],[-110.10296,35.78259],[-110.10966,35.78866],[-110.10028,35.79977],[-110.10088,35.80933],[-110.1462,35.80964],[-110.23621,35.71973],[-110.23569,35.70822]]],[[[-111.29524,36.05266],[-111.28943,36.06325],[-111.29419,36.07711],[-111.28702,36.08368],[-111.28818,36.0865],[-111.27835,36.09059],[-111.27787,36.09697],[-111.27039,36.1016],[-111.25421,36.09978],[-111.24848,36.10494],[-111.24535,36.10509],[-111.24658,36.09999],[-111.23419,36.10349],[-111.23395,36.11223],[-111.22925,36.11935],[-111.21219,36.12284],[-111.21757,36.13812],[-111.20613,36.1528],[-111.20785,36.15892],[-111.20635,36.16235],[-111.2056,36.15194],[-111.21502,36.13611],[-111.20967,36.12299],[-111.15851,36.12299],[-111.1584,36.1075],[-111.15545,36.11175],[-111.12691,36.11462],[-111.12625,36.11839],[-111.12156,36.11954],[-111.1232,36.12167],[-111.11751,36.13155],[-111.1094,36.13127],[-111.08272,36.14426],[-111.08255,36.05707],[-111.11514,36.02574],[-111.11544,36.01955],[-111.13902,36.02327],[-111.13902,35.96554],[-111.24692,35.96488],[-111.24804,35.9712],[-111.24088,35.97416],[-111.24847,35.98027],[-111.25222,35.97779],[-111.25275,35.98219],[-111.24833,35.98551],[-111.25268,35.99607],[-111.245,36.00487],[-111.25108,36.00311],[-111.24981,36.00906],[-111.25634,36.01112],[-111.26449,36.00825],[-111.26091,36.01264],[-111.26452,36.01739],[-111.26265,36.02016],[-111.2551,36.02077],[-111.25932,36.02676],[-111.25559,36.0307],[-111.25716,36.03337],[-111.26882,36.02656],[-111.2684,36.03125],[-111.27311,36.03274],[-111.27382,36.037],[-111.27824,36.03723],[-111.2757,36.04028],[-111.27868,36.05006],[-111.28165,36.04951],[-111.28558,36.05449],[-111.2933,36.05055],[-111.29524,36.05266]]]]},"properties":{"AIANNHCE":"1505","NAMELSAD":"Hopi Reservation and Off-Reservation Trust Land","FEMA":"Hopi Indian Reservation","POP":6812,"AIAN":6607,"POP_OK":1,"DECL":1,"TRIBE_N":0,"STATE_N":1,"LIST":"2011: Severe Storm","STATE":"Arizona"}},{"type":"Feature","geometry":{"type":"Polygon","coordinates":[[[-81.41727,26.41124],[-81.40114,26.41114],[-81.40102,26.40804],[-81.40512,26.40798],[-81.40498,26.40429],[-81.40085,26.40437],[-81.40062,26.39694],[-81.41715,26.39679],[-81.41727,26.41124]]]},"properties":{"AIANNHCE":"1555","NAMELSAD":"Immokalee Reservation","FEMA":"Immokalee Indian Reservation","POP":128,"AIAN":99,"POP_OK":1,"DECL":2,"TRIBE_N":2,"STATE_N":0,"LIST":"2017: Hurricane | 2022: Hurricane","STATE":"Florida"}},{"type":"Feature","geometry":{"type":"MultiPolygon","coordinates":[[[[-107.03478,34.91302],[-107.02778,34.91536],[-107.02715,34.92016],[-107.02235,34.91817],[-107.01538,34.9249],[-107.01805,34.92672],[-107.01589,34.93026],[-107.01143,34.92962],[-106.99595,34.93843],[-106.98383,34.94758],[-106.98457,34.95007],[-106.98174,34.94663],[-106.98179,34.95227],[-106.96425,34.94981],[-106.96459,34.95264],[-106.95681,34.95111],[-106.94607,34.95717],[-106.72534,34.9567],[-106.72508,34.94731],[-106.32289,34.94733],[-106.32296,34.94195],[-106.31649,34.94193],[-106.31669,34.93836],[-106.32291,34.93841],[-106.32138,34.93123],[-106.32513,34.93104],[-106.32503,34.92735],[-106.32027,34.92733],[-106.31835,34.90312],[-106.32865,34.89595],[-106.34078,34.88076],[-106.3524,34.87651],[-106.35563,34.87185],[-106.37232,34.87033],[-106.36052,34.8678],[-106.34281,34.85518],[-106.34293,34.84527],[-106.35251,34.84036],[-106.3433,34.83479],[-106.34517,34.82304],[-106.36238,34.82299],[-106.36918,34.81489],[-106.40187,34.8116],[-106.66815,34.81121],[-106.66407,34.83616],[-106.66735,34.83808],[-106.66275,34.84417],[-106.67993,34.84371],[-106.68415,34.84841],[-106.68818,34.86554],[-106.68516,34.87106],[-106.72014,34.87117],[-106.72101,34.86058],[-106.71528,34.84695],[-106.71528,34.83832],[-106.71836,34.83603],[-106.97433,34.83597],[-106.97423,34.78302],[-106.98708,34.78314],[-106.98787,34.78047],[-106.97921,34.77635],[-106.97405,34.76839],[-106.99257,34.76853],[-106.99235,34.79698],[-106.9903,34.79704],[-106.99385,34.80335],[-106.99083,34.81042],[-106.99706,34.82263],[-106.99457,34.83326],[-106.99727,34.8379],[-107.00319,34.83757],[-106.99819,34.8417],[-107.00314,34.84678],[-107.0041,34.8435],[-107.00535,34.84915],[-107.01165,34.85289],[-107.00975,34.85581],[-107.01819,34.85677],[-107.01083,34.86002],[-107.01995,34.8656],[-107.0229,34.86995],[-107.02137,34.87302],[-107.03103,34.88352],[-107.02504,34.88701],[-107.03024,34.89127],[-107.03029,34.89726],[-107.02715,34.89782],[-107.03291,34.89941],[-107.03453,34.90317],[-107.03173,34.90427],[-107.03478,34.91302]]],[[[-107.12561,34.54942],[-107.11592,34.54947],[-107.11604,34.54122],[-107.09856,34.5415],[-107.09744,34.65244],[-107.07985,34.65245],[-107.07992,34.66696],[-107.09735,34.66689],[-107.09733,34.69581],[-107.02731,34.69553],[-107.02726,34.68113],[-107.00963,34.68104],[-107.00987,34.69557],[-106.99259,34.69583],[-106.9925,34.72474],[-106.97478,34.72612],[-106.97512,34.73923],[-106.98359,34.73931],[-106.98383,34.76103],[-106.96501,34.76108],[-106.9651,34.75832],[-106.95921,34.76022],[-106.94783,34.75648],[-106.95064,34.75552],[-106.94868,34.75389],[-106.95716,34.75363],[-106.95714,34.73924],[-106.9395,34.73916],[-106.93749,34.75477],[-106.93535,34.75056],[-106.92821,34.75292],[-106.92417,34.75097],[-106.92725,34.75086],[-106.92187,34.74567],[-106.92192,34.73916],[-106.91152,34.73815],[-106.91221,34.721],[-106.91095,34.71884],[-106.90541,34.72155],[-106.89814,34.71396],[-106.89817,34.71018],[-106.90431,34.71007],[-106.90426,34.69568],[-106.9216,34.69569],[-106.92171,34.68118],[-106.88974,34.68118],[-106.89837,34.67412],[-106.89564,34.66835],[-106.9002,34.65457],[-106.89784,34.65538],[-106.89921,34.64457],[-106.8959,34.6409],[-106.90537,34.62786],[-106.90258,34.62561],[-106.90463,34.60848],[-106.92146,34.6084],[-106.92176,34.59476],[-106.90484,34.59492],[-106.90452,34.58045],[-106.92236,34.58046],[-106.92263,34.55085],[-106.88685,34.55048],[-106.8869,34.53603],[-106.90502,34.53613],[-106.90458,34.52168],[-106.95697,34.52225],[-106.95687,34.53668],[-106.97437,34.53674],[-106.97501,34.52227],[-106.99224,34.52229],[-106.99138,34.53667],[-107.00926,34.53581],[-107.00994,34.52026],[-107.04565,34.52044],[-107.04529,34.53525],[-107.05428,34.53511],[-107.05439,34.5278],[-107.06336,34.52773],[-107.06334,34.53489],[-107.08132,34.53493],[-107.08103,34.52035],[-107.09878,34.52036],[-107.0987,34.53486],[-107.12535,34.53491],[-107.12561,34.54942]],[[-107.07998,34.60867],[-107.06243,34.60868],[-107.06238,34.62325],[-107.07991,34.62339],[-107.07998,34.60867]],[[-107.06287,34.56424],[-107.04487,34.56451],[-107.04459,34.57892],[-107.06253,34.57872],[-107.06287,34.56424]],[[-107.06233,34.65229],[-107.04477,34.65222],[-107.04478,34.66666],[-107.06231,34.66676],[-107.06233,34.65229]],[[-107.02656,34.59354],[-107.00875,34.59489],[-107.00907,34.60865],[-106.99214,34.60866],[-106.99218,34.6232],[-107.00969,34.62318],[-107.00973,34.60865],[-107.02653,34.60867],[-107.02656,34.59354]],[[-106.97473,34.69574],[-106.95693,34.69559],[-106.957,34.71012],[-106.97477,34.71019],[-106.97473,34.69574]],[[-106.97467,34.62326],[-106.97455,34.60863],[-106.95695,34.6086],[-106.95712,34.62316],[-106.97467,34.62326]],[[-106.95698,34.65225],[-106.93934,34.65219],[-106.93944,34.66679],[-106.95698,34.66686],[-106.95698,34.65225]],[[-106.95674,34.56568],[-106.93921,34.56569],[-106.93932,34.58033],[-106.95669,34.58018],[-106.95674,34.56568]],[[-106.93559,34.74969],[-106.93325,34.74666],[-106.93185,34.7484],[-106.93559,34.74969]]]]},"properties":{"AIANNHCE":"1625","NAMELSAD":"Isleta Pueblo","FEMA":"Isleta Pueblo (Indian Reservation)","POP":4523,"AIAN":3654,"POP_OK":1,"DECL":1,"TRIBE_N":0,"STATE_N":1,"LIST":"2014: Flood","STATE":"New Mexico"}},{"type":"Feature","geometry":{"type":"MultiPolygon","coordinates":[[[[-122.63187,41.70833],[-122.63158,41.71355],[-122.62414,41.71313],[-122.62524,41.7089],[-122.61901,41.70789],[-122.61745,41.70222],[-122.61266,41.70228],[-122.6127,41.69847],[-122.62214,41.6986],[-122.62438,41.70593],[-122.63187,41.70833]]],[[[-122.64314,41.7168],[-122.64192,41.71809],[-122.64245,41.71674],[-122.64314,41.7168]]],[[[-123.28095,41.27394],[-123.27923,41.27655],[-123.27939,41.27276],[-123.28095,41.27394]]],[[[-123.36193,41.29222],[-123.35252,41.29406],[-123.36145,41.29062],[-123.36193,41.29222]]],[[[-123.36366,41.80334],[-123.35886,41.81029],[-123.35275,41.80945],[-123.34932,41.80613],[-123.34905,41.79829],[-123.35369,41.80219],[-123.36134,41.7989],[-123.36366,41.80334]]],[[[-123.37859,41.80288],[-123.37531,41.80218],[-123.37477,41.80933],[-123.3642,41.80968],[-123.3709,41.80759],[-123.37459,41.79868],[-123.37859,41.80288]]],[[[-123.37832,41.3137],[-123.3791,41.317],[-123.37739,41.3163],[-123.37832,41.3137]]],[[[-123.38137,41.79061],[-123.37962,41.79238],[-123.38052,41.79019],[-123.38137,41.79061]]],[[[-123.41097,41.33717],[-123.40807,41.33974],[-123.40945,41.33693],[-123.41097,41.33717]]],[[[-123.42643,41.67182],[-123.43032,41.67408],[-123.42644,41.67437],[-123.42643,41.67182]]],[[[-123.44334,41.68736],[-123.436,41.68735],[-123.43587,41.68192],[-123.44332,41.68196],[-123.44334,41.68736]]],[[[-123.4453,41.37308],[-123.44626,41.37464],[-123.44476,41.3741],[-123.4453,41.37308]]],[[[-123.45064,41.70999],[-123.4451,41.71228],[-123.44512,41.70843],[-123.45064,41.70999]]],[[[-123.49133,41.45039],[-123.48846,41.45039],[-123.4899,41.44749],[-123.49121,41.44751],[-123.49133,41.45039]]],[[[-123.4987,41.38384],[-123.49813,41.38579],[-123.49799,41.38432],[-123.4987,41.38384]]],[[[-123.51761,41.47232],[-123.51371,41.47786],[-123.51498,41.47229],[-123.51761,41.47232]]],[[[-123.52726,41.49279],[-123.52572,41.4954],[-123.5236,41.49336],[-123.52726,41.49279]]],[[[-123.52855,41.52943],[-123.52683,41.53122],[-123.52778,41.52941],[-123.52855,41.52943]]],[[[-123.52902,41.30457],[-123.52811,41.30621],[-123.52713,41.30463],[-123.52902,41.30457]]],[[[-123.5293,41.52496],[-123.52709,41.5249],[-123.52878,41.52362],[-123.5293,41.52496]]],[[[-123.55038,41.29956],[-123.54381,41.30315],[-123.54112,41.30063],[-123.55038,41.29956]]]]},"properties":{"AIANNHCE":"1750","NAMELSAD":"Karuk Reservation and Off-Reservation Trust Land","FEMA":"Karuk Reservation","POP":550,"AIAN":332,"POP_OK":1,"DECL":1,"TRIBE_N":1,"STATE_N":0,"LIST":"2013: Fire","STATE":"California"}},{"type":"Feature","geometry":{"type":"Polygon","coordinates":[[[-116.92725,33.28753],[-116.90196,33.31394],[-116.89575,33.31393],[-116.89579,33.29945],[-116.84116,33.29944],[-116.84116,33.28514],[-116.82386,33.28454],[-116.82406,33.27014],[-116.84116,33.27084],[-116.84122,33.25211],[-116.84986,33.25231],[-116.8498,33.24877],[-116.8585,33.24873],[-116.85876,33.25228],[-116.87063,33.25222],[-116.8706,33.25576],[-116.92709,33.25547],[-116.92725,33.28753]],[[-116.91278,33.27371],[-116.87575,33.2719],[-116.87332,33.28542],[-116.89586,33.29661],[-116.90593,33.30522],[-116.90888,33.30157],[-116.91278,33.27371]]]},"properties":{"AIANNHCE":"1850","NAMELSAD":"La Jolla Reservation","FEMA":"La Jolla Indian Reservation","POP":178,"AIAN":128,"POP_OK":1,"DECL":2,"TRIBE_N":2,"STATE_N":0,"LIST":"2019: Severe Storm | 2023: Hurricane","STATE":"California"}},{"type":"Feature","geometry":{"type":"Polygon","coordinates":[[[-97.50914,46.03033],[-96.83729,45.94052],[-96.83749,45.94489],[-96.82565,45.9449],[-96.82571,45.93923],[-96.56676,45.90614],[-96.57467,45.86682],[-96.57452,45.8431],[-96.57974,45.82582],[-96.61251,45.79444],[-96.62778,45.78624],[-96.65223,45.74681],[-96.67266,45.73234],[-96.75035,45.69878],[-96.76087,45.68752],[-96.84075,45.64529],[-96.85693,45.60523],[-97.05098,45.20937],[-97.14435,45.01237],[-97.1469,45.00152],[-97.14929,45.00146],[-97.17675,44.94533],[-97.50914,46.03033]]]},"properties":{"AIANNHCE":"1860","NAMELSAD":"Lake Traverse Reservation and Off-Reservation Trust Land","FEMA":"Lake Traverse (Sisseton) Indian Reservation","POP":11084,"AIAN":4019,"POP_OK":1,"DECL":4,"TRIBE_N":0,"STATE_N":4,"LIST":"2017: Severe Storm | 2019: Flood | 2022: Severe Storm | 2023: Flood","STATE":"South Dakota, North Dakota"}},{"type":"Feature","geometry":{"type":"Polygon","coordinates":[[[-94.68388,47.15176],[-94.68439,47.54082],[-94.43643,47.54671],[-94.41477,47.54281],[-94.30058,47.54479],[-94.26018,47.54255],[-94.26519,47.55134],[-94.27926,47.55408],[-94.29566,47.5684],[-94.30216,47.56991],[-94.29546,47.58188],[-94.28654,47.5824],[-94.28473,47.58602],[-94.28463,47.65147],[-94.28758,47.67213],[-93.90277,47.67359],[-93.90324,47.57159],[-93.89301,47.56683],[-93.88411,47.55323],[-93.87168,47.54869],[-93.86941,47.54251],[-93.79918,47.54304],[-93.80025,47.31266],[-93.72382,47.31129],[-93.72386,47.25396],[-93.79912,47.2546],[-93.79828,47.23709],[-93.79867,47.22203],[-93.79989,47.22203],[-93.8024,47.23279],[-93.80882,47.23262],[-93.81078,47.23546],[-93.80667,47.23724],[-93.81212,47.24242],[-93.80448,47.24312],[-93.80457,47.25134],[-93.79913,47.25522],[-93.80018,47.30811],[-93.8077,47.30445],[-93.80848,47.30799],[-93.81452,47.30821],[-93.80901,47.30011],[-93.81758,47.30579],[-93.82113,47.30046],[-93.82516,47.3036],[-93.82548,47.30985],[-93.82605,47.30382],[-93.83269,47.30579],[-93.8324,47.30803],[-93.84324,47.30679],[-93.84238,47.30893],[-93.84765,47.31009],[-93.84508,47.31684],[-93.85447,47.31396],[-93.85372,47.31858],[-93.86101,47.32255],[-93.86104,47.31936],[-93.86844,47.32059],[-93.86235,47.31469],[-93.86956,47.31846],[-93.87309,47.31586],[-93.8756,47.32053],[-93.87639,47.31671],[-93.88313,47.3173],[-93.88282,47.31941],[-93.8881,47.319],[-93.8855,47.32344],[-93.88995,47.32619],[-93.88968,47.31555],[-93.89397,47.31128],[-93.89341,47.30686],[-93.90338,47.30151],[-93.90319,47.29827],[-93.91351,47.29092],[-93.92859,47.28586],[-93.93811,47.28094],[-93.93975,47.27554],[-93.94454,47.27507],[-93.94455,47.26783],[-93.9493,47.26782],[-93.95887,47.24694],[-93.95829,47.24253],[-93.96987,47.2372],[-93.97532,47.23087],[-93.98294,47.23814],[-94.00357,47.24265],[-93.99999,47.24745],[-94.01123,47.25106],[-94.02537,47.24511],[-94.05122,47.2488],[-94.06166,47.23977],[-94.07317,47.23683],[-94.07561,47.23254],[-94.11009,47.23219],[-94.12,47.23668],[-94.14427,47.22988],[-94.1557,47.23277],[-94.16703,47.23147],[-94.18223,47.24604],[-94.19537,47.24319],[-94.19867,47.24739],[-94.21217,47.24769],[-94.21431,47.25025],[-94.22837,47.24832],[-94.24513,47.25545],[-94.24417,47.25824],[-94.25158,47.26285],[-94.24837,47.26496],[-94.24424,47.2788],[-94.24609,47.28448],[-94.26286,47.29306],[-94.28478,47.29557],[-94.26838,47.30297],[-94.27188,47.31105],[-94.27777,47.31502],[-94.29148,47.2969],[-94.29036,47.28128],[-94.28222,47.28383],[-94.28366,47.28125],[-94.31798,47.26928],[-94.32067,47.26626],[-94.30872,47.26846],[-94.32708,47.2616],[-94.36239,47.23544],[-94.37241,47.23318],[-94.37549,47.22359],[-94.41729,47.21566],[-94.42722,47.20865],[-94.43411,47.19677],[-94.44021,47.19419],[-94.44197,47.18199],[-94.37832,47.22268],[-94.28618,47.22616],[-94.28581,47.16404],[-94.22125,47.18154],[-94.1616,47.16177],[-94.13586,47.16373],[-94.12808,47.16034],[-94.11904,47.1381],[-94.11001,47.13499],[-94.11692,47.13191],[-94.1101,47.12325],[-94.11538,47.1098],[-94.10827,47.10021],[-94.0999,47.09504],[-94.10399,47.08978],[-94.09914,47.08616],[-94.09843,47.07642],[-94.10404,47.07162],[-94.10408,47.06545],[-94.09974,47.06509],[-94.10612,47.06034],[-94.10345,47.05638],[-94.10448,47.04833],[-94.11134,47.04576],[-94.10939,47.04377],[-94.11348,47.0397],[-94.10848,47.03813],[-94.11025,47.03659],[-94.10689,47.03357],[-94.11831,47.02404],[-94.11786,47.01025],[-94.13089,46.99995],[-94.12939,46.98061],[-94.5734,47.03904],[-94.54962,47.08558],[-94.57843,47.12496],[-94.59552,47.1568],[-94.60376,47.1897],[-94.59767,47.19449],[-94.59528,47.18912],[-94.58961,47.18663],[-94.58655,47.18859],[-94.58366,47.17892],[-94.58835,47.18465],[-94.59092,47.18203],[-94.5792,47.17008],[-94.57757,47.18046],[-94.58077,47.18611],[-94.56362,47.21981],[-94.56673,47.21882],[-94.57017,47.22355],[-94.59102,47.22073],[-94.60631,47.22251],[-94.60035,47.21609],[-94.60662,47.20698],[-94.60557,47.19736],[-94.62612,47.19052],[-94.62987,47.18447],[-94.62703,47.18218],[-94.62913,47.17923],[-94.62248,47.17717],[-94.62332,47.17025],[-94.61694,47.16036],[-94.63215,47.1578],[-94.6342,47.15478],[-94.62188,47.15301],[-94.6048,47.15811],[-94.5961,47.15657],[-94.61445,47.15227],[-94.62279,47.14113],[-94.62208,47.13317],[-94.64812,47.13499],[-94.6639,47.13958],[-94.66757,47.14815],[-94.68388,47.15176]],[[-94.54602,47.17015],[-94.50121,47.18532],[-94.44424,47.18088],[-94.45176,47.18929],[-94.45392,47.19824],[-94.42966,47.2111],[-94.42933,47.22198],[-94.42537,47.22593],[-94.40977,47.23152],[-94.4091,47.23716],[-94.39906,47.25203],[-94.40063,47.25864],[-94.41079,47.27164],[-94.42341,47.27371],[-94.42353,47.27903],[-94.42797,47.28247],[-94.43007,47.29162],[-94.43128,47.28697],[-94.42521,47.27702],[-94.43372,47.25462],[-94.44398,47.24832],[-94.44451,47.24468],[-94.45714,47.24045],[-94.46216,47.23141],[-94.47192,47.22891],[-94.477,47.21851],[-94.48398,47.21581],[-94.48743,47.21913],[-94.49358,47.21878],[-94.50994,47.21235],[-94.51599,47.20209],[-94.53342,47.187],[-94.53493,47.17947],[-94.54602,47.17015]]]},"properties":{"AIANNHCE":"1940","NAMELSAD":"Leech Lake Reservation and Off-Reservation Trust Land","FEMA":"Leech Lake Indian Reservation","POP":10983,"AIAN":3892,"POP_OK":1,"DECL":2,"TRIBE_N":0,"STATE_N":2,"LIST":"2018: Flood | 2022: Flood","STATE":"Minnesota"}},{"type":"Feature","geometry":{"type":"MultiPolygon","coordinates":[[[[-99.40507,43.81154],[-99.39934,43.81059],[-99.39695,43.80245],[-99.40502,43.80418],[-99.40507,43.81154]]],[[[-100.08403,44.1947],[-100.08344,44.28475],[-100.03725,44.28566],[-100.01582,44.28079],[-99.98442,44.26834],[-99.96057,44.26451],[-99.92106,44.26586],[-99.8999,44.25516],[-99.8926,44.23923],[-99.90616,44.22561],[-99.9348,44.20609],[-99.93822,44.19519],[-99.91687,44.16787],[-99.91032,44.15464],[-99.88448,44.12958],[-99.86035,44.12364],[-99.76305,44.13524],[-99.65454,44.10169],[-99.63252,44.0979],[-99.61225,44.10369],[-99.60168,44.11449],[-99.59877,44.12378],[-99.60718,44.14525],[-99.62297,44.1565],[-99.645,44.1655],[-99.69575,44.17238],[-99.71069,44.18458],[-99.71026,44.1932],[-99.70137,44.20336],[-99.68403,44.21446],[-99.66612,44.21735],[-99.63235,44.21566],[-99.59394,44.20405],[-99.55123,44.17121],[-99.54075,44.15851],[-99.54064,44.15014],[-99.554,44.12777],[-99.56233,44.10357],[-99.55844,44.09197],[-99.53951,44.07333],[-99.51133,44.05499],[-99.44977,44.04844],[-99.42767,44.0428],[-99.35372,43.99533],[-99.346,43.98145],[-99.34623,43.96231],[-99.35771,43.9268],[-99.36318,43.91478],[-99.52558,43.91446],[-99.52531,44.01422],[-100.06604,44.01396],[-100.06591,44.19487],[-100.08403,44.1947]]],[[[-100.16447,44.2101],[-100.14413,44.21008],[-100.14387,44.19472],[-100.16397,44.19479],[-100.16447,44.2101]]],[[[-100.22655,44.19473],[-100.22336,44.19474],[-100.22444,44.20927],[-100.20428,44.2094],[-100.20382,44.19477],[-100.18884,44.19479],[-100.18882,44.20208],[-100.18395,44.20206],[-100.18378,44.19478],[-100.16626,44.19479],[-100.16629,44.18047],[-100.1761,44.18055],[-100.17626,44.17276],[-100.18618,44.17287],[-100.18634,44.1656],[-100.19631,44.16559],[-100.19633,44.18033],[-100.2065,44.18031],[-100.20638,44.18745],[-100.22674,44.18742],[-100.22655,44.19473]]]]},"properties":{"AIANNHCE":"2030","NAMELSAD":"Lower Brule Reservation and Off-Reservation Trust Land","FEMA":"Lower Brule Indian Reservation","POP":1521,"AIAN":1356,"POP_OK":1,"DECL":2,"TRIBE_N":0,"STATE_N":2,"LIST":"2015: Severe Storm | 2020: Severe Storm","STATE":"South Dakota"}},{"type":"Feature","geometry":{"type":"MultiPolygon","coordinates":[[[[-122.65045,48.7123],[-122.62002,48.70681],[-122.61646,48.70775],[-122.61413,48.71511],[-122.61123,48.71402],[-122.60591,48.69973],[-122.61598,48.69395],[-122.6224,48.69395],[-122.65045,48.7123]]],[[[-122.7112,48.79146],[-122.70947,48.81949],[-122.5954,48.81922],[-122.59516,48.79574],[-122.60358,48.79522],[-122.60545,48.79013],[-122.58405,48.78916],[-122.57386,48.78199],[-122.5724,48.77368],[-122.58625,48.7726],[-122.60814,48.76277],[-122.61009,48.75687],[-122.63715,48.73571],[-122.64736,48.71763],[-122.65187,48.71591],[-122.66506,48.7319],[-122.67347,48.73308],[-122.67481,48.73739],[-122.64744,48.774],[-122.64678,48.78501],[-122.66531,48.78857],[-122.67625,48.80073],[-122.68304,48.80329],[-122.69408,48.80073],[-122.70032,48.80478],[-122.70403,48.80383],[-122.7062,48.79912],[-122.69969,48.7897],[-122.7081,48.78642],[-122.7112,48.79146]]]]},"properties":{"AIANNHCE":"2070","NAMELSAD":"Lummi Reservation","FEMA":"Lummi Indian Reservation","POP":5034,"AIAN":2104,"POP_OK":1,"DECL":1,"TRIBE_N":0,"STATE_N":1,"LIST":"2022: Flood","STATE":"Washington"}},{"type":"Feature","geometry":{"type":"MultiPolygon","coordinates":[[[[-71.97512,41.45033],[-71.96703,41.45314],[-71.96532,41.45449],[-71.96422,41.45224],[-71.9693,41.446],[-71.97512,41.45033]]],[[[-71.98955,41.47208],[-71.98857,41.47461],[-71.97875,41.47499],[-71.97928,41.47218],[-71.98955,41.47208]]],[[[-71.98993,41.46589],[-71.98796,41.46776],[-71.98787,41.4667],[-71.98993,41.46589]]],[[[-71.99004,41.46529],[-71.98052,41.46442],[-71.9792,41.47218],[-71.9696,41.47337],[-71.97151,41.47053],[-71.96236,41.47227],[-71.96738,41.47157],[-71.96277,41.47311],[-71.96743,41.47438],[-71.96654,41.47849],[-71.97359,41.47828],[-71.96877,41.4793],[-71.97321,41.47975],[-71.97482,41.48705],[-71.95183,41.47033],[-71.95646,41.46457],[-71.9716,41.46643],[-71.96528,41.45464],[-71.97958,41.44949],[-71.98741,41.45405],[-71.99004,41.46529]],[[-71.98556,41.45986],[-71.98386,41.45835],[-71.98344,41.45994],[-71.98556,41.45986]]],[[[-71.99528,41.46734],[-71.99209,41.46675],[-71.98983,41.46294],[-71.99362,41.4628],[-71.99528,41.46734]]],[[[-71.99686,41.47241],[-71.99005,41.47303],[-71.99017,41.46596],[-71.99183,41.46837],[-71.99919,41.46906],[-71.99686,41.47241]]]]},"properties":{"AIANNHCE":"2145","NAMELSAD":"Mashantucket Pequot Reservation and Off-Reservation Trust Land","FEMA":"Mashantucket Pequot Indian Reservation","POP":86,"AIAN":40,"POP_OK":0,"DECL":5,"TRIBE_N":0,"STATE_N":5,"LIST":"2011: Snowstorm | 2013: Hurricane | 2013: Severe Storm | 2021: Hurricane | 2022: Hurricane","STATE":"Connecticut"}},{"type":"Feature","geometry":{"type":"MultiPolygon","coordinates":[[[[-70.45479,41.6282],[-70.45106,41.6278],[-70.45009,41.62474],[-70.45473,41.62399],[-70.45479,41.6282]]],[[[-70.46374,41.57561],[-70.46394,41.57592],[-70.46361,41.57576],[-70.46374,41.57561]]],[[[-70.47788,41.63632],[-70.47743,41.64254],[-70.47064,41.63826],[-70.47788,41.63632]]],[[[-70.48028,41.62624],[-70.47768,41.62675],[-70.47734,41.62559],[-70.47893,41.6239],[-70.48028,41.62624]]],[[[-70.48628,41.64917],[-70.48529,41.64934],[-70.48533,41.64891],[-70.48628,41.64917]]],[[[-70.48638,41.59723],[-70.47452,41.59595],[-70.4746,41.59508],[-70.48466,41.59437],[-70.48638,41.59723]]],[[[-70.50355,41.56417],[-70.5028,41.56465],[-70.50272,41.56428],[-70.50355,41.56417]]],[[[-71.05254,41.87679],[-71.04831,41.88268],[-71.0448,41.87999],[-71.05254,41.87679]]],[[[-71.05343,41.87062],[-71.05311,41.8763],[-71.04668,41.87529],[-71.04658,41.8685],[-71.05343,41.87062]]]]},"properties":{"AIANNHCE":"2147","NAMELSAD":"Mashpee Wampanoag Trust Land","FEMA":"Mashpee Wampanoag Tribe","POP":47,"AIAN":28,"POP_OK":1,"DECL":1,"TRIBE_N":0,"STATE_N":1,"LIST":"2022: Snowstorm","STATE":"Massachusetts"}},{"type":"Feature","geometry":{"type":"Polygon","coordinates":[[[-88.98246,45.118],[-88.48373,45.11689],[-88.48733,44.99531],[-88.49328,44.99451],[-88.49322,44.9881],[-88.48755,44.98806],[-88.48899,44.88741],[-88.49113,44.88923],[-88.48915,44.85545],[-88.62719,44.85643],[-88.63017,44.85927],[-88.63461,44.85925],[-88.62983,44.85644],[-88.73619,44.85638],[-88.73559,44.92165],[-88.7609,44.92425],[-88.75666,44.93272],[-88.76096,44.93281],[-88.76142,44.93616],[-88.77122,44.93623],[-88.7712,44.9433],[-88.98132,44.94275],[-88.98246,45.118]],[[-88.9653,45.04509],[-88.96609,45.04368],[-88.96475,45.04382],[-88.9653,45.04509]],[[-88.90029,45.01362],[-88.89874,45.01434],[-88.90072,45.01448],[-88.90029,45.01362]],[[-88.87555,45.11038],[-88.87585,45.10923],[-88.87434,45.10996],[-88.87555,45.11038]],[[-88.81408,45.00099],[-88.81264,44.99849],[-88.81267,45.00099],[-88.81408,45.00099]],[[-88.7697,44.94331],[-88.7626,44.94321],[-88.76251,44.94645],[-88.76991,44.94643],[-88.7697,44.94331]],[[-88.72074,44.90642],[-88.71357,44.90655],[-88.71646,44.9075],[-88.71179,44.90851],[-88.7106,44.91018],[-88.72071,44.91024],[-88.72074,44.90642]],[[-88.70078,44.91295],[-88.69857,44.91132],[-88.70034,44.91343],[-88.70078,44.91295]],[[-88.7004,44.90677],[-88.69553,44.90569],[-88.69832,44.91145],[-88.7004,44.90677]],[[-88.67682,44.8988],[-88.67694,44.89748],[-88.67505,44.89749],[-88.67682,44.8988]],[[-88.67409,44.9333],[-88.67234,44.93131],[-88.67157,44.93324],[-88.67409,44.9333]],[[-88.66744,44.94087],[-88.66502,44.9396],[-88.66497,44.94086],[-88.66744,44.94087]],[[-88.66423,44.94812],[-88.65864,44.94707],[-88.65865,44.95022],[-88.6633,44.95021],[-88.66423,44.94812]],[[-88.65638,44.90001],[-88.65559,44.89586],[-88.65281,44.90004],[-88.65638,44.90001]],[[-88.65564,44.89343],[-88.65519,44.89172],[-88.65352,44.893],[-88.65564,44.89343]],[[-88.64849,44.93128],[-88.65038,44.92847],[-88.64862,44.92833],[-88.64849,44.93128]],[[-88.65085,44.91233],[-88.64924,44.91083],[-88.64953,44.91247],[-88.65085,44.91233]],[[-88.64919,44.91052],[-88.64766,44.90749],[-88.64772,44.91059],[-88.64919,44.91052]],[[-88.64068,44.86711],[-88.64259,44.8633],[-88.64083,44.86329],[-88.64068,44.86711]],[[-88.63858,44.86187],[-88.63548,44.86289],[-88.63479,44.85993],[-88.63382,44.86363],[-88.62736,44.86344],[-88.62769,44.87578],[-88.63476,44.87205],[-88.63858,44.86187]],[[-88.63697,44.88162],[-88.63483,44.88187],[-88.63499,44.88323],[-88.63697,44.88162]],[[-88.63399,45.09581],[-88.63567,45.09444],[-88.63509,45.09329],[-88.63399,45.09581]],[[-88.63035,44.87746],[-88.63169,44.87584],[-88.62936,44.87618],[-88.63035,44.87746]],[[-88.63021,44.87981],[-88.63011,44.87862],[-88.62834,44.87764],[-88.63021,44.87981]],[[-88.62867,44.88765],[-88.628,44.8864],[-88.62766,44.88765],[-88.62867,44.88765]],[[-88.62769,44.85984],[-88.62266,44.86019],[-88.62745,44.86318],[-88.62769,44.85984]],[[-88.62727,44.89358],[-88.62407,44.89393],[-88.62466,44.89498],[-88.62727,44.89358]],[[-88.6251,44.8927],[-88.62538,44.89096],[-88.62226,44.89348],[-88.6251,44.8927]],[[-88.62568,45.01891],[-88.62474,45.0165],[-88.62379,45.01703],[-88.62568,45.01891]],[[-88.62434,45.01959],[-88.62351,45.01718],[-88.62237,45.01771],[-88.62434,45.01959]],[[-88.62412,44.88505],[-88.62325,44.88476],[-88.62315,44.88495],[-88.62412,44.88505]],[[-88.62337,44.8888],[-88.62272,44.88786],[-88.61949,44.88823],[-88.62337,44.8888]],[[-88.62337,44.8909],[-88.62042,44.89068],[-88.6199,44.89137],[-88.62107,44.89279],[-88.62337,44.8909]],[[-88.62141,44.97216],[-88.61871,44.97208],[-88.61857,44.97405],[-88.61929,44.97304],[-88.62141,44.97216]],[[-88.6192,44.88816],[-88.61619,44.88754],[-88.60478,44.88869],[-88.61202,44.88948],[-88.6192,44.88816]],[[-88.61833,44.97419],[-88.61595,44.97205],[-88.61587,44.9752],[-88.61833,44.97419]],[[-88.61597,44.89372],[-88.61337,44.89399],[-88.61489,44.8952],[-88.61597,44.89372]],[[-88.61257,44.89573],[-88.61182,44.89412],[-88.60918,44.89459],[-88.61257,44.89573]],[[-88.61164,44.88081],[-88.61157,44.87768],[-88.60593,44.87756],[-88.60574,44.88054],[-88.61164,44.88081]],[[-88.60824,44.89926],[-88.60506,44.89814],[-88.60463,44.89958],[-88.60824,44.89926]],[[-88.60719,44.88756],[-88.6038,44.88574],[-88.60241,44.88739],[-88.60719,44.88756]],[[-88.60659,44.98306],[-88.60475,44.98188],[-88.6043,44.98292],[-88.60659,44.98306]],[[-88.60579,44.98869],[-88.6041,44.98707],[-88.60411,44.98868],[-88.60579,44.98869]],[[-88.60572,44.99817],[-88.60291,44.99244],[-88.59523,44.99155],[-88.59874,44.99607],[-88.59492,44.99432],[-88.59223,44.99674],[-88.60572,44.99817]],[[-88.60366,44.88869],[-88.59905,44.88666],[-88.58656,44.88877],[-88.60366,44.88869]],[[-88.60226,44.89329],[-88.59992,44.89384],[-88.60129,44.89463],[-88.59509,44.89939],[-88.60339,44.89657],[-88.60226,44.89329]],[[-88.60205,44.88255],[-88.59774,44.88325],[-88.59789,44.88378],[-88.60205,44.88255]],[[-88.60124,44.88205],[-88.59739,44.87991],[-88.59755,44.88265],[-88.60124,44.88205]],[[-88.60068,44.90153],[-88.59459,44.8998],[-88.59412,44.90094],[-88.60068,44.90153]],[[-88.59921,44.89331],[-88.59614,44.89279],[-88.5991,44.8948],[-88.59921,44.89331]],[[-88.59906,44.89633],[-88.59258,44.89349],[-88.59594,44.89228],[-88.59068,44.89328],[-88.59402,44.89513],[-88.59209,44.8975],[-88.59472,44.89466],[-88.59906,44.89633]],[[-88.59222,44.89796],[-88.59039,44.90001],[-88.58911,44.90039],[-88.5921,44.90075],[-88.59222,44.89796]],[[-88.59137,44.89778],[-88.58786,44.89465],[-88.58993,44.89783],[-88.58627,44.90068],[-88.59137,44.89778]],[[-88.59034,44.88648],[-88.58927,44.88476],[-88.58939,44.8868],[-88.59034,44.88648]],[[-88.59019,44.89157],[-88.58503,44.89175],[-88.58193,44.89483],[-88.5858,44.89325],[-88.58971,44.89366],[-88.59019,44.89157]],[[-88.58925,44.90332],[-88.58765,44.90467],[-88.58708,44.90565],[-88.58815,44.90588],[-88.58925,44.90332]],[[-88.58721,44.89457],[-88.58582,44.89395],[-88.58496,44.89626],[-88.58721,44.89457]],[[-88.58572,44.8908],[-88.5829,44.88964],[-88.58128,44.89214],[-88.58572,44.8908]],[[-88.58469,44.90691],[-88.5846,44.90284],[-88.58264,44.90295],[-88.58469,44.90691]],[[-88.58454,44.90102],[-88.58221,44.90139],[-88.58248,44.90248],[-88.58454,44.90102]],[[-88.58449,44.91631],[-88.58089,44.91537],[-88.58075,44.91651],[-88.58136,44.91576],[-88.58449,44.91631]],[[-88.58306,44.91078],[-88.58244,44.90963],[-88.58339,44.91304],[-88.58306,44.91078]],[[-88.5823,44.89853],[-88.57615,44.89909],[-88.57668,44.90082],[-88.57072,44.90013],[-88.57819,44.90383],[-88.57764,44.89947],[-88.5823,44.89853]],[[-88.58128,44.91497],[-88.5813,44.9109],[-88.57896,44.91491],[-88.58128,44.91497]],[[-88.58081,44.90454],[-88.5781,44.90539],[-88.57414,44.90309],[-88.57836,44.90696],[-88.58081,44.90454]],[[-88.57861,44.89514],[-88.58044,44.89393],[-88.57743,44.89422],[-88.57861,44.89514]],[[-88.58045,44.90995],[-88.57788,44.90891],[-88.57685,44.90906],[-88.57797,44.91079],[-88.58045,44.90995]],[[-88.57775,44.91768],[-88.57838,44.91583],[-88.57741,44.91696],[-88.57775,44.91768]],[[-88.57892,44.89705],[-88.57602,44.89782],[-88.57573,44.89882],[-88.5773,44.8984],[-88.57892,44.89705]],[[-88.57292,44.92036],[-88.57508,44.91725],[-88.57193,44.91825],[-88.57292,44.92036]],[[-88.57584,44.91091],[-88.57451,44.90561],[-88.56941,44.90628],[-88.57475,44.90982],[-88.57304,44.91238],[-88.57584,44.91091]],[[-88.57572,44.89439],[-88.57364,44.89607],[-88.57383,44.89747],[-88.57488,44.897],[-88.57572,44.89439]],[[-88.57255,44.89773],[-88.57131,44.8958],[-88.57066,44.89654],[-88.57255,44.89773]],[[-88.56968,44.89676],[-88.56996,44.89337],[-88.56959,44.89766],[-88.56588,44.90079],[-88.57332,44.89897],[-88.56968,44.89676]],[[-88.57038,44.91127],[-88.57271,44.90875],[-88.57063,44.91007],[-88.57038,44.91127]],[[-88.57225,44.89442],[-88.57153,44.89286],[-88.57094,44.8939],[-88.57225,44.89442]],[[-88.57114,44.90339],[-88.56892,44.90183],[-88.56432,44.90375],[-88.56495,44.90509],[-88.57114,44.90339]],[[-88.56986,44.90416],[-88.56533,44.9055],[-88.56619,44.90758],[-88.56327,44.90398],[-88.5605,44.90569],[-88.56295,44.90686],[-88.56499,44.91038],[-88.56225,44.91207],[-88.5625,44.91193],[-88.5658,44.91077],[-88.56986,44.90416]],[[-88.56964,44.91873],[-88.56898,44.91632],[-88.56771,44.91698],[-88.56964,44.91873]],[[-88.56709,44.89623],[-88.56523,44.89523],[-88.56361,44.89581],[-88.56605,44.89588],[-88.56479,44.89833],[-88.56709,44.89623]],[[-88.56362,44.89496],[-88.56593,44.89365],[-88.56346,44.89398],[-88.56362,44.89496]],[[-88.56353,44.8982],[-88.5624,44.89559],[-88.56097,44.89559],[-88.56353,44.8982]],[[-88.56226,44.91698],[-88.56263,44.91584],[-88.5615,44.91645],[-88.56226,44.91698]],[[-88.56149,44.9065],[-88.55791,44.90588],[-88.5634,44.90792],[-88.56149,44.9065]],[[-88.56269,44.8978],[-88.55921,44.89589],[-88.55499,44.89636],[-88.55919,44.89877],[-88.56269,44.8978]],[[-88.56245,44.91023],[-88.55925,44.90967],[-88.55928,44.9103],[-88.56245,44.91023]],[[-88.5615,44.91255],[-88.56055,44.91484],[-88.55696,44.91463],[-88.56068,44.91614],[-88.5615,44.91255]],[[-88.55933,44.91265],[-88.55749,44.91318],[-88.55913,44.91406],[-88.55933,44.91265]],[[-88.5553,44.90286],[-88.55238,44.90123],[-88.5517,44.90288],[-88.5553,44.90286]],[[-88.55403,44.89688],[-88.55274,44.89543],[-88.55297,44.89724],[-88.55403,44.89688]],[[-88.55434,44.90042],[-88.54832,44.89814],[-88.55405,44.89771],[-88.55275,44.89752],[-88.55029,44.89593],[-88.5452,44.89858],[-88.55434,44.90042]],[[-88.55048,44.90518],[-88.54996,44.9019],[-88.54465,44.90484],[-88.55048,44.90518]],[[-88.54678,45.01153],[-88.54469,45.01005],[-88.5438,45.0111],[-88.54678,45.01153]],[[-88.54557,44.90051],[-88.54412,44.89889],[-88.54122,44.89923],[-88.54441,44.90071],[-88.54285,44.90133],[-88.54279,44.90405],[-88.544,44.90467],[-88.54557,44.90051]],[[-88.54386,44.89717],[-88.5423,44.89592],[-88.54203,44.89794],[-88.54386,44.89717]],[[-88.54147,44.89812],[-88.53886,44.89458],[-88.52686,44.89297],[-88.53329,44.89726],[-88.53715,44.89527],[-88.53463,44.89883],[-88.54147,44.89812]],[[-88.53818,44.90404],[-88.53558,44.90231],[-88.53536,44.90391],[-88.53818,44.90404]],[[-88.53752,44.90724],[-88.53619,44.90593],[-88.53586,44.90623],[-88.53752,44.90724]],[[-88.537,44.90757],[-88.53428,44.90811],[-88.53427,44.90727],[-88.53345,44.90757],[-88.53435,44.90832],[-88.537,44.90757]],[[-88.52765,44.90305],[-88.52585,44.9057],[-88.52703,44.90638],[-88.52755,44.90557],[-88.52765,44.90305]],[[-88.52712,44.90187],[-88.52568,44.90155],[-88.52615,44.90238],[-88.52712,44.90187]],[[-88.52679,44.89193],[-88.52175,44.89139],[-88.52128,44.89352],[-88.52371,44.8942],[-88.52679,44.89193]],[[-88.52512,45.04292],[-88.52069,45.04211],[-88.52071,45.04282],[-88.52512,45.04292]],[[-88.5244,45.04485],[-88.51366,45.04342],[-88.51364,45.04846],[-88.52322,45.04931],[-88.5244,45.04485]],[[-88.52308,44.90339],[-88.52259,44.90179],[-88.52176,44.90365],[-88.52308,44.90339]],[[-88.51738,44.99532],[-88.51039,44.99416],[-88.51038,44.99527],[-88.51738,44.99532]],[[-88.51557,44.89364],[-88.51355,44.8926],[-88.51309,44.89402],[-88.51557,44.89364]],[[-88.51554,45.05919],[-88.50499,45.0591],[-88.50499,45.06001],[-88.51545,45.06268],[-88.51554,45.05919]],[[-88.51244,44.89121],[-88.5143,44.89051],[-88.51237,44.8906],[-88.51244,44.89121]],[[-88.51383,45.03157],[-88.51183,45.03106],[-88.51174,45.03194],[-88.51383,45.03157]],[[-88.50725,44.89185],[-88.50471,44.89234],[-88.50386,44.89278],[-88.5044,44.89342],[-88.50725,44.89185]],[[-88.50643,45.03337],[-88.5029,45.03323],[-88.5029,45.03564],[-88.50645,45.03617],[-88.50643,45.03337]],[[-88.50529,44.87109],[-88.50322,44.87105],[-88.5022,44.87241],[-88.50337,44.87363],[-88.50529,44.87109]],[[-88.50326,44.86776],[-88.50292,44.86934],[-88.50501,44.86892],[-88.50326,44.86776]],[[-88.50419,44.89357],[-88.50136,44.89439],[-88.50181,44.89502],[-88.50419,44.89357]],[[-88.50259,44.90256],[-88.49321,44.90121],[-88.49229,44.90238],[-88.50259,44.90256]],[[-88.50094,44.89448],[-88.49862,44.89166],[-88.49319,44.89269],[-88.50094,44.89448]],[[-88.50174,44.86884],[-88.49919,44.86807],[-88.49992,44.86933],[-88.50174,44.86884]],[[-88.49955,44.9945],[-88.49605,44.99456],[-88.49879,44.9964],[-88.49955,44.9945]],[[-88.4961,44.87002],[-88.49718,44.86856],[-88.49592,44.86865],[-88.4961,44.87002]],[[-88.49406,44.89321],[-88.49009,44.89632],[-88.49075,44.89683],[-88.49406,44.89321]],[[-88.49363,44.87137],[-88.49183,44.87014],[-88.49142,44.87103],[-88.49363,44.87137]],[[-88.61549,44.8914],[-88.60848,44.89367],[-88.60291,44.89271],[-88.60372,44.89565],[-88.61549,44.8914]],[[-88.61932,44.89125],[-88.61821,44.8903],[-88.61549,44.8914],[-88.61715,44.89326],[-88.61932,44.89125]],[[-88.6199,44.89137],[-88.61743,44.89365],[-88.61781,44.89453],[-88.62036,44.89339],[-88.6199,44.89137]],[[-88.58794,44.90783],[-88.58592,44.9059],[-88.58572,44.90713],[-88.58794,44.90783]],[[-88.56502,44.902],[-88.56419,44.89866],[-88.56309,44.89913],[-88.56502,44.902]],[[-88.57243,44.91141],[-88.56875,44.91141],[-88.56741,44.91584],[-88.57243,44.91141]],[[-88.56384,44.91183],[-88.56272,44.91376],[-88.56643,44.91625],[-88.56384,44.91183]],[[-88.55852,44.90674],[-88.55791,44.91218],[-88.56169,44.91202],[-88.55845,44.91007],[-88.55852,44.90674]],[[-88.50263,45.05913],[-88.50497,45.05765],[-88.50265,45.05765],[-88.50263,45.05913]]]},"properties":{"AIANNHCE":"2175","NAMELSAD":"Menominee Reservation and Off-Reservation Trust Land","FEMA":"Menominee Indian Reservation","POP":3548,"AIAN":3194,"POP_OK":1,"DECL":1,"TRIBE_N":0,"STATE_N":1,"LIST":"2019: Flood","STATE":"Wisconsin"}},{"type":"Feature","geometry":{"type":"Polygon","coordinates":[[[-105.92963,33.21838],[-105.93164,33.3899],[-105.72717,33.39058],[-105.72603,33.31537],[-105.72184,33.31538],[-105.71778,33.30778],[-105.70892,33.30778],[-105.70892,33.30492],[-105.31738,33.30598],[-105.31622,33.00272],[-105.41308,33.00384],[-105.41334,32.99246],[-105.41885,32.99233],[-105.42192,32.99917],[-105.43606,32.99986],[-105.43621,33.00433],[-105.83137,33.00375],[-105.82893,33.07765],[-105.8251,33.08515],[-105.82744,33.2178],[-105.92963,33.21838]],[[-105.72182,33.31126],[-105.726,33.31133],[-105.72598,33.30778],[-105.7218,33.30774],[-105.72182,33.31126]]]},"properties":{"AIANNHCE":"2205","NAMELSAD":"Mescalero Reservation","FEMA":"Mescalero Tribe","POP":3590,"AIAN":3198,"POP_OK":1,"DECL":3,"TRIBE_N":0,"STATE_N":3,"LIST":"2011: Severe Storm | 2012: Flood | 2024: Fire","STATE":"New Mexico"}},{"type":"Feature","geometry":{"type":"MultiPolygon","coordinates":[[[[-80.48227,25.76018],[-80.48167,25.76075],[-80.48167,25.76018],[-80.48227,25.76018]]],[[[-80.49553,25.76311],[-80.48873,25.76896],[-80.48405,25.76539],[-80.48767,25.7699],[-80.48262,25.77419],[-80.48185,25.7616],[-80.49553,25.76311]]],[[[-80.82023,25.76178],[-80.81816,25.76214],[-80.81819,25.76179],[-80.82023,25.76178]]],[[[-80.8569,25.76062],[-80.77047,25.76086],[-80.76787,25.75935],[-80.85685,25.75745],[-80.8569,25.76062]]],[[[-80.87972,26.25947],[-80.75151,26.25947],[-80.74963,26.17301],[-80.78082,26.17306],[-80.78071,25.99853],[-80.87256,25.99854],[-80.87972,26.25947]]],[[[-81.1,26.32168],[-81.09208,26.32175],[-81.09283,26.34352],[-81.07649,26.34358],[-81.07479,26.30014],[-81.09932,26.29977],[-81.1,26.32168]]],[[[-81.26739,27.15016],[-81.23026,27.13906],[-81.23023,27.1212],[-81.26768,27.1211],[-81.26739,27.15016]]]]},"properties":{"AIANNHCE":"2240","NAMELSAD":"Miccosukee Reservation and Off-Reservation Trust Land","FEMA":"Miccosukee Tribe of Indians of Florida","POP":0,"AIAN":0,"POP_OK":0,"DECL":2,"TRIBE_N":0,"STATE_N":2,"LIST":"2022: Hurricane | 2023: Hurricane","STATE":"Florida"}},{"type":"Feature","geometry":{"type":"MultiPolygon","coordinates":[[[[-92.36266,46.04905],[-92.35713,46.04901],[-92.35712,46.0419],[-92.36267,46.0419],[-92.36266,46.04905]]],[[[-92.46412,46.05498],[-92.46718,46.05565],[-92.46412,46.05596],[-92.46412,46.05498]]],[[[-92.46737,46.066],[-92.44638,46.06629],[-92.44634,46.06266],[-92.46738,46.06297],[-92.46737,46.066]]],[[[-92.47778,46.0629],[-92.46738,46.06297],[-92.46739,46.05934],[-92.47784,46.05933],[-92.47778,46.0629]]],[[[-92.49366,46.0684],[-92.48494,46.06844],[-92.48467,46.06457],[-92.47778,46.0629],[-92.49378,46.0629],[-92.49366,46.0684]]],[[[-92.51909,46.05545],[-92.51362,46.05546],[-92.51388,46.04811],[-92.51927,46.04811],[-92.51909,46.05545]]],[[[-92.54013,46.0085],[-92.52933,46.01186],[-92.52963,45.99779],[-92.54007,45.99781],[-92.54013,46.0085]]],[[[-92.54797,46.07021],[-92.54253,46.07022],[-92.54266,46.06283],[-92.54797,46.06287],[-92.54797,46.07021]]],[[[-92.55343,46.03827],[-92.55329,46.04111],[-92.54177,46.04097],[-92.54198,46.02639],[-92.54734,46.02811],[-92.54606,46.03508],[-92.55343,46.03827]]],[[[-92.72076,46.0086],[-92.71851,46.01169],[-92.71851,46.00859],[-92.72076,46.0086]]],[[[-92.80041,45.92423],[-92.7901,45.92479],[-92.7901,45.92115],[-92.78486,45.92115],[-92.78486,45.91751],[-92.79522,45.91751],[-92.79522,45.91387],[-92.80041,45.91387],[-92.80041,45.92423]]],[[[-92.83074,45.9972],[-92.82531,45.99703],[-92.8253,45.993],[-92.83064,45.99299],[-92.83074,45.9972]]],[[[-92.89825,46.01099],[-92.89526,46.01097],[-92.89532,46.00693],[-92.89863,46.00693],[-92.89825,46.01099]]],[[[-93.05236,45.87188],[-93.0468,45.87175],[-93.04679,45.86825],[-93.05225,45.86829],[-93.05236,45.87188]]],[[[-93.25285,46.80635],[-93.24411,46.80666],[-93.24476,46.79907],[-93.25374,46.79654],[-93.25285,46.80635]]],[[[-93.26299,46.5414],[-93.25271,46.54145],[-93.25259,46.53786],[-93.26294,46.5379],[-93.26299,46.5414]]],[[[-93.27247,46.50903],[-93.26667,46.50898],[-93.26663,46.50516],[-93.27254,46.50513],[-93.27247,46.50903]]],[[[-93.27888,46.5628],[-93.27325,46.56288],[-93.27329,46.55901],[-93.27872,46.55909],[-93.27888,46.5628]]],[[[-93.28332,46.52325],[-93.27799,46.52318],[-93.278,46.51952],[-93.28329,46.51955],[-93.28332,46.52325]]],[[[-93.28346,46.53838],[-93.27862,46.53862],[-93.27342,46.54099],[-93.27339,46.53687],[-93.28346,46.53838]]],[[[-93.28387,46.54834],[-93.27841,46.54842],[-93.27841,46.54487],[-93.27328,46.54487],[-93.27334,46.5413],[-93.28359,46.54126],[-93.28387,46.54834]]],[[[-93.28601,46.68834],[-93.27745,46.68827],[-93.2746,46.68455],[-93.28914,46.6845],[-93.28601,46.68834]]],[[[-93.29188,46.78072],[-93.28382,46.78231],[-93.2838,46.78105],[-93.29188,46.78072]]],[[[-93.46179,46.44433],[-93.45125,46.44418],[-93.45087,46.43663],[-93.45556,46.43675],[-93.46179,46.44433]]],[[[-93.50345,46.30168],[-93.49485,46.30178],[-93.4947,46.29797],[-93.50349,46.29805],[-93.50345,46.30168]]],[[[-93.73332,46.41274],[-93.7245,46.41274],[-93.72835,46.40902],[-93.73337,46.40907],[-93.73332,46.41274]]],[[[-93.81091,46.24313],[-93.79615,46.24321],[-93.63805,46.19683],[-93.46332,46.15398],[-93.43183,46.15399],[-93.43031,46.16153],[-93.41972,46.16149],[-93.41969,46.15427],[-93.43184,46.15388],[-93.43245,46.06803],[-93.81053,46.07024],[-93.81091,46.24313]],[[-93.51555,46.06928],[-93.5154,46.06926],[-93.51555,46.06948],[-93.51555,46.06928]]],[[[-93.88622,46.59339],[-93.88284,46.59287],[-93.88262,46.58343],[-93.88537,46.58345],[-93.88622,46.59339]]]]},"properties":{"AIANNHCE":"2270","NAMELSAD":"Mille Lacs Reservation and Off-Reservation Trust Land","FEMA":"Mille Lacs Indian Reservation","POP":4504,"AIAN":1125,"POP_OK":1,"DECL":2,"TRIBE_N":0,"STATE_N":2,"LIST":"2011: Severe Storm | 2012: Severe Storm","STATE":"Minnesota"}},{"type":"Feature","geometry":{"type":"MultiPolygon","coordinates":[[[[-88.68422,32.77457],[-88.68281,32.77642],[-88.68281,32.77448],[-88.68422,32.77457]]],[[[-88.71899,30.43939],[-88.71554,30.4352],[-88.71542,30.4285],[-88.71969,30.42846],[-88.71899,30.43939]]],[[[-88.76491,33.06687],[-88.76414,33.06706],[-88.76488,33.06484],[-88.76491,33.06687]]],[[[-88.88018,32.76933],[-88.87595,32.76933],[-88.876,32.77664],[-88.87176,32.77669],[-88.87175,32.78024],[-88.87601,32.78029],[-88.87601,32.78756],[-88.86308,32.78752],[-88.86306,32.78023],[-88.85443,32.78023],[-88.85442,32.77305],[-88.85158,32.77304],[-88.85373,32.76942],[-88.86316,32.77299],[-88.86323,32.76592],[-88.88015,32.76571],[-88.88018,32.76933]]],[[[-88.8845,32.82948],[-88.88448,32.83868],[-88.88004,32.83853],[-88.88007,32.8297],[-88.8845,32.82948]]],[[[-88.9479,33.03195],[-88.93962,33.02827],[-88.93775,33.01727],[-88.94141,33.01695],[-88.94356,33.02459],[-88.94805,33.0246],[-88.9479,33.03195]]],[[[-88.9524,32.92296],[-88.93053,32.923],[-88.93055,32.92668],[-88.91873,32.92659],[-88.92248,32.91936],[-88.94355,32.91567],[-88.94347,32.91189],[-88.93699,32.9118],[-88.93879,32.90825],[-88.94585,32.90954],[-88.94784,32.91561],[-88.94361,32.91568],[-88.94366,32.91919],[-88.9524,32.91915],[-88.9524,32.92296]]],[[[-88.95748,32.83865],[-88.94441,32.8386],[-88.94553,32.84816],[-88.93943,32.84981],[-88.93925,32.85349],[-88.92245,32.85328],[-88.92252,32.86803],[-88.90833,32.8679],[-88.90827,32.86405],[-88.9016,32.86426],[-88.90156,32.8606],[-88.89727,32.86061],[-88.89728,32.85691],[-88.90146,32.85692],[-88.90141,32.85326],[-88.89717,32.85323],[-88.8973,32.84284],[-88.88873,32.83875],[-88.88892,32.82419],[-88.89785,32.82424],[-88.89783,32.81339],[-88.90203,32.81342],[-88.90205,32.80968],[-88.89339,32.80965],[-88.89334,32.79871],[-88.90199,32.79871],[-88.90201,32.80133],[-88.91053,32.80246],[-88.90985,32.80587],[-88.92255,32.80608],[-88.92308,32.81357],[-88.91895,32.81355],[-88.91894,32.817],[-88.9315,32.81399],[-88.93152,32.82075],[-88.92637,32.81998],[-88.92755,32.83183],[-88.93278,32.82958],[-88.93167,32.82421],[-88.93898,32.82421],[-88.93951,32.81727],[-88.94874,32.81726],[-88.94875,32.83156],[-88.9573,32.83161],[-88.95748,32.83865]],[[-88.94435,32.82442],[-88.94007,32.82421],[-88.93996,32.82778],[-88.94436,32.82784],[-88.94435,32.82442]],[[-88.92697,32.84624],[-88.92285,32.84619],[-88.92271,32.84985],[-88.92681,32.84992],[-88.92697,32.84624]],[[-88.89785,32.82424],[-88.89763,32.83899],[-88.91018,32.84245],[-88.91009,32.84604],[-88.91842,32.84984],[-88.91819,32.83499],[-88.923,32.83444],[-88.92311,32.82422],[-88.89785,32.82424]]],[[[-88.9815,31.79804],[-88.97725,31.79879],[-88.97722,31.79503],[-88.98152,31.79503],[-88.9815,31.79804]]],[[[-88.99421,31.79879],[-88.98562,31.79876],[-88.98553,31.79334],[-88.9815,31.79332],[-88.98148,31.78965],[-88.9942,31.79149],[-88.99421,31.79879]]],[[[-89.00288,31.81437],[-88.99672,31.81768],[-88.98316,31.81738],[-88.99014,31.81707],[-88.99013,31.81344],[-89.00288,31.81437]]],[[[-89.01914,31.77711],[-89.01577,31.77715],[-89.01583,31.78072],[-89.00724,31.7808],[-89.00282,31.77357],[-89.0157,31.77186],[-89.01569,31.7662],[-89.01901,31.76618],[-89.01914,31.77711]]],[[[-89.02533,32.69518],[-89.02103,32.69226],[-89.02102,32.68786],[-89.02531,32.68791],[-89.02533,32.69518]]],[[[-89.0337,32.70091],[-89.02961,32.70253],[-89.02962,32.69521],[-89.03393,32.69522],[-89.0337,32.70091]]],[[[-89.0424,32.71706],[-89.0382,32.71701],[-89.03821,32.71344],[-89.04233,32.71347],[-89.0424,32.71706]]],[[[-89.05192,32.70971],[-89.04682,32.70971],[-89.04677,32.7025],[-89.05027,32.70251],[-89.05192,32.70971]]],[[[-89.05649,33.10406],[-89.05558,33.10872],[-89.05334,33.10782],[-89.05649,33.10406]]],[[[-89.05973,32.73531],[-89.05112,32.7353],[-89.05111,32.72802],[-89.05956,32.72796],[-89.05967,32.72815],[-89.05973,32.73531]]],[[[-89.064,32.72812],[-89.05967,32.72815],[-89.05965,32.72433],[-89.064,32.72432],[-89.064,32.72812]]],[[[-89.077,32.70241],[-89.06832,32.70256],[-89.06834,32.70958],[-89.05963,32.70969],[-89.05965,32.72433],[-89.05109,32.72438],[-89.05117,32.71243],[-89.05529,32.70916],[-89.05278,32.70672],[-89.0596,32.70626],[-89.05957,32.69543],[-89.06822,32.69359],[-89.06731,32.69874],[-89.07688,32.69876],[-89.077,32.70241]]],[[[-89.08924,32.70943],[-89.08141,32.70976],[-89.08128,32.71315],[-89.07833,32.71323],[-89.077,32.70241],[-89.08559,32.70059],[-89.08562,32.70605],[-89.08989,32.70604],[-89.08924,32.70943]]],[[[-89.0983,32.77187],[-89.09795,32.77246],[-89.09758,32.77246],[-89.0983,32.77187]]],[[[-89.10292,32.77681],[-89.09861,32.7798],[-89.09858,32.77607],[-89.10292,32.77681]]],[[[-89.18064,32.83522],[-89.17633,32.83524],[-89.17632,32.83916],[-89.15912,32.83518],[-89.15906,32.83913],[-89.13764,32.84102],[-89.13753,32.83508],[-89.12891,32.83496],[-89.12903,32.83978],[-89.12472,32.83189],[-89.13264,32.827],[-89.13892,32.83313],[-89.15815,32.82472],[-89.16153,32.82726],[-89.1664,32.82443],[-89.17271,32.82968],[-89.18053,32.8272],[-89.18064,32.83522]]],[[[-89.18886,32.75049],[-89.18056,32.75049],[-89.18058,32.74656],[-89.18894,32.74666],[-89.18886,32.75049]]],[[[-89.20657,32.74668],[-89.19775,32.74669],[-89.19771,32.74287],[-89.20655,32.74283],[-89.20657,32.74668]]],[[[-89.23805,32.75083],[-89.23498,32.75154],[-89.23489,32.74671],[-89.22826,32.74498],[-89.22814,32.73897],[-89.23667,32.73894],[-89.23805,32.75083]]],[[[-89.26654,32.44229],[-89.2623,32.4423],[-89.2623,32.43499],[-89.26642,32.43505],[-89.26654,32.44229]]],[[[-89.26671,32.76148],[-89.26241,32.76152],[-89.26022,32.75791],[-89.26661,32.75784],[-89.26671,32.76148]]],[[[-89.27947,32.4349],[-89.27078,32.43491],[-89.27078,32.42392],[-89.2752,32.42391],[-89.27947,32.4349]]],[[[-89.27955,32.47513],[-89.2752,32.47526],[-89.2752,32.4714],[-89.27955,32.47139],[-89.27955,32.47513]]],[[[-89.28929,32.46132],[-89.27521,32.46036],[-89.2752,32.4714],[-89.2666,32.47137],[-89.26662,32.47463],[-89.27089,32.47455],[-89.27097,32.48301],[-89.26249,32.48305],[-89.2625,32.48694],[-89.24958,32.48692],[-89.24958,32.47918],[-89.24527,32.47918],[-89.24527,32.47536],[-89.25391,32.47536],[-89.2539,32.47141],[-89.24163,32.46888],[-89.24522,32.46647],[-89.24508,32.45703],[-89.24942,32.45702],[-89.24948,32.45331],[-89.24509,32.45328],[-89.2451,32.4497],[-89.2408,32.44785],[-89.23247,32.44782],[-89.23254,32.43976],[-89.23515,32.43829],[-89.23257,32.43526],[-89.24958,32.43879],[-89.2496,32.44242],[-89.25377,32.4424],[-89.25378,32.45329],[-89.26229,32.44961],[-89.26229,32.44519],[-89.27077,32.44589],[-89.27077,32.45665],[-89.2893,32.45563],[-89.28929,32.46132]],[[-89.26755,32.46413],[-89.26849,32.45237],[-89.26228,32.45139],[-89.26654,32.45318],[-89.26653,32.45685],[-89.26227,32.45633],[-89.26227,32.46414],[-89.26755,32.46413]],[[-89.2451,32.4461],[-89.24299,32.44451],[-89.24143,32.44587],[-89.2451,32.4461]]],[[[-89.29243,32.49046],[-89.27955,32.49414],[-89.27957,32.48295],[-89.29245,32.48296],[-89.29243,32.49046]]],[[[-89.29539,32.82717],[-89.29346,32.8312],[-89.28921,32.83119],[-89.28917,32.83486],[-89.28015,32.83508],[-89.28019,32.83114],[-89.25775,32.82955],[-89.23502,32.83244],[-89.22834,32.82812],[-89.22441,32.82965],[-89.22452,32.83338],[-89.22225,32.82902],[-89.21701,32.83293],[-89.20762,32.83396],[-89.20664,32.81273],[-89.20197,32.81273],[-89.20214,32.80171],[-89.20652,32.80174],[-89.20655,32.79082],[-89.2044,32.7945],[-89.20222,32.79083],[-89.18923,32.79075],[-89.18925,32.78711],[-89.18499,32.78711],[-89.18498,32.78307],[-89.17908,32.78073],[-89.18931,32.77978],[-89.18908,32.7617],[-89.19786,32.76167],[-89.19798,32.75804],[-89.20113,32.75801],[-89.20113,32.76167],[-89.2194,32.7617],[-89.21938,32.75447],[-89.2279,32.75449],[-89.22795,32.75807],[-89.23643,32.75807],[-89.23531,32.76527],[-89.2321,32.76531],[-89.23215,32.77753],[-89.22793,32.77722],[-89.22814,32.77983],[-89.23223,32.77792],[-89.26204,32.78272],[-89.2668,32.78137],[-89.26677,32.77616],[-89.26246,32.77617],[-89.26242,32.76899],[-89.26676,32.76902],[-89.26673,32.76333],[-89.27532,32.76425],[-89.27744,32.76697],[-89.27541,32.77617],[-89.28222,32.77625],[-89.28278,32.78402],[-89.28664,32.7867],[-89.27971,32.78722],[-89.27967,32.78359],[-89.27107,32.77923],[-89.27119,32.79079],[-89.27753,32.80199],[-89.27336,32.80905],[-89.27131,32.80552],[-89.27133,32.81263],[-89.28426,32.81264],[-89.28421,32.80896],[-89.28852,32.80894],[-89.28854,32.81265],[-89.29471,32.81414],[-89.29181,32.82143],[-89.29539,32.82717]],[[-89.27984,32.81617],[-89.27565,32.8162],[-89.27571,32.81977],[-89.28006,32.81986],[-89.27984,32.81617]],[[-89.26684,32.7889],[-89.2625,32.78844],[-89.26249,32.78889],[-89.26684,32.7889]],[[-89.26253,32.79813],[-89.25383,32.79806],[-89.25389,32.80517],[-89.25822,32.80525],[-89.26253,32.79813]],[[-89.24958,32.80885],[-89.24315,32.80886],[-89.24502,32.81251],[-89.24955,32.81256],[-89.24958,32.80885]],[[-89.23654,32.79451],[-89.228,32.79081],[-89.22791,32.79821],[-89.23647,32.7981],[-89.23654,32.79451]],[[-89.23228,32.81635],[-89.22369,32.81634],[-89.2237,32.81985],[-89.23236,32.81985],[-89.23228,32.81635]],[[-89.22366,32.8054],[-89.21949,32.80542],[-89.21942,32.80181],[-89.21382,32.80178],[-89.21521,32.80726],[-89.22366,32.8054]],[[-89.22085,32.77809],[-89.21937,32.77622],[-89.21939,32.77813],[-89.22085,32.77809]],[[-89.21299,32.77562],[-89.20805,32.77263],[-89.20658,32.77625],[-89.21299,32.77562]],[[-89.19793,32.77096],[-89.19361,32.76987],[-89.19467,32.77622],[-89.19525,32.77043],[-89.19793,32.77096]],[[-89.27133,32.81263],[-89.26687,32.81266],[-89.26697,32.81978],[-89.27119,32.81976],[-89.27133,32.81263]]],[[[-89.30511,32.43486],[-89.30083,32.43497],[-89.30284,32.44027],[-89.28801,32.43847],[-89.29238,32.43119],[-89.28873,32.43118],[-89.28802,32.4275],[-89.30076,32.42746],[-89.30511,32.43486]]],[[[-89.30511,32.47122],[-89.29662,32.47122],[-89.2987,32.4619],[-89.29664,32.45664],[-89.30088,32.45669],[-89.30087,32.46394],[-89.30512,32.46395],[-89.30511,32.47122]]],[[[-89.31018,32.8053],[-89.30571,32.80527],[-89.30128,32.81266],[-89.29026,32.81112],[-89.28734,32.80672],[-89.29693,32.80527],[-89.29673,32.8013],[-89.29281,32.8045],[-89.29055,32.78718],[-89.29477,32.78801],[-89.29483,32.79433],[-89.30125,32.79433],[-89.30139,32.80147],[-89.30694,32.80106],[-89.31018,32.8053]]],[[[-89.32652,32.80322],[-89.31861,32.8053],[-89.3186,32.81103],[-89.31466,32.81407],[-89.31441,32.80164],[-89.30579,32.79808],[-89.31002,32.79806],[-89.30996,32.79045],[-89.31433,32.79114],[-89.31439,32.80088],[-89.3149,32.79805],[-89.31863,32.79799],[-89.31862,32.80139],[-89.32652,32.80322]]],[[[-89.33975,32.79165],[-89.33782,32.79544],[-89.33586,32.79788],[-89.33566,32.79074],[-89.33975,32.79165]]],[[[-89.36259,32.49402],[-89.36687,32.49583],[-89.36259,32.49583],[-89.36259,32.49402]]],[[[-89.37603,32.72425],[-89.36947,32.72783],[-89.36951,32.72408],[-89.37603,32.72425]]],[[[-89.4052,32.6857],[-89.39971,32.68707],[-89.39974,32.68009],[-89.40385,32.68008],[-89.4052,32.6857]]],[[[-89.45455,32.68151],[-89.45042,32.68064],[-89.45048,32.68742],[-89.43764,32.68325],[-89.43763,32.68015],[-89.44613,32.68015],[-89.44618,32.67655],[-89.45256,32.67649],[-89.45455,32.68151]]],[[[-89.4637,32.67643],[-89.46368,32.68371],[-89.45903,32.68372],[-89.45667,32.68052],[-89.45904,32.67643],[-89.4637,32.67643]]],[[[-89.47013,32.66144],[-89.46665,32.66683],[-89.46335,32.66542],[-89.46336,32.67281],[-89.45901,32.6728],[-89.45904,32.67643],[-89.45471,32.67644],[-89.4564,32.66532],[-89.45058,32.66543],[-89.45058,32.67279],[-89.4335,32.67291],[-89.43361,32.66995],[-89.44193,32.66903],[-89.44215,32.66144],[-89.44842,32.66012],[-89.44626,32.65355],[-89.45055,32.65355],[-89.45053,32.6496],[-89.46349,32.64959],[-89.46354,32.65352],[-89.45484,32.65355],[-89.45485,32.66094],[-89.45865,32.66163],[-89.46046,32.65749],[-89.46347,32.65758],[-89.46367,32.66246],[-89.46798,32.65894],[-89.47013,32.66144]],[[-89.45057,32.66445],[-89.44943,32.66148],[-89.44943,32.66492],[-89.45057,32.66445]]],[[[-89.51348,32.74126],[-89.51254,32.74446],[-89.51159,32.74198],[-89.51348,32.74126]]],[[[-89.51989,32.76094],[-89.51978,32.76961],[-89.5112,32.76828],[-89.51335,32.75386],[-89.51562,32.76087],[-89.51989,32.76094]]],[[[-89.52432,32.80984],[-89.51566,32.80818],[-89.51564,32.81179],[-89.50382,32.81181],[-89.50368,32.80822],[-89.50704,32.80817],[-89.50706,32.80457],[-89.5243,32.80457],[-89.52432,32.80984]]],[[[-89.53252,32.75359],[-89.53032,32.75723],[-89.53034,32.75359],[-89.53252,32.75359]]],[[[-89.53375,32.72655],[-89.53249,32.72737],[-89.53249,32.72654],[-89.53375,32.72655]]],[[[-89.53651,32.75737],[-89.53238,32.75938],[-89.53238,32.75722],[-89.53651,32.75737]]],[[[-89.54794,32.93055],[-89.53771,32.9308],[-89.53654,32.92336],[-89.54689,32.92527],[-89.54794,32.93055]]],[[[-89.5492,32.79375],[-89.54485,32.79375],[-89.54491,32.7901],[-89.53663,32.78647],[-89.53652,32.77909],[-89.54903,32.77924],[-89.5492,32.79375]]],[[[-89.5519,32.9382],[-89.5412,32.93823],[-89.54341,32.94555],[-89.54127,32.94404],[-89.54134,32.95284],[-89.53739,32.95283],[-89.53712,32.93259],[-89.54802,32.93091],[-89.5519,32.9382]]],[[[-89.5535,32.76445],[-89.54493,32.7608],[-89.54922,32.76809],[-89.53647,32.76811],[-89.53643,32.76082],[-89.54189,32.7608],[-89.53892,32.75398],[-89.54866,32.75154],[-89.5493,32.76074],[-89.5535,32.76078],[-89.5535,32.76445]]],[[[-89.55775,32.79378],[-89.55342,32.79379],[-89.55344,32.78642],[-89.55771,32.7866],[-89.55775,32.79378]]],[[[-89.55949,33.01484],[-89.55624,33.01486],[-89.55637,33.00994],[-89.55949,33.00991],[-89.55949,33.01484]]],[[[-89.56149,32.7953],[-89.56124,32.79743],[-89.55703,32.79742],[-89.56149,32.7953]]],[[[-89.56197,32.77992],[-89.562,32.78279],[-89.55343,32.7828],[-89.55336,32.77911],[-89.56197,32.77992]]],[[[-89.56215,32.77541],[-89.55775,32.77457],[-89.5556,32.76805],[-89.56215,32.76806],[-89.56215,32.77541]]],[[[-89.59435,35.68372],[-89.58483,35.68317],[-89.58854,35.67323],[-89.59336,35.67384],[-89.592,35.68055],[-89.59435,35.68372]]],[[[-90.03219,33.53851],[-90.01324,33.54194],[-90.01304,33.52053],[-90.03226,33.52424],[-90.03219,33.53851]]]]},"properties":{"AIANNHCE":"2300","NAMELSAD":"Mississippi Choctaw Reservation and Off-Reservation Trust Land","FEMA":"Mississippi Choctaw Indian Reservation","POP":6605,"AIAN":5510,"POP_OK":1,"DECL":3,"TRIBE_N":0,"STATE_N":3,"LIST":"2012: Hurricane | 2021: Severe Ice Storm | 2023: Severe Storm","STATE":"Mississippi, Tennessee"}},{"type":"Feature","geometry":{"type":"Polygon","coordinates":[[[-114.87511,36.49175],[-114.86871,36.49177],[-114.869,36.57857],[-114.76553,36.57761],[-114.76509,36.66695],[-114.66663,36.66751],[-114.68445,36.67687],[-114.68445,36.67402],[-114.68832,36.67373],[-114.68815,36.68026],[-114.68235,36.68851],[-114.67937,36.6866],[-114.67965,36.68899],[-114.67505,36.68887],[-114.67516,36.6852],[-114.66204,36.68506],[-114.66189,36.67797],[-114.65227,36.67794],[-114.65217,36.6817],[-114.65727,36.68172],[-114.6572,36.69647],[-114.63004,36.69614],[-114.63009,36.6671],[-114.65117,36.66706],[-114.65533,36.65855],[-114.66044,36.57722],[-114.65993,36.52026],[-114.6558,36.49171],[-114.75856,36.49159],[-114.76121,36.50679],[-114.76575,36.50658],[-114.76409,36.4916],[-114.86616,36.49167],[-114.86621,36.48488],[-114.875,36.48497],[-114.87511,36.49175]]]},"properties":{"AIANNHCE":"2315","NAMELSAD":"Moapa River Indian Reservation","FEMA":"Moapa River Indian Reservation","POP":133,"AIAN":89,"POP_OK":1,"DECL":1,"TRIBE_N":0,"STATE_N":1,"LIST":"2015: Flood","STATE":"Nevada"}},{"type":"Feature","geometry":{"type":"MultiPolygon","coordinates":[[[[-72.08787,41.5],[-72.08488,41.50037],[-72.08304,41.49724],[-72.08585,41.4955],[-72.08787,41.5]]],[[[-72.08912,41.4804],[-72.07583,41.48115],[-72.07705,41.47397],[-72.07997,41.47662],[-72.0852,41.47454],[-72.08912,41.4804]]],[[[-72.10017,41.49411],[-72.09411,41.49574],[-72.08555,41.4931],[-72.08109,41.48698],[-72.08378,41.48646],[-72.08233,41.48446],[-72.07882,41.48469],[-72.0764,41.48196],[-72.08938,41.48196],[-72.09635,41.48814],[-72.10012,41.4877],[-72.10017,41.49411]]],[[[-72.11289,41.47015],[-72.10933,41.47277],[-72.10176,41.47125],[-72.11289,41.47015]]]]},"properties":{"AIANNHCE":"2320","NAMELSAD":"Mohegan Reservation","FEMA":"Mohegan Trust Lands","POP":239,"AIAN":104,"POP_OK":1,"DECL":2,"TRIBE_N":0,"STATE_N":2,"LIST":"2021: Hurricane | 2022: Hurricane","STATE":"Connecticut"}},{"type":"Feature","geometry":{"type":"MultiPolygon","coordinates":[[[[-116.73695,33.9034],[-116.71994,33.90325],[-116.71993,33.88617],[-116.73703,33.88622],[-116.73695,33.9034]]],[[[-116.78936,33.88599],[-116.77201,33.88608],[-116.77197,33.89349],[-116.75445,33.89607],[-116.75451,33.88618],[-116.77197,33.88608],[-116.77193,33.87871],[-116.78926,33.87878],[-116.78936,33.88599]]],[[[-116.79808,33.90336],[-116.79374,33.90341],[-116.79373,33.89968],[-116.79807,33.89972],[-116.79808,33.90336]]],[[[-116.80677,33.88616],[-116.80675,33.89727],[-116.78939,33.89332],[-116.78936,33.88599],[-116.80677,33.88616]]],[[[-116.80662,33.87135],[-116.79583,33.87138],[-116.80029,33.86438],[-116.78942,33.86425],[-116.78948,33.85715],[-116.80658,33.85696],[-116.80662,33.87135]]],[[[-116.85931,33.90687],[-116.84196,33.90683],[-116.84195,33.90341],[-116.85852,33.90337],[-116.85931,33.90687]]],[[[-116.85931,33.88514],[-116.84204,33.88628],[-116.84196,33.90089],[-116.8244,33.90071],[-116.82426,33.88609],[-116.84204,33.88626],[-116.84229,33.87166],[-116.86034,33.87168],[-116.85931,33.88514]]],[[[-116.87658,33.88672],[-116.87654,33.90331],[-116.85926,33.90329],[-116.85925,33.88571],[-116.87658,33.88672]]],[[[-116.87693,33.94716],[-116.87695,34.01939],[-116.85973,34.01944],[-116.85936,34.0052],[-116.84211,34.00486],[-116.84234,34.01934],[-116.8249,34.01936],[-116.82481,34.0039],[-116.80724,34.00482],[-116.80728,34.01936],[-116.77239,34.01944],[-116.77218,33.97597],[-116.71989,33.97619],[-116.71971,33.9618],[-116.72844,33.96174],[-116.72849,33.95452],[-116.71972,33.95458],[-116.71967,33.94758],[-116.73741,33.94724],[-116.73725,33.93267],[-116.71969,33.93263],[-116.7198,33.9179],[-116.73727,33.91804],[-116.73749,33.90334],[-116.75447,33.90345],[-116.75462,33.91798],[-116.77205,33.91798],[-116.77212,33.92531],[-116.78075,33.92499],[-116.78071,33.91927],[-116.8068,33.91803],[-116.80674,33.93261],[-116.7895,33.93261],[-116.78955,33.93991],[-116.79384,33.93991],[-116.7938,33.94701],[-116.80678,33.947],[-116.80674,33.93266],[-116.82447,33.93271],[-116.82454,33.91812],[-116.84188,33.91802],[-116.84192,33.9288],[-116.84153,33.93339],[-116.85928,33.93264],[-116.85964,33.94719],[-116.87693,33.94716]],[[-116.84179,33.92883],[-116.83527,33.93017],[-116.83526,33.93093],[-116.84073,33.93239],[-116.84179,33.92883]],[[-116.83332,33.93242],[-116.8321,33.93098],[-116.83212,33.93243],[-116.83332,33.93242]],[[-116.78972,33.99775],[-116.78099,33.99776],[-116.781,34.005],[-116.78975,34.005],[-116.78972,33.99775]],[[-116.7897,33.9905],[-116.78537,33.99051],[-116.7854,33.99414],[-116.78971,33.99412],[-116.7897,33.9905]],[[-116.78936,33.92639],[-116.78825,33.92459],[-116.78827,33.9264],[-116.78936,33.92639]],[[-116.73725,33.93267],[-116.75453,33.93259],[-116.75451,33.9281],[-116.75147,33.9267],[-116.75449,33.92715],[-116.75445,33.92114],[-116.73723,33.92494],[-116.73725,33.93267]]],[[[-116.87727,33.86422],[-116.86796,33.86424],[-116.86787,33.86789],[-116.87715,33.86797],[-116.87704,33.87171],[-116.86034,33.87168],[-116.86026,33.85675],[-116.8775,33.85673],[-116.87727,33.86422]]],[[[-116.91162,33.89608],[-116.90276,33.89619],[-116.9006,33.89986],[-116.90078,33.89617],[-116.89424,33.8961],[-116.89405,33.88676],[-116.91184,33.88625],[-116.91162,33.89608]]],[[[-116.92063,33.94711],[-116.91208,33.94718],[-116.91181,33.93982],[-116.92062,33.93982],[-116.92063,33.94711]]]]},"properties":{"AIANNHCE":"2360","NAMELSAD":"Morongo Reservation and Off-Reservation Trust Land","FEMA":"Morongo Indian Reservation","POP":787,"AIAN":431,"POP_OK":1,"DECL":1,"TRIBE_N":1,"STATE_N":0,"LIST":"2024: Severe Storm","STATE":"California"}},{"type":"Feature","geometry":{"type":"MultiPolygon","coordinates":[[[[-71.63571,41.39695],[-71.6319,41.39861],[-71.63094,41.39653],[-71.63413,41.39498],[-71.63571,41.39695]]],[[[-71.65687,41.42343],[-71.65358,41.42633],[-71.64743,41.428],[-71.65054,41.41977],[-71.64838,41.41731],[-71.6499,41.41694],[-71.65152,41.41828],[-71.65521,41.41921],[-71.65687,41.42343]]],[[[-71.65915,41.41616],[-71.65174,41.41828],[-71.64809,41.41518],[-71.65915,41.41616]]],[[[-71.68013,41.39803],[-71.67928,41.40653],[-71.67789,41.40376],[-71.673,41.40433],[-71.66584,41.39276],[-71.66182,41.39593],[-71.66467,41.39811],[-71.65441,41.40201],[-71.65127,41.40045],[-71.65419,41.39734],[-71.65242,41.39416],[-71.6595,41.39144],[-71.65715,41.3856],[-71.65959,41.38504],[-71.66312,41.3933],[-71.66716,41.38761],[-71.66426,41.38561],[-71.66814,41.38609],[-71.67094,41.38728],[-71.66906,41.39064],[-71.67844,41.39034],[-71.67995,41.39309],[-71.67339,41.3951],[-71.68013,41.39803]]],[[[-71.69467,41.42722],[-71.68738,41.42404],[-71.68192,41.42918],[-71.68295,41.42447],[-71.67014,41.42783],[-71.66557,41.42357],[-71.66468,41.41498],[-71.64746,41.41384],[-71.65632,41.4119],[-71.65551,41.40897],[-71.64883,41.41011],[-71.6476,41.40393],[-71.67739,41.4079],[-71.68388,41.41154],[-71.68534,41.41647],[-71.68833,41.41599],[-71.68589,41.41987],[-71.69467,41.42722]]],[[[-71.6972,41.42622],[-71.70037,41.43088],[-71.69517,41.42626],[-71.6972,41.42622]]]]},"properties":{"AIANNHCE":"2415","NAMELSAD":"Narragansett Reservation","FEMA":"Narragansett Indian Reservation","POP":0,"AIAN":0,"POP_OK":0,"DECL":1,"TRIBE_N":0,"STATE_N":1,"LIST":"2022: Snowstorm","STATE":"Rhode Island"}},{"type":"Feature","geometry":{"type":"MultiPolygon","coordinates":[[[[-107.87009,36.28873],[-107.8702,36.2821],[-107.87858,36.28081],[-107.87849,36.28876],[-107.87009,36.28873]]],[[[-107.87451,36.33526],[-107.87443,36.3209],[-107.88366,36.32086],[-107.88333,36.33546],[-107.87451,36.33526]]],[[[-107.89458,35.46358],[-107.88527,35.46356],[-107.88529,35.45655],[-107.89461,35.4565],[-107.89458,35.46358]]],[[[-107.88205,36.01605],[-107.8818,36.00914],[-107.89518,36.00899],[-107.89522,36.01613],[-107.88205,36.01605]]],[[[-107.87749,35.34808],[-107.87751,35.34135],[-107.89546,35.3413],[-107.89547,35.34827],[-107.87749,35.34808]]],[[[-107.87786,35.40611],[-107.87821,35.39229],[-107.89596,35.39211],[-107.89612,35.40588],[-107.87786,35.40611]]],[[[-107.88352,36.19758],[-107.88336,36.20492],[-107.87582,36.20486],[-107.87585,36.2192],[-107.84807,36.21912],[-107.8479,36.21228],[-107.85687,36.21231],[-107.85617,36.20507],[-107.84789,36.20482],[-107.84713,36.191],[-107.85869,36.1906],[-107.85914,36.15431],[-107.87676,36.15447],[-107.87674,36.14693],[-107.89367,36.14699],[-107.89367,36.15132],[-107.8855,36.1513],[-107.88553,36.16155],[-107.87615,36.16147],[-107.8762,36.19021],[-107.9019,36.19029],[-107.90186,36.19746],[-107.88352,36.19758]]],[[[-107.90974,35.52252],[-107.88283,35.52251],[-107.8827,35.53627],[-107.86592,35.5365],[-107.86589,35.5291],[-107.87499,35.52909],[-107.87462,35.50758],[-107.90994,35.5077],[-107.90974,35.52252]]],[[[-107.88815,36.29886],[-107.89059,36.28457],[-107.902,36.28444],[-107.90215,36.29162],[-107.91055,36.29165],[-107.9104,36.29867],[-107.88815,36.29886]]],[[[-107.90111,36.26287],[-107.90105,36.26971],[-107.87444,36.26986],[-107.87435,36.25558],[-107.89242,36.25575],[-107.89242,36.24802],[-107.88355,36.24793],[-107.8835,36.22594],[-107.89269,36.2261],[-107.8928,36.24065],[-107.91098,36.24079],[-107.91108,36.26281],[-107.90111,36.26287]]],[[[-107.89381,36.38645],[-107.89375,36.39412],[-107.90234,36.39395],[-107.90206,36.40107],[-107.89345,36.40102],[-107.8932,36.41555],[-107.88302,36.41549],[-107.88371,36.40139],[-107.87495,36.40131],[-107.87495,36.38669],[-107.86582,36.38663],[-107.86588,36.37937],[-107.85728,36.37929],[-107.85721,36.38654],[-107.86556,36.38663],[-107.86546,36.39397],[-107.83877,36.39409],[-107.83902,36.37901],[-107.84776,36.3791],[-107.84791,36.37183],[-107.8572,36.37191],[-107.85733,36.36484],[-107.86636,36.3649],[-107.86634,36.37202],[-107.87513,36.3721],[-107.87524,36.36486],[-107.88368,36.3648],[-107.88366,36.35763],[-107.89287,36.35772],[-107.89253,36.37919],[-107.91124,36.37938],[-107.91116,36.38669],[-107.89381,36.38645]],[[-107.88383,36.38676],[-107.88392,36.37927],[-107.87494,36.37909],[-107.87495,36.38669],[-107.88383,36.38676]]],[[[-107.90736,35.47061],[-107.90733,35.47856],[-107.89939,35.47859],[-107.89916,35.47087],[-107.89443,35.47086],[-107.89458,35.46358],[-107.9123,35.46351],[-107.91231,35.47057],[-107.90736,35.47061]]],[[[-107.89471,36.12439],[-107.89481,36.11734],[-107.86739,36.11724],[-107.86739,36.1242],[-107.85906,36.12418],[-107.85909,36.13104],[-107.85012,36.13095],[-107.85002,36.11711],[-107.85908,36.11711],[-107.8592,36.08841],[-107.86635,36.08837],[-107.86644,36.08161],[-107.87691,36.08156],[-107.87695,36.10989],[-107.89492,36.1098],[-107.89493,36.10287],[-107.91283,36.10286],[-107.91258,36.12455],[-107.89471,36.12439]]],[[[-107.8963,35.4198],[-107.89612,35.40588],[-107.91346,35.40613],[-107.91343,35.4198],[-107.8963,35.4198]]],[[[-107.89302,35.33398],[-107.89173,35.31975],[-107.91332,35.3195],[-107.91353,35.33399],[-107.89302,35.33398]]],[[[-107.89596,35.39211],[-107.89646,35.37676],[-107.87781,35.3768],[-107.87805,35.36288],[-107.8963,35.36274],[-107.89647,35.3767],[-107.91296,35.37745],[-107.91379,35.39212],[-107.89596,35.39211]]],[[[-107.9092,35.60834],[-107.9092,35.59403],[-107.92703,35.59404],[-107.92721,35.6082],[-107.9092,35.60834]]],[[[-107.90952,35.63761],[-107.90936,35.62278],[-107.92801,35.6228],[-107.92803,35.63792],[-107.90952,35.63761]]],[[[-107.91892,36.29137],[-107.91903,36.2843],[-107.92849,36.28431],[-107.92856,36.29125],[-107.91892,36.29137]]],[[[-107.91999,36.24078],[-107.92003,36.23393],[-107.92886,36.23376],[-107.92901,36.24084],[-107.91999,36.24078]]],[[[-107.93048,35.43441],[-107.91339,35.43433],[-107.91341,35.4269],[-107.93049,35.4269],[-107.93048,35.43441]]],[[[-107.92138,35.45679],[-107.92137,35.46353],[-107.9123,35.46351],[-107.91222,35.44931],[-107.93054,35.44893],[-107.9303,35.45619],[-107.92138,35.45679]]],[[[-107.91373,35.34811],[-107.91353,35.33399],[-107.93083,35.33351],[-107.93118,35.3482],[-107.91373,35.34811]]],[[[-107.91296,35.37745],[-107.91619,35.36224],[-107.93147,35.36193],[-107.93172,35.3775],[-107.91296,35.37745]]],[[[-107.9136,35.7835],[-107.91384,35.76867],[-107.93182,35.7689],[-107.93151,35.78358],[-107.9136,35.7835]]],[[[-107.92921,36.43771],[-107.92936,36.43019],[-107.93841,36.43023],[-107.93852,36.43784],[-107.92921,36.43771]]],[[[-107.94691,35.50088],[-107.92787,35.50101],[-107.92776,35.49339],[-107.91064,35.49349],[-107.91046,35.47823],[-107.94693,35.47838],[-107.94691,35.50088]]],[[[-107.93083,35.33351],[-107.93074,35.32693],[-107.94799,35.3269],[-107.94816,35.33344],[-107.93083,35.33351]]],[[[-107.93895,35.41326],[-107.93927,35.42049],[-107.93108,35.41994],[-107.93157,35.40589],[-107.94849,35.40601],[-107.94838,35.41354],[-107.93895,35.41326]]],[[[-107.94848,35.79804],[-107.93071,35.79798],[-107.93065,35.79039],[-107.9407,35.79049],[-107.94065,35.78399],[-107.94863,35.78327],[-107.94848,35.79804]]],[[[-107.94604,36.33475],[-107.94608,36.32766],[-107.95408,36.3277],[-107.95405,36.33484],[-107.94604,36.33475]]],[[[-107.94552,36.26245],[-107.94578,36.25567],[-107.9541,36.25558],[-107.95411,36.26246],[-107.94552,36.26245]]],[[[-107.94676,36.48023],[-107.94653,36.47346],[-107.95493,36.47332],[-107.95499,36.4802],[-107.94676,36.48023]]],[[[-107.94659,36.3501],[-107.94656,36.35795],[-107.93812,36.35795],[-107.93814,36.35034],[-107.90192,36.35009],[-107.90112,36.32839],[-107.91058,36.32847],[-107.91075,36.31355],[-107.9191,36.31376],[-107.91901,36.32082],[-107.92816,36.32081],[-107.92829,36.31342],[-107.93835,36.3136],[-107.9378,36.33498],[-107.94604,36.33475],[-107.94603,36.34243],[-107.95513,36.34243],[-107.95511,36.35013],[-107.94659,36.3501]]],[[[-107.94705,36.20472],[-107.94719,36.19742],[-107.95639,36.19756],[-107.95629,36.20355],[-107.94705,36.20472]]],[[[-107.8916,35.56548],[-107.89136,35.54298],[-107.90998,35.54283],[-107.90974,35.52252],[-107.94548,35.5214],[-107.9458,35.5076],[-107.95525,35.50734],[-107.95547,35.52146],[-107.96318,35.52169],[-107.96312,35.53701],[-107.94626,35.53702],[-107.9468,35.54321],[-107.92744,35.54361],[-107.92802,35.55037],[-107.95497,35.55039],[-107.95497,35.55834],[-107.96402,35.55824],[-107.96377,35.56454],[-107.8916,35.56548]]],[[[-107.95479,36.2409],[-107.95482,36.23411],[-107.96417,36.23387],[-107.96414,36.24089],[-107.95479,36.2409]]],[[[-107.95554,36.49513],[-107.9553,36.48812],[-107.96423,36.48808],[-107.96423,36.49498],[-107.95554,36.49513]]],[[[-107.95636,36.21166],[-107.95628,36.20463],[-107.96513,36.20461],[-107.96517,36.21156],[-107.95636,36.21166]]],[[[-107.95745,36.11875],[-107.95732,36.12467],[-107.95316,36.12459],[-107.95308,36.12802],[-107.95823,36.12802],[-107.95825,36.13217],[-107.94856,36.13206],[-107.94849,36.11831],[-107.93115,36.11835],[-107.93095,36.1395],[-107.92187,36.13955],[-107.9218,36.13226],[-107.9124,36.13206],[-107.91258,36.12455],[-107.92175,36.12463],[-107.92192,36.11832],[-107.93009,36.11835],[-107.93006,36.10285],[-107.94833,36.1029],[-107.94855,36.11013],[-107.96614,36.1103],[-107.96615,36.11881],[-107.95745,36.11875]]],[[[-107.95418,36.31362],[-107.95413,36.32099],[-107.94597,36.32102],[-107.94523,36.28814],[-107.94082,36.28796],[-107.94067,36.28116],[-107.93739,36.28128],[-107.93736,36.28413],[-107.92849,36.28431],[-107.92842,36.27723],[-107.95432,36.27711],[-107.95422,36.29936],[-107.96352,36.29949],[-107.96338,36.30641],[-107.97213,36.30632],[-107.97196,36.31349],[-107.95418,36.31362]]],[[[-107.96371,36.33483],[-107.9635,36.32052],[-107.97237,36.32052],[-107.97233,36.33483],[-107.96371,36.33483]]],[[[-107.96396,36.35018],[-107.96369,36.34289],[-107.97315,36.3428],[-107.97336,36.35023],[-107.96396,36.35018]]],[[[-107.96851,36.23329],[-107.96857,36.2267],[-107.97747,36.22673],[-107.97743,36.23346],[-107.96851,36.23329]]],[[[-107.96332,36.29186],[-107.96354,36.28445],[-107.98158,36.28426],[-107.98179,36.29172],[-107.96332,36.29186]]],[[[-107.96593,36.14723],[-107.96666,36.11875],[-107.97558,36.11882],[-107.97531,36.14016],[-107.98513,36.13998],[-107.98504,36.14715],[-107.96593,36.14723]]],[[[-107.9756,36.11751],[-107.97569,36.11052],[-107.98526,36.11045],[-107.98515,36.11763],[-107.9756,36.11751]]],[[[-107.98232,35.40602],[-107.98246,35.38816],[-107.99103,35.38383],[-107.99104,35.39115],[-108.00003,35.39117],[-108.00017,35.40588],[-107.98232,35.40602]]],[[[-107.96536,35.37702],[-107.96527,35.39166],[-107.93181,35.392],[-107.93178,35.38401],[-107.9398,35.38401],[-107.9398,35.37678],[-107.94871,35.37671],[-107.94906,35.3585],[-107.94892,35.35569],[-107.93926,35.3557],[-107.9395,35.36189],[-107.93147,35.36193],[-107.93118,35.3482],[-107.94887,35.34847],[-107.94889,35.34047],[-107.9577,35.34046],[-107.95774,35.3545],[-107.96598,35.35449],[-107.96612,35.34842],[-107.9829,35.34791],[-107.98279,35.36252],[-108.00038,35.3625],[-108.00034,35.37701],[-107.96536,35.37702]],[[-107.9654,35.3626],[-107.96542,35.36954],[-107.98228,35.36954],[-107.98279,35.36252],[-107.9654,35.3626]]],[[[-107.99072,35.43623],[-107.99058,35.42856],[-108.00059,35.4281],[-108.00027,35.43549],[-107.99072,35.43623]]],[[[-107.98566,36.10331],[-107.98564,36.09614],[-107.99434,36.09607],[-107.9943,36.08914],[-108.00199,36.08925],[-108.002,36.1032],[-107.98566,36.10331]]],[[[-107.98553,36.16127],[-107.98571,36.15372],[-107.99384,36.15383],[-107.99399,36.14709],[-108.0032,36.14711],[-108.00335,36.16176],[-107.98553,36.16127]]],[[[-108.00296,35.57722],[-108.00296,35.57142],[-108.00717,35.5712],[-108.00717,35.57722],[-108.00296,35.57722]]],[[[-108.00199,36.08925],[-108.00197,36.08182],[-108.01215,36.08187],[-108.01208,36.08946],[-108.00199,36.08925]]],[[[-108.0037,36.00224],[-108.00367,35.99455],[-108.0138,35.99452],[-108.0138,36.00228],[-108.0037,36.00224]]],[[[-108.00715,36.314],[-108.00698,36.30689],[-107.98979,36.30639],[-107.98993,36.31324],[-107.98144,36.31321],[-107.98127,36.30641],[-107.9896,36.30639],[-107.98956,36.30017],[-108.01634,36.30028],[-108.01654,36.31409],[-108.00715,36.314]]],[[[-108.01034,36.41586],[-108.01044,36.40814],[-108.01913,36.40815],[-108.01909,36.41586],[-108.01034,36.41586]]],[[[-108.02602,36.29963],[-108.02575,36.29315],[-108.03404,36.29333],[-108.03416,36.29977],[-108.02602,36.29963]]],[[[-108.01717,36.26285],[-108.01837,36.24129],[-108.0346,36.24133],[-108.03498,36.26249],[-108.01717,36.26285]]],[[[-108.02529,36.27796],[-108.0254,36.27048],[-108.03493,36.27056],[-108.03501,36.27766],[-108.02529,36.27796]]],[[[-108.03333,35.57479],[-108.03335,35.56616],[-108.04332,35.56618],[-108.04332,35.57479],[-108.03333,35.57479]]],[[[-108.03654,36.37942],[-108.03636,36.35831],[-108.04463,36.3583],[-108.04508,36.3794],[-108.03654,36.37942]]],[[[-108.01747,36.33605],[-108.01771,36.32844],[-108.00879,36.32859],[-108.00853,36.32127],[-108.01774,36.32124],[-108.01793,36.32825],[-108.02635,36.32836],[-108.02638,36.32132],[-108.03513,36.32144],[-108.03515,36.32782],[-108.05342,36.32878],[-108.05343,36.33597],[-108.01747,36.33605]]],[[[-108.04015,36.06083],[-108.03996,36.04611],[-108.05806,36.04603],[-108.05816,36.06081],[-108.04015,36.06083]]],[[[-108.05379,36.24139],[-108.03485,36.24126],[-108.03687,36.22025],[-108.0186,36.22015],[-108.01854,36.1975],[-107.99458,36.19752],[-107.99459,36.19077],[-107.97746,36.19068],[-107.97742,36.18264],[-107.96731,36.18269],[-107.96725,36.17613],[-107.99365,36.17618],[-107.99371,36.18081],[-108.00372,36.18076],[-108.00372,36.18664],[-108.01654,36.18653],[-108.01647,36.19028],[-108.04213,36.19025],[-108.04212,36.1771],[-108.05952,36.17714],[-108.05379,36.24139]]],[[[-108.04982,36.14831],[-108.05007,36.15465],[-108.04101,36.15457],[-108.0408,36.16933],[-108.02203,36.16935],[-108.02077,36.17615],[-108.00302,36.17602],[-108.00335,36.16176],[-108.01264,36.16167],[-108.0119,36.14724],[-108.02254,36.14734],[-108.02258,36.13692],[-108.02107,36.11853],[-108.00175,36.11835],[-108.00201,36.1037],[-108.02175,36.10385],[-108.02226,36.07526],[-108.05803,36.07583],[-108.05802,36.08908],[-108.04062,36.08905],[-108.04062,36.10334],[-108.05842,36.10388],[-108.0584,36.11867],[-108.0406,36.11865],[-108.04051,36.12696],[-108.04888,36.127],[-108.04915,36.13353],[-108.05836,36.13355],[-108.05958,36.14833],[-108.04982,36.14831]],[[-108.04063,36.08222],[-108.03118,36.08222],[-108.03113,36.08901],[-108.04062,36.08905],[-108.04063,36.08222]]],[[[-108.05439,36.37227],[-108.05435,36.36509],[-108.06302,36.36507],[-108.06299,36.37227],[-108.05439,36.37227]]],[[[-108.04747,35.30581],[-108.04733,35.29154],[-108.06538,35.29161],[-108.06534,35.30601],[-108.04747,35.30581]]],[[[-108.05215,35.35699],[-108.05224,35.3491],[-108.06957,35.34922],[-108.0699,35.35642],[-108.05215,35.35699]]],[[[-108.05235,35.33462],[-108.05259,35.32176],[-108.0701,35.3217],[-108.07016,35.33457],[-108.05235,35.33462]]],[[[-108.05272,35.37199],[-108.05267,35.36413],[-108.07037,35.36412],[-108.07038,35.37199],[-108.05272,35.37199]]],[[[-108.06311,36.33551],[-108.06323,36.3216],[-108.07124,36.32167],[-108.07121,36.33536],[-108.06311,36.33551]]],[[[-108.06341,36.35775],[-108.063,36.35064],[-108.07174,36.35022],[-108.07178,36.35774],[-108.06341,36.35775]]],[[[-108.05836,36.13355],[-108.0584,36.11867],[-108.07655,36.11878],[-108.07642,36.13368],[-108.05836,36.13355]]],[[[-108.05803,36.07583],[-108.05816,36.06081],[-108.07634,36.06095],[-108.07701,36.07589],[-108.05803,36.07583]]],[[[-108.07762,36.20614],[-108.0683,36.20613],[-108.06845,36.19114],[-108.0777,36.19114],[-108.07762,36.20614]]],[[[-108.07205,36.37186],[-108.07201,36.36486],[-108.08022,36.36483],[-108.08032,36.37181],[-108.07205,36.37186]]],[[[-108.06511,35.27011],[-108.06507,35.26269],[-108.0833,35.26269],[-108.08334,35.27015],[-108.06511,35.27011]]],[[[-108.06538,35.29161],[-108.06534,35.2843],[-108.074,35.28429],[-108.07394,35.27725],[-108.08326,35.27732],[-108.08337,35.29165],[-108.06538,35.29161]]],[[[-108.0693,35.60893],[-108.06926,35.59475],[-108.08718,35.59486],[-108.08719,35.60893],[-108.0693,35.60893]]],[[[-108.07627,36.05464],[-108.07624,36.04677],[-108.09432,36.04671],[-108.09434,36.0546],[-108.07627,36.05464]]],[[[-108.07655,36.11878],[-108.07725,36.10405],[-108.09488,36.10432],[-108.09468,36.11889],[-108.07655,36.11878]]],[[[-108.07667,36.14832],[-108.07692,36.17716],[-108.05971,36.17709],[-108.05958,36.14833],[-108.07633,36.14833],[-108.07642,36.13368],[-108.09455,36.13379],[-108.09502,36.14833],[-108.07667,36.14832]]],[[[-108.08765,35.35697],[-108.08765,35.34931],[-108.06957,35.34922],[-108.07016,35.33457],[-108.08775,35.33495],[-108.08774,35.34931],[-108.09629,35.34924],[-108.09629,35.35698],[-108.08765,35.35697]]],[[[-108.08959,36.37913],[-108.08957,36.3648],[-108.08022,36.36483],[-108.08033,36.35029],[-108.08949,36.35027],[-108.08957,36.36467],[-108.09825,36.36466],[-108.09834,36.37911],[-108.08959,36.37913]]],[[[-108.09834,36.38585],[-108.09834,36.37911],[-108.10834,36.37907],[-108.10836,36.38582],[-108.09834,36.38585]]],[[[-108.09488,36.10432],[-108.0949,36.09609],[-108.08442,36.09611],[-108.08427,36.0894],[-108.07631,36.08919],[-108.07701,36.07589],[-108.09478,36.076],[-108.09473,36.08947],[-108.11247,36.0895],[-108.11232,36.10446],[-108.09488,36.10432]]],[[[-108.11029,35.28486],[-108.1103,35.29167],[-108.10011,35.2917],[-108.10019,35.2777],[-108.11784,35.27788],[-108.11787,35.28497],[-108.11029,35.28486]]],[[[-108.0777,36.19114],[-108.07751,36.18097],[-108.08229,36.18096],[-108.08228,36.17767],[-108.12208,36.17787],[-108.12203,36.19119],[-108.0777,36.19114]]],[[[-108.11367,36.16281],[-108.11361,36.15507],[-108.1221,36.15499],[-108.12217,36.16261],[-108.11367,36.16281]]],[[[-108.11533,35.88116],[-108.11593,35.87321],[-108.12332,35.87335],[-108.12336,35.88098],[-108.11533,35.88116]]],[[[-108.10518,35.32136],[-108.1046,35.33506],[-108.08775,35.33495],[-108.08782,35.32154],[-108.0701,35.3217],[-108.07018,35.30606],[-108.08345,35.30605],[-108.08337,35.29165],[-108.10011,35.2917],[-108.09951,35.30603],[-108.08758,35.30599],[-108.08751,35.30948],[-108.12355,35.30617],[-108.1237,35.32159],[-108.10518,35.32136]]],[[[-108.10508,35.34943],[-108.1046,35.33506],[-108.12377,35.33564],[-108.12382,35.35022],[-108.10508,35.34943]]],[[[-108.11969,35.37792],[-108.11983,35.38154],[-108.1241,35.38171],[-108.1241,35.38653],[-108.1042,35.38633],[-108.10414,35.3784],[-108.08792,35.37848],[-108.08797,35.36322],[-108.09494,35.36298],[-108.09522,35.37019],[-108.09913,35.37011],[-108.09954,35.36294],[-108.12428,35.3631],[-108.12409,35.37707],[-108.11969,35.37792]]],[[[-108.11247,36.0895],[-108.11282,36.07604],[-108.13058,36.0762],[-108.13045,36.08958],[-108.11247,36.0895]]],[[[-108.12303,35.43054],[-108.12236,35.42384],[-108.13994,35.42381],[-108.13983,35.43045],[-108.12303,35.43054]]],[[[-108.13169,35.45812],[-108.13139,35.45122],[-108.14089,35.45109],[-108.14114,35.4581],[-108.13169,35.45812]]],[[[-108.13021,36.17706],[-108.13023,36.16261],[-108.14857,36.16263],[-108.14865,36.17713],[-108.13021,36.17706]]],[[[-108.14871,36.14014],[-108.14875,36.13352],[-108.15734,36.13357],[-108.15733,36.14032],[-108.14871,36.14014]]],[[[-108.13898,35.36285],[-108.13913,35.3505],[-108.1574,35.35053],[-108.1574,35.36285],[-108.13898,35.36285]]],[[[-108.15791,35.39554],[-108.13939,35.39554],[-108.14008,35.37974],[-108.15732,35.37981],[-108.15791,35.39554]]],[[[-108.14876,36.19303],[-108.14865,36.17713],[-108.16722,36.17726],[-108.16739,36.19309],[-108.14876,36.19303]]],[[[-108.18361,35.9439],[-108.18297,35.92832],[-108.20139,35.92864],[-108.20134,35.9439],[-108.18361,35.9439]]],[[[-108.1848,36.06071],[-108.18492,36.04629],[-108.20212,36.04617],[-108.20213,36.06065],[-108.1848,36.06071]]],[[[-108.18475,36.03177],[-108.18517,36.01699],[-108.20249,36.01693],[-108.20262,36.03151],[-108.18475,36.03177]]],[[[-108.20871,36.69486],[-108.20875,36.69006],[-108.2137,36.69007],[-108.21356,36.69405],[-108.20871,36.69486]]],[[[-108.20205,36.07493],[-108.20213,36.06065],[-108.22026,36.06052],[-108.22034,36.07497],[-108.20205,36.07493]]],[[[-108.22034,36.0459],[-108.20206,36.04609],[-108.20262,36.03151],[-108.22035,36.03152],[-108.22034,36.0459]]],[[[-108.21109,36.20722],[-108.21109,36.19866],[-108.22067,36.19867],[-108.22066,36.20638],[-108.21109,36.20722]]],[[[-108.21947,35.94386],[-108.2194,35.92184],[-108.227,35.92181],[-108.22701,35.93546],[-108.23585,35.93542],[-108.23585,35.94378],[-108.21947,35.94386]]],[[[-108.22035,36.03152],[-108.2202,36.01679],[-108.23799,36.01652],[-108.23777,36.0312],[-108.22035,36.03152]]],[[[-108.22037,36.08965],[-108.22034,36.07497],[-108.23816,36.07499],[-108.23815,36.08972],[-108.22037,36.08965]]],[[[-108.23384,36.71128],[-108.23388,36.7075],[-108.24352,36.70752],[-108.2433,36.71149],[-108.23384,36.71128]]],[[[-108.23589,35.95868],[-108.23585,35.94378],[-108.25358,35.94382],[-108.25355,35.95917],[-108.23589,35.95868]]],[[[-108.23587,35.98668],[-108.23545,35.9725],[-108.25363,35.97269],[-108.25361,35.98661],[-108.23587,35.98668]]],[[[-108.23618,35.92885],[-108.23619,35.92174],[-108.25367,35.92219],[-108.25361,35.92752],[-108.23618,35.92885]]],[[[-108.23816,36.07499],[-108.23821,36.06039],[-108.25598,36.06044],[-108.25597,36.07505],[-108.23816,36.07499]]],[[[-108.25587,36.08962],[-108.25597,36.07505],[-108.26446,36.07509],[-108.26461,36.0897],[-108.25587,36.08962]]],[[[-108.25639,34.9593],[-108.25643,34.94537],[-108.27381,34.94559],[-108.27358,34.9598],[-108.25639,34.9593]]],[[[-108.32864,34.98143],[-108.31965,34.98139],[-108.31969,34.97402],[-108.3286,34.97498],[-108.32864,34.98143]]],[[[-108.3287,34.97395],[-108.32871,34.97035],[-108.34603,34.97035],[-108.34598,34.97379],[-108.3287,34.97395]]],[[[-108.32868,35.00328],[-108.32861,34.98879],[-108.34597,34.98845],[-108.3463,35.00341],[-108.32868,35.00328]]],[[[-108.34466,34.71166],[-108.34491,34.69693],[-108.36222,34.6968],[-108.36205,34.71183],[-108.34466,34.71166]]],[[[-108.34642,35.07523],[-108.34625,35.06075],[-108.36378,35.0607],[-108.36367,35.0746],[-108.34642,35.07523]]],[[[-108.35933,35.04245],[-108.35934,35.03537],[-108.35509,35.03533],[-108.35494,35.03183],[-108.36403,35.03184],[-108.36403,35.04245],[-108.35933,35.04245]]],[[[-108.34597,34.98845],[-108.34598,34.97379],[-108.36431,34.97349],[-108.36402,34.98817],[-108.34597,34.98845]]],[[[-108.36372,35.09054],[-108.36367,35.07521],[-108.38192,35.0755],[-108.38243,35.09063],[-108.36372,35.09054]]],[[[-108.39675,34.75513],[-108.37923,34.755],[-108.37921,34.74036],[-108.39708,34.74084],[-108.39675,34.75513]]],[[[-108.38192,35.0755],[-108.38152,35.06066],[-108.399,35.06067],[-108.39901,35.0752],[-108.38192,35.0755]]],[[[-108.38167,34.9873],[-108.38174,34.98006],[-108.39915,34.98031],[-108.39913,34.98752],[-108.38167,34.9873]]],[[[-108.39888,35.01774],[-108.38151,35.01711],[-108.38161,35.00147],[-108.3992,35.00262],[-108.39888,35.01774]]],[[[-108.38723,35.52347],[-108.38753,35.50915],[-108.40467,35.50912],[-108.40465,35.52333],[-108.38723,35.52347]]],[[[-108.39669,34.76966],[-108.39675,34.75513],[-108.41445,34.7552],[-108.4141,34.76961],[-108.39669,34.76966]]],[[[-108.39936,35.08984],[-108.39901,35.0752],[-108.41234,35.07508],[-108.41223,35.08223],[-108.40795,35.08229],[-108.40785,35.08608],[-108.41653,35.08611],[-108.41645,35.08984],[-108.39936,35.08984]]],[[[-108.399,35.06067],[-108.39924,35.04628],[-108.41674,35.04633],[-108.41683,35.06008],[-108.399,35.06067]]],[[[-108.39922,35.00247],[-108.39913,34.98777],[-108.40796,34.988],[-108.40799,34.9951],[-108.417,34.99512],[-108.41701,35.00259],[-108.39922,35.00247]]],[[[-108.39946,35.11912],[-108.39912,35.10463],[-108.41683,35.1043],[-108.41713,35.1189],[-108.39946,35.11912]]],[[[-108.41674,35.04633],[-108.41653,35.03211],[-108.42121,35.03218],[-108.42111,35.04114],[-108.42557,35.04114],[-108.42612,35.0357],[-108.43481,35.03554],[-108.43439,35.046],[-108.41674,35.04633]]],[[[-108.42622,34.98837],[-108.42555,34.98096],[-108.41679,34.98099],[-108.41673,34.97357],[-108.43536,34.97313],[-108.4355,34.98853],[-108.42622,34.98837]]],[[[-108.42391,35.52328],[-108.42362,35.50924],[-108.44032,35.50929],[-108.44071,35.52329],[-108.42391,35.52328]]],[[[-108.43194,34.76954],[-108.43228,34.7552],[-108.45006,34.75516],[-108.44985,34.76949],[-108.43194,34.76954]]],[[[-108.41673,35.07501],[-108.41683,35.06008],[-108.45241,35.06099],[-108.45194,35.07547],[-108.41673,35.07501]]],[[[-108.45221,35.00314],[-108.43491,35.00267],[-108.4355,34.98853],[-108.45346,34.98883],[-108.45221,35.00314]]],[[[-108.45063,34.94412],[-108.45105,34.92923],[-108.46926,34.92924],[-108.46861,34.94412],[-108.45063,34.94412]]],[[[-108.45241,35.06099],[-108.45227,35.04624],[-108.46987,35.04648],[-108.4698,35.06084],[-108.45241,35.06099]]],[[[-108.45216,35.01039],[-108.45221,35.00314],[-108.46992,35.00312],[-108.46993,35.01034],[-108.45216,35.01039]]],[[[-108.48725,35.00235],[-108.46992,35.00312],[-108.46962,34.98839],[-108.48753,34.9877],[-108.48725,35.00235]]],[[[-108.49611,34.98787],[-108.4951,34.97397],[-108.50402,34.97425],[-108.50497,34.98794],[-108.49611,34.98787]]],[[[-108.48859,35.01793],[-108.48725,35.00235],[-108.50546,35.00335],[-108.50613,35.01884],[-108.48859,35.01793]]],[[[-108.50334,34.93337],[-108.50321,34.92968],[-108.51342,34.92962],[-108.5127,34.93288],[-108.50334,34.93337]]],[[[-108.50572,34.94381],[-108.50569,34.9405],[-108.5146,34.94068],[-108.51493,34.9298],[-108.51963,34.92945],[-108.51928,34.9442],[-108.50572,34.94381]]],[[[-108.51376,35.14792],[-108.51417,35.14077],[-108.52259,35.14045],[-108.52253,35.14796],[-108.51376,35.14792]]],[[[-108.52348,35.00421],[-108.50546,35.00335],[-108.50497,34.98794],[-108.52382,34.99068],[-108.52348,35.00421]]],[[[-108.5222,35.16237],[-108.52253,35.14796],[-108.53989,35.14802],[-108.53991,35.16246],[-108.5222,35.16237]]],[[[-108.54011,35.09044],[-108.52241,35.09016],[-108.52158,35.10436],[-108.50378,35.10455],[-108.5042,35.11882],[-108.46965,35.11905],[-108.46969,35.13324],[-108.452,35.13325],[-108.45215,35.11884],[-108.44326,35.11883],[-108.44333,35.11186],[-108.43449,35.11171],[-108.43413,35.09005],[-108.45185,35.09004],[-108.45194,35.07547],[-108.46989,35.0754],[-108.4698,35.06084],[-108.48781,35.06061],[-108.48818,35.04637],[-108.52268,35.04717],[-108.52346,35.03339],[-108.54163,35.03323],[-108.54011,35.09044]],[[-108.50412,35.09716],[-108.49186,35.09713],[-108.49632,35.10459],[-108.50378,35.10455],[-108.50412,35.09716]],[[-108.46989,35.07579],[-108.46976,35.09001],[-108.48771,35.09032],[-108.48741,35.07554],[-108.46989,35.07579]]],[[[-108.55492,34.85714],[-108.55501,34.8724],[-108.50259,34.872],[-108.50264,34.85784],[-108.48525,34.85752],[-108.48507,34.8716],[-108.4696,34.87153],[-108.46975,34.88591],[-108.45051,34.8859],[-108.45066,34.90038],[-108.46897,34.90025],[-108.46881,34.91465],[-108.45115,34.91478],[-108.45105,34.92923],[-108.43371,34.92888],[-108.43379,34.94422],[-108.45063,34.94412],[-108.45085,34.95917],[-108.39757,34.95922],[-108.3981,34.94416],[-108.38033,34.94419],[-108.3796,34.95929],[-108.31084,34.95933],[-108.31101,34.9745],[-108.30153,34.97465],[-108.30129,34.95996],[-108.29245,34.95985],[-108.29243,34.94513],[-108.27381,34.94559],[-108.27434,34.93463],[-108.25595,34.93446],[-108.25617,34.88682],[-108.27363,34.88676],[-108.27289,34.8721],[-108.25621,34.8723],[-108.25533,34.81402],[-108.24193,34.81363],[-108.24199,34.80619],[-108.25552,34.80668],[-108.25533,34.79938],[-108.27369,34.7993],[-108.27403,34.78453],[-108.257,34.78462],[-108.25676,34.75559],[-108.24727,34.75554],[-108.24727,34.74806],[-108.25603,34.74808],[-108.25624,34.7118],[-108.2735,34.71208],[-108.27327,34.69721],[-108.32789,34.69687],[-108.32784,34.71176],[-108.34466,34.71166],[-108.34433,34.72578],[-108.36168,34.72592],[-108.36235,34.7987],[-108.37884,34.7988],[-108.37878,34.78436],[-108.41375,34.7842],[-108.4141,34.76961],[-108.43194,34.76954],[-108.43178,34.77666],[-108.42268,34.77667],[-108.42232,34.78424],[-108.43165,34.78426],[-108.43183,34.79878],[-108.45044,34.79869],[-108.45056,34.78411],[-108.46763,34.78404],[-108.46744,34.79862],[-108.48498,34.79906],[-108.48532,34.78486],[-108.49282,34.78502],[-108.49298,34.77763],[-108.50233,34.77741],[-108.50243,34.78486],[-108.53801,34.78497],[-108.53767,34.7991],[-108.55538,34.79867],[-108.55534,34.78502],[-108.57175,34.78452],[-108.57272,34.85706],[-108.55492,34.85714]],[[-108.45041,34.87159],[-108.43317,34.87178],[-108.43377,34.88608],[-108.45051,34.8859],[-108.45041,34.87159]],[[-108.43357,34.91491],[-108.41658,34.91633],[-108.41612,34.93054],[-108.43371,34.92888],[-108.43357,34.91491]],[[-108.39734,34.93102],[-108.39812,34.94416],[-108.4158,34.94413],[-108.41612,34.93054],[-108.39734,34.93102]],[[-108.39828,34.91566],[-108.38064,34.91578],[-108.37981,34.93012],[-108.39734,34.93102],[-108.39828,34.91566]],[[-108.2909,34.87189],[-108.28998,34.857],[-108.273,34.85763],[-108.27289,34.8721],[-108.2909,34.87189]],[[-108.32714,34.72578],[-108.32687,34.74021],[-108.34434,34.73995],[-108.34433,34.72578],[-108.32714,34.72578]],[[-108.30982,34.74031],[-108.30986,34.75553],[-108.32691,34.75551],[-108.32687,34.74021],[-108.30982,34.74031]],[[-108.53302,34.7993],[-108.53315,34.80656],[-108.53766,34.80642],[-108.53767,34.7991],[-108.53302,34.7993]],[[-108.529,34.80674],[-108.52874,34.81001],[-108.53322,34.81017],[-108.53315,34.80656],[-108.529,34.80674]],[[-108.51985,34.82829],[-108.52009,34.84283],[-108.53775,34.84253],[-108.53777,34.82823],[-108.51985,34.82829]],[[-108.51995,34.82062],[-108.51117,34.82069],[-108.51223,34.82823],[-108.51985,34.82829],[-108.51995,34.82062]],[[-108.43213,34.82809],[-108.41475,34.82813],[-108.41476,34.84252],[-108.43212,34.84182],[-108.43213,34.82809]],[[-108.37962,34.85719],[-108.38005,34.87183],[-108.39761,34.87172],[-108.39731,34.85709],[-108.37962,34.85719]],[[-108.36229,34.87193],[-108.36238,34.88663],[-108.38005,34.88633],[-108.38005,34.87183],[-108.36229,34.87193]],[[-108.36209,34.81691],[-108.36224,34.8206],[-108.37086,34.82064],[-108.37089,34.81689],[-108.36209,34.81691]],[[-108.35304,34.83542],[-108.34899,34.83542],[-108.34904,34.83913],[-108.35304,34.83542]],[[-108.34467,34.87162],[-108.32672,34.87168],[-108.32673,34.88658],[-108.34516,34.88533],[-108.34467,34.87162]],[[-108.32683,34.78422],[-108.32653,34.79882],[-108.34372,34.79882],[-108.34471,34.7843],[-108.32683,34.78422]],[[-108.30857,34.82821],[-108.30757,34.84265],[-108.32552,34.84271],[-108.32712,34.82826],[-108.30857,34.82821]],[[-108.32647,34.91591],[-108.309,34.91617],[-108.30883,34.92985],[-108.32682,34.92937],[-108.32647,34.91591]],[[-108.29171,34.78435],[-108.29161,34.79916],[-108.30851,34.79877],[-108.30938,34.78386],[-108.29171,34.78435]],[[-108.29188,34.77075],[-108.27402,34.77082],[-108.27415,34.78453],[-108.29171,34.78435],[-108.29188,34.77075]],[[-108.29188,34.76243],[-108.29189,34.76623],[-108.29613,34.76626],[-108.29621,34.76244],[-108.29188,34.76243]]],[[[-108.58244,35.33575],[-108.58177,35.32143],[-108.59912,35.32123],[-108.59963,35.33564],[-108.58244,35.33575]]],[[[-108.59932,35.32123],[-108.59927,35.30684],[-108.61712,35.30683],[-108.617,35.32077],[-108.59932,35.32123]]],[[[-108.64381,35.3501],[-108.6439,35.3647],[-108.63554,35.36469],[-108.6355,35.34475],[-108.62722,35.34311],[-108.61807,35.34481],[-108.61798,35.34781],[-108.59981,35.34797],[-108.59963,35.33564],[-108.6081,35.33567],[-108.60809,35.325],[-108.61696,35.3249],[-108.617,35.32077],[-108.63502,35.32034],[-108.63516,35.30667],[-108.67016,35.3071],[-108.67017,35.31424],[-108.65705,35.31424],[-108.65711,35.30976],[-108.65215,35.30976],[-108.65215,35.33517],[-108.67014,35.33532],[-108.67016,35.34461],[-108.68018,35.34463],[-108.68015,35.35014],[-108.64381,35.3501]],[[-108.61819,35.33548],[-108.61817,35.33939],[-108.6269,35.33728],[-108.61819,35.33548]]],[[[-108.67149,35.55068],[-108.66978,35.53747],[-108.68908,35.53753],[-108.69035,35.55013],[-108.67149,35.55068]]],[[[-108.69761,35.52284],[-108.69778,35.50847],[-108.70671,35.50832],[-108.70654,35.52101],[-108.69761,35.52284]]],[[[-108.71158,35.50877],[-108.71139,35.50133],[-108.71963,35.50141],[-108.71965,35.50859],[-108.71158,35.50877]]],[[[-108.72334,35.65271],[-108.70463,35.65273],[-108.70496,35.63769],[-108.72332,35.63837],[-108.72334,35.65271]]],[[[-108.7235,35.62341],[-108.70527,35.62354],[-108.70569,35.60894],[-108.72358,35.60871],[-108.7235,35.62341]]],[[[-108.7237,35.60855],[-108.72421,35.59445],[-108.73991,35.59445],[-108.74013,35.60885],[-108.7237,35.60855]]],[[[-108.72342,35.63758],[-108.7235,35.62341],[-108.74056,35.62357],[-108.74067,35.63749],[-108.72342,35.63758]]],[[[-108.74056,35.62357],[-108.74013,35.60885],[-108.75794,35.60875],[-108.75814,35.62357],[-108.74056,35.62357]]],[[[-108.75799,35.6374],[-108.75814,35.62357],[-108.77576,35.62353],[-108.77562,35.63741],[-108.75799,35.6374]]],[[[-108.75831,35.60842],[-108.75875,35.59441],[-108.7736,35.59434],[-108.77579,35.59436],[-108.77578,35.6088],[-108.75831,35.60842]]],[[[-108.75982,35.49383],[-108.76182,35.48127],[-108.75981,35.47958],[-108.77809,35.47984],[-108.77777,35.49354],[-108.75982,35.49383]]],[[[-108.77547,35.65272],[-108.77562,35.63741],[-108.79276,35.6375],[-108.79278,35.65303],[-108.77547,35.65272]]],[[[-108.77576,35.62353],[-108.77578,35.6088],[-108.79292,35.60907],[-108.79286,35.62346],[-108.77576,35.62353]]],[[[-108.77579,35.59436],[-108.77583,35.58023],[-108.79308,35.58048],[-108.79298,35.59445],[-108.77579,35.59436]]],[[[-108.77773,35.50078],[-108.77776,35.49381],[-108.78282,35.49379],[-108.78283,35.48631],[-108.78678,35.48624],[-108.78694,35.48299],[-108.79127,35.48298],[-108.79113,35.49003],[-108.78688,35.49],[-108.78685,35.49375],[-108.79527,35.49346],[-108.79536,35.50055],[-108.77773,35.50078]]],[[[-108.81014,35.63782],[-108.79277,35.63744],[-108.79286,35.62346],[-108.81042,35.62365],[-108.81014,35.63782]]],[[[-108.79292,35.60907],[-108.79298,35.59445],[-108.81052,35.59455],[-108.8104,35.60899],[-108.79292,35.60907]]],[[[-108.79308,35.58048],[-108.79182,35.56578],[-108.81063,35.56611],[-108.81056,35.58055],[-108.79308,35.58048]]],[[[-108.81316,35.48634],[-108.81301,35.47942],[-108.82187,35.47922],[-108.82217,35.48648],[-108.81316,35.48634]]],[[[-108.81052,35.59455],[-108.81056,35.58055],[-108.82853,35.58061],[-108.82862,35.59464],[-108.81052,35.59455]]],[[[-108.82739,35.65257],[-108.81011,35.65231],[-108.81014,35.63782],[-108.82867,35.6383],[-108.82739,35.65257]]],[[[-108.84541,35.63853],[-108.82867,35.6383],[-108.82809,35.6238],[-108.81042,35.62365],[-108.81031,35.60947],[-108.8287,35.60955],[-108.82789,35.62343],[-108.84567,35.62359],[-108.84541,35.63853]]],[[[-108.8287,35.60955],[-108.82862,35.59464],[-108.84634,35.59473],[-108.84629,35.60993],[-108.8287,35.60955]]],[[[-108.82853,35.58061],[-108.82839,35.56604],[-108.84648,35.56609],[-108.84642,35.58061],[-108.82853,35.58061]]],[[[-108.84634,35.59473],[-108.84642,35.58061],[-108.86459,35.58061],[-108.8643,35.59468],[-108.84634,35.59473]]],[[[-108.86581,35.50001],[-108.86059,35.49998],[-108.8606,35.49516],[-108.85142,35.4953],[-108.85142,35.49249],[-108.86585,35.49252],[-108.86581,35.50001]]],[[[-108.86269,35.63854],[-108.86301,35.62367],[-108.88082,35.62382],[-108.88092,35.63867],[-108.86269,35.63854]]],[[[-108.88189,35.58065],[-108.86459,35.58061],[-108.86473,35.56485],[-108.88214,35.56602],[-108.88189,35.58065]]],[[[-108.86483,35.54469],[-108.86484,35.53739],[-108.88201,35.53736],[-108.88231,35.54464],[-108.86483,35.54469]]],[[[-108.88082,35.62382],[-108.8808,35.60904],[-108.90011,35.60894],[-108.89953,35.62381],[-108.88082,35.62382]]],[[[-108.88201,35.53736],[-108.88228,35.52966],[-108.90046,35.52986],[-108.90046,35.53728],[-108.88201,35.53736]]],[[[-108.88177,35.59481],[-108.88182,35.58718],[-108.89075,35.58719],[-108.89076,35.58042],[-108.90052,35.58048],[-108.90032,35.59482],[-108.88177,35.59481]]],[[[-108.90004,35.54467],[-108.90046,35.53728],[-108.90912,35.53729],[-108.909,35.54454],[-108.90004,35.54467]]],[[[-108.90027,35.57282],[-108.90028,35.56542],[-108.90937,35.56553],[-108.90936,35.57304],[-108.90027,35.57282]]],[[[-108.90011,35.60894],[-108.90032,35.59482],[-108.91896,35.59486],[-108.91893,35.60909],[-108.90011,35.60894]]],[[[-108.91855,35.48688],[-108.91808,35.47981],[-108.92755,35.47983],[-108.92732,35.48668],[-108.91855,35.48688]]],[[[-108.91889,35.50073],[-108.91896,35.49343],[-108.928,35.49353],[-108.92788,35.50065],[-108.91889,35.50073]]],[[[-108.91876,35.62396],[-108.91893,35.60909],[-108.9361,35.61015],[-108.93584,35.62359],[-108.91876,35.62396]]],[[[-108.93608,35.53738],[-108.91844,35.5374],[-108.91846,35.52235],[-108.9007,35.52237],[-108.90124,35.50751],[-108.89206,35.50748],[-108.89234,35.50121],[-108.88406,35.50105],[-108.88375,35.48717],[-108.89171,35.48728],[-108.89105,35.49619],[-108.90073,35.49659],[-108.9013,35.50751],[-108.92788,35.50777],[-108.92801,35.515],[-108.93701,35.51506],[-108.93608,35.53738]]],[[[-108.92788,35.50777],[-108.92789,35.5008],[-108.93671,35.50086],[-108.93703,35.50794],[-108.92788,35.50777]]],[[[-108.9463,35.52228],[-108.94628,35.51489],[-108.93701,35.51506],[-108.93708,35.50791],[-108.95419,35.50795],[-108.95501,35.5223],[-108.9463,35.52228]]],[[[-108.93555,35.63882],[-108.93584,35.62359],[-108.95503,35.62368],[-108.95487,35.63849],[-108.93555,35.63882]]],[[[-108.94648,35.6096],[-108.94648,35.60251],[-108.93616,35.6025],[-108.93609,35.59485],[-108.95535,35.59509],[-108.95516,35.60962],[-108.94648,35.6096]]],[[[-108.93607,35.55132],[-108.93608,35.53738],[-108.95508,35.53659],[-108.95601,35.55132],[-108.93607,35.55132]]],[[[-108.94758,35.57269],[-108.94752,35.57989],[-108.93595,35.58053],[-108.93609,35.59485],[-108.91896,35.59486],[-108.91881,35.58055],[-108.93594,35.58],[-108.93596,35.5616],[-108.91887,35.56179],[-108.91901,35.55106],[-108.93606,35.55133],[-108.93604,35.5581],[-108.94613,35.55828],[-108.94604,35.56519],[-108.95604,35.56524],[-108.95602,35.57281],[-108.94758,35.57269]]],[[[-108.97234,35.47993],[-108.95499,35.47987],[-108.95489,35.48945],[-108.95126,35.48939],[-108.95118,35.4826],[-108.94794,35.48251],[-108.94784,35.48546],[-108.93936,35.48553],[-108.93935,35.48938],[-108.93658,35.48934],[-108.93923,35.47983],[-108.95492,35.47987],[-108.95492,35.46527],[-108.97279,35.46514],[-108.97234,35.47993]]],[[[-108.95517,35.36516],[-108.95499,35.35107],[-108.97291,35.35094],[-108.9729,35.36519],[-108.95517,35.36516]]],[[[-108.95503,35.62368],[-108.95516,35.60962],[-108.97364,35.60968],[-108.97337,35.62374],[-108.95503,35.62368]]],[[[-108.95535,35.59509],[-108.95554,35.57993],[-108.9742,35.58041],[-108.97393,35.59535],[-108.95535,35.59509]]],[[[-108.97306,35.63838],[-108.97337,35.62374],[-108.98991,35.62384],[-108.98991,35.63827],[-108.97306,35.63838]]],[[[-108.97364,35.60968],[-108.97393,35.59535],[-108.98992,35.59555],[-108.98992,35.60972],[-108.97364,35.60968]]],[[[-108.98992,35.59555],[-108.98992,35.58008],[-109.00771,35.58077],[-109.00786,35.59573],[-108.98992,35.59555]]],[[[-108.98991,35.62384],[-108.98992,35.60972],[-109.00791,35.60973],[-109.00797,35.62391],[-108.98991,35.62384]]],[[[-109.00062,35.52956],[-109.00065,35.52231],[-108.98946,35.52192],[-108.99037,35.5146],[-108.99471,35.5146],[-108.99447,35.5177],[-109.00537,35.5177],[-109.00888,35.52965],[-109.00062,35.52956]]],[[[-109.00893,35.50845],[-108.99025,35.50839],[-108.99037,35.5146],[-108.98062,35.51455],[-108.98065,35.522],[-108.97351,35.52248],[-108.97276,35.50815],[-108.99023,35.5076],[-108.99017,35.49365],[-109.00935,35.49489],[-109.00893,35.50845]]],[[[-108.99999,35.20636],[-108.99996,35.19051],[-109.0181,35.19006],[-109.01804,35.20639],[-108.99999,35.20636]]],[[[-109.00885,35.52225],[-109.00893,35.50845],[-109.02624,35.50843],[-109.02561,35.52225],[-109.00885,35.52225]]],[[[-109.01706,35.46526],[-109.01706,35.47252],[-109.00956,35.47252],[-109.0095,35.48011],[-108.99018,35.48123],[-108.99066,35.46515],[-109.00948,35.46515],[-109.00946,35.45076],[-109.02627,35.45076],[-109.02636,35.4653],[-109.01706,35.46526]]],[[[-109.02641,35.63813],[-109.00801,35.63816],[-109.00797,35.62391],[-109.02647,35.62401],[-109.02641,35.63813]]],[[[-109.00791,35.60973],[-109.00786,35.59573],[-109.02663,35.59593],[-109.02655,35.60978],[-109.00791,35.60973]]],[[[-109.01793,35.24878],[-109.01793,35.2345],[-109.03581,35.23458],[-109.03578,35.2488],[-109.01793,35.24878]]],[[[-109.03393,35.64691],[-109.03394,35.63949],[-109.04205,35.6395],[-109.042,35.64685],[-109.03393,35.64691]]],[[[-109.02627,35.45076],[-109.02619,35.43758],[-109.04291,35.43747],[-109.0429,35.45076],[-109.02627,35.45076]]],[[[-109.02663,35.59593],[-109.02671,35.58139],[-109.04336,35.58188],[-109.04356,35.5961],[-109.02663,35.59593]]],[[[-109.04358,35.50841],[-109.02629,35.50837],[-109.02637,35.49373],[-109.0436,35.49401],[-109.04358,35.50841]]],[[[-109.02647,35.62401],[-109.02655,35.60978],[-109.04388,35.60997],[-109.04422,35.62413],[-109.02647,35.62401]]],[[[-109.21342,37.39282],[-109.20924,37.39985],[-109.20495,37.39984],[-109.20501,37.38894],[-109.22187,37.38911],[-109.22215,37.3928],[-109.21342,37.39282]]],[[[-109.344,35.21163],[-109.34394,35.20781],[-109.34876,35.20773],[-109.35031,35.19694],[-109.3681,35.19754],[-109.3676,35.21275],[-109.344,35.21163]],[[-109.35965,35.20324],[-109.35945,35.2057],[-109.36214,35.20578],[-109.35965,35.20324]]],[[[-109.36883,35.19143],[-109.36867,35.18256],[-109.37906,35.18294],[-109.37898,35.19104],[-109.36883,35.19143]]],[[[-109.36657,35.14552],[-109.36602,35.1297],[-109.38736,35.13],[-109.38702,35.14557],[-109.36657,35.14552]]],[[[-109.40727,35.19486],[-109.40647,35.18748],[-109.4179,35.18762],[-109.41776,35.19154],[-109.40727,35.19486]]],[[[-109.84151,37.16063],[-109.84158,37.15678],[-109.84704,37.15681],[-109.84151,37.16063]]],[[[-110.1462,35.80964],[-110.10088,35.80933],[-110.10028,35.79977],[-110.10966,35.78866],[-110.10296,35.78259],[-110.09041,35.79145],[-110.08342,35.79278],[-110.08435,35.75004],[-110.09241,35.7352],[-110.08169,35.70028],[-110.12783,35.696],[-110.14576,35.70866],[-110.19947,35.69243],[-110.21391,35.69203],[-110.2142,35.69458],[-110.22076,35.69613],[-110.22053,35.70063],[-110.23083,35.69728],[-110.2353,35.70395],[-110.23621,35.71973],[-110.1462,35.80964]]],[[[-110.26084,35.11236],[-110.26537,35.1051],[-110.25214,35.10507],[-110.25228,35.0978],[-110.26109,35.09783],[-110.26103,35.10146],[-110.27125,35.09786],[-110.27099,35.11187],[-110.26084,35.11236]]],[[[-110.27019,35.15592],[-110.27045,35.1414],[-110.28804,35.14129],[-110.28771,35.15579],[-110.27019,35.15592]]],[[[-110.27072,35.12689],[-110.27098,35.11237],[-110.28859,35.11229],[-110.28829,35.12679],[-110.27072,35.12689]]],[[[-110.35,35.11932],[-110.34981,35.12656],[-110.341,35.12658],[-110.34139,35.1121],[-110.35898,35.11205],[-110.3588,35.1193],[-110.35,35.11932]]],[[[-111.26608,35.17112],[-111.26832,35.1657],[-111.26182,35.16566],[-111.26004,35.17112],[-111.25506,35.17113],[-111.25508,35.16484],[-111.27055,35.16396],[-111.27054,35.16888],[-111.26608,35.17112]]],[[[-111.39457,35.61887],[-111.38573,35.61891],[-111.38576,35.6262],[-111.37673,35.62631],[-111.37681,35.61149],[-111.39467,35.61156],[-111.39457,35.61887]]],[[[-111.39481,35.6408],[-111.3949,35.62624],[-111.40347,35.62631],[-111.40358,35.63343],[-111.41293,35.63354],[-111.41269,35.64071],[-111.39481,35.6408]]],[[[-111.8874,36.37731],[-111.85216,36.38549],[-111.84781,36.38895],[-111.85238,36.39609],[-111.87196,36.39184],[-111.88111,36.39401],[-111.88325,36.39743],[-111.88325,36.40074],[-111.86864,36.41228],[-111.87241,36.42574],[-111.87024,36.431],[-111.85227,36.43522],[-111.84914,36.44581],[-111.83569,36.45438],[-111.84752,36.47926],[-111.84051,36.49239],[-111.84652,36.49659],[-111.85684,36.49782],[-111.85679,36.50397],[-111.8499,36.5108],[-111.84599,36.521],[-111.82803,36.53467],[-111.82514,36.54916],[-111.8114,36.56737],[-111.78856,36.57981],[-111.76592,36.60119],[-111.75761,36.61653],[-111.76408,36.62702],[-111.76069,36.64821],[-111.7438,36.65731],[-111.73713,36.68426],[-111.71436,36.69566],[-111.70789,36.72064],[-111.69583,36.7276],[-111.69248,36.74082],[-111.66513,36.75554],[-111.66342,36.76267],[-111.64782,36.78115],[-111.64253,36.79437],[-111.6433,36.80367],[-111.63523,36.80842],[-111.62801,36.82572],[-111.61793,36.83468],[-111.6162,36.84887],[-111.60784,36.85073],[-111.60002,36.85892],[-111.58448,36.86534],[-111.57762,36.8615],[-111.57681,36.85462],[-111.56925,36.84294],[-111.54483,36.84452],[-111.54364,36.84996],[-111.56624,36.86958],[-111.56427,36.87466],[-111.42506,36.87438],[-111.42508,36.90337],[-111.42103,36.90337],[-111.42097,36.92693],[-111.42549,36.92874],[-111.42446,36.93534],[-111.43121,36.93807],[-111.4313,36.94768],[-111.43728,36.95302],[-111.4387,36.95143],[-111.4434,36.96411],[-111.43535,36.96537],[-111.42919,36.95874],[-111.42573,36.96145],[-111.41633,36.95325],[-111.39768,36.95247],[-111.3992,36.95393],[-111.3859,36.95979],[-111.38004,36.96625],[-111.3842,36.96908],[-111.37966,36.97273],[-111.38186,36.97937],[-111.37925,36.98111],[-111.37437,36.97985],[-111.37475,36.97586],[-111.36679,36.96927],[-111.36101,36.96789],[-111.35983,36.96026],[-111.35357,36.96143],[-111.35389,36.95759],[-111.34754,36.95696],[-111.34608,36.95153],[-111.33674,36.95189],[-111.33472,36.95459],[-111.32607,36.95015],[-111.32997,36.94561],[-111.32917,36.94129],[-111.31815,36.93746],[-111.32216,36.93155],[-111.33,36.9311],[-111.32803,36.9288],[-111.33152,36.92642],[-111.32028,36.92827],[-111.3223,36.91942],[-111.3186,36.92221],[-111.31453,36.92019],[-111.31441,36.91329],[-111.30959,36.91479],[-111.30314,36.90986],[-111.27977,36.91171],[-111.28421,36.89747],[-111.26462,36.89356],[-111.2617,36.88774],[-111.25509,36.88969],[-111.25109,36.88417],[-111.24699,36.88376],[-111.2476,36.88085],[-111.24042,36.88108],[-111.23762,36.87562],[-111.23441,36.87797],[-111.22943,36.86817],[-111.22523,36.86676],[-111.22497,36.86377],[-111.21108,36.8565],[-111.21621,36.8438],[-111.21043,36.85609],[-111.21293,36.85936],[-111.20584,36.85911],[-111.20258,36.86184],[-111.19753,36.86054],[-111.18415,36.86115],[-111.18533,36.85911],[-111.18322,36.85832],[-111.18469,36.85651],[-111.18476,36.85508],[-111.18025,36.85481],[-111.18419,36.85508],[-111.18281,36.85827],[-111.18506,36.85946],[-111.18337,36.86133],[-111.20305,36.86234],[-111.21504,36.85981],[-111.22429,36.86471],[-111.22059,36.8691],[-111.22871,36.86901],[-111.2272,36.87206],[-111.23407,36.8791],[-111.23751,36.87734],[-111.24029,36.88207],[-111.24628,36.88215],[-111.24553,36.88464],[-111.24992,36.88788],[-111.24776,36.88984],[-111.2507,36.88738],[-111.2536,36.89075],[-111.25879,36.88937],[-111.26445,36.89633],[-111.27915,36.89856],[-111.2814,36.9017],[-111.27763,36.90973],[-111.27107,36.9082],[-111.27579,36.91003],[-111.27626,36.91475],[-111.3049,36.91605],[-111.30692,36.9185],[-111.3039,36.91877],[-111.31756,36.9271],[-111.31325,36.93774],[-111.32666,36.94416],[-111.32344,36.94637],[-111.3243,36.95223],[-111.32845,36.95148],[-111.32826,36.95494],[-111.33333,36.95729],[-111.34273,36.95518],[-111.34253,36.95818],[-111.35079,36.95989],[-111.35498,36.96487],[-111.35822,36.9628],[-111.35753,36.96893],[-111.36446,36.97026],[-111.36824,36.97671],[-111.37264,36.97789],[-111.36952,36.98119],[-111.37994,36.98402],[-111.3879,36.98051],[-111.39234,36.98401],[-111.39357,36.98149],[-111.39978,36.99305],[-111.40731,36.998],[-111.40615,37.00148],[-111.3554,37.00109],[-111.352,37.00537],[-111.34266,37.00513],[-111.3366,37.01073],[-111.31785,37.01227],[-111.31609,37.00077],[-111.30797,36.99966],[-111.30654,36.99372],[-111.30195,36.99893],[-111.29793,36.99867],[-111.2918,36.99415],[-111.29417,36.99063],[-111.28657,36.99073],[-111.28781,36.98714],[-111.28329,36.98336],[-111.28751,36.98716],[-111.28579,36.99153],[-111.2915,36.99241],[-111.2904,36.9951],[-111.298,37.00062],[-111.30362,37.01036],[-111.3014,37.01229],[-111.29358,37.00919],[-111.28635,37.01311],[-111.29391,37.02204],[-111.28279,37.0346],[-111.27567,37.03314],[-111.27382,37.02786],[-111.26644,37.03042],[-111.26675,37.024],[-111.27184,37.01796],[-111.26904,37.01311],[-111.26553,37.01411],[-111.26931,37.00904],[-111.26745,37.00453],[-111.26184,37.00787],[-111.25652,37.00664],[-111.2527,37.002],[-111.25474,36.99394],[-111.24978,36.99986],[-111.24989,36.99299],[-111.24394,36.99732],[-111.24468,36.99972],[-111.23824,36.99791],[-111.23442,36.99133],[-111.24318,36.98224],[-111.23999,36.9795],[-111.24129,36.98312],[-111.23557,36.98862],[-111.23363,36.98629],[-111.23135,36.99349],[-111.22646,36.99231],[-111.22017,36.98469],[-111.22138,36.98263],[-111.217,36.98087],[-111.21911,36.97889],[-111.21527,36.97784],[-111.21224,36.96901],[-111.21557,36.97972],[-111.20929,36.98273],[-111.20864,36.9837],[-111.21901,36.98234],[-111.22307,36.99065],[-111.2209,36.99243],[-111.22418,36.99278],[-111.2211,36.9948],[-111.22727,36.99412],[-111.22629,36.99879],[-111.23077,36.99724],[-111.2312,37.00102],[-111.23803,37.00104],[-111.23721,37.00507],[-111.24623,37.00613],[-111.24707,37.01285],[-111.2509,37.01555],[-111.24677,37.02069],[-111.23325,37.01765],[-111.23084,37.0143],[-111.23228,37.02066],[-111.22832,37.01924],[-111.23045,37.02174],[-111.22235,37.03089],[-111.22529,37.03504],[-111.22179,37.04007],[-111.2173,37.0382],[-111.21295,37.02963],[-111.20552,37.02721],[-111.2069,37.02471],[-111.20492,37.02684],[-111.20221,37.02431],[-111.20079,37.03036],[-111.1976,37.02929],[-111.19898,37.02378],[-111.19668,37.01859],[-111.19513,37.01803],[-111.19692,37.02353],[-111.19197,37.02892],[-111.17456,37.02267],[-111.17542,37.01876],[-111.16549,37.01991],[-111.16626,37.01312],[-111.16982,37.01287],[-111.15877,37.0128],[-111.15688,37.00766],[-111.15373,37.00855],[-111.14125,37.00029],[-111.14065,36.99585],[-111.1372,36.9976],[-111.13389,36.99104],[-111.12828,36.99111],[-111.13084,36.98936],[-111.12847,36.98869],[-111.12719,36.98483],[-111.12443,36.98299],[-111.12768,36.9889],[-111.13053,36.98949],[-111.12747,36.9909],[-111.12793,36.99206],[-111.13288,36.99156],[-111.1361,36.99856],[-111.14034,36.99857],[-111.14346,37.00456],[-111.13878,37.00487],[-111.14606,37.00559],[-111.15537,37.01238],[-111.14516,37.0129],[-111.14678,37.01498],[-111.15768,37.01383],[-111.16105,37.01819],[-111.16411,37.01671],[-111.16324,37.02174],[-111.16793,37.02203],[-111.16479,37.02484],[-111.17189,37.02417],[-111.17261,37.02887],[-111.19439,37.03102],[-111.19575,37.03548],[-111.20831,37.03911],[-111.19719,37.04827],[-111.19472,37.04233],[-111.18712,37.04245],[-111.19119,37.04453],[-111.1918,37.05088],[-111.18612,37.04729],[-111.18651,37.05001],[-111.18226,37.05088],[-111.19013,37.05252],[-111.19304,37.0565],[-111.18858,37.06013],[-111.19335,37.06332],[-111.19316,37.06643],[-111.18871,37.06466],[-111.18725,37.07028],[-111.19924,37.06932],[-111.1804,37.08104],[-111.181,37.08353],[-111.17326,37.08474],[-111.16886,37.09373],[-111.16259,37.09441],[-111.16061,37.09013],[-111.16468,37.08657],[-111.15858,37.08206],[-111.15931,37.07656],[-111.1524,37.07202],[-111.15298,37.06831],[-111.1519,37.06698],[-111.15021,37.07217],[-111.15309,37.07836],[-111.14752,37.07966],[-111.15139,37.08288],[-111.14984,37.08772],[-111.14263,37.08758],[-111.14227,37.08299],[-111.13162,37.07786],[-111.13567,37.08386],[-111.13185,37.08807],[-111.12205,37.08918],[-111.1122,37.08401],[-111.11343,37.08109],[-111.10706,37.07592],[-111.11161,37.07259],[-111.10903,37.07153],[-111.11167,37.06932],[-111.11007,37.06535],[-111.113,37.06444],[-111.10877,37.05824],[-111.10639,37.05786],[-111.10101,37.05241],[-111.09847,37.05146],[-111.09669,37.04557],[-111.09529,37.04498],[-111.09832,37.05162],[-111.10571,37.05833],[-111.10776,37.05828],[-111.10984,37.06329],[-111.10896,37.06717],[-111.10588,37.06622],[-111.10921,37.06887],[-111.10355,37.06878],[-111.10232,37.07483],[-111.0934,37.07158],[-111.0981,37.07472],[-111.0973,37.07724],[-111.10519,37.08042],[-111.10195,37.08264],[-111.11212,37.08735],[-111.10988,37.09021],[-111.11821,37.10011],[-111.09619,37.10153],[-111.09058,37.09978],[-111.08758,37.09497],[-111.08784,37.0982],[-111.08316,37.10033],[-111.0783,37.0947],[-111.07669,37.10131],[-111.06727,37.09889],[-111.06559,37.08992],[-111.07301,37.08679],[-111.07042,37.08549],[-111.07386,37.07998],[-111.07004,37.08336],[-111.06299,37.08179],[-111.06521,37.07029],[-111.06013,37.07227],[-111.05971,37.0654],[-111.05805,37.06351],[-111.05881,37.06135],[-111.06175,37.0602],[-111.06198,37.05926],[-111.05897,37.06098],[-111.05906,37.06017],[-111.05695,37.05867],[-111.05677,37.05622],[-111.05692,37.05901],[-111.05871,37.0603],[-111.05785,37.06303],[-111.05805,37.06419],[-111.05235,37.06131],[-111.05922,37.06532],[-111.05926,37.07437],[-111.056,37.07456],[-111.06069,37.07913],[-111.05948,37.08355],[-111.05253,37.08419],[-111.05088,37.08671],[-111.06123,37.08648],[-111.05778,37.09467],[-111.05935,37.09831],[-111.05222,37.09476],[-111.04951,37.09715],[-111.0373,37.09522],[-111.04544,37.09756],[-111.03975,37.1041],[-111.03524,37.10289],[-111.03526,37.10547],[-111.02275,37.11005],[-111.0172,37.10515],[-111.00866,37.07822],[-111.00936,37.08245],[-111.00628,37.08456],[-111.00927,37.08477],[-111.00955,37.08878],[-111.0042,37.0876],[-111.01168,37.09246],[-111.00536,37.09315],[-111.0126,37.09459],[-111.01314,37.09733],[-111.00656,37.09723],[-111.01474,37.10069],[-111.01259,37.10413],[-111.01645,37.10729],[-111.01592,37.11131],[-111.00657,37.11209],[-110.99686,37.10524],[-111.00141,37.11001],[-110.98714,37.10936],[-110.97497,37.11396],[-110.97644,37.10385],[-110.9731,37.10182],[-110.98108,37.09544],[-110.97674,37.09371],[-110.98053,37.09305],[-110.98411,37.08621],[-110.98153,37.08482],[-110.98444,37.08249],[-110.97913,37.08357],[-110.98338,37.07849],[-110.98414,37.07377],[-110.98173,37.07366],[-110.98522,37.07133],[-110.9851,37.07059],[-110.98233,37.0706],[-110.98237,37.06934],[-110.98199,37.07049],[-110.98236,37.07081],[-110.98501,37.07085],[-110.98073,37.0738],[-110.98362,37.07607],[-110.98232,37.07958],[-110.97831,37.08105],[-110.97832,37.08546],[-110.98146,37.08627],[-110.9778,37.08825],[-110.98074,37.08917],[-110.97884,37.09188],[-110.97225,37.08789],[-110.97283,37.08353],[-110.97004,37.08004],[-110.97217,37.08826],[-110.96684,37.08757],[-110.97605,37.09198],[-110.97587,37.09657],[-110.96845,37.09956],[-110.97211,37.09882],[-110.97119,37.10104],[-110.9742,37.10322],[-110.97203,37.10835],[-110.96791,37.10731],[-110.97302,37.10909],[-110.97416,37.11234],[-110.96979,37.11542],[-110.97379,37.11527],[-110.97273,37.12132],[-110.97512,37.1226],[-110.95983,37.12331],[-110.96593,37.12104],[-110.96769,37.11645],[-110.9633,37.11384],[-110.96334,37.10954],[-110.96131,37.10688],[-110.9629,37.11229],[-110.96027,37.11148],[-110.96645,37.11778],[-110.95882,37.12177],[-110.96216,37.11645],[-110.95839,37.11616],[-110.95927,37.11368],[-110.94606,37.11449],[-110.94312,37.10906],[-110.93171,37.1045],[-110.93794,37.11053],[-110.94175,37.11023],[-110.93975,37.11318],[-110.94343,37.11444],[-110.93694,37.12261],[-110.94206,37.1307],[-110.9386,37.13421],[-110.94238,37.13361],[-110.94572,37.13853],[-110.94215,37.14085],[-110.94592,37.14254],[-110.94515,37.14652],[-110.94215,37.14545],[-110.94326,37.14215],[-110.93145,37.14],[-110.93142,37.13423],[-110.92596,37.13029],[-110.92279,37.12903],[-110.92888,37.13627],[-110.9159,37.12914],[-110.92044,37.13377],[-110.91569,37.1353],[-110.92304,37.13382],[-110.92518,37.13609],[-110.91909,37.13965],[-110.92884,37.13682],[-110.92655,37.13826],[-110.93501,37.14415],[-110.94164,37.14404],[-110.9306,37.14884],[-110.92523,37.14716],[-110.92306,37.1475],[-110.93072,37.14959],[-110.92388,37.16032],[-110.92295,37.17016],[-110.91123,37.16606],[-110.905,37.16525],[-110.92141,37.17263],[-110.91646,37.17542],[-110.90147,37.17126],[-110.89329,37.1761],[-110.88441,37.17234],[-110.87374,37.18953],[-110.86658,37.19544],[-110.86257,37.19325],[-110.86549,37.18803],[-110.87769,37.17626],[-110.87472,37.16845],[-110.86497,37.16579],[-110.8725,37.15315],[-110.86793,37.15682],[-110.86598,37.15372],[-110.86177,37.17116],[-110.86506,37.18032],[-110.86131,37.18082],[-110.86039,37.16984],[-110.85477,37.1644],[-110.85401,37.16814],[-110.84332,37.17119],[-110.83793,37.17838],[-110.83562,37.16972],[-110.82788,37.15953],[-110.81732,37.15884],[-110.81313,37.14861],[-110.81003,37.16365],[-110.80222,37.168],[-110.78776,37.16823],[-110.78433,37.1648],[-110.7828,37.17368],[-110.77635,37.16757],[-110.7705,37.17002],[-110.77146,37.16079],[-110.76749,37.1627],[-110.76593,37.1521],[-110.76292,37.15157],[-110.76581,37.15245],[-110.76439,37.16047],[-110.76846,37.16367],[-110.76807,37.16971],[-110.75603,37.16893],[-110.7534,37.17507],[-110.74162,37.17379],[-110.73976,37.16881],[-110.74234,37.16926],[-110.74621,37.16775],[-110.7472,37.1654],[-110.74531,37.16116],[-110.74561,37.16759],[-110.73933,37.16804],[-110.73869,37.17413],[-110.7312,37.17566],[-110.72845,37.1865],[-110.72276,37.18949],[-110.71865,37.1775],[-110.71057,37.17262],[-110.70787,37.16495],[-110.70162,37.16446],[-110.69669,37.15435],[-110.6974,37.14813],[-110.69005,37.14518],[-110.69537,37.14953],[-110.69526,37.16293],[-110.69735,37.16213],[-110.70197,37.16928],[-110.70003,37.17596],[-110.69822,37.17273],[-110.6892,37.16978],[-110.68942,37.17225],[-110.67851,37.16622],[-110.67995,37.16913],[-110.67653,37.17041],[-110.6787,37.1736],[-110.67539,37.17872],[-110.66956,37.18042],[-110.66925,37.18371],[-110.66076,37.18251],[-110.65642,37.18649],[-110.65342,37.18151],[-110.64912,37.18021],[-110.65565,37.18871],[-110.64909,37.19212],[-110.65215,37.19838],[-110.64678,37.19939],[-110.65317,37.20898],[-110.65143,37.21041],[-110.65494,37.21676],[-110.6517,37.2195],[-110.65681,37.22175],[-110.6644,37.21812],[-110.671,37.21918],[-110.66104,37.22878],[-110.65974,37.23756],[-110.6725,37.24264],[-110.68624,37.24356],[-110.68982,37.247],[-110.69927,37.24688],[-110.70807,37.25279],[-110.70828,37.26062],[-110.70074,37.26665],[-110.68481,37.25993],[-110.6726,37.25068],[-110.6564,37.25598],[-110.65369,37.24136],[-110.64068,37.23841],[-110.63265,37.2327],[-110.63179,37.23522],[-110.62586,37.22819],[-110.62569,37.22178],[-110.61341,37.22024],[-110.61205,37.21104],[-110.60516,37.20675],[-110.6026,37.20021],[-110.60152,37.20406],[-110.59891,37.20133],[-110.5926,37.20327],[-110.59024,37.1984],[-110.58263,37.20536],[-110.57334,37.20797],[-110.57237,37.20555],[-110.56983,37.21004],[-110.56398,37.20909],[-110.56701,37.20163],[-110.57332,37.19716],[-110.57005,37.19276],[-110.56681,37.19316],[-110.56926,37.18889],[-110.56407,37.18797],[-110.56475,37.18715],[-110.56343,37.1851],[-110.55831,37.18634],[-110.55838,37.18301],[-110.55754,37.18643],[-110.55921,37.18713],[-110.56336,37.1857],[-110.5631,37.18777],[-110.56652,37.1902],[-110.56548,37.19519],[-110.56158,37.19301],[-110.56417,37.20468],[-110.55697,37.21795],[-110.54112,37.21639],[-110.53228,37.2194],[-110.52126,37.21638],[-110.51244,37.20806],[-110.51509,37.21309],[-110.51301,37.21738],[-110.51563,37.2179],[-110.5133,37.22965],[-110.51054,37.23105],[-110.51487,37.23647],[-110.50981,37.23817],[-110.51297,37.23928],[-110.51331,37.24081],[-110.50771,37.24039],[-110.51138,37.24321],[-110.50584,37.24401],[-110.50801,37.24636],[-110.50564,37.2472],[-110.50913,37.24828],[-110.50427,37.25437],[-110.49,37.25827],[-110.47334,37.25362],[-110.46639,37.25699],[-110.46527,37.26079],[-110.45969,37.25369],[-110.46405,37.26135],[-110.45994,37.26308],[-110.44982,37.2516],[-110.44646,37.2536],[-110.43953,37.24703],[-110.4284,37.24982],[-110.42733,37.24686],[-110.42617,37.24934],[-110.42508,37.2421],[-110.42105,37.2433],[-110.42309,37.24488],[-110.41915,37.24594],[-110.42421,37.24746],[-110.42252,37.25755],[-110.42025,37.25923],[-110.4163,37.25786],[-110.41733,37.25601],[-110.41266,37.25853],[-110.40721,37.25334],[-110.40625,37.25589],[-110.41245,37.26381],[-110.40562,37.27417],[-110.40716,37.2767],[-110.41132,37.27446],[-110.41134,37.28522],[-110.40808,37.29091],[-110.35039,37.28342],[-110.35006,37.29014],[-110.34206,37.29536],[-110.31325,37.30529],[-110.3049,37.29309],[-110.29316,37.28501],[-110.28605,37.28431],[-110.26019,37.29726],[-110.23209,37.29431],[-110.21885,37.30362],[-110.20796,37.31784],[-110.19583,37.31998],[-110.16782,37.31706],[-110.15074,37.32045],[-110.14853,37.31598],[-110.15401,37.30371],[-110.11511,37.29091],[-110.09995,37.273],[-110.09288,37.25754],[-110.07685,37.25331],[-110.07613,37.24367],[-110.07233,37.23985],[-110.04712,37.24641],[-110.03933,37.23952],[-110.04464,37.23429],[-110.0373,37.22555],[-110.03579,37.21856],[-110.02794,37.21547],[-110.02108,37.22599],[-110.01108,37.22769],[-110.01121,37.22138],[-109.99918,37.21393],[-110.00752,37.20693],[-110.00537,37.20138],[-109.99737,37.20119],[-109.99118,37.21263],[-109.98177,37.21305],[-109.98051,37.20842],[-109.9866,37.20173],[-109.98438,37.19686],[-109.96979,37.19994],[-109.95899,37.19157],[-109.96456,37.183],[-109.9586,37.18058],[-109.95804,37.17392],[-109.95,37.16634],[-109.94213,37.17318],[-109.93175,37.17344],[-109.94312,37.1645],[-109.94555,37.16024],[-109.94324,37.15622],[-109.93502,37.15409],[-109.92592,37.17046],[-109.92572,37.16242],[-109.91756,37.16049],[-109.91419,37.17675],[-109.91084,37.18039],[-109.90445,37.17274],[-109.89511,37.18193],[-109.88848,37.18252],[-109.88822,37.18012],[-109.89538,37.17707],[-109.88598,37.1646],[-109.8985,37.15725],[-109.89871,37.15366],[-109.88896,37.15757],[-109.88511,37.15553],[-109.88384,37.14832],[-109.88114,37.14835],[-109.87525,37.15472],[-109.85682,37.14425],[-109.85046,37.15295],[-109.83794,37.14892],[-109.83793,37.16209],[-109.8293,37.16666],[-109.85288,37.18282],[-109.85404,37.18796],[-109.85045,37.19496],[-109.84328,37.18543],[-109.83367,37.17971],[-109.81552,37.17948],[-109.80621,37.19017],[-109.80144,37.19088],[-109.78652,37.18888],[-109.78401,37.18326],[-109.77941,37.18508],[-109.77434,37.1815],[-109.76618,37.18172],[-109.7641,37.18511],[-109.77099,37.18947],[-109.76864,37.19543],[-109.76347,37.20217],[-109.75174,37.20472],[-109.74779,37.21517],[-109.73878,37.2031],[-109.74273,37.19583],[-109.73404,37.19846],[-109.73191,37.1916],[-109.72551,37.19109],[-109.7161,37.19771],[-109.71,37.21313],[-109.67244,37.22357],[-109.6714,37.22936],[-109.66439,37.23539],[-109.65943,37.23406],[-109.64736,37.2409],[-109.63497,37.24269],[-109.61928,37.24031],[-109.62083,37.25546],[-109.60721,37.25862],[-109.59962,37.26504],[-109.58973,37.26137],[-109.59207,37.25867],[-109.56267,37.27169],[-109.54417,37.27145],[-109.53774,37.27714],[-109.52039,37.27489],[-109.50469,37.27976],[-109.46914,37.28317],[-109.44248,37.27335],[-109.43163,37.27603],[-109.42642,37.28297],[-109.41338,37.28334],[-109.40386,37.27518],[-109.37768,37.26919],[-109.36497,37.26203],[-109.34435,37.26845],[-109.33153,37.26819],[-109.33137,37.27357],[-109.33895,37.28021],[-109.33149,37.29736],[-109.33094,37.31667],[-109.3493,37.31657],[-109.34928,37.32019],[-109.35324,37.32024],[-109.35315,37.3314],[-109.37587,37.33125],[-109.3756,37.32442],[-109.38047,37.32434],[-109.3806,37.32063],[-109.39437,37.32056],[-109.39439,37.32433],[-109.40341,37.32787],[-109.4033,37.33927],[-109.3989,37.33925],[-109.39874,37.34948],[-109.39378,37.34952],[-109.39392,37.36009],[-109.45297,37.36002],[-109.45203,37.36826],[-109.43942,37.37477],[-109.43464,37.38354],[-109.43739,37.38917],[-109.42193,37.38902],[-109.42191,37.41083],[-109.41288,37.41089],[-109.4129,37.43259],[-109.40375,37.43255],[-109.40366,37.447],[-109.3669,37.44712],[-109.36701,37.4617],[-109.34918,37.46149],[-109.34928,37.44685],[-109.30443,37.44705],[-109.30463,37.46129],[-109.27723,37.46136],[-109.27729,37.44698],[-109.24123,37.44695],[-109.24112,37.43223],[-109.22396,37.43225],[-109.22413,37.42914],[-109.21534,37.42913],[-109.21551,37.43225],[-109.19611,37.43247],[-109.1873,37.42938],[-109.18668,37.40347],[-109.20929,37.40333],[-109.2094,37.40738],[-109.21364,37.40761],[-109.21388,37.41108],[-109.20475,37.41111],[-109.20456,37.42484],[-109.21386,37.42153],[-109.20961,37.4137],[-109.22292,37.41418],[-109.22271,37.40378],[-109.21347,37.4037],[-109.21357,37.40002],[-109.21877,37.39997],[-109.21881,37.39594],[-109.23184,37.39608],[-109.23565,37.38904],[-109.22187,37.38911],[-109.2224,37.375],[-109.13212,37.37463],[-109.13049,37.34396],[-109.1146,37.3452],[-109.11435,37.35991],[-109.0958,37.35986],[-109.0959,37.34545],[-109.07736,37.34546],[-109.07737,37.35981],[-109.04584,37.35972],[-109.04522,36.99908],[-108.53641,36.99932],[-108.5363,36.85032],[-108.5006,36.85031],[-108.50064,36.84279],[-108.49078,36.84275],[-108.49078,36.85026],[-108.46284,36.85005],[-108.46274,36.84305],[-108.45847,36.84305],[-108.45841,36.83979],[-108.46735,36.83976],[-108.46747,36.83436],[-108.47638,36.83099],[-108.47633,36.82701],[-108.48111,36.82701],[-108.48107,36.82429],[-108.48882,36.82427],[-108.48878,36.82167],[-108.53684,36.82169],[-108.53684,36.80739],[-108.52111,36.80739],[-108.52111,36.79282],[-108.5369,36.79282],[-108.53761,36.74639],[-108.52394,36.74562],[-108.49266,36.75547],[-108.45983,36.74208],[-108.43932,36.74108],[-108.41612,36.75086],[-108.39222,36.72554],[-108.37458,36.73124],[-108.36326,36.72671],[-108.34913,36.73003],[-108.34041,36.72369],[-108.32783,36.7205],[-108.31717,36.72443],[-108.30168,36.72115],[-108.28712,36.73039],[-108.28282,36.73155],[-108.27828,36.72812],[-108.26639,36.73009],[-108.25639,36.73676],[-108.25213,36.73558],[-108.25298,36.66994],[-108.22414,36.66996],[-108.22414,36.67613],[-108.19251,36.6761],[-108.19247,36.67195],[-108.20303,36.66944],[-108.20305,36.66267],[-108.2076,36.66268],[-108.20761,36.65881],[-108.20273,36.6587],[-108.20294,36.651],[-108.19284,36.64672],[-108.15666,36.64753],[-108.15253,36.65487],[-108.14814,36.65505],[-108.14787,36.66235],[-108.13965,36.66247],[-108.13971,36.66936],[-108.13449,36.66938],[-108.1346,36.67637],[-108.1127,36.67614],[-108.11265,36.68377],[-108.11789,36.68382],[-108.11783,36.68715],[-108.10888,36.68715],[-108.10888,36.69079],[-108.10462,36.69043],[-108.10372,36.67621],[-108.10772,36.67603],[-108.108,36.65474],[-108.09529,36.65481],[-108.09527,36.65816],[-108.08533,36.65833],[-108.08546,36.66237],[-108.07192,36.66221],[-108.07157,36.6578],[-108.06754,36.65778],[-108.06763,36.64769],[-108.06351,36.64763],[-108.06358,36.64386],[-108.05921,36.64386],[-108.05501,36.63706],[-108.03623,36.6398],[-108.03632,36.62886],[-108.04046,36.6283],[-108.04015,36.61774],[-108.01847,36.62155],[-108.01839,36.60351],[-108.01278,36.60352],[-108.01242,36.59728],[-108.00339,36.59731],[-108.00337,36.59289],[-108.00903,36.59285],[-108.00899,36.58939],[-108.00394,36.58927],[-108.00041,36.57512],[-107.99554,36.57514],[-107.99283,36.56745],[-107.98843,36.56752],[-107.98337,36.56028],[-107.98221,36.4738],[-107.97237,36.4738],[-107.97236,36.48095],[-107.96357,36.48116],[-107.96379,36.46601],[-108.00988,36.46585],[-108.00982,36.45099],[-107.99163,36.45112],[-107.99159,36.44381],[-107.98232,36.44382],[-107.98234,36.4148],[-107.96452,36.41458],[-107.96453,36.43376],[-107.97278,36.43048],[-107.97277,36.44391],[-107.96496,36.44393],[-107.96487,36.43707],[-107.95529,36.43704],[-107.95535,36.43049],[-107.94679,36.43052],[-107.9469,36.40846],[-107.93814,36.40846],[-107.93789,36.423],[-107.92901,36.4232],[-107.92923,36.41622],[-107.91931,36.41627],[-107.91925,36.40022],[-107.93797,36.40017],[-107.93795,36.39381],[-107.95459,36.39355],[-107.9545,36.38612],[-107.92959,36.38647],[-107.92952,36.37966],[-107.92055,36.37958],[-107.92077,36.36519],[-107.93822,36.36544],[-107.93816,36.37139],[-107.94673,36.37142],[-107.94665,36.36439],[-107.95427,36.36437],[-107.95427,36.35664],[-107.96347,36.35663],[-107.96349,36.37207],[-107.97359,36.37183],[-107.97363,36.37909],[-107.98246,36.37914],[-107.98244,36.37239],[-108.00002,36.37238],[-108.00002,36.36489],[-107.99095,36.3651],[-107.99096,36.35833],[-107.99985,36.35815],[-107.99966,36.35049],[-108.02665,36.35024],[-108.02658,36.35842],[-108.01869,36.35814],[-108.01869,36.37961],[-108.03654,36.37942],[-108.03656,36.39377],[-108.00038,36.39369],[-108.00035,36.40097],[-107.99173,36.40109],[-107.99135,36.4082],[-108.00036,36.40823],[-108.00031,36.41585],[-108.01034,36.41586],[-108.01032,36.42238],[-108.0275,36.42232],[-108.02757,36.41591],[-108.03677,36.41593],[-108.03662,36.42292],[-108.0549,36.42229],[-108.05498,36.40849],[-108.06268,36.40855],[-108.06303,36.40134],[-108.05448,36.40136],[-108.05481,36.40853],[-108.02776,36.40844],[-108.02741,36.40168],[-108.04562,36.40172],[-108.04569,36.38696],[-108.06306,36.38685],[-108.06306,36.3938],[-108.07169,36.39377],[-108.07171,36.38674],[-108.08043,36.38669],[-108.08047,36.40079],[-108.07201,36.40082],[-108.07202,36.40788],[-108.1263,36.40751],[-108.12604,36.37925],[-108.11692,36.37925],[-108.11692,36.37183],[-108.12677,36.37183],[-108.12678,36.3617],[-108.12208,36.36157],[-108.12205,36.35737],[-108.11287,36.35395],[-108.11288,36.35032],[-108.10338,36.35043],[-108.10324,36.33587],[-108.11869,36.33576],[-108.12007,36.32826],[-108.12436,36.32837],[-108.12455,36.32163],[-108.13106,36.32155],[-108.13108,36.30691],[-108.14037,36.30437],[-108.14036,36.30026],[-108.14991,36.30025],[-108.1499,36.29672],[-108.15309,36.29672],[-108.15304,36.2641],[-108.16331,36.2643],[-108.16328,36.26809],[-108.17683,36.26811],[-108.17674,36.26412],[-108.16836,36.26435],[-108.16823,36.25647],[-108.14577,36.25655],[-108.14573,36.26014],[-108.13232,36.26003],[-108.13229,36.26396],[-108.09237,36.26395],[-108.09243,36.24909],[-108.08144,36.24914],[-108.08097,36.25608],[-108.07194,36.25608],[-108.07353,36.22757],[-108.08198,36.22749],[-108.08162,36.23494],[-108.09207,36.23474],[-108.09241,36.22767],[-108.1114,36.2278],[-108.11129,36.23479],[-108.10266,36.23486],[-108.10091,36.24908],[-108.11349,36.24889],[-108.11343,36.24221],[-108.13037,36.24224],[-108.13134,36.21976],[-108.12732,36.21986],[-108.12732,36.21356],[-108.14027,36.2135],[-108.14027,36.21725],[-108.1446,36.21724],[-108.14311,36.22443],[-108.15156,36.22532],[-108.1516,36.23187],[-108.1679,36.22836],[-108.16739,36.19309],[-108.1852,36.19368],[-108.185,36.20719],[-108.21109,36.20722],[-108.21115,36.2104],[-108.22078,36.21034],[-108.2208,36.21651],[-108.23841,36.21721],[-108.23841,36.20971],[-108.24392,36.20966],[-108.24396,36.20626],[-108.25696,36.20631],[-108.25695,36.192],[-108.2656,36.192],[-108.2656,36.17691],[-108.2717,36.1769],[-108.27185,36.16284],[-108.23894,36.16268],[-108.23888,36.15552],[-108.2209,36.15489],[-108.22068,36.16251],[-108.23821,36.16254],[-108.23817,36.19914],[-108.22949,36.19909],[-108.22949,36.19192],[-108.19352,36.19174],[-108.19353,36.18503],[-108.18553,36.18507],[-108.18569,36.16994],[-108.17612,36.16978],[-108.1758,36.17734],[-108.16722,36.17726],[-108.16743,36.16273],[-108.14857,36.16263],[-108.14862,36.15508],[-108.13077,36.15513],[-108.13097,36.12636],[-108.11301,36.12625],[-108.11298,36.13389],[-108.09455,36.13379],[-108.09468,36.11889],[-108.11217,36.11899],[-108.11232,36.10446],[-108.13151,36.1045],[-108.13045,36.08958],[-108.14841,36.08967],[-108.14841,36.07643],[-108.13058,36.0762],[-108.13011,36.04636],[-108.09432,36.04671],[-108.09471,36.03245],[-108.0672,36.03234],[-108.06693,36.04655],[-108.05806,36.04603],[-108.05779,36.01693],[-108.07551,36.01728],[-108.07571,36.00254],[-108.02208,36.00231],[-108.02196,35.9878],[-108.05635,35.98739],[-108.05656,35.92904],[-108.07491,35.92885],[-108.07514,35.91414],[-108.09288,35.91432],[-108.09159,35.89833],[-108.05578,35.89979],[-108.05553,35.89188],[-108.06487,35.89144],[-108.06449,35.87701],[-108.07397,35.87704],[-108.07393,35.87075],[-108.05544,35.87109],[-108.0556,35.84137],[-108.07476,35.84131],[-108.07483,35.82688],[-108.09219,35.82692],[-108.09258,35.79054],[-108.07452,35.79063],[-108.07458,35.78363],[-108.11102,35.78328],[-108.11076,35.76893],[-108.07438,35.76885],[-108.07435,35.73998],[-107.94967,35.73954],[-107.94946,35.66691],[-107.9678,35.667],[-107.96786,35.65341],[-107.98068,35.65283],[-107.98068,35.63839],[-107.96316,35.63831],[-107.96316,35.65275],[-107.92742,35.65304],[-107.92803,35.63792],[-107.9457,35.63797],[-107.94541,35.62306],[-107.93629,35.62316],[-107.93618,35.61584],[-107.92793,35.61589],[-107.92721,35.6082],[-107.94552,35.60821],[-107.94552,35.59443],[-107.92703,35.59404],[-107.92686,35.58066],[-107.94561,35.57999],[-107.94568,35.57227],[-107.95509,35.57264],[-107.95511,35.57987],[-107.9711,35.5802],[-107.97184,35.56694],[-107.98129,35.56643],[-107.98123,35.52974],[-107.97169,35.5298],[-107.9723,35.52181],[-107.96318,35.52169],[-107.96325,35.50699],[-107.97226,35.50702],[-107.97243,35.49991],[-107.98109,35.50008],[-107.98163,35.50732],[-107.99838,35.50766],[-107.99831,35.53758],[-108.01449,35.53762],[-108.01658,35.47884],[-108.10445,35.47943],[-108.10529,35.46575],[-108.12222,35.46559],[-108.12225,35.4796],[-108.13991,35.47925],[-108.13995,35.4654],[-108.158,35.46515],[-108.1577,35.45145],[-108.14089,35.45109],[-108.14038,35.4375],[-108.15794,35.43655],[-108.15806,35.42398],[-108.13994,35.42381],[-108.14021,35.40966],[-108.21204,35.40932],[-108.21214,35.41318],[-108.22958,35.41322],[-108.23468,35.41311],[-108.23461,35.40927],[-108.24794,35.40912],[-108.24747,35.42374],[-108.29952,35.42374],[-108.29951,35.43831],[-108.31789,35.43854],[-108.31759,35.45209],[-108.35233,35.45222],[-108.35232,35.48028],[-108.37002,35.48067],[-108.37054,35.52341],[-108.38723,35.52347],[-108.38723,35.53049],[-108.39671,35.5306],[-108.39665,35.5386],[-108.40512,35.53862],[-108.40465,35.52333],[-108.41342,35.52294],[-108.42391,35.52328],[-108.42405,35.53845],[-108.44993,35.53883],[-108.44952,35.50033],[-108.47834,35.49785],[-108.51716,35.50503],[-108.60487,35.53243],[-108.62576,35.53365],[-108.62605,35.50267],[-108.63036,35.50268],[-108.62727,35.50041],[-108.62789,35.48306],[-108.6373,35.48305],[-108.63752,35.49379],[-108.65459,35.49346],[-108.65387,35.47206],[-108.6458,35.47205],[-108.64563,35.4655],[-108.63717,35.46555],[-108.63728,35.47997],[-108.62675,35.48011],[-108.62918,35.39264],[-108.63536,35.39266],[-108.63534,35.37925],[-108.65257,35.379],[-108.65255,35.37478],[-108.64572,35.37481],[-108.6457,35.37086],[-108.64994,35.37084],[-108.64995,35.36473],[-108.68068,35.36472],[-108.68094,35.35014],[-108.68888,35.35037],[-108.68851,35.33819],[-108.68394,35.33809],[-108.68396,35.33269],[-108.67951,35.33271],[-108.67949,35.32914],[-108.67438,35.32917],[-108.67442,35.3334],[-108.66998,35.3334],[-108.67029,35.32029],[-108.70596,35.32087],[-108.70596,35.33716],[-108.71551,35.33716],[-108.71551,35.33364],[-108.7204,35.33364],[-108.7204,35.32481],[-108.725,35.32481],[-108.725,35.32077],[-108.70608,35.32077],[-108.70608,35.30668],[-108.68062,35.30713],[-108.68077,35.2926],[-108.69785,35.29257],[-108.69782,35.28506],[-108.69013,35.28479],[-108.69023,35.27829],[-108.68093,35.27834],[-108.68161,35.21879],[-108.76893,35.21925],[-108.76976,35.20547],[-108.78659,35.20614],[-108.7851,35.16233],[-108.80395,35.16221],[-108.80365,35.18393],[-108.81231,35.18401],[-108.8122,35.17714],[-108.83918,35.17691],[-108.83941,35.19101],[-108.85731,35.19118],[-108.85744,35.17677],[-108.87525,35.17674],[-108.87525,35.19879],[-108.89221,35.19876],[-108.89203,35.19154],[-108.88373,35.19149],[-108.88397,35.17642],[-108.89187,35.17658],[-108.8921,35.19154],[-108.91043,35.19185],[-108.91043,35.19907],[-108.92879,35.19907],[-108.9289,35.19124],[-108.94678,35.1912],[-108.94667,35.20746],[-108.96479,35.20751],[-108.96479,35.19092],[-108.98244,35.19105],[-108.98244,35.20631],[-108.99999,35.20636],[-108.99969,35.24873],[-109.01793,35.24878],[-109.01788,35.2635],[-109.03579,35.26351],[-109.03578,35.2488],[-109.04608,35.24884],[-109.04607,35.23462],[-109.03581,35.23458],[-109.0359,35.21952],[-109.04606,35.21961],[-109.04605,35.2064],[-109.03595,35.20638],[-109.03601,35.19013],[-109.04604,35.1901],[-109.04594,34.90416],[-109.20999,34.90728],[-109.20993,34.92209],[-109.22637,34.92206],[-109.22656,34.90747],[-109.31435,34.90791],[-109.31423,35.00044],[-109.31095,35.0005],[-109.31042,35.00387],[-109.31599,35.00401],[-109.31586,34.99933],[-109.33894,34.99275],[-109.34715,34.98624],[-109.35389,34.98532],[-109.36294,34.99116],[-109.38365,34.98084],[-109.40013,34.9778],[-109.41653,34.94904],[-109.50419,34.94896],[-109.50385,34.91794],[-109.50813,34.91797],[-109.50836,34.90448],[-109.5265,34.90449],[-109.52671,35.11094],[-109.53716,35.11089],[-109.5371,35.11379],[-109.54534,35.11907],[-109.56258,35.11228],[-109.5628,35.13965],[-109.55216,35.13695],[-109.55222,35.13944],[-109.52513,35.13977],[-109.50671,35.15129],[-109.50659,35.14055],[-109.49734,35.1406],[-109.49716,35.14785],[-109.4884,35.14776],[-109.48827,35.1559],[-109.47066,35.15571],[-109.47039,35.17093],[-109.46578,35.17086],[-109.46554,35.17689],[-109.45907,35.1768],[-109.43965,35.18568],[-109.3876,35.18542],[-109.38769,35.1701],[-109.36919,35.16989],[-109.36914,35.17622],[-109.36118,35.17609],[-109.36107,35.16974],[-109.3662,35.16986],[-109.36618,35.16095],[-109.40249,35.16051],[-109.40236,35.1455],[-109.42054,35.14537],[-109.41999,35.11519],[-109.33188,35.11542],[-109.33157,35.09971],[-109.31315,35.09883],[-109.31483,35.16969],[-109.3182,35.17334],[-109.31968,35.1697],[-109.33249,35.16981],[-109.33264,35.19908],[-109.31967,35.19843],[-109.3197,35.20772],[-109.30128,35.20999],[-109.30127,35.21159],[-109.31473,35.21041],[-109.31474,35.22454],[-109.42145,35.22805],[-109.42113,35.25673],[-109.43802,35.25703],[-109.43933,35.20064],[-109.44727,35.20028],[-109.44814,35.18449],[-109.46449,35.18438],[-109.46473,35.19204],[-109.46845,35.19202],[-109.46939,35.17677],[-109.47354,35.17709],[-109.47356,35.17313],[-109.47898,35.16961],[-109.49119,35.16971],[-109.49147,35.16282],[-109.49793,35.16269],[-109.50665,35.15355],[-109.52427,35.15355],[-109.52417,35.16764],[-109.63014,35.16892],[-109.63224,35.07967],[-109.65186,35.07993],[-109.65209,35.0735],[-109.66007,35.07121],[-109.66005,35.06661],[-109.71512,35.06719],[-109.715,35.07445],[-109.71973,35.07442],[-109.71974,35.08047],[-109.7364,35.07558],[-109.73536,35.12828],[-109.68579,35.12802],[-109.68609,35.17011],[-110.37581,35.17004],[-110.37654,35.14102],[-110.35836,35.14104],[-110.35863,35.12655],[-110.36742,35.12653],[-110.36728,35.13378],[-110.37671,35.13376],[-110.37714,34.95202],[-110.48409,34.9516],[-110.48397,34.93699],[-110.50183,34.93697],[-110.50191,34.95159],[-110.53754,34.95159],[-110.53768,34.96621],[-110.55535,34.96613],[-110.55544,34.98085],[-110.62643,34.98067],[-110.63861,34.98688],[-110.64007,34.99508],[-110.66236,34.99501],[-110.66244,35.00792],[-110.65388,35.00545],[-110.65354,35.00993],[-110.66327,35.01004],[-110.66334,35.02424],[-110.68051,35.02433],[-110.68054,35.05346],[-110.72461,35.05338],[-110.72459,35.0607],[-110.73781,35.06075],[-110.73781,35.05342],[-110.75069,35.05347],[-110.75069,35.04279],[-110.75988,35.04761],[-110.80182,35.05776],[-110.80189,35.17013],[-110.90789,35.16942],[-110.90778,35.15649],[-111.24294,35.15663],[-111.24359,35.17109],[-111.25506,35.17113],[-111.25506,35.17743],[-111.24341,35.17839],[-111.24285,35.4875],[-111.2499,35.50991],[-111.258,35.51641],[-111.2565,35.53121],[-111.26711,35.5461],[-111.26677,35.55672],[-111.27234,35.56792],[-111.28237,35.57808],[-111.30639,35.58655],[-111.30966,35.5951],[-111.30651,35.60514],[-111.31851,35.61675],[-111.3147,35.63584],[-111.33183,35.658],[-111.32272,35.67137],[-111.32277,35.68021],[-111.32907,35.68936],[-111.32424,35.69938],[-111.30526,35.70557],[-111.32205,35.73423],[-111.32053,35.7571],[-111.50167,35.7574],[-111.50156,35.75029],[-111.5105,35.75038],[-111.51026,35.74287],[-111.51949,35.74273],[-111.51925,35.72817],[-111.5369,35.72821],[-111.53683,35.6988],[-111.55435,35.69886],[-111.5546,35.64095],[-111.63419,35.64344],[-111.63415,35.67417],[-111.74636,35.67207],[-111.74665,35.74626],[-111.69321,35.74614],[-111.69355,35.82519],[-111.70922,35.82533],[-111.71118,35.84714],[-111.72623,35.84703],[-111.72636,35.94857],[-111.71742,35.94844],[-111.71727,35.97749],[-111.72626,35.97744],[-111.72626,35.99202],[-111.74511,35.99196],[-111.7446,36.00719],[-111.76043,36.00732],[-111.76283,36.19852],[-111.76889,36.1961],[-111.77478,36.1981],[-111.77858,36.19174],[-111.78381,36.18978],[-111.79877,36.19256],[-111.80077,36.20418],[-111.82386,36.23793],[-111.82561,36.26237],[-111.85452,36.29158],[-111.85827,36.2964],[-111.8551,36.30548],[-111.86468,36.31116],[-111.85907,36.32708],[-111.86064,36.33693],[-111.89221,36.37121],[-111.8874,36.37731]],[[-111.18038,36.85174],[-111.17942,36.85102],[-111.17941,36.85475],[-111.18025,36.85481],[-111.18038,36.85174]],[[-107.96355,36.38614],[-107.96347,36.37916],[-107.95446,36.37915],[-107.9545,36.38612],[-107.96355,36.38614]],[[-108.00041,36.38688],[-107.9913,36.38688],[-107.9913,36.3937],[-108.00038,36.39369],[-108.00041,36.38688]],[[-108.21223,36.16249],[-108.2121,36.16979],[-108.22047,36.16982],[-108.22068,36.16251],[-108.21223,36.16249]],[[-108.20281,36.18503],[-108.20238,36.1773],[-108.19353,36.17732],[-108.19353,36.18503],[-108.20281,36.18503]],[[-108.09435,36.00262],[-108.09381,35.98756],[-108.07508,35.98753],[-108.07571,36.00254],[-108.09435,36.00262]],[[-108.11014,35.79797],[-108.12796,35.79832],[-108.12822,35.78333],[-108.11102,35.78328],[-108.11014,35.79797]],[[-108.09211,35.73985],[-108.09241,35.72534],[-108.07436,35.72546],[-108.07435,35.73998],[-108.09211,35.73985]],[[-107.98127,35.58015],[-107.99812,35.58015],[-107.99813,35.59438],[-108.00651,35.59436],[-108.00651,35.60139],[-108.01534,35.60157],[-108.01533,35.59435],[-108.03385,35.59464],[-108.03367,35.58838],[-108.04161,35.5884],[-108.04001,35.58013],[-108.06949,35.58087],[-108.06944,35.56631],[-108.05163,35.56619],[-108.05142,35.55207],[-108.03363,35.55174],[-108.03335,35.56616],[-107.98129,35.56643],[-107.98127,35.58015]],[[-108.0145,35.55146],[-108.02414,35.55161],[-108.02424,35.54361],[-108.03362,35.54381],[-108.03369,35.5378],[-108.01449,35.53762],[-108.0145,35.55146]],[[-108.22955,35.42378],[-108.22921,35.43789],[-108.23787,35.43791],[-108.23798,35.43094],[-108.24731,35.43103],[-108.24747,35.42374],[-108.22955,35.42378]],[[-108.63684,35.45881],[-108.63137,35.45884],[-108.63142,35.46544],[-108.63717,35.46555],[-108.63684,35.45881]],[[-108.97019,35.20624],[-108.97028,35.21308],[-108.96476,35.21308],[-108.96473,35.21923],[-108.95213,35.21921],[-108.95214,35.22727],[-108.94657,35.22727],[-108.94657,35.23415],[-108.96467,35.23436],[-108.96468,35.23043],[-108.98288,35.23078],[-108.98244,35.20631],[-108.97019,35.20624]],[[-108.96468,35.24873],[-108.98226,35.24862],[-108.98226,35.23438],[-108.96467,35.23436],[-108.96468,35.24873]],[[-109.00007,35.26344],[-109.0,35.27769],[-109.00909,35.27763],[-109.00911,35.27077],[-109.01783,35.27077],[-109.01788,35.2635],[-109.00007,35.26344]],[[-109.0358,35.27741],[-109.04626,35.27741],[-109.04617,35.26355],[-109.03579,35.26351],[-109.0358,35.27741]],[[-109.02701,35.27741],[-109.02706,35.29233],[-109.03581,35.29231],[-109.0358,35.27741],[-109.02701,35.27741]],[[-109.03581,35.30699],[-109.02691,35.30701],[-109.02611,35.32145],[-109.00863,35.32144],[-109.0087,35.33591],[-109.02698,35.33612],[-109.02695,35.32145],[-109.04334,35.32148],[-109.04635,35.29234],[-109.03581,35.29231],[-109.03581,35.30699]],[[-109.00859,35.30695],[-109.01768,35.30696],[-109.0177,35.29229],[-109.00056,35.29234],[-108.99999,35.32144],[-109.00863,35.32144],[-109.00859,35.30695]],[[-108.99958,35.33591],[-108.99977,35.34355],[-109.0087,35.34352],[-109.0087,35.33591],[-108.99958,35.33591]],[[-109.02702,35.35123],[-109.04305,35.35121],[-109.04305,35.33631],[-109.02698,35.33612],[-109.02702,35.35123]],[[-111.51958,35.75747],[-111.53663,35.75253],[-111.53613,35.74284],[-111.51949,35.74273],[-111.51958,35.75747]],[[-111.28558,36.05449],[-111.28165,36.04951],[-111.27868,36.05006],[-111.2757,36.04028],[-111.27824,36.03723],[-111.27382,36.037],[-111.2731,36.03274],[-111.2684,36.03125],[-111.26882,36.02656],[-111.25716,36.03337],[-111.25559,36.0307],[-111.25932,36.02676],[-111.2551,36.02077],[-111.26265,36.02017],[-111.26452,36.01739],[-111.26091,36.01264],[-111.26449,36.00825],[-111.25634,36.01112],[-111.24981,36.00906],[-111.25108,36.00311],[-111.24966,36.00524],[-111.245,36.00487],[-111.25268,35.99607],[-111.24833,35.98551],[-111.25274,35.98219],[-111.25222,35.97779],[-111.24847,35.98027],[-111.24088,35.97416],[-111.24804,35.9712],[-111.24692,35.96488],[-111.13902,35.96554],[-111.13902,36.02327],[-111.11544,36.01955],[-111.11514,36.02574],[-111.08255,36.05707],[-111.08272,36.14426],[-111.1094,36.13127],[-111.11751,36.13155],[-111.1232,36.12167],[-111.12156,36.11954],[-111.12625,36.11839],[-111.12691,36.11462],[-111.15545,36.11175],[-111.1584,36.1075],[-111.15851,36.12299],[-111.20967,36.12299],[-111.21502,36.13611],[-111.20559,36.15194],[-111.20635,36.16235],[-111.20613,36.1528],[-111.21757,36.13812],[-111.21218,36.12284],[-111.22925,36.11935],[-111.23395,36.11223],[-111.23419,36.10349],[-111.24658,36.09999],[-111.24534,36.10509],[-111.24848,36.10494],[-111.25421,36.09978],[-111.27038,36.10161],[-111.27787,36.09697],[-111.27835,36.09059],[-111.28818,36.0865],[-111.28702,36.08368],[-111.29419,36.07711],[-111.28943,36.06325],[-111.29507,36.05153],[-111.28558,36.05449]],[[-111.00071,35.54888],[-110.856,35.54858],[-110.85608,35.56285],[-110.83911,35.56288],[-110.83917,35.57817],[-110.80356,35.57841],[-110.8035,35.5485],[-110.83873,35.54839],[-110.85312,35.52975],[-110.88622,35.50009],[-110.72306,35.50001],[-110.72307,35.51988],[-110.25055,35.51865],[-110.25068,35.53327],[-110.27773,35.53956],[-110.27791,35.59031],[-110.18298,35.59064],[-110.18247,35.57913],[-110.12489,35.57771],[-110.1241,35.60538],[-110.14702,35.6054],[-110.14642,35.64903],[-110.00068,35.64836],[-110.00067,35.84427],[-110.05483,35.84377],[-110.05442,35.86622],[-110.04139,35.8808],[-110.04123,35.88966],[-110.02517,35.90882],[-110.02635,35.91493],[-110.02041,35.92515],[-110.02996,35.92743],[-110.03462,35.92374],[-110.04213,35.92362],[-110.04292,35.91502],[-110.04656,35.91109],[-110.0533,35.92425],[-110.05877,35.92145],[-110.06211,35.93087],[-110.07644,35.93011],[-110.08585,35.92759],[-110.07607,35.9183],[-110.07566,35.91329],[-110.08822,35.91532],[-110.10037,35.90923],[-110.10408,35.9149],[-110.1101,35.91152],[-110.11909,35.91178],[-110.11988,35.92395],[-110.12463,35.92712],[-110.12415,35.99373],[-110.1405,35.9914],[-110.14588,35.97488],[-110.16058,35.96521],[-110.25068,35.99965],[-110.31961,36.00042],[-110.31036,36.00519],[-110.30408,36.01444],[-110.29871,36.0142],[-110.29003,36.02658],[-110.28627,36.03488],[-110.29348,36.04331],[-110.40284,36.04308],[-110.40304,36.07055],[-110.42547,36.06994],[-110.42503,36.09915],[-110.46498,36.09937],[-110.46483,36.07934],[-110.47032,36.07024],[-110.50069,36.07051],[-110.50062,36.01575],[-110.52916,36.01575],[-110.53672,36.02175],[-110.54541,36.01387],[-110.54536,36.04148],[-110.61674,36.04148],[-110.61662,36.09958],[-110.56924,36.1426],[-110.51885,36.15649],[-110.49866,36.15689],[-110.46986,36.13425],[-110.44433,36.16387],[-110.43155,36.2048],[-110.4339,36.22136],[-110.42862,36.25],[-110.41713,36.28159],[-110.39978,36.29847],[-110.38939,36.30131],[-110.3837,36.29909],[-110.3813,36.30222],[-110.37222,36.34931],[-110.35837,36.35883],[-110.36051,36.36058],[-110.33217,36.37496],[-110.32343,36.38319],[-110.32433,36.39042],[-110.30798,36.42048],[-110.31307,36.43057],[-110.36488,36.42427],[-110.38872,36.40524],[-110.41651,36.40001],[-110.4566,36.41401],[-110.50291,36.38813],[-110.52054,36.40327],[-110.55293,36.39651],[-110.57729,36.375],[-110.72174,36.37574],[-110.72197,36.39349],[-110.74266,36.39344],[-110.74268,36.39844],[-110.74663,36.39843],[-110.75272,36.41032],[-110.76747,36.40362],[-110.82837,36.38732],[-110.84512,36.37398],[-110.85289,36.36481],[-110.84987,36.35881],[-110.84474,36.36111],[-110.84424,36.36577],[-110.83959,36.36237],[-110.83246,36.36604],[-110.83288,36.35709],[-110.86135,36.33351],[-110.85434,36.33274],[-110.85529,36.32626],[-110.87431,36.31002],[-110.87569,36.27782],[-110.91803,36.28007],[-110.91861,36.29813],[-110.9232,36.30298],[-110.93387,36.30015],[-110.94085,36.30198],[-110.95304,36.28159],[-110.99994,36.27972],[-111.00054,36.03549],[-111.00704,36.00689],[-111.00104,35.99084],[-111.00071,35.54888]],[[-109.04371,35.36163],[-109.04369,35.36542],[-109.02695,35.36536],[-109.02687,35.37935],[-109.04677,35.37954],[-109.04679,35.36332],[-109.04371,35.36163]],[[-109.02687,35.3584],[-109.01755,35.35839],[-109.02215,35.36534],[-109.02695,35.36536],[-109.02687,35.3584]],[[-109.04291,35.43747],[-109.04305,35.42363],[-109.02634,35.42352],[-109.02619,35.43758],[-109.00939,35.43748],[-109.00946,35.45076],[-108.99065,35.45076],[-108.99066,35.46515],[-108.97279,35.46514],[-108.97332,35.42877],[-108.95474,35.42871],[-108.95428,35.43423],[-108.93629,35.43571],[-108.93639,35.45034],[-108.91836,35.45112],[-108.91815,35.45803],[-108.90933,35.45804],[-108.91011,35.46534],[-108.91807,35.46517],[-108.91799,35.4766],[-108.91369,35.47674],[-108.91291,35.47977],[-108.90007,35.47983],[-108.9005,35.48722],[-108.89305,35.4873],[-108.89179,35.47987],[-108.88259,35.47975],[-108.88292,35.46502],[-108.86593,35.46502],[-108.86679,35.42285],[-108.84884,35.42292],[-108.84897,35.43594],[-108.8573,35.43568],[-108.85704,35.44362],[-108.8486,35.44362],[-108.84862,35.45062],[-108.85175,35.45061],[-108.85172,35.46479],[-108.86593,35.46508],[-108.86591,35.47936],[-108.84826,35.47931],[-108.84777,35.49265],[-108.82942,35.4925],[-108.83001,35.48563],[-108.83912,35.48563],[-108.83909,35.47928],[-108.82187,35.47922],[-108.82193,35.47669],[-108.81297,35.47557],[-108.81301,35.47942],[-108.78665,35.47957],[-108.78652,35.46545],[-108.77766,35.46499],[-108.77773,35.45828],[-108.77327,35.45828],[-108.77327,35.46499],[-108.75985,35.46493],[-108.75981,35.47958],[-108.74216,35.47957],[-108.74246,35.46558],[-108.72429,35.46546],[-108.72429,35.45059],[-108.70695,35.45064],[-108.70681,35.47855],[-108.68942,35.47937],[-108.68881,35.52293],[-108.672,35.52319],[-108.67192,35.51519],[-108.65504,35.51581],[-108.65512,35.52309],[-108.63519,35.52294],[-108.63514,35.53757],[-108.66241,35.53759],[-108.66093,35.54514],[-108.65341,35.54464],[-108.65331,35.55122],[-108.67149,35.55068],[-108.6727,35.55851],[-108.69057,35.55786],[-108.68816,35.59462],[-108.7058,35.59456],[-108.7056,35.60894],[-108.67043,35.60916],[-108.67054,35.61657],[-108.67935,35.61652],[-108.67959,35.62374],[-108.70527,35.62354],[-108.70496,35.63769],[-108.68879,35.63778],[-108.6884,35.65281],[-108.65855,35.65243],[-108.65762,35.65975],[-108.73128,35.65944],[-108.72931,35.65265],[-108.74087,35.65272],[-108.74067,35.63749],[-108.75799,35.6374],[-108.75781,35.65256],[-108.74921,35.65271],[-108.74921,35.6594],[-108.83876,35.65974],[-108.83896,35.65272],[-108.84501,35.65269],[-108.84541,35.63853],[-108.86269,35.63854],[-108.86247,35.65949],[-108.8805,35.65957],[-108.88092,35.63867],[-108.89896,35.63863],[-108.89868,35.65241],[-108.88924,35.65252],[-108.88921,35.65964],[-108.89462,35.65969],[-108.89876,35.65265],[-108.9177,35.65255],[-108.91776,35.63884],[-108.93555,35.63882],[-108.93509,35.65309],[-108.9549,35.65314],[-108.95487,35.63849],[-108.97306,35.63838],[-108.97275,35.65297],[-108.96496,35.65324],[-108.96504,35.66019],[-108.98223,35.66009],[-108.98221,35.65351],[-108.99939,35.65322],[-108.99896,35.66004],[-109.04625,35.6607],[-109.04631,35.61],[-109.04388,35.60997],[-109.04356,35.5961],[-109.04635,35.59621],[-109.0464,35.58168],[-109.04357,35.5817],[-109.04328,35.56777],[-109.04644,35.56765],[-109.04649,35.55299],[-109.03468,35.55282],[-109.03469,35.55504],[-109.04336,35.55516],[-109.04347,35.56219],[-109.02562,35.56219],[-109.02671,35.58139],[-109.00786,35.58086],[-109.00827,35.56551],[-108.98991,35.56542],[-108.98992,35.58008],[-108.9742,35.58041],[-108.97354,35.56533],[-108.95604,35.56524],[-108.95601,35.55132],[-108.97357,35.55143],[-108.97346,35.53656],[-108.98987,35.53669],[-108.98991,35.55149],[-109.00858,35.5515],[-109.00888,35.52965],[-109.01703,35.52966],[-109.01705,35.53644],[-109.02561,35.53637],[-109.02561,35.52225],[-109.04359,35.52238],[-109.04657,35.49414],[-109.0436,35.49401],[-109.04341,35.47948],[-109.0466,35.47951],[-109.04662,35.46574],[-109.0429,35.46573],[-109.0429,35.45076],[-109.04665,35.45077],[-109.04667,35.43746],[-109.04291,35.43747]],[[-108.93634,35.42226],[-108.9223,35.42227],[-108.9223,35.43569],[-108.93629,35.43571],[-108.93634,35.42226]],[[-108.95477,35.42231],[-108.95481,35.40765],[-108.93639,35.40882],[-108.93634,35.39367],[-108.94109,35.39338],[-108.94096,35.38909],[-108.95056,35.38878],[-108.95043,35.3861],[-108.94596,35.3861],[-108.94597,35.37913],[-108.93637,35.37899],[-108.93598,35.36478],[-108.91983,35.36465],[-108.91983,35.37888],[-108.88325,35.37901],[-108.88328,35.39344],[-108.84807,35.39351],[-108.84755,35.40788],[-108.86702,35.40855],[-108.86686,35.42259],[-108.87508,35.42251],[-108.87495,35.41558],[-108.88293,35.41558],[-108.88315,35.44358],[-108.90014,35.44386],[-108.89995,35.43556],[-108.8901,35.43566],[-108.89017,35.43005],[-108.8999,35.42997],[-108.89921,35.40872],[-108.93639,35.40887],[-108.93634,35.42226],[-108.95477,35.42231]],[[-108.96346,35.4071],[-108.96347,35.39249],[-108.95484,35.3928],[-108.95481,35.40765],[-108.96346,35.4071]],[[-108.91982,35.35854],[-108.91077,35.35838],[-108.90996,35.35057],[-108.8839,35.35002],[-108.88373,35.33821],[-108.86624,35.33823],[-108.86629,35.34992],[-108.87675,35.35018],[-108.87678,35.35744],[-108.86577,35.35745],[-108.86575,35.37867],[-108.87745,35.37894],[-108.87792,35.37109],[-108.88339,35.37112],[-108.88338,35.36452],[-108.91983,35.36465],[-108.91982,35.35854]],[[-108.83003,35.4074],[-108.83061,35.37942],[-108.81295,35.37899],[-108.81255,35.39367],[-108.77718,35.39327],[-108.77707,35.40063],[-108.75966,35.40075],[-108.75963,35.42201],[-108.7681,35.42206],[-108.7685,35.41507],[-108.77701,35.41474],[-108.77707,35.4075],[-108.79547,35.40693],[-108.79557,35.42178],[-108.8135,35.42195],[-108.81362,35.41475],[-108.80387,35.41475],[-108.80387,35.40696],[-108.81363,35.40694],[-108.81362,35.41348],[-108.82158,35.4135],[-108.82181,35.40721],[-108.82967,35.40775],[-108.82964,35.41495],[-108.83783,35.41497],[-108.83782,35.42263],[-108.8468,35.42309],[-108.84755,35.40788],[-108.83003,35.4074]],[[-108.81309,35.37203],[-108.79542,35.37203],[-108.79542,35.379],[-108.81295,35.37899],[-108.81309,35.37203]],[[-108.91884,35.43569],[-108.90833,35.43594],[-108.90833,35.4511],[-108.91836,35.45112],[-108.91884,35.43569]],[[-108.70677,35.44464],[-108.6967,35.4447],[-108.69682,35.43716],[-108.72475,35.43704],[-108.72471,35.42985],[-108.70663,35.42985],[-108.70647,35.41361],[-108.69794,35.41361],[-108.69794,35.40775],[-108.70704,35.40787],[-108.70674,35.3932],[-108.68946,35.39303],[-108.68898,35.40005],[-108.70199,35.39979],[-108.70199,35.40319],[-108.69388,35.40348],[-108.68965,35.40741],[-108.67077,35.40777],[-108.67072,35.41467],[-108.6797,35.41463],[-108.67989,35.4218],[-108.68976,35.42175],[-108.68897,35.45057],[-108.70695,35.45064],[-108.70677,35.44464]],[[-108.67031,35.59472],[-108.65333,35.59486],[-108.65336,35.60917],[-108.67043,35.60916],[-108.67031,35.59472]],[[-108.98991,35.55958],[-108.97354,35.55958],[-108.9737,35.56533],[-108.98991,35.56542],[-108.98991,35.55958]],[[-109.01876,35.39225],[-109.01864,35.39949],[-109.02638,35.3998],[-109.02672,35.39232],[-109.01876,35.39225]],[[-109.00927,35.39246],[-108.99067,35.3921],[-108.9909,35.40643],[-108.98218,35.40646],[-108.98211,35.41323],[-108.97345,35.41333],[-108.97335,35.42104],[-108.99935,35.422],[-108.99938,35.41584],[-108.99095,35.41387],[-108.99091,35.41],[-109.00089,35.41156],[-109.00061,35.40822],[-109.00927,35.40806],[-109.00927,35.39246]],[[-108.99067,35.37924],[-108.95546,35.37899],[-108.95564,35.38319],[-108.96056,35.38321],[-108.96332,35.38893],[-108.98213,35.38572],[-108.98211,35.39206],[-108.99067,35.3921],[-108.99067,35.37924]],[[-109.00925,35.37924],[-109.00862,35.36529],[-108.99082,35.36522],[-108.99067,35.37924],[-109.00925,35.37924]],[[-108.95528,35.37224],[-108.9729,35.37224],[-108.9729,35.36519],[-108.99082,35.36516],[-108.99089,35.35093],[-108.97291,35.35094],[-108.97276,35.33584],[-108.95519,35.33603],[-108.95499,35.35107],[-108.93688,35.35102],[-108.93679,35.36044],[-108.9403,35.36045],[-108.94258,35.36807],[-108.95117,35.37064],[-108.95108,35.37898],[-108.95546,35.37899],[-108.95528,35.37224]],[[-108.99975,35.35116],[-108.99958,35.34355],[-108.99094,35.34356],[-108.99089,35.35093],[-108.99975,35.35116]],[[-108.99084,35.33568],[-108.99086,35.32144],[-108.97261,35.32165],[-108.97276,35.33584],[-108.99084,35.33568]],[[-108.95523,35.33283],[-108.95027,35.33283],[-108.95027,35.32852],[-108.94686,35.32851],[-108.94687,35.33613],[-108.95519,35.33603],[-108.95523,35.33283]],[[-108.98212,35.39874],[-108.98212,35.40249],[-108.98605,35.40249],[-108.98605,35.39874],[-108.98212,35.39874]],[[-108.96489,35.27729],[-108.96523,35.29216],[-108.98231,35.29218],[-108.98241,35.27757],[-108.96489,35.27729]],[[-108.96479,35.26343],[-108.94538,35.26334],[-108.94537,35.27798],[-108.96489,35.27729],[-108.96479,35.26343]],[[-108.97763,35.40249],[-108.97757,35.40645],[-108.9731,35.40647],[-108.97329,35.41011],[-108.98042,35.4101],[-108.98041,35.40247],[-108.97763,35.40249]],[[-108.97315,35.39204],[-108.96818,35.39225],[-108.96818,35.4068],[-108.9731,35.40647],[-108.97315,35.39204]],[[-108.96456,35.29954],[-108.94759,35.29954],[-108.94759,35.30731],[-108.96468,35.30518],[-108.96456,35.29954]],[[-108.94998,35.32171],[-108.94998,35.32544],[-108.9554,35.3255],[-108.95542,35.32173],[-108.94998,35.32171]],[[-108.93678,35.3217],[-108.93682,35.32844],[-108.94686,35.32844],[-108.94694,35.3217],[-108.93678,35.3217]],[[-108.91237,35.29236],[-108.91232,35.30698],[-108.90221,35.30703],[-108.90172,35.32927],[-108.91062,35.32953],[-108.91049,35.3251],[-108.91946,35.32512],[-108.91954,35.30708],[-108.92979,35.30712],[-108.92948,35.29233],[-108.91237,35.29236]],[[-108.9161,35.26348],[-108.91608,35.26672],[-108.91247,35.26675],[-108.91244,35.27764],[-108.92937,35.27774],[-108.92927,35.2653],[-108.9161,35.26348]],[[-108.91107,35.24139],[-108.91107,35.2487],[-108.92898,35.2487],[-108.92898,35.24126],[-108.91107,35.24139]],[[-108.91085,35.20567],[-108.91099,35.20884],[-108.91976,35.20867],[-108.92009,35.21255],[-108.92859,35.21274],[-108.92869,35.20594],[-108.91085,35.20567]],[[-108.90664,35.65703],[-108.90667,35.65976],[-108.91208,35.66008],[-108.91205,35.65699],[-108.90664,35.65703]],[[-108.91092,35.21314],[-108.90094,35.21314],[-108.90094,35.22024],[-108.89272,35.22025],[-108.89271,35.23478],[-108.91128,35.23451],[-108.91092,35.21314]],[[-108.90078,35.2056],[-108.89235,35.20553],[-108.89252,35.21314],[-108.90094,35.21314],[-108.90078,35.2056]],[[-108.87565,35.23473],[-108.87565,35.24903],[-108.89247,35.24902],[-108.89247,35.26183],[-108.89664,35.26183],[-108.89659,35.24892],[-108.90205,35.24897],[-108.90202,35.2418],[-108.89272,35.2418],[-108.89271,35.23478],[-108.87565,35.23473]],[[-108.88334,35.45076],[-108.88323,35.45779],[-108.90081,35.45804],[-108.90088,35.45105],[-108.88334,35.45076]],[[-108.86591,35.21241],[-108.86594,35.22047],[-108.87564,35.22028],[-108.87558,35.21256],[-108.86591,35.21241]],[[-108.85646,35.20645],[-108.85646,35.21234],[-108.86577,35.21233],[-108.86582,35.20645],[-108.85646,35.20645]],[[-108.84962,35.30712],[-108.84963,35.32276],[-108.865,35.32274],[-108.8652,35.30699],[-108.84962,35.30712]],[[-108.84689,35.2357],[-108.84689,35.24924],[-108.85752,35.24921],[-108.85753,35.2357],[-108.84689,35.2357]],[[-108.8395,35.26282],[-108.83931,35.27484],[-108.8219,35.27836],[-108.82192,35.29204],[-108.8395,35.29209],[-108.83948,35.27858],[-108.84384,35.2786],[-108.84399,35.27078],[-108.85731,35.27383],[-108.85715,35.26282],[-108.8395,35.26282]],[[-108.80366,35.29205],[-108.80366,35.29908],[-108.82185,35.29908],[-108.82192,35.29204],[-108.80366,35.29205]],[[-108.80366,35.27832],[-108.78742,35.27831],[-108.78744,35.29205],[-108.80366,35.29205],[-108.80366,35.27832]],[[-108.76882,35.2921],[-108.76875,35.29939],[-108.77886,35.29939],[-108.77893,35.30697],[-108.76154,35.30706],[-108.76127,35.32308],[-108.77636,35.32304],[-108.77957,35.32306],[-108.77957,35.30698],[-108.78743,35.30587],[-108.78744,35.29205],[-108.76882,35.2921]],[[-108.77957,35.3365],[-108.79562,35.3365],[-108.79566,35.32306],[-108.83041,35.32306],[-108.83034,35.3071],[-108.79554,35.30705],[-108.79502,35.32306],[-108.77957,35.32306],[-108.77957,35.3365]],[[-108.79574,35.34967],[-108.80475,35.34969],[-108.80481,35.33648],[-108.79562,35.3365],[-108.79574,35.34967]],[[-108.83182,35.33633],[-108.83175,35.34973],[-108.84901,35.34976],[-108.84903,35.3363],[-108.83182,35.33633]],[[-108.81338,35.34991],[-108.81331,35.35763],[-108.82146,35.35769],[-108.82157,35.36488],[-108.83175,35.36462],[-108.83175,35.34973],[-108.81338,35.34991]],[[-108.83123,35.37119],[-108.841,35.37084],[-108.84128,35.36416],[-108.83175,35.36462],[-108.83123,35.37119]],[[-108.82595,35.21695],[-108.82587,35.21258],[-108.83518,35.21258],[-108.83915,35.20606],[-108.82148,35.20606],[-108.82127,35.21955],[-108.83949,35.2194],[-108.83949,35.21696],[-108.82595,35.21695]],[[-108.80386,35.23429],[-108.80367,35.24922],[-108.82188,35.24937],[-108.822,35.2343],[-108.80386,35.23429]],[[-108.79561,35.24927],[-108.79561,35.25666],[-108.80367,35.25666],[-108.80367,35.24922],[-108.79561,35.24927]],[[-108.7964,35.43626],[-108.79565,35.45133],[-108.81277,35.4507],[-108.81327,35.43605],[-108.7964,35.43626]],[[-108.80479,35.46539],[-108.80479,35.47215],[-108.81314,35.47203],[-108.81292,35.46537],[-108.80479,35.46539]],[[-108.77169,35.24975],[-108.76943,35.23435],[-108.75254,35.23495],[-108.75221,35.24958],[-108.75994,35.25009],[-108.75983,35.25735],[-108.78781,35.25747],[-108.78781,35.24924],[-108.77169,35.24975]],[[-108.75915,35.36475],[-108.75924,35.37876],[-108.77671,35.37875],[-108.77638,35.36473],[-108.75915,35.36475]],[[-108.75911,35.35064],[-108.7417,35.35064],[-108.74178,35.36473],[-108.75915,35.36475],[-108.75911,35.35064]],[[-108.73411,35.26416],[-108.7339,35.27862],[-108.74951,35.2787],[-108.74951,35.28646],[-108.74044,35.28646],[-108.74061,35.30661],[-108.75469,35.30663],[-108.7547,35.27863],[-108.76931,35.27829],[-108.76938,35.26395],[-108.73411,35.26416]],[[-108.75993,35.28214],[-108.76011,35.28588],[-108.7688,35.2859],[-108.7688,35.28214],[-108.75993,35.28214]],[[-108.75955,35.42201],[-108.75016,35.42189],[-108.75025,35.4367],[-108.7417,35.4367],[-108.74183,35.45079],[-108.75963,35.45081],[-108.75955,35.42201]],[[-108.74155,35.39323],[-108.74128,35.40805],[-108.75018,35.40786],[-108.75021,35.39319],[-108.74155,35.39323]],[[-108.71424,35.40775],[-108.71428,35.42184],[-108.7246,35.42174],[-108.72464,35.41539],[-108.74227,35.41552],[-108.74248,35.40847],[-108.71424,35.40775]],[[-108.71569,35.27848],[-108.71556,35.28513],[-108.72435,35.28512],[-108.72433,35.27847],[-108.71569,35.27848]],[[-108.6797,35.46532],[-108.67981,35.47944],[-108.68442,35.4794],[-108.68431,35.46525],[-108.6797,35.46532]],[[-108.67169,35.46536],[-108.67175,35.47954],[-108.67545,35.4795],[-108.67531,35.46534],[-108.67169,35.46536]],[[-108.65759,35.47973],[-108.66193,35.48644],[-108.66654,35.48652],[-108.66244,35.49398],[-108.6719,35.49414],[-108.67175,35.47954],[-108.65759,35.47973]],[[-108.65786,35.39813],[-108.6579,35.40767],[-108.66415,35.40767],[-108.66432,35.39812],[-108.65786,35.39813]],[[-108.65403,35.42179],[-108.6541,35.4372],[-108.6619,35.43718],[-108.66183,35.42179],[-108.65403,35.42179]],[[-108.65398,35.40761],[-108.63536,35.4077],[-108.63533,35.4218],[-108.65403,35.42179],[-108.65398,35.40761]],[[-108.64496,35.44368],[-108.63655,35.44372],[-108.63707,35.45099],[-108.64507,35.45068],[-108.64496,35.44368]],[[-108.62564,35.65272],[-108.62948,35.65978],[-108.64167,35.65977],[-108.64153,35.65242],[-108.62564,35.65272]],[[-108.60907,35.63854],[-108.60864,35.65249],[-108.61789,35.65258],[-108.61817,35.63857],[-108.60907,35.63854]],[[-108.59975,35.53766],[-108.59949,35.5593],[-108.60855,35.55916],[-108.60842,35.56259],[-108.61233,35.56191],[-108.61197,35.56585],[-108.61733,35.56566],[-108.61724,35.53895],[-108.59975,35.53766]],[[-108.61251,35.57982],[-108.61306,35.58783],[-108.61734,35.58796],[-108.61742,35.57982],[-108.61251,35.57982]],[[-108.60821,35.60923],[-108.60823,35.61627],[-108.61719,35.61626],[-108.61726,35.60938],[-108.60821,35.60923]],[[-108.58248,35.62387],[-108.58238,35.63844],[-108.60071,35.63851],[-108.6006,35.62393],[-108.58248,35.62387]],[[-108.57332,35.64537],[-108.57383,35.65234],[-108.58242,35.65233],[-108.58242,35.64518],[-108.57332,35.64537]],[[-108.58196,35.57972],[-108.5653,35.57995],[-108.56532,35.56592],[-108.54756,35.56616],[-108.54748,35.58004],[-108.56513,35.58001],[-108.56501,35.59466],[-108.5822,35.5946],[-108.58196,35.57972]],[[-108.58163,35.56607],[-108.58205,35.55211],[-108.56541,35.55218],[-108.56532,35.56592],[-108.58163,35.56607]],[[-108.54809,35.55494],[-108.52927,35.55422],[-108.52952,35.56661],[-108.54756,35.56616],[-108.54809,35.55494]],[[-108.56566,35.6195],[-108.56566,35.62407],[-108.57373,35.6241],[-108.57372,35.6195],[-108.56566,35.6195]],[[-108.54789,35.62408],[-108.54789,35.63854],[-108.56579,35.63887],[-108.56566,35.62407],[-108.54789,35.62408]],[[-108.54773,35.61002],[-108.5294,35.6101],[-108.52932,35.62401],[-108.54789,35.62408],[-108.54773,35.61002]],[[-108.52945,35.59509],[-108.51169,35.5952],[-108.51175,35.60238],[-108.52037,35.60252],[-108.5204,35.61012],[-108.5294,35.6101],[-108.52945,35.59509]],[[-108.52931,35.63857],[-108.52852,35.65227],[-108.51679,35.65303],[-108.52203,35.65968],[-108.53855,35.6597],[-108.53429,35.6521],[-108.54769,35.65189],[-108.54789,35.63854],[-108.52931,35.63857]],[[-108.55617,35.65208],[-108.55324,35.65273],[-108.55714,35.65965],[-108.56953,35.65962],[-108.56952,35.65227],[-108.55617,35.65208]],[[-108.54728,35.59465],[-108.54731,35.60208],[-108.55608,35.60195],[-108.5562,35.59454],[-108.54728,35.59465]],[[-108.52872,35.53522],[-108.52872,35.53811],[-108.54572,35.53817],[-108.54572,35.53524],[-108.52872,35.53522]],[[-108.51025,35.56627],[-108.51116,35.58038],[-108.51832,35.58054],[-108.51832,35.56632],[-108.51025,35.56627]],[[-108.51029,35.55156],[-108.49326,35.5515],[-108.49326,35.56676],[-108.51025,35.56627],[-108.51029,35.55156]],[[-108.47581,35.5667],[-108.47576,35.58054],[-108.4934,35.58059],[-108.49326,35.56676],[-108.47581,35.5667]],[[-108.47549,35.55285],[-108.45808,35.55249],[-108.45801,35.56665],[-108.47581,35.5667],[-108.47549,35.55285]],[[-108.44144,35.5666],[-108.44143,35.58037],[-108.45796,35.58045],[-108.45801,35.56665],[-108.44144,35.5666]],[[-108.42369,35.58028],[-108.42374,35.58868],[-108.43228,35.5886],[-108.43252,35.59627],[-108.44138,35.59593],[-108.44143,35.58037],[-108.42369,35.58028]],[[-108.50231,35.5806],[-108.50229,35.5877],[-108.51135,35.58777],[-108.51116,35.58038],[-108.50231,35.5806]],[[-108.51177,35.63824],[-108.49428,35.63852],[-108.49356,35.62408],[-108.47592,35.62417],[-108.47648,35.63879],[-108.49428,35.6386],[-108.49439,35.65411],[-108.48174,35.65419],[-108.48457,35.65955],[-108.50387,35.6597],[-108.50293,35.65362],[-108.51184,35.65342],[-108.51177,35.63824]],[[-108.47529,35.61688],[-108.46712,35.61691],[-108.46682,35.62422],[-108.47592,35.62417],[-108.47529,35.61688]],[[-108.46799,35.60177],[-108.44107,35.60162],[-108.44064,35.60986],[-108.45106,35.61006],[-108.45107,35.617],[-108.46712,35.61691],[-108.46799,35.60177]],[[-108.42288,35.60982],[-108.42257,35.62398],[-108.42499,35.62348],[-108.44021,35.62388],[-108.44064,35.60986],[-108.42288,35.60982]],[[-108.44034,35.62738],[-108.45756,35.62785],[-108.45761,35.62444],[-108.44021,35.62388],[-108.44034,35.62738]],[[-108.49368,35.6102],[-108.49362,35.61771],[-108.50619,35.61769],[-108.50622,35.61018],[-108.49368,35.6102]],[[-108.49356,35.59485],[-108.48512,35.59475],[-108.48528,35.60197],[-108.49373,35.6012],[-108.49356,35.59485]],[[-108.45786,35.58799],[-108.45775,35.59603],[-108.47609,35.59486],[-108.47608,35.58749],[-108.45786,35.58799]],[[-108.44651,35.65373],[-108.44644,35.65908],[-108.46696,35.65934],[-108.46696,35.65389],[-108.44651,35.65373]],[[-108.38764,35.55251],[-108.3876,35.55937],[-108.40614,35.5594],[-108.40622,35.55256],[-108.38764,35.55251]],[[-108.39688,35.61756],[-108.39688,35.62445],[-108.40503,35.62446],[-108.4051,35.61756],[-108.39688,35.61756]],[[-108.38775,35.6392],[-108.38771,35.61032],[-108.37909,35.61036],[-108.37898,35.63918],[-108.38775,35.63942],[-108.3877,35.64345],[-108.38752,35.65365],[-108.37826,35.65361],[-108.37839,35.6584],[-108.39482,35.65852],[-108.3931,35.65376],[-108.40456,35.654],[-108.40499,35.63933],[-108.38775,35.6392]],[[-108.3875,35.56685],[-108.37034,35.56672],[-108.37032,35.59618],[-108.37421,35.59592],[-108.37433,35.58842],[-108.3791,35.58839],[-108.37899,35.58144],[-108.38782,35.58135],[-108.3875,35.56685]],[[-108.35298,35.64571],[-108.35296,35.65291],[-108.33965,35.65227],[-108.33978,35.65667],[-108.35788,35.65729],[-108.35786,35.65291],[-108.3616,35.65318],[-108.36157,35.64585],[-108.35298,35.64571]],[[-108.33547,35.60276],[-108.33518,35.61005],[-108.35308,35.6102],[-108.35314,35.60291],[-108.33547,35.60276]],[[-108.31757,35.52322],[-108.31735,35.53842],[-108.33565,35.53815],[-108.33571,35.52376],[-108.31757,35.52322]],[[-108.3084,35.53839],[-108.30851,35.54396],[-108.3175,35.54399],[-108.31735,35.53842],[-108.3084,35.53839]],[[-108.31756,35.6102],[-108.31743,35.62517],[-108.33495,35.62501],[-108.3349,35.61029],[-108.31756,35.6102]],[[-108.30742,35.58008],[-108.3075,35.58181],[-108.31133,35.58162],[-108.30742,35.58008]],[[-108.2819,35.6391],[-108.28197,35.65338],[-108.26968,35.65306],[-108.26981,35.65854],[-108.28726,35.65851],[-108.28727,35.65326],[-108.30047,35.65332],[-108.30045,35.63916],[-108.2819,35.6391]],[[-108.25363,35.97269],[-108.25355,35.95917],[-108.27184,35.95882],[-108.27171,35.94382],[-108.25358,35.94382],[-108.2536,35.92885],[-108.27157,35.92885],[-108.27144,35.91455],[-108.26187,35.91456],[-108.26189,35.90037],[-108.25321,35.90035],[-108.25391,35.91456],[-108.23604,35.91427],[-108.23604,35.9003],[-108.22204,35.90026],[-108.22204,35.9143],[-108.20143,35.91389],[-108.20054,35.88553],[-108.1928,35.88537],[-108.1927,35.89299],[-108.18232,35.89298],[-108.18219,35.91417],[-108.16464,35.91435],[-108.16515,35.94381],[-108.18361,35.9439],[-108.18364,35.9586],[-108.2014,35.95859],[-108.20134,35.9439],[-108.21947,35.94386],[-108.21898,35.9867],[-108.23587,35.98668],[-108.23587,36.00231],[-108.21947,36.0024],[-108.2202,36.01679],[-108.20249,36.01693],[-108.20248,36.00249],[-108.21331,36.00037],[-108.20291,35.98782],[-108.16553,35.98785],[-108.1661,36.03189],[-108.18475,36.03177],[-108.18501,36.03656],[-108.18492,36.04629],[-108.16655,36.04622],[-108.16702,36.06085],[-108.1848,36.06071],[-108.18459,36.07531],[-108.19293,36.07522],[-108.19302,36.08983],[-108.22037,36.08965],[-108.22013,36.10425],[-108.23872,36.10434],[-108.23882,36.11905],[-108.25602,36.11909],[-108.25611,36.10419],[-108.27181,36.10423],[-108.27181,36.03119],[-108.25603,36.03118],[-108.25608,36.05329],[-108.2466,36.0533],[-108.24658,36.04614],[-108.23821,36.04631],[-108.2377,36.03374],[-108.23777,36.0312],[-108.25525,36.0311],[-108.25587,36.00981],[-108.26497,36.0098],[-108.26496,36.01663],[-108.2718,36.01701],[-108.27177,36.00218],[-108.25507,36.0022],[-108.25361,35.98661],[-108.2721,35.98687],[-108.27199,35.97237],[-108.25363,35.97269]],[[-108.27139,35.9004],[-108.27136,35.89296],[-108.2619,35.89293],[-108.26189,35.90037],[-108.27139,35.9004]],[[-108.14725,35.95862],[-108.14725,35.96953],[-108.18364,35.9719],[-108.18364,35.9586],[-108.14725,35.95862]],[[-108.18364,35.9804],[-108.19998,35.98047],[-108.19998,35.9719],[-108.18364,35.9719],[-108.18364,35.9804]],[[-108.21193,36.10424],[-108.21181,36.11161],[-108.22041,36.11162],[-108.22013,36.10425],[-108.21193,36.10424]],[[-108.25598,36.1334],[-108.2718,36.1334],[-108.27187,36.11913],[-108.25602,36.11909],[-108.25598,36.1334]],[[-108.22093,36.13345],[-108.22091,36.14816],[-108.25598,36.14758],[-108.25598,36.15533],[-108.27185,36.15531],[-108.27183,36.14745],[-108.25594,36.14752],[-108.25598,36.1334],[-108.22093,36.13345]],[[-108.25716,36.27927],[-108.25728,36.24995],[-108.23013,36.24994],[-108.2303,36.24415],[-108.20855,36.24992],[-108.18595,36.2499],[-108.18609,36.26417],[-108.20319,36.26424],[-108.20297,36.27878],[-108.21173,36.2789],[-108.2117,36.28657],[-108.27164,36.28664],[-108.27164,36.27933],[-108.25716,36.27927]],[[-108.25326,35.85669],[-108.25276,35.82745],[-108.21735,35.82721],[-108.21751,35.8414],[-108.20934,35.84134],[-108.20914,35.84825],[-108.21869,35.84825],[-108.21856,35.8708],[-108.20166,35.87085],[-108.20156,35.87455],[-108.21823,35.87455],[-108.21753,35.88483],[-108.23566,35.88503],[-108.23534,35.87042],[-108.27082,35.87073],[-108.27078,35.85662],[-108.25326,35.85669]],[[-108.25232,35.68109],[-108.25279,35.69673],[-108.2698,35.69664],[-108.26969,35.68147],[-108.25232,35.68109]],[[-108.25214,35.67368],[-108.24187,35.67372],[-108.24163,35.68151],[-108.25232,35.68109],[-108.25214,35.67368]],[[-108.2544,35.61756],[-108.25436,35.62454],[-108.26415,35.6247],[-108.26421,35.61768],[-108.2544,35.61756]],[[-108.24524,35.8777],[-108.2453,35.88557],[-108.2531,35.88549],[-108.25305,35.87764],[-108.24524,35.8777]],[[-108.25169,35.65281],[-108.21658,35.65275],[-108.21654,35.65959],[-108.20845,35.65944],[-108.20859,35.66675],[-108.2522,35.6666],[-108.25169,35.65281]],[[-108.22076,36.22135],[-108.22075,36.22766],[-108.21241,36.22765],[-108.21241,36.23169],[-108.22074,36.23169],[-108.22075,36.23591],[-108.23837,36.23593],[-108.23827,36.22139],[-108.22076,36.22135]],[[-108.22859,35.61778],[-108.22044,35.61797],[-108.22096,35.62436],[-108.22897,35.62466],[-108.22859,35.61778]],[[-108.2104,35.58106],[-108.21043,35.59543],[-108.22868,35.59553],[-108.22893,35.5811],[-108.2104,35.58106]],[[-108.21556,36.66216],[-108.21554,36.66933],[-108.21971,36.66945],[-108.21998,36.66221],[-108.21556,36.66216]],[[-108.19869,35.71138],[-108.19902,35.72601],[-108.21842,35.72603],[-108.21887,35.71135],[-108.19869,35.71138]],[[-108.18968,35.72598],[-108.18978,35.73243],[-108.19927,35.7327],[-108.19902,35.72601],[-108.18968,35.72598]],[[-108.20818,35.74006],[-108.20824,35.7546],[-108.21827,35.7542],[-108.21827,35.73997],[-108.20818,35.74006]],[[-108.19638,36.36483],[-108.19639,36.37893],[-108.21411,36.37895],[-108.21409,36.36483],[-108.19638,36.36483]],[[-108.20279,36.14102],[-108.203,36.1485],[-108.21152,36.14843],[-108.21153,36.14113],[-108.20279,36.14102]],[[-108.20121,35.63173],[-108.20134,35.63859],[-108.21043,35.63868],[-108.21047,35.63187],[-108.20121,35.63173]],[[-108.19365,36.11919],[-108.19363,36.13322],[-108.20251,36.13319],[-108.20251,36.1192],[-108.19365,36.11919]],[[-108.19196,35.81219],[-108.19196,35.81931],[-108.20105,35.81945],[-108.20099,35.81207],[-108.19196,35.81219]],[[-108.1911,35.66727],[-108.19112,35.67378],[-108.1999,35.67385],[-108.19989,35.66649],[-108.1911,35.66727]],[[-108.19405,36.14846],[-108.18459,36.14824],[-108.18545,36.155],[-108.19405,36.15502],[-108.19405,36.14846]],[[-108.17531,35.6387],[-108.17612,35.65272],[-108.19218,35.65273],[-108.19239,35.63877],[-108.17531,35.6387]],[[-108.17604,36.13319],[-108.17677,36.11916],[-108.17999,36.11917],[-108.17994,36.10841],[-108.17602,36.10834],[-108.17605,36.11145],[-108.16641,36.11132],[-108.16641,36.12671],[-108.1488,36.12655],[-108.14875,36.13352],[-108.13943,36.13346],[-108.1394,36.14028],[-108.14871,36.14014],[-108.14867,36.14789],[-108.16629,36.14803],[-108.16634,36.13801],[-108.17266,36.1379],[-108.17224,36.14808],[-108.17827,36.14817],[-108.17841,36.14379],[-108.18046,36.14818],[-108.18096,36.14392],[-108.18422,36.1439],[-108.18452,36.13322],[-108.17604,36.13319]],[[-108.16692,36.08991],[-108.16676,36.10404],[-108.18424,36.1042],[-108.18456,36.08971],[-108.16692,36.08991]],[[-108.16351,35.68112],[-108.1634,35.6846],[-108.15785,35.68458],[-108.15602,35.68935],[-108.16136,35.68939],[-108.16164,35.69638],[-108.17193,35.69636],[-108.17195,35.68946],[-108.18147,35.68918],[-108.18159,35.68126],[-108.16351,35.68112]],[[-108.15777,35.56644],[-108.15788,35.58087],[-108.14046,35.5808],[-108.14033,35.59549],[-108.13129,35.59544],[-108.13124,35.60189],[-108.1227,35.60241],[-108.12273,35.60955],[-108.14024,35.60954],[-108.14045,35.59549],[-108.15781,35.59552],[-108.15788,35.58183],[-108.17539,35.58112],[-108.17543,35.56636],[-108.15777,35.56644]],[[-108.15277,36.60333],[-108.15277,36.61095],[-108.16108,36.61092],[-108.16108,36.60339],[-108.15277,36.60333]],[[-108.15516,36.08989],[-108.15527,36.09162],[-108.15945,36.09172],[-108.1596,36.08806],[-108.15516,36.08989]],[[-108.15823,35.63941],[-108.14073,35.63946],[-108.14075,35.65176],[-108.1278,35.65258],[-108.12765,35.65981],[-108.13684,35.65968],[-108.13682,35.66731],[-108.12771,35.66795],[-108.12726,35.67429],[-108.1365,35.6743],[-108.13689,35.66731],[-108.14571,35.66747],[-108.14549,35.65223],[-108.15823,35.65273],[-108.15823,35.63941]],[[-108.14044,35.62421],[-108.12291,35.62401],[-108.12274,35.63224],[-108.13103,35.63217],[-108.13103,35.63946],[-108.14073,35.63946],[-108.14044,35.62421]],[[-108.12271,35.61354],[-108.11417,35.61354],[-108.11431,35.60952],[-108.1054,35.60933],[-108.1053,35.62371],[-108.12291,35.62401],[-108.12271,35.61354]],[[-108.10525,35.59498],[-108.08718,35.59486],[-108.08708,35.58831],[-108.06936,35.58828],[-108.06926,35.59475],[-108.05157,35.59454],[-108.05159,35.60941],[-108.0693,35.60893],[-108.06927,35.61634],[-108.08727,35.61649],[-108.08719,35.60893],[-108.1054,35.60933],[-108.10525,35.59498]],[[-108.12128,35.59495],[-108.12262,35.58089],[-108.10507,35.58065],[-108.10525,35.59498],[-108.12128,35.59495]],[[-108.13098,35.58076],[-108.13102,35.5739],[-108.12261,35.57395],[-108.12262,35.58089],[-108.13098,35.58076]],[[-108.0513,35.58812],[-108.04258,35.5884],[-108.04234,35.59455],[-108.05157,35.59454],[-108.0513,35.58812]],[[-108.15739,35.50826],[-108.13967,35.50741],[-108.13958,35.5151],[-108.13054,35.5151],[-108.1306,35.52146],[-108.15749,35.5215],[-108.15739,35.50826]],[[-108.13008,36.00269],[-108.13023,36.01735],[-108.14723,36.01706],[-108.15058,36.00278],[-108.13008,36.00269]],[[-108.13793,35.92229],[-108.13791,35.92896],[-108.1463,35.92895],[-108.14616,35.92226],[-108.13793,35.92229]],[[-108.14607,35.89977],[-108.12806,35.89914],[-108.12837,35.91463],[-108.14627,35.9146],[-108.14607,35.89977]],[[-108.13238,35.74697],[-108.13234,35.74334],[-108.12778,35.7433],[-108.12756,35.75444],[-108.14585,35.75453],[-108.14572,35.74689],[-108.13238,35.74697]],[[-108.12665,36.43695],[-108.12596,36.44524],[-108.11747,36.44528],[-108.11747,36.45211],[-108.14465,36.4522],[-108.1454,36.4373],[-108.12665,36.43695]],[[-108.10844,36.42157],[-108.10848,36.42916],[-108.14465,36.42916],[-108.14457,36.42163],[-108.10844,36.42157]],[[-108.13959,36.62255],[-108.13972,36.62608],[-108.14427,36.62617],[-108.14425,36.62253],[-108.13959,36.62255]],[[-108.13457,36.60447],[-108.13447,36.61104],[-108.14362,36.6111],[-108.14395,36.60439],[-108.13457,36.60447]],[[-108.11721,36.55355],[-108.11718,36.56768],[-108.13523,36.56758],[-108.13559,36.55363],[-108.11721,36.55355]],[[-108.10994,35.95868],[-108.11013,35.97337],[-108.12929,35.97313],[-108.12812,35.95841],[-108.10994,35.95868]],[[-108.11076,35.87101],[-108.10985,35.88434],[-108.12804,35.88406],[-108.12815,35.87128],[-108.11076,35.87101]],[[-108.11713,36.4809],[-108.11714,36.48864],[-108.12604,36.48844],[-108.12609,36.48084],[-108.11713,36.4809]],[[-108.10591,35.52163],[-108.10552,35.5378],[-108.12192,35.53796],[-108.12177,35.52148],[-108.10591,35.52163]],[[-108.10602,35.51384],[-108.09595,35.51376],[-108.09591,35.52174],[-108.10591,35.52163],[-108.10602,35.51384]],[[-108.12045,36.01732],[-108.11304,36.01732],[-108.11303,36.03239],[-108.12122,36.0321],[-108.12045,36.01732]],[[-108.11893,35.66714],[-108.11004,35.66716],[-108.10988,35.67405],[-108.11893,35.6722],[-108.11893,35.66714]],[[-108.11869,35.65268],[-108.10979,35.6527],[-108.11009,35.65996],[-108.1187,35.65842],[-108.11869,35.65268]],[[-108.10068,35.68928],[-108.10059,35.696],[-108.10991,35.69594],[-108.11015,35.68928],[-108.10068,35.68928]],[[-108.05431,36.54588],[-108.0542,36.58193],[-108.07207,36.58208],[-108.0721,36.5753],[-108.08116,36.57529],[-108.08116,36.56761],[-108.09,36.5676],[-108.09029,36.54587],[-108.05431,36.54588]],[[-108.08567,36.42231],[-108.06316,36.4223],[-108.06316,36.42879],[-108.07223,36.42878],[-108.07222,36.4372],[-108.08891,36.4372],[-108.08891,36.42473],[-108.08567,36.42231]],[[-108.07923,35.56615],[-108.07935,35.57338],[-108.08689,35.57349],[-108.08687,35.56628],[-108.07923,35.56615]],[[-108.07447,35.66669],[-108.07449,35.68135],[-108.08279,35.68134],[-108.08291,35.66667],[-108.07447,35.66669]],[[-108.07469,35.65286],[-108.0565,35.65295],[-108.05655,35.66668],[-108.07447,35.66669],[-108.07469,35.65286]],[[-108.04503,36.45186],[-108.04511,36.45935],[-108.06306,36.45919],[-108.06274,36.46666],[-108.07058,36.46678],[-108.07273,36.45193],[-108.04503,36.45186]],[[-108.05433,36.6114],[-108.05446,36.61493],[-108.05774,36.61482],[-108.05787,36.6114],[-108.05433,36.6114]],[[-108.04993,35.7039],[-108.05025,35.69605],[-107.98421,35.69608],[-107.98441,35.71069],[-108.0204,35.71058],[-108.02039,35.70331],[-108.02935,35.70333],[-108.02938,35.71056],[-108.05591,35.71076],[-108.05632,35.70713],[-108.04993,35.7039]],[[-108.04575,36.58919],[-108.04542,36.58212],[-108.03613,36.58212],[-108.03641,36.59653],[-108.05422,36.59668],[-108.05421,36.58925],[-108.04575,36.58919]],[[-108.03579,36.52476],[-108.03581,36.53144],[-108.02658,36.53158],[-108.02685,36.52464],[-108.00883,36.52466],[-108.00877,36.53108],[-108.01813,36.53087],[-108.01819,36.53903],[-108.05401,36.53859],[-108.05374,36.52454],[-108.03579,36.52476]],[[-108.01823,36.43636],[-108.0184,36.45157],[-108.03624,36.4514],[-108.03616,36.43812],[-108.01823,36.43636]],[[-108.02418,35.6385],[-108.02421,35.64552],[-108.03319,35.64514],[-108.03309,35.63835],[-108.02418,35.6385]],[[-108.0034,35.72493],[-108.00342,35.73192],[-108.01211,35.73192],[-108.01211,35.72505],[-108.0034,35.72493]],[[-107.98495,35.65283],[-107.98493,35.65835],[-107.99478,35.65813],[-107.995,35.66648],[-108.00308,35.66678],[-108.0035,35.65296],[-107.98495,35.65283]],[[-107.96378,35.5872],[-107.96362,35.59164],[-107.96802,35.59216],[-107.96791,35.58719],[-107.96378,35.5872]],[[-109.2976,35.21157],[-109.29763,35.21353],[-109.3014,35.21345],[-109.2976,35.21157]],[[-108.63534,35.52112],[-108.63092,35.5211],[-108.63091,35.52295],[-108.63534,35.52112]]],[[[-107.15796,35.82645],[-107.15788,35.81966],[-107.16649,35.81966],[-107.16663,35.82655],[-107.15796,35.82645]]],[[[-107.19975,35.089],[-107.19976,35.09553],[-107.17943,35.09553],[-107.17416,35.10371],[-107.1637,35.10889],[-107.1712,35.11919],[-107.1636,35.13219],[-107.18177,35.1348],[-107.1941,35.14397],[-107.1845,35.15481],[-107.1925,35.16258],[-107.18268,35.16794],[-107.18613,35.16788],[-107.18562,35.18302],[-107.17852,35.18217],[-107.17364,35.18658],[-107.1807,35.18654],[-107.1843,35.19374],[-107.17166,35.19195],[-107.1738,35.19495],[-107.17097,35.198],[-107.17278,35.20021],[-107.17582,35.19806],[-107.17574,35.21099],[-107.17113,35.21109],[-107.17087,35.21943],[-107.16397,35.21943],[-107.16462,35.24196],[-107.15438,35.24645],[-107.15291,35.2403],[-107.15643,35.23551],[-107.14653,35.23763],[-107.14131,35.23382],[-107.13256,35.23381],[-107.13231,35.21936],[-107.13473,35.21849],[-107.13171,35.213],[-107.14165,35.21125],[-107.13118,35.20606],[-107.13335,35.20073],[-107.13871,35.20046],[-107.1351,35.19743],[-107.12157,35.20223],[-107.12738,35.19695],[-107.1218,35.19498],[-107.12811,35.18922],[-107.03959,35.18955],[-107.0394,35.15606],[-107.00131,35.15602],[-107.00095,35.1316],[-106.95626,35.13092],[-106.95627,35.12006],[-106.94739,35.12011],[-106.94691,35.10963],[-106.943,35.10331],[-106.94637,35.10111],[-106.94398,35.098],[-106.94759,35.09273],[-106.94627,35.08424],[-106.94763,35.07806],[-106.95036,35.07748],[-106.95152,35.05845],[-106.97301,35.05825],[-106.97243,35.02964],[-106.9918,35.03002],[-106.99203,35.05918],[-107.0969,35.05841],[-107.09716,35.04507],[-107.14511,35.04463],[-107.14838,35.03979],[-107.15935,35.04463],[-107.16721,35.03981],[-107.1671,35.03585],[-107.1618,35.03292],[-107.16535,35.03037],[-107.1548,35.02374],[-107.16227,35.02048],[-107.1748,35.02723],[-107.18004,35.0365],[-107.18605,35.0403],[-107.20373,35.0267],[-107.20336,35.08887],[-107.19975,35.089]],[[-106.97339,35.06912],[-106.9819,35.069],[-106.98177,35.05813],[-106.97301,35.05825],[-106.97339,35.06912]]],[[[-107.18881,35.71175],[-107.18848,35.69693],[-107.20203,35.69665],[-107.20196,35.70412],[-107.21102,35.70402],[-107.21095,35.71142],[-107.18881,35.71175]]],[[[-107.19384,35.84854],[-107.19401,35.85564],[-107.1846,35.85569],[-107.18429,35.82651],[-107.19402,35.82651],[-107.19379,35.83438],[-107.20221,35.8345],[-107.20221,35.84131],[-107.22012,35.84139],[-107.22024,35.84876],[-107.19384,35.84854]]],[[[-107.21165,35.86296],[-107.21154,35.85577],[-107.22857,35.85587],[-107.22858,35.86303],[-107.21165,35.86296]]],[[[-107.22857,35.85587],[-107.22868,35.84878],[-107.23779,35.8488],[-107.23786,35.85589],[-107.22857,35.85587]]],[[[-107.2025,35.885],[-107.20265,35.89186],[-107.21135,35.89176],[-107.21102,35.90647],[-107.20012,35.90646],[-107.20246,35.89914],[-107.18455,35.89632],[-107.18462,35.88501],[-107.18918,35.88507],[-107.18901,35.87054],[-107.18471,35.87052],[-107.18471,35.86256],[-107.19396,35.86251],[-107.19401,35.85564],[-107.20251,35.85566],[-107.20244,35.87078],[-107.22908,35.87086],[-107.22897,35.87802],[-107.23812,35.87807],[-107.23795,35.88515],[-107.2025,35.885]]],[[[-107.2459,35.92731],[-107.23774,35.92718],[-107.23786,35.91927],[-107.24621,35.91951],[-107.2459,35.92731]]],[[[-107.26417,35.91286],[-107.25523,35.91291],[-107.25542,35.90578],[-107.26436,35.90633],[-107.26417,35.91286]]],[[[-107.26439,35.90587],[-107.26477,35.89912],[-107.2729,35.89911],[-107.27301,35.90584],[-107.26439,35.90587]]],[[[-107.26442,35.87081],[-107.26433,35.86353],[-107.28212,35.8637],[-107.28212,35.87099],[-107.26442,35.87081]]],[[[-107.29939,35.70442],[-107.27313,35.70433],[-107.27319,35.6751],[-107.29057,35.67501],[-107.2906,35.6826],[-107.29953,35.6827],[-107.29939,35.70442]]],[[[-107.29084,35.71925],[-107.29082,35.71156],[-107.29956,35.71157],[-107.29977,35.71916],[-107.29084,35.71925]]],[[[-107.29126,35.77625],[-107.29125,35.76932],[-107.30021,35.76936],[-107.30032,35.7765],[-107.29126,35.77625]]],[[[-107.29057,35.67501],[-107.29072,35.6603],[-107.30841,35.66042],[-107.30841,35.67492],[-107.29057,35.67501]]],[[[-107.3177,35.68946],[-107.31762,35.69715],[-107.32651,35.69713],[-107.32656,35.70392],[-107.31725,35.70384],[-107.31736,35.69723],[-107.30851,35.6971],[-107.30842,35.68284],[-107.32668,35.68286],[-107.3268,35.68942],[-107.3177,35.68946]]],[[[-107.32445,36.02734],[-107.32457,36.02022],[-107.33333,36.02034],[-107.33308,36.02762],[-107.32445,36.02734]]],[[[-107.3265,35.89183],[-107.32648,35.88445],[-107.33575,35.88455],[-107.33586,35.89181],[-107.3265,35.89183]]],[[[-107.3267,35.79648],[-107.32659,35.781],[-107.33617,35.7811],[-107.33622,35.79648],[-107.3267,35.79648]]],[[[-107.33512,35.68952],[-107.33517,35.67404],[-107.32618,35.67405],[-107.32611,35.66859],[-107.34435,35.66883],[-107.3444,35.68956],[-107.33512,35.68952]]],[[[-107.34486,35.97722],[-107.34477,35.97056],[-107.35336,35.97054],[-107.35344,35.97731],[-107.34486,35.97722]]],[[[-107.35393,35.79081],[-107.34421,35.79066],[-107.34431,35.77528],[-107.35399,35.77724],[-107.35393,35.79081]]],[[[-107.34475,35.94116],[-107.34492,35.94887],[-107.35391,35.94914],[-107.35384,35.95733],[-107.33664,35.95773],[-107.33608,35.97714],[-107.34486,35.97722],[-107.345,35.99882],[-107.31533,35.9986],[-107.31556,36.00631],[-107.30674,36.00618],[-107.30665,36.01297],[-107.299,36.01296],[-107.29909,35.99844],[-107.29081,35.99831],[-107.29077,35.98292],[-107.28234,35.98293],[-107.28223,35.97713],[-107.27232,35.97677],[-107.27207,35.96871],[-107.30865,35.96982],[-107.30865,35.95519],[-107.29939,35.95526],[-107.29775,35.96268],[-107.27202,35.96255],[-107.27231,35.95538],[-107.2991,35.9553],[-107.29923,35.9484],[-107.26474,35.94874],[-107.26475,35.95543],[-107.25605,35.95565],[-107.25577,35.96998],[-107.26444,35.96993],[-107.26447,35.97705],[-107.23772,35.97732],[-107.23771,35.97025],[-107.22871,35.97015],[-107.22863,35.95577],[-107.23757,35.95575],[-107.23758,35.94162],[-107.25561,35.94182],[-107.25535,35.93456],[-107.26492,35.9347],[-107.26493,35.94181],[-107.27044,35.94262],[-107.27522,35.94047],[-107.27506,35.93714],[-107.28,35.93715],[-107.27991,35.92826],[-107.25368,35.92724],[-107.25541,35.91985],[-107.29057,35.92117],[-107.29047,35.91294],[-107.30864,35.91276],[-107.30865,35.92631],[-107.32623,35.92645],[-107.32613,35.92262],[-107.31852,35.92252],[-107.31863,35.91625],[-107.32633,35.91603],[-107.32624,35.91911],[-107.34514,35.91912],[-107.34514,35.91232],[-107.35191,35.91232],[-107.35424,35.9342],[-107.36113,35.93424],[-107.36114,35.94123],[-107.34475,35.94116]],[[-107.31802,35.95784],[-107.31763,35.96274],[-107.32488,35.96319],[-107.3261,35.95778],[-107.31802,35.95784]]],[[[-107.34466,35.90696],[-107.34456,35.8994],[-107.36151,35.8994],[-107.3615,35.90696],[-107.34466,35.90696]]],[[[-107.35341,35.82573],[-107.3536,35.81978],[-107.34534,35.81967],[-107.34552,35.82627],[-107.32636,35.8263],[-107.32638,35.81155],[-107.3086,35.81172],[-107.3086,35.81817],[-107.31834,35.81821],[-107.31826,35.82647],[-107.30859,35.82631],[-107.30858,35.84774],[-107.31729,35.84759],[-107.31739,35.83982],[-107.32653,35.83966],[-107.32651,35.84743],[-107.34489,35.84754],[-107.34488,35.85636],[-107.35329,35.85632],[-107.3533,35.86307],[-107.34475,35.86297],[-107.34469,35.87067],[-107.3183,35.87021],[-107.31891,35.9069],[-107.30864,35.90681],[-107.30862,35.88539],[-107.29989,35.88524],[-107.30013,35.87074],[-107.29101,35.8709],[-107.29088,35.84198],[-107.29979,35.84211],[-107.29983,35.83505],[-107.29094,35.835],[-107.29091,35.82697],[-107.28218,35.82701],[-107.28237,35.81985],[-107.27307,35.8199],[-107.27301,35.82718],[-107.28208,35.82717],[-107.28198,35.84188],[-107.27308,35.84185],[-107.27317,35.83456],[-107.25529,35.83463],[-107.25538,35.84174],[-107.26454,35.8418],[-107.26457,35.84913],[-107.27319,35.84915],[-107.27321,35.85646],[-107.26461,35.85631],[-107.26469,35.84929],[-107.24683,35.84908],[-107.24681,35.8416],[-107.22889,35.84149],[-107.22915,35.83452],[-107.22018,35.83441],[-107.21993,35.82682],[-107.2109,35.82663],[-107.21072,35.81169],[-107.22937,35.81137],[-107.22903,35.80559],[-107.24629,35.80583],[-107.2464,35.81311],[-107.25496,35.81309],[-107.25492,35.80578],[-107.26436,35.80578],[-107.26435,35.81306],[-107.2732,35.81304],[-107.27331,35.79846],[-107.29062,35.79835],[-107.29009,35.7906],[-107.26471,35.79117],[-107.26454,35.78391],[-107.25533,35.78394],[-107.25532,35.79827],[-107.2109,35.7981],[-107.21108,35.78362],[-107.20206,35.78394],[-107.20232,35.8129],[-107.18418,35.81264],[-107.18419,35.8198],[-107.17566,35.81976],[-107.17556,35.81268],[-107.14814,35.81274],[-107.14766,35.79864],[-107.16605,35.79848],[-107.16609,35.79109],[-107.1574,35.79124],[-107.15755,35.7765],[-107.17476,35.77643],[-107.17484,35.7693],[-107.18365,35.76823],[-107.18405,35.75508],[-107.21225,35.75458],[-107.21213,35.7404],[-107.22936,35.74026],[-107.22936,35.73329],[-107.22034,35.73331],[-107.2202,35.72581],[-107.22879,35.72581],[-107.22855,35.7187],[-107.23751,35.71863],[-107.23734,35.69693],[-107.25487,35.69693],[-107.25529,35.71129],[-107.26349,35.71139],[-107.26379,35.71872],[-107.25524,35.71874],[-107.25529,35.73176],[-107.24696,35.7317],[-107.2468,35.72594],[-107.23753,35.7258],[-107.23792,35.74719],[-107.25545,35.74738],[-107.25563,35.75477],[-107.26482,35.7547],[-107.26494,35.74044],[-107.28167,35.74039],[-107.28176,35.73301],[-107.29139,35.73306],[-107.29127,35.74775],[-107.27351,35.7476],[-107.27375,35.75482],[-107.28232,35.75489],[-107.28233,35.76223],[-107.29131,35.76228],[-107.29125,35.76932],[-107.27342,35.76923],[-107.27342,35.7764],[-107.28213,35.77654],[-107.28245,35.78372],[-107.30862,35.78409],[-107.30861,35.7962],[-107.31814,35.7962],[-107.31812,35.805],[-107.32735,35.80501],[-107.32714,35.81155],[-107.3454,35.81177],[-107.34428,35.79668],[-107.3626,35.79679],[-107.36227,35.82581],[-107.35341,35.82573]],[[-107.27351,35.76215],[-107.25597,35.76215],[-107.25625,35.76917],[-107.27342,35.76923],[-107.27351,35.76215]],[[-107.23782,35.75476],[-107.23784,35.762],[-107.24649,35.76203],[-107.24655,35.75481],[-107.23782,35.75476]],[[-107.22899,35.81266],[-107.2291,35.81954],[-107.23748,35.81955],[-107.23767,35.81275],[-107.22899,35.81266]],[[-107.2008,35.76913],[-107.20094,35.77872],[-107.21484,35.77882],[-107.21485,35.76901],[-107.2008,35.76913]]],[[[-107.35967,36.05706],[-107.35969,36.02909],[-107.36818,36.02918],[-107.36833,36.05737],[-107.35967,36.05706]]],[[[-107.36305,35.73877],[-107.36309,35.74742],[-107.32607,35.74746],[-107.32615,35.74],[-107.3087,35.74],[-107.30862,35.72599],[-107.31749,35.726],[-107.3175,35.71819],[-107.30859,35.71829],[-107.30856,35.7116],[-107.32777,35.71184],[-107.32693,35.72608],[-107.33589,35.72597],[-107.33597,35.73248],[-107.34463,35.73246],[-107.3442,35.74038],[-107.36204,35.74047],[-107.36207,35.73267],[-107.35044,35.7328],[-107.35046,35.72636],[-107.37133,35.72613],[-107.37152,35.73918],[-107.36305,35.73877]]],[[[-107.36593,35.89589],[-107.36624,35.88827],[-107.37625,35.88819],[-107.37591,35.8958],[-107.36593,35.89589]]],[[[-107.3684,36.0852],[-107.36839,36.0781],[-107.35968,36.07806],[-107.35953,36.08526],[-107.32347,36.08518],[-107.32371,36.07105],[-107.33294,36.07105],[-107.33275,36.07802],[-107.35058,36.0782],[-107.3506,36.07105],[-107.37729,36.07123],[-107.37723,36.08519],[-107.3684,36.0852]]],[[[-107.37026,35.99177],[-107.37035,35.9846],[-107.37951,35.98458],[-107.3795,35.99183],[-107.37026,35.99177]]],[[[-107.38026,35.78344],[-107.37055,35.78341],[-107.37057,35.77545],[-107.38038,35.77544],[-107.38026,35.78344]]],[[[-107.37055,35.92722],[-107.37047,35.91343],[-107.38055,35.91342],[-107.38042,35.92729],[-107.37055,35.92722]]],[[[-107.38064,35.85593],[-107.37054,35.85584],[-107.37061,35.84867],[-107.36177,35.84839],[-107.36195,35.84073],[-107.3532,35.8407],[-107.353,35.8331],[-107.362,35.83318],[-107.36193,35.84049],[-107.38131,35.84123],[-107.38064,35.85593]]],[[[-107.3698,35.81314],[-107.3698,35.80437],[-107.38989,35.80439],[-107.38969,35.81326],[-107.3698,35.81314]]],[[[-107.38564,34.41951],[-107.38563,34.41235],[-107.37668,34.41235],[-107.37665,34.40529],[-107.39427,34.405],[-107.39418,34.41929],[-107.38564,34.41951]]],[[[-107.38482,34.39052],[-107.38492,34.37613],[-107.39438,34.37627],[-107.39438,34.39055],[-107.38482,34.39052]]],[[[-107.37033,35.97824],[-107.37035,35.9846],[-107.36116,35.98448],[-107.36069,35.97072],[-107.39657,35.97022],[-107.3971,35.97779],[-107.37033,35.97824]]],[[[-107.38136,35.84045],[-107.38145,35.82708],[-107.3984,35.82706],[-107.39842,35.84026],[-107.38136,35.84045]]],[[[-107.38989,35.80439],[-107.38987,35.79846],[-107.39947,35.79846],[-107.39947,35.80439],[-107.38989,35.80439]]],[[[-107.39427,34.405],[-107.39438,34.39055],[-107.40345,34.39076],[-107.40308,34.40516],[-107.39427,34.405]]],[[[-107.3866,36.08537],[-107.3868,36.07859],[-107.40439,36.07872],[-107.40416,36.08563],[-107.3866,36.08537]]],[[[-107.40672,35.7389],[-107.39787,35.7387],[-107.39775,35.73265],[-107.40675,35.73361],[-107.40672,35.7389]]],[[[-107.39947,35.79846],[-107.39948,35.79125],[-107.40839,35.79125],[-107.40839,35.79848],[-107.39947,35.79846]]],[[[-107.40695,35.93566],[-107.40695,35.92823],[-107.41538,35.92823],[-107.41538,35.93566],[-107.40695,35.93566]]],[[[-107.41552,35.95632],[-107.40608,35.95633],[-107.40583,35.94911],[-107.41585,35.94917],[-107.41552,35.95632]]],[[[-107.40616,35.89281],[-107.40621,35.88599],[-107.39773,35.88493],[-107.39774,35.89958],[-107.41572,35.89983],[-107.41554,35.91288],[-107.40706,35.91286],[-107.40708,35.91999],[-107.39765,35.91993],[-107.39768,35.89973],[-107.37992,35.89956],[-107.37971,35.88456],[-107.37105,35.88478],[-107.37149,35.8782],[-107.35352,35.87813],[-107.3533,35.86307],[-107.38985,35.86271],[-107.38958,35.86977],[-107.41611,35.86988],[-107.41564,35.89295],[-107.40616,35.89281]]],[[[-107.40675,35.73254],[-107.40676,35.72455],[-107.41612,35.72448],[-107.41612,35.73255],[-107.40675,35.73254]]],[[[-107.44687,36.13893],[-107.44796,36.12755],[-107.45685,36.13152],[-107.45662,36.1385],[-107.44687,36.13893]]],[[[-107.45995,35.92883],[-107.45153,35.92878],[-107.45205,35.92041],[-107.45994,35.92235],[-107.45995,35.92883]]],[[[-107.4425,35.97134],[-107.44222,35.9635],[-107.42567,35.96335],[-107.42533,35.97064],[-107.41508,35.97057],[-107.41552,35.95632],[-107.43349,35.95601],[-107.4335,35.94911],[-107.44302,35.94913],[-107.44317,35.96293],[-107.46136,35.96324],[-107.46134,35.97142],[-107.4425,35.97134]]],[[[-107.46987,35.94233],[-107.47009,35.95038],[-107.45107,35.95035],[-107.45102,35.93491],[-107.47859,35.93494],[-107.4788,35.94247],[-107.46987,35.94233]]],[[[-107.47,35.77541],[-107.46981,35.79045],[-107.43297,35.79026],[-107.43307,35.78251],[-107.4504,35.78273],[-107.44997,35.76886],[-107.43285,35.76875],[-107.43285,35.76273],[-107.42434,35.76273],[-107.42432,35.75514],[-107.45101,35.75507],[-107.45086,35.76837],[-107.48674,35.76827],[-107.48675,35.77539],[-107.47,35.77541]]],[[[-107.47632,36.20763],[-107.47633,36.20429],[-107.48046,36.2043],[-107.48047,36.20085],[-107.48861,36.20087],[-107.48869,36.19648],[-107.49285,36.19651],[-107.49286,36.20766],[-107.47632,36.20763]]],[[[-107.48658,35.78327],[-107.48675,35.77539],[-107.49569,35.77546],[-107.49604,35.78342],[-107.48658,35.78327]]],[[[-107.47589,36.21761],[-107.47608,36.21488],[-107.49863,36.21178],[-107.49862,36.21799],[-107.47589,36.21761]]],[[[-107.46835,35.9147],[-107.46873,35.90051],[-107.49925,35.90039],[-107.49914,35.91518],[-107.46835,35.9147]]],[[[-107.49154,36.16783],[-107.49158,36.16057],[-107.4801,36.15977],[-107.47404,36.16006],[-107.4739,36.16813],[-107.46514,36.1681],[-107.46532,36.16096],[-107.4565,36.16073],[-107.45695,36.15362],[-107.47431,36.15401],[-107.47417,36.1464],[-107.49187,36.14656],[-107.4918,36.15354],[-107.50075,36.15341],[-107.50068,36.16789],[-107.49154,36.16783]]],[[[-107.50113,36.09445],[-107.49214,36.09455],[-107.49223,36.11611],[-107.48348,36.11617],[-107.48357,36.10879],[-107.47443,36.10877],[-107.47434,36.12315],[-107.44805,36.12279],[-107.4482,36.10846],[-107.43895,36.10848],[-107.43914,36.13131],[-107.42149,36.13131],[-107.42149,36.124],[-107.43051,36.12399],[-107.43044,36.11579],[-107.42165,36.11589],[-107.42157,36.10149],[-107.41264,36.10135],[-107.41283,36.07151],[-107.3866,36.07144],[-107.38683,36.06455],[-107.39553,36.06438],[-107.39541,36.0503],[-107.38658,36.05034],[-107.38638,36.02824],[-107.39532,36.02831],[-107.39525,36.01323],[-107.43042,36.01309],[-107.43027,35.99944],[-107.44726,35.99956],[-107.4408,36.00002],[-107.44041,36.01301],[-107.46671,36.01316],[-107.46673,36.02117],[-107.45797,36.0211],[-107.45788,36.02841],[-107.43055,36.02845],[-107.43087,36.06439],[-107.42202,36.06497],[-107.42212,36.07179],[-107.43966,36.07181],[-107.43953,36.08695],[-107.4585,36.08701],[-107.45863,36.08006],[-107.46795,36.07956],[-107.47444,36.07962],[-107.47447,36.08705],[-107.48392,36.08675],[-107.48388,36.0723],[-107.49265,36.07227],[-107.49257,36.0656],[-107.50148,36.06681],[-107.50113,36.09445]],[[-107.45691,36.10864],[-107.45699,36.10188],[-107.44831,36.10187],[-107.4482,36.10846],[-107.45691,36.10864]],[[-107.46628,36.08728],[-107.46602,36.09399],[-107.47448,36.09408],[-107.47447,36.08705],[-107.46628,36.08728]],[[-107.42173,36.08742],[-107.42185,36.09438],[-107.43063,36.0943],[-107.43075,36.08702],[-107.42173,36.08742]]],[[[-107.50448,35.78271],[-107.50448,35.77573],[-107.51418,35.77573],[-107.51418,35.78271],[-107.50448,35.78271]]],[[[-107.50949,36.16159],[-107.50936,36.15414],[-107.51712,36.15416],[-107.51723,36.16158],[-107.50949,36.16159]]],[[[-107.5015,36.00726],[-107.50137,35.99992],[-107.49675,35.99989],[-107.49603,35.98543],[-107.51475,35.98548],[-107.51475,36.00003],[-107.51963,36.00108],[-107.51957,36.00718],[-107.5015,36.00726]]],[[[-107.50453,35.66793],[-107.50453,35.68289],[-107.51425,35.68279],[-107.51428,35.67539],[-107.52324,35.67541],[-107.52334,35.71204],[-107.50514,35.71196],[-107.50546,35.7266],[-107.48732,35.72632],[-107.48732,35.71809],[-107.49556,35.71846],[-107.49531,35.71163],[-107.48753,35.71144],[-107.48694,35.68352],[-107.46856,35.68352],[-107.4687,35.68964],[-107.47738,35.68986],[-107.47718,35.70437],[-107.46907,35.70445],[-107.4693,35.72605],[-107.44092,35.7257],[-107.44092,35.71832],[-107.4505,35.71846],[-107.45064,35.70462],[-107.43298,35.70439],[-107.43284,35.6898],[-107.44213,35.68984],[-107.44267,35.69642],[-107.45082,35.69642],[-107.45088,35.68351],[-107.43297,35.68349],[-107.43297,35.66035],[-107.44285,35.66027],[-107.44285,35.66756],[-107.45149,35.6675],[-107.45148,35.68206],[-107.46822,35.68221],[-107.46846,35.67492],[-107.45946,35.67493],[-107.45944,35.66084],[-107.45127,35.66088],[-107.45123,35.65325],[-107.46871,35.65332],[-107.46867,35.66048],[-107.47784,35.66056],[-107.4779,35.66795],[-107.48673,35.6679],[-107.48673,35.6606],[-107.52368,35.6606],[-107.52368,35.66797],[-107.50453,35.66793]],[[-107.4597,35.68994],[-107.45976,35.69651],[-107.46864,35.69615],[-107.4687,35.68964],[-107.4597,35.68994]]],[[[-107.51872,36.11053],[-107.5188,36.10326],[-107.52754,36.1033],[-107.52752,36.1106],[-107.51872,36.11053]]],[[[-107.51538,34.31847],[-107.51515,34.30401],[-107.53294,34.30384],[-107.533,34.31832],[-107.51538,34.31847]]],[[[-107.50979,36.08167],[-107.50983,36.07361],[-107.53659,36.07356],[-107.53652,36.08144],[-107.50979,36.08167]]],[[[-107.5016,36.04425],[-107.5018,36.05795],[-107.4829,36.05797],[-107.48406,36.02861],[-107.5016,36.02871],[-107.50165,36.03669],[-107.51933,36.03674],[-107.51941,36.01379],[-107.52881,36.01405],[-107.52849,36.03697],[-107.53715,36.03713],[-107.53713,36.04421],[-107.5016,36.04425]]],[[[-107.52832,36.00746],[-107.53169,36.00014],[-107.5374,36.00019],[-107.53733,36.00727],[-107.52832,36.00746]]],[[[-107.52682,36.15567],[-107.52699,36.14715],[-107.53746,36.14729],[-107.53867,36.15577],[-107.52682,36.15567]]],[[[-107.53065,35.77681],[-107.53064,35.76879],[-107.54004,35.76881],[-107.54001,35.77662],[-107.53065,35.77681]]],[[[-107.52272,35.89291],[-107.52293,35.9003],[-107.51405,35.90033],[-107.51405,35.9073],[-107.50443,35.9073],[-107.50485,35.88537],[-107.54062,35.88549],[-107.54046,35.88989],[-107.52272,35.89291]]],[[[-107.53626,36.08858],[-107.53652,36.08144],[-107.54523,36.0812],[-107.54516,36.08844],[-107.53626,36.08858]]],[[[-107.53659,36.07356],[-107.53697,36.0583],[-107.5455,36.05828],[-107.54527,36.07361],[-107.53659,36.07356]]],[[[-107.53716,36.05161],[-107.53709,36.04434],[-107.54545,36.04434],[-107.54552,36.05167],[-107.53716,36.05161]]],[[[-107.55399,36.07373],[-107.55391,36.0645],[-107.56282,36.06452],[-107.56295,36.07363],[-107.55399,36.07373]]],[[[-107.55418,36.09576],[-107.55403,36.08842],[-107.56302,36.08835],[-107.56304,36.09575],[-107.55418,36.09576]]],[[[-107.55457,36.03666],[-107.55438,36.0294],[-107.5632,36.02974],[-107.56318,36.03646],[-107.55457,36.03666]]],[[[-107.5378,34.4779],[-107.53761,34.49239],[-107.53296,34.49236],[-107.53278,34.52166],[-107.51565,34.52166],[-107.5155,34.50716],[-107.49836,34.50705],[-107.49846,34.49232],[-107.4807,34.49203],[-107.48051,34.47724],[-107.4631,34.47792],[-107.46321,34.49079],[-107.41101,34.49226],[-107.41113,34.44901],[-107.42847,34.44899],[-107.42855,34.43466],[-107.39407,34.43443],[-107.39418,34.41929],[-107.41109,34.42006],[-107.4113,34.37645],[-107.39438,34.37627],[-107.3941,34.36183],[-107.41129,34.36179],[-107.41107,34.31816],[-107.43857,34.31782],[-107.43878,34.30419],[-107.4979,34.30326],[-107.49781,34.31808],[-107.51538,34.31847],[-107.51556,34.33287],[-107.5331,34.33261],[-107.53291,34.34738],[-107.51562,34.34732],[-107.51556,34.37681],[-107.53307,34.37649],[-107.53314,34.39094],[-107.55067,34.39103],[-107.55056,34.40563],[-107.51528,34.40559],[-107.51541,34.40929],[-107.53299,34.40933],[-107.53274,34.42005],[-107.51559,34.41994],[-107.51577,34.43569],[-107.53281,34.43489],[-107.53291,34.44882],[-107.54145,34.44882],[-107.54132,34.45211],[-107.55036,34.44876],[-107.5504,34.46339],[-107.56327,34.46345],[-107.56305,34.47793],[-107.5378,34.4779]]],[[[-107.55888,34.53624],[-107.5591,34.52147],[-107.56797,34.52155],[-107.56795,34.53623],[-107.55888,34.53624]]],[[[-107.56132,36.23423],[-107.56132,36.22745],[-107.56904,36.22747],[-107.56904,36.23423],[-107.56132,36.23423]]],[[[-107.57239,34.39086],[-107.56371,34.39091],[-107.56405,34.37624],[-107.57255,34.37627],[-107.57239,34.39086]]],[[[-107.57399,35.81214],[-107.53083,35.81235],[-107.53052,35.80473],[-107.52233,35.80469],[-107.52239,35.79073],[-107.53943,35.79075],[-107.5392,35.78321],[-107.54719,35.78311],[-107.54735,35.79752],[-107.5572,35.79748],[-107.55686,35.78331],[-107.57469,35.78341],[-107.57399,35.81214]]],[[[-107.56797,34.52155],[-107.56804,34.50689],[-107.57664,34.50681],[-107.57674,34.51389],[-107.5854,34.51387],[-107.58544,34.52152],[-107.56797,34.52155]]],[[[-107.56761,34.46346],[-107.56789,34.45598],[-107.5752,34.45587],[-107.57504,34.44714],[-107.58497,34.44723],[-107.58551,34.46349],[-107.56761,34.46346]]],[[[-107.56796,34.55061],[-107.56795,34.53623],[-107.58552,34.53611],[-107.58542,34.55078],[-107.56796,34.55061]]],[[[-107.58538,34.43459],[-107.56785,34.43445],[-107.56768,34.44894],[-107.55761,34.44897],[-107.55772,34.44232],[-107.55017,34.44239],[-107.55015,34.43415],[-107.5635,34.43438],[-107.56359,34.42685],[-107.58556,34.42726],[-107.58538,34.43459]]],[[[-107.59013,36.02977],[-107.58088,36.02956],[-107.5815,36.02241],[-107.54552,36.02242],[-107.54563,36.00022],[-107.55701,36.00026],[-107.55703,35.99304],[-107.54745,35.99304],[-107.5463,35.98579],[-107.5376,35.98566],[-107.53766,35.97131],[-107.5571,35.97134],[-107.55705,35.98592],[-107.57619,35.98614],[-107.57682,36.00026],[-107.59015,36.00027],[-107.59013,36.02977]]],[[[-107.59149,35.79045],[-107.59149,35.78355],[-107.59982,35.78365],[-107.59982,35.79044],[-107.59149,35.79045]]],[[[-107.59129,35.86314],[-107.59135,35.85532],[-107.60047,35.85537],[-107.60041,35.86319],[-107.59129,35.86314]]],[[[-107.5948,34.50689],[-107.59488,34.49255],[-107.60302,34.49265],[-107.60297,34.50714],[-107.5948,34.50689]]],[[[-107.60937,35.81226],[-107.60464,35.81228],[-107.6038,35.80484],[-107.59147,35.80413],[-107.59144,35.79751],[-107.60998,35.79753],[-107.60937,35.81226]]],[[[-107.61686,36.05195],[-107.60761,36.05188],[-107.60797,36.04457],[-107.61694,36.04465],[-107.61686,36.05195]]],[[[-107.60295,34.46387],[-107.6027,34.45665],[-107.61167,34.45661],[-107.61162,34.44932],[-107.62034,34.44934],[-107.62026,34.46377],[-107.60295,34.46387]]],[[[-107.62638,36.03042],[-107.61753,36.03025],[-107.61748,36.03765],[-107.58992,36.03727],[-107.59013,36.02977],[-107.59898,36.02996],[-107.59907,36.02271],[-107.60865,36.02295],[-107.60931,36.00028],[-107.6169,36.00029],[-107.6169,35.99332],[-107.62642,35.99332],[-107.62638,36.03042]]],[[[-107.60998,35.79753],[-107.6098,35.78388],[-107.62749,35.78393],[-107.62739,35.79757],[-107.60998,35.79753]]],[[[-107.61184,36.28613],[-107.61189,36.27886],[-107.61547,36.27679],[-107.61574,36.27176],[-107.62424,36.27175],[-107.62425,36.27802],[-107.63337,36.27802],[-107.63353,36.28477],[-107.61184,36.28613]]],[[[-107.62652,35.8999],[-107.62653,35.88552],[-107.6456,35.8856],[-107.64527,35.90001],[-107.62652,35.8999]]],[[[-107.62931,35.70992],[-107.62931,35.69667],[-107.64685,35.69667],[-107.64685,35.70914],[-107.62931,35.70992]]],[[[-107.65131,36.15378],[-107.64284,36.15383],[-107.6429,36.14698],[-107.63379,36.14697],[-107.63389,36.15441],[-107.62463,36.15424],[-107.62457,36.16149],[-107.60692,36.16156],[-107.60713,36.15437],[-107.59816,36.15428],[-107.59811,36.1686],[-107.55382,36.16849],[-107.55372,36.18227],[-107.54479,36.18231],[-107.54481,36.19003],[-107.53575,36.1901],[-107.53813,36.17522],[-107.50988,36.17537],[-107.50998,36.16861],[-107.53588,36.16843],[-107.53585,36.16105],[-107.54489,36.16095],[-107.54473,36.13211],[-107.53605,36.13216],[-107.53603,36.13918],[-107.49195,36.13934],[-107.49206,36.13191],[-107.50084,36.13201],[-107.50087,36.12508],[-107.51873,36.12503],[-107.5187,36.11766],[-107.52738,36.11761],[-107.52742,36.12504],[-107.5453,36.12508],[-107.54488,36.10336],[-107.58108,36.10339],[-107.58102,36.11074],[-107.5722,36.11079],[-107.57139,36.14662],[-107.58936,36.14666],[-107.58964,36.12509],[-107.59844,36.12508],[-107.59833,36.13244],[-107.6428,36.13295],[-107.64292,36.13979],[-107.65175,36.13967],[-107.65131,36.15378]],[[-107.56254,36.15445],[-107.56257,36.16215],[-107.57134,36.16206],[-107.57189,36.15428],[-107.56254,36.15445]],[[-107.55341,36.13253],[-107.55369,36.14009],[-107.56663,36.14012],[-107.56662,36.13341],[-107.55341,36.13253]]],[[[-107.65237,36.1395],[-107.65246,36.13263],[-107.66068,36.13251],[-107.66072,36.13929],[-107.65237,36.1395]]],[[[-107.64685,35.72535],[-107.64685,35.70992],[-107.66415,35.70992],[-107.66415,35.72535],[-107.64685,35.72535]]],[[[-107.64707,35.67428],[-107.64707,35.66746],[-107.6642,35.66746],[-107.6642,35.67428],[-107.64707,35.67428]]],[[[-107.6456,35.8856],[-107.64598,35.87085],[-107.66464,35.87077],[-107.66413,35.88567],[-107.6456,35.8856]]],[[[-107.6463,35.85583],[-107.64598,35.87085],[-107.62653,35.87114],[-107.62654,35.85557],[-107.6463,35.85578],[-107.64573,35.84065],[-107.66528,35.84042],[-107.66517,35.85567],[-107.6463,35.85583]]],[[[-107.66409,35.73999],[-107.66409,35.73326],[-107.67396,35.73326],[-107.67396,35.73898],[-107.66409,35.73999]]],[[[-107.66075,36.13239],[-107.66106,36.12518],[-107.6785,36.12485],[-107.67858,36.13219],[-107.66075,36.13239]]],[[[-107.66081,36.29228],[-107.66075,36.28454],[-107.64242,36.28475],[-107.64237,36.25634],[-107.63342,36.2563],[-107.63355,36.2634],[-107.61511,36.26406],[-107.61492,36.25682],[-107.60715,36.2568],[-107.607,36.24924],[-107.58867,36.24918],[-107.58873,36.23497],[-107.59751,36.23501],[-107.59745,36.24229],[-107.61576,36.24238],[-107.61573,36.24799],[-107.64242,36.24913],[-107.64245,36.25634],[-107.66066,36.25594],[-107.66081,36.27794],[-107.67861,36.27784],[-107.67881,36.29254],[-107.66081,36.29228]]],[[[-107.67017,36.03787],[-107.67017,36.03085],[-107.66153,36.03085],[-107.66205,36.02208],[-107.65312,36.02183],[-107.65308,36.01538],[-107.67955,36.01525],[-107.68001,36.03787],[-107.67017,36.03787]]],[[[-107.67099,36.05924],[-107.67101,36.06641],[-107.644,36.06653],[-107.64359,36.08833],[-107.61683,36.08843],[-107.61711,36.0737],[-107.62622,36.07388],[-107.62628,36.05912],[-107.63486,36.05915],[-107.63499,36.05201],[-107.64341,36.05178],[-107.64389,36.05935],[-107.65333,36.05901],[-107.65307,36.05135],[-107.64414,36.05168],[-107.64401,36.04554],[-107.68012,36.04507],[-107.6808,36.05927],[-107.67099,36.05924]]],[[[-107.66415,35.70992],[-107.66417,35.69651],[-107.68181,35.69653],[-107.68179,35.70994],[-107.66415,35.70992]]],[[[-107.66355,35.90016],[-107.66413,35.88567],[-107.68285,35.88574],[-107.68287,35.90025],[-107.66355,35.90016]]],[[[-107.67846,36.21992],[-107.67815,36.21261],[-107.6871,36.21257],[-107.68745,36.21976],[-107.67846,36.21992]]],[[[-107.68679,36.29998],[-107.68685,36.30685],[-107.679,36.30686],[-107.67881,36.29254],[-107.69607,36.29258],[-107.696,36.29992],[-107.68679,36.29998]]],[[[-107.69984,36.00073],[-107.68147,36.00059],[-107.68134,35.98589],[-107.67305,35.9859],[-107.67303,35.99267],[-107.66299,35.99265],[-107.66295,36.00048],[-107.67117,36.00053],[-107.67096,36.00793],[-107.66208,36.00787],[-107.66217,36.00048],[-107.64472,36.00039],[-107.64456,35.98582],[-107.65446,35.98587],[-107.65448,35.97812],[-107.64506,35.97815],[-107.64556,35.9565],[-107.62663,35.95632],[-107.62665,35.98612],[-107.61668,35.98611],[-107.61668,35.97847],[-107.60922,35.97847],[-107.60922,35.97113],[-107.60423,35.97153],[-107.60427,35.97995],[-107.59189,35.97978],[-107.59187,35.98641],[-107.60946,35.9864],[-107.60947,35.99274],[-107.58521,35.99274],[-107.58521,35.98608],[-107.57611,35.98611],[-107.57612,35.97221],[-107.58564,35.97208],[-107.58533,35.95628],[-107.57622,35.95629],[-107.57566,35.9143],[-107.54776,35.91441],[-107.54775,35.90821],[-107.55768,35.90802],[-107.55802,35.90059],[-107.54077,35.90039],[-107.54053,35.91443],[-107.52228,35.91434],[-107.52237,35.90782],[-107.52681,35.90757],[-107.53092,35.9001],[-107.54025,35.90017],[-107.54046,35.89278],[-107.55748,35.89287],[-107.55768,35.88558],[-107.54843,35.88543],[-107.54833,35.8787],[-107.55762,35.87863],[-107.55774,35.85595],[-107.56833,35.85606],[-107.56843,35.87058],[-107.57464,35.87059],[-107.57501,35.88581],[-107.5914,35.88593],[-107.59121,35.90678],[-107.60971,35.90681],[-107.60968,35.9103],[-107.62665,35.90676],[-107.62678,35.91401],[-107.64516,35.914],[-107.64509,35.92841],[-107.66311,35.92859],[-107.66327,35.93596],[-107.6816,35.93596],[-107.68117,35.95687],[-107.69991,35.95686],[-107.69984,36.00073]],[[-107.60965,35.91404],[-107.60954,35.92795],[-107.62695,35.92822],[-107.62678,35.91401],[-107.60965,35.91404]],[[-107.6352,35.92831],[-107.6352,35.94235],[-107.64484,35.94242],[-107.64509,35.92841],[-107.6352,35.92831]],[[-107.67186,35.95677],[-107.67314,35.97788],[-107.68142,35.97802],[-107.68117,35.95687],[-107.67186,35.95677]]],[[[-107.66311,35.92859],[-107.66349,35.91397],[-107.64516,35.914],[-107.64527,35.90001],[-107.66355,35.90016],[-107.66368,35.90666],[-107.67267,35.90666],[-107.67266,35.91396],[-107.7005,35.91319],[-107.70041,35.92864],[-107.66311,35.92859]]],[[[-107.69536,36.23435],[-107.69567,36.21984],[-107.70415,36.21984],[-107.70422,36.23433],[-107.69536,36.23435]]],[[[-107.69675,36.09592],[-107.69665,36.08889],[-107.70517,36.08895],[-107.70503,36.09597],[-107.69675,36.09592]]],[[[-107.70439,35.83514],[-107.70445,35.83074],[-107.71425,35.8308],[-107.71409,35.8338],[-107.70439,35.83514]]],[[[-107.72264,36.15387],[-107.72279,36.14699],[-107.7314,36.14672],[-107.73136,36.15385],[-107.72264,36.15387]]],[[[-107.73564,35.68937],[-107.72578,35.68937],[-107.72577,35.69618],[-107.73564,35.69599],[-107.73523,35.7107],[-107.71823,35.71122],[-107.71796,35.72504],[-107.70016,35.72553],[-107.70061,35.70398],[-107.70813,35.70408],[-107.70813,35.69642],[-107.68181,35.69653],[-107.68181,35.68937],[-107.70072,35.68937],[-107.70123,35.68208],[-107.71797,35.68198],[-107.7174,35.66692],[-107.70138,35.66701],[-107.70119,35.65184],[-107.73629,35.65181],[-107.73564,35.68937]],[[-107.72577,35.68209],[-107.71797,35.68208],[-107.71733,35.68938],[-107.72578,35.68937],[-107.72577,35.68209]]],[[[-107.73087,36.18292],[-107.73139,36.20474],[-107.71358,36.20475],[-107.7137,36.21187],[-107.6953,36.21198],[-107.69525,36.19691],[-107.678,36.19686],[-107.67797,36.20519],[-107.66004,36.20529],[-107.66005,36.21203],[-107.65105,36.21218],[-107.65074,36.20525],[-107.63317,36.20528],[-107.63292,36.19798],[-107.62433,36.19812],[-107.62434,36.19069],[-107.67804,36.19049],[-107.678,36.18276],[-107.66944,36.18281],[-107.66939,36.17627],[-107.68727,36.17615],[-107.68741,36.18301],[-107.6955,36.18304],[-107.69533,36.17595],[-107.7217,36.17623],[-107.72184,36.16906],[-107.7393,36.16899],[-107.7391,36.18311],[-107.73087,36.18292]],[[-107.69553,36.197],[-107.72182,36.19661],[-107.72159,36.18272],[-107.6955,36.18304],[-107.69553,36.197]]],[[[-107.73087,36.65421],[-107.73097,36.64726],[-107.73963,36.6471],[-107.73922,36.65409],[-107.73087,36.65421]]],[[[-107.73195,36.45844],[-107.73213,36.50959],[-107.72316,36.50943],[-107.7231,36.44431],[-107.7324,36.44411],[-107.73293,36.45131],[-107.74025,36.45126],[-107.7406,36.45843],[-107.73195,36.45844]]],[[[-107.74055,36.13951],[-107.74063,36.13294],[-107.74964,36.13306],[-107.74973,36.13966],[-107.74055,36.13951]]],[[[-107.74963,36.40841],[-107.73183,36.40815],[-107.73187,36.43716],[-107.69674,36.43711],[-107.69672,36.42986],[-107.68672,36.42998],[-107.68655,36.41493],[-107.70499,36.41486],[-107.70526,36.42948],[-107.72292,36.42939],[-107.72291,36.42265],[-107.71395,36.42233],[-107.71406,36.41553],[-107.72257,36.41546],[-107.72266,36.39355],[-107.74128,36.39374],[-107.74125,36.38676],[-107.74987,36.38667],[-107.74963,36.40841]]],[[[-107.73482,35.78278],[-107.73494,35.76778],[-107.75205,35.76787],[-107.75208,35.78279],[-107.73482,35.78278]]],[[[-107.75761,36.18301],[-107.74916,36.18307],[-107.74933,36.17615],[-107.75762,36.17619],[-107.75761,36.18301]]],[[[-107.75275,35.79699],[-107.75208,35.78279],[-107.7717,35.78284],[-107.7714,35.79694],[-107.75275,35.79699]]],[[[-107.75205,35.76787],[-107.75212,35.75364],[-107.77204,35.754],[-107.77213,35.76796],[-107.75205,35.76787]]],[[[-107.77204,35.754],[-107.77196,35.74687],[-107.78017,35.74671],[-107.78006,35.75414],[-107.77204,35.754]]],[[[-107.76688,36.58997],[-107.7671,36.59676],[-107.73989,36.59699],[-107.74046,36.61741],[-107.74879,36.61823],[-107.74911,36.62507],[-107.73925,36.62531],[-107.73955,36.63935],[-107.73078,36.6392],[-107.7305,36.56782],[-107.72248,36.56763],[-107.72285,36.51661],[-107.73191,36.51666],[-107.73169,36.52368],[-107.74035,36.52392],[-107.74032,36.53141],[-107.73151,36.53157],[-107.73175,36.5465],[-107.74028,36.54654],[-107.74092,36.53882],[-107.74953,36.53868],[-107.74897,36.56129],[-107.73985,36.56121],[-107.74004,36.56765],[-107.7485,36.5681],[-107.74904,36.58198],[-107.7671,36.58212],[-107.76725,36.57488],[-107.7764,36.57492],[-107.77626,36.58221],[-107.78506,36.58227],[-107.7851,36.58946],[-107.76688,36.58997]]],[[[-107.77711,36.37208],[-107.77699,36.36484],[-107.78617,36.36493],[-107.7861,36.37188],[-107.77711,36.37208]]],[[[-107.7703,35.90052],[-107.77054,35.90726],[-107.75358,35.90688],[-107.75339,35.90029],[-107.73602,35.90003],[-107.736,35.88585],[-107.68285,35.88574],[-107.68308,35.87084],[-107.66464,35.87077],[-107.66517,35.85567],[-107.68267,35.85537],[-107.68272,35.84069],[-107.66528,35.84042],[-107.66508,35.82647],[-107.61811,35.82675],[-107.61811,35.81968],[-107.60916,35.81974],[-107.60937,35.81226],[-107.62537,35.81206],[-107.62739,35.79757],[-107.64659,35.79745],[-107.64528,35.8121],[-107.66393,35.81221],[-107.66393,35.79702],[-107.75275,35.79699],[-107.75474,35.80955],[-107.75274,35.81162],[-107.72717,35.81151],[-107.72704,35.81836],[-107.73522,35.81806],[-107.73524,35.8263],[-107.70075,35.82684],[-107.70096,35.84838],[-107.71789,35.84837],[-107.71764,35.84058],[-107.77032,35.8406],[-107.77044,35.85526],[-107.75245,35.85526],[-107.75254,35.8712],[-107.77039,35.87128],[-107.77041,35.87847],[-107.7794,35.87847],[-107.7794,35.88618],[-107.78824,35.88561],[-107.78844,35.90063],[-107.7703,35.90052]],[[-107.67318,35.82671],[-107.67321,35.81228],[-107.66451,35.81222],[-107.66508,35.82647],[-107.67318,35.82671]],[[-107.73576,35.85523],[-107.72699,35.85539],[-107.72695,35.87119],[-107.73588,35.87117],[-107.73576,35.85523]]],[[[-107.77039,35.87128],[-107.77044,35.85526],[-107.77877,35.85527],[-107.77864,35.8483],[-107.7888,35.84861],[-107.78798,35.87168],[-107.77039,35.87128]]],[[[-107.7717,35.78284],[-107.77213,35.76796],[-107.78882,35.76815],[-107.78887,35.78287],[-107.7717,35.78284]]],[[[-107.78891,35.84146],[-107.77032,35.8406],[-107.77067,35.83347],[-107.76178,35.83307],[-107.76166,35.8264],[-107.75335,35.82623],[-107.75274,35.81162],[-107.77116,35.8117],[-107.7714,35.79694],[-107.78936,35.79649],[-107.78891,35.84146]]],[[[-107.78709,35.64586],[-107.78722,35.63797],[-107.7959,35.63789],[-107.79607,35.64579],[-107.78709,35.64586]]],[[[-107.78574,36.1469],[-107.78553,36.1618],[-107.76737,36.16165],[-107.76743,36.16883],[-107.78558,36.16881],[-107.78558,36.1832],[-107.77647,36.18318],[-107.77641,36.17634],[-107.75762,36.17618],[-107.75777,36.1688],[-107.7393,36.16899],[-107.73936,36.16157],[-107.74935,36.16164],[-107.74993,36.13963],[-107.76673,36.14676],[-107.76673,36.13964],[-107.75763,36.13941],[-107.75778,36.13232],[-107.76767,36.13251],[-107.76769,36.13964],[-107.80365,36.13999],[-107.80378,36.14704],[-107.78574,36.1469]]],[[[-107.79543,36.32861],[-107.79514,36.32148],[-107.80394,36.32141],[-107.80415,36.32854],[-107.79543,36.32861]]],[[[-107.79543,36.38758],[-107.79531,36.37989],[-107.80407,36.37976],[-107.80418,36.38759],[-107.79543,36.38758]]],[[[-107.78629,36.00117],[-107.78627,35.98617],[-107.80561,35.98617],[-107.80561,36.00125],[-107.78629,36.00117]]],[[[-107.80326,36.10315],[-107.8033,36.11023],[-107.78624,36.11052],[-107.7862,36.1183],[-107.77757,36.1183],[-107.77757,36.10326],[-107.79369,36.10326],[-107.79369,36.09602],[-107.81336,36.09596],[-107.81326,36.10319],[-107.80326,36.10315]]],[[[-107.82111,36.30636],[-107.82115,36.29952],[-107.82978,36.29948],[-107.82976,36.30634],[-107.82111,36.30636]]],[[[-107.82256,36.18964],[-107.8214,36.20788],[-107.82148,36.2557],[-107.83023,36.25568],[-107.83016,36.26292],[-107.78559,36.26299],[-107.78567,36.27036],[-107.77714,36.27034],[-107.77713,36.27798],[-107.76824,36.27802],[-107.76815,36.2851],[-107.78601,36.28515],[-107.78603,36.29224],[-107.77652,36.29215],[-107.77674,36.30678],[-107.76841,36.30692],[-107.76859,36.31423],[-107.77693,36.31435],[-107.77699,36.3214],[-107.76819,36.32145],[-107.76808,36.34325],[-107.77709,36.3433],[-107.77699,36.33584],[-107.79447,36.33584],[-107.79452,36.35739],[-107.78634,36.35725],[-107.78619,36.34975],[-107.77708,36.34959],[-107.77699,36.36484],[-107.76787,36.36476],[-107.76793,36.37966],[-107.75884,36.37962],[-107.75907,36.38667],[-107.74987,36.38667],[-107.75003,36.37267],[-107.75825,36.37253],[-107.75797,36.36496],[-107.76786,36.36469],[-107.76765,36.35042],[-107.74965,36.35],[-107.74918,36.34276],[-107.72339,36.34278],[-107.72336,36.33948],[-107.73143,36.33958],[-107.73153,36.33561],[-107.75867,36.33554],[-107.75873,36.32831],[-107.7496,36.32834],[-107.7497,36.32113],[-107.73146,36.32136],[-107.73159,36.32839],[-107.72183,36.32843],[-107.72261,36.30692],[-107.71383,36.30694],[-107.71421,36.29935],[-107.70524,36.29903],[-107.70529,36.28511],[-107.71393,36.28511],[-107.71432,36.29942],[-107.7402,36.2995],[-107.74014,36.31457],[-107.75895,36.31395],[-107.75931,36.29943],[-107.75114,36.29943],[-107.75114,36.29239],[-107.74211,36.29239],[-107.74209,36.28545],[-107.74939,36.28541],[-107.75088,36.26987],[-107.76766,36.2699],[-107.76765,36.26285],[-107.77709,36.2626],[-107.77709,36.25601],[-107.78586,36.25608],[-107.78567,36.24877],[-107.79398,36.24886],[-107.79399,36.24126],[-107.8037,36.24127],[-107.80376,36.23436],[-107.8121,36.23434],[-107.81219,36.21269],[-107.80368,36.21269],[-107.80368,36.2194],[-107.77656,36.21987],[-107.77658,36.22718],[-107.78553,36.2272],[-107.78544,36.23402],[-107.77655,36.23412],[-107.77654,36.24101],[-107.75829,36.24105],[-107.75824,36.25593],[-107.75057,36.2561],[-107.75087,36.26315],[-107.74137,36.26308],[-107.74138,36.25624],[-107.73252,36.25635],[-107.73252,36.24878],[-107.71432,36.24896],[-107.71404,36.26347],[-107.69676,36.2635],[-107.69676,36.25834],[-107.70431,36.25834],[-107.70422,36.23433],[-107.73056,36.23451],[-107.73056,36.2187],[-107.74838,36.21896],[-107.74895,36.20512],[-107.76745,36.20524],[-107.76733,36.19795],[-107.77586,36.19794],[-107.77595,36.20509],[-107.80329,36.20508],[-107.80321,36.19065],[-107.79432,36.19062],[-107.79396,36.17645],[-107.82144,36.17602],[-107.82164,36.18223],[-107.83045,36.18198],[-107.83073,36.18941],[-107.82256,36.18964]]],[[[-107.82194,35.97181],[-107.82192,35.98654],[-107.80561,35.98617],[-107.80446,35.97184],[-107.82188,35.97181],[-107.82188,35.96443],[-107.83074,35.96443],[-107.83074,35.97184],[-107.82194,35.97181]]],[[[-107.83015,36.27035],[-107.83016,36.26292],[-107.83846,36.26288],[-107.83846,36.27035],[-107.83015,36.27035]]],[[[-107.82192,36.00135],[-107.82192,35.98654],[-107.83888,35.98654],[-107.83888,36.00144],[-107.82192,36.00135]]],[[[-107.82935,36.14688],[-107.82947,36.13918],[-107.84018,36.1392],[-107.84019,36.1469],[-107.82935,36.14688]]],[[[-107.84041,35.39163],[-107.82258,35.39182],[-107.82228,35.37742],[-107.8405,35.37852],[-107.84041,35.39163]]],[[[-107.8303,36.23401],[-107.83016,36.21954],[-107.83927,36.21941],[-107.83942,36.22656],[-107.8477,36.22659],[-107.84771,36.234],[-107.8303,36.23401]]],[[[-107.83918,36.21235],[-107.83915,36.20484],[-107.84789,36.20482],[-107.8479,36.21228],[-107.83918,36.21235]]],[[[-107.79647,36.43017],[-107.79644,36.42349],[-107.81219,36.42344],[-107.81233,36.41601],[-107.81633,36.41602],[-107.81645,36.40535],[-107.82113,36.40535],[-107.82119,36.40088],[-107.83015,36.40097],[-107.83027,36.39388],[-107.8256,36.39383],[-107.82565,36.39042],[-107.83418,36.3905],[-107.83414,36.39413],[-107.83877,36.39409],[-107.83901,36.40861],[-107.83007,36.4085],[-107.82999,36.41578],[-107.83329,36.41579],[-107.83329,36.41952],[-107.83904,36.41952],[-107.83903,36.42463],[-107.85249,36.42463],[-107.8524,36.4307],[-107.79647,36.43017]]],[[[-107.84001,36.08843],[-107.7683,36.08891],[-107.76826,36.10362],[-107.75828,36.10361],[-107.75817,36.11799],[-107.73192,36.11785],[-107.73162,36.1396],[-107.71361,36.13943],[-107.71335,36.16843],[-107.70433,36.16855],[-107.70422,36.16139],[-107.69499,36.16133],[-107.69477,36.154],[-107.68741,36.15398],[-107.68734,36.1466],[-107.69541,36.1467],[-107.6955,36.13224],[-107.68677,36.1321],[-107.68646,36.10303],[-107.71375,36.10337],[-107.71383,36.09611],[-107.73172,36.09629],[-107.73165,36.10319],[-107.75008,36.10372],[-107.75027,36.08887],[-107.73156,36.08882],[-107.73145,36.07988],[-107.74012,36.08169],[-107.75449,36.07644],[-107.77229,36.07671],[-107.78504,36.06685],[-107.80186,36.06243],[-107.81249,36.05521],[-107.81754,36.06448],[-107.82523,36.06988],[-107.82915,36.07907],[-107.8525,36.0812],[-107.84001,36.08843]],[[-107.70438,36.13236],[-107.70431,36.13946],[-107.71335,36.13943],[-107.71405,36.11801],[-107.7047,36.11799],[-107.70449,36.12492],[-107.69574,36.12473],[-107.6955,36.13224],[-107.70438,36.13236]]],[[[-107.85666,36.27754],[-107.84774,36.2775],[-107.84775,36.27032],[-107.85671,36.27051],[-107.85666,36.27754]]],[[[-107.84053,35.37762],[-107.84045,35.36923],[-107.84989,35.36917],[-107.84999,35.36282],[-107.85808,35.36292],[-107.85784,35.37731],[-107.84053,35.37762]]],[[[-107.85692,35.49972],[-107.85694,35.49318],[-107.86534,35.4932],[-107.86533,35.4981],[-107.85692,35.49972]]],[[[-107.85727,36.32838],[-107.85736,36.32106],[-107.86557,36.3211],[-107.86549,36.32844],[-107.85727,36.32838]]],[[[-107.85713,35.52916],[-107.85702,35.5215],[-107.86577,35.52145],[-107.86589,35.5291],[-107.85713,35.52916]]],[[[-107.86608,36.35759],[-107.85807,36.35759],[-107.85807,36.3507],[-107.86608,36.35216],[-107.86608,36.35759]]],[[[-107.86538,36.29945],[-107.86546,36.29214],[-107.87425,36.29222],[-107.87438,36.29938],[-107.86538,36.29945]]],[[[-107.8662,36.2479],[-107.86619,36.24014],[-107.8746,36.24019],[-107.87451,36.24785],[-107.8662,36.2479]]],[[[-107.86531,35.50754],[-107.86532,35.49965],[-107.87488,35.49955],[-107.87462,35.50758],[-107.86531,35.50754]]],[[[-107.87458,36.4375],[-107.85618,36.43738],[-107.85649,36.40825],[-107.86572,36.40833],[-107.86578,36.40125],[-107.87495,36.40131],[-107.87458,36.4375]]],[[[-107.859,35.33369],[-107.85871,35.31974],[-107.87536,35.31972],[-107.87556,35.33371],[-107.859,35.33369]]],[[[-107.86807,35.36289],[-107.8657,35.3481],[-107.87749,35.34808],[-107.87805,35.36288],[-107.86807,35.36289]]]]},"properties":{"AIANNHCE":"2430","NAMELSAD":"Navajo Nation Reservation and Off-Reservation Trust Land","FEMA":"Navajo Nation Reservation (Also  AZ and UT) / Navajo Nation Reservation (Also NM and UT)","POP":161008,"AIAN":152000,"POP_OK":1,"DECL":5,"TRIBE_N":3,"STATE_N":2,"LIST":"2013: Freezing | 2013: Severe Storm | 2014: Flood | 2019: Severe Storm | 2023: Severe Storm","STATE":"Arizona, New Mexico, Utah"}},{"type":"Feature","geometry":{"type":"Polygon","coordinates":[[[-116.91208,46.43455],[-116.91129,46.5339],[-116.25676,46.56533],[-115.89647,46.14581],[-115.96493,45.99263],[-116.79218,46.20414],[-116.83819,46.21263],[-116.85466,46.32596],[-116.87889,46.44804],[-116.89957,46.43747],[-116.91208,46.43455]]]},"properties":{"AIANNHCE":"2445","NAMELSAD":"Nez Perce Reservation","FEMA":"Nez Perce Indian Reservation","POP":19038,"AIAN":1869,"POP_OK":1,"DECL":2,"TRIBE_N":0,"STATE_N":2,"LIST":"2011: Flood | 2019: Flood","STATE":"Idaho"}},{"type":"Feature","geometry":{"type":"Polygon","coordinates":[[[-122.69683,47.04058],[-122.68561,47.04073],[-122.68476,47.04419],[-122.62567,47.03378],[-122.62532,46.99593],[-122.6577,46.99599],[-122.67139,46.99993],[-122.67525,47.00369],[-122.67511,47.00715],[-122.67176,47.00707],[-122.67507,47.01053],[-122.69644,47.02517],[-122.69683,47.04058]]]},"properties":{"AIANNHCE":"2460","NAMELSAD":"Nisqually Reservation","FEMA":"Nisqually Indian Reservation","POP":628,"AIAN":392,"POP_OK":1,"DECL":1,"TRIBE_N":0,"STATE_N":1,"LIST":"2022: Flood","STATE":"Washington"}},{"type":"Feature","geometry":{"type":"MultiPolygon","coordinates":[[[[-122.19463,48.80894],[-122.18814,48.81008],[-122.18531,48.8166],[-122.16884,48.81703],[-122.16892,48.81171],[-122.17942,48.81063],[-122.17963,48.80379],[-122.18229,48.80372],[-122.18175,48.81066],[-122.18382,48.8107],[-122.18381,48.80361],[-122.18985,48.8036],[-122.18985,48.80717],[-122.19463,48.80894]]],[[[-122.19918,48.79828],[-122.19946,48.79998],[-122.19852,48.79915],[-122.19918,48.79828]]],[[[-122.20119,48.80541],[-122.20121,48.8085],[-122.20084,48.80844],[-122.20119,48.80541]]],[[[-122.20274,48.79673],[-122.20154,48.80096],[-122.20146,48.79802],[-122.19821,48.79778],[-122.19783,48.79993],[-122.17876,48.79989],[-122.17884,48.7965],[-122.20274,48.79673]]],[[[-122.2061,48.81761],[-122.19685,48.81752],[-122.19645,48.81586],[-122.20366,48.80952],[-122.2061,48.81761]]],[[[-122.21247,48.80314],[-122.20693,48.8032],[-122.20685,48.80656],[-122.21207,48.8066],[-122.20987,48.81679],[-122.20102,48.80249],[-122.20418,48.79901],[-122.20305,48.79641],[-122.2126,48.79647],[-122.21247,48.80314]]],[[[-122.21265,48.78571],[-122.2052,48.78184],[-122.20587,48.78013],[-122.21235,48.78008],[-122.21265,48.78571]]],[[[-122.21495,48.82339],[-122.21392,48.82416],[-122.20566,48.82501],[-122.20973,48.8212],[-122.21495,48.82339]]],[[[-122.22068,48.82429],[-122.21541,48.82279],[-122.2135,48.82138],[-122.2202,48.82088],[-122.22068,48.82429]]],[[[-122.22325,48.76566],[-122.21242,48.76758],[-122.21284,48.76063],[-122.2195,48.76058],[-122.21943,48.76506],[-122.22325,48.76566]]],[[[-122.28769,48.93474],[-122.26548,48.93475],[-122.26561,48.93081],[-122.28769,48.93091],[-122.28769,48.93474]]],[[[-122.30725,48.85848],[-122.2991,48.85836],[-122.29927,48.85619],[-122.30777,48.85477],[-122.30725,48.85848]]],[[[-122.33036,48.88374],[-122.32126,48.8838],[-122.32077,48.87974],[-122.3276,48.87977],[-122.3292,48.88263],[-122.32893,48.87983],[-122.33036,48.88374]]],[[[-122.3375,48.87136],[-122.33098,48.87628],[-122.32046,48.87632],[-122.31813,48.8689],[-122.32589,48.86432],[-122.33728,48.86709],[-122.3375,48.87136]]],[[[-122.34294,48.86171],[-122.32625,48.86148],[-122.32651,48.85414],[-122.3425,48.85452],[-122.33738,48.85903],[-122.34302,48.85907],[-122.34294,48.86171]]],[[[-122.34817,48.86581],[-122.34799,48.87298],[-122.33706,48.87287],[-122.34023,48.86984],[-122.33747,48.86568],[-122.34026,48.86383],[-122.34817,48.86581]]],[[[-122.35302,48.89563],[-122.35302,48.89848],[-122.33456,48.89831],[-122.33471,48.89466],[-122.35302,48.89563]]],[[[-122.35303,48.89113],[-122.33672,48.89071],[-122.33832,48.8809],[-122.34311,48.87638],[-122.35336,48.87648],[-122.35303,48.89113]]],[[[-122.41874,49.0022],[-122.40782,49.00219],[-122.40771,48.99867],[-122.39692,49.00061],[-122.39675,48.99694],[-122.40762,48.99324],[-122.40771,48.99653],[-122.41858,48.9966],[-122.41874,49.0022]]]]},"properties":{"AIANNHCE":"2475","NAMELSAD":"Nooksack Reservation and Off-Reservation Trust Land","FEMA":"Nooksack Indian Reservation","POP":714,"AIAN":376,"POP_OK":1,"DECL":1,"TRIBE_N":0,"STATE_N":1,"LIST":"2022: Flood","STATE":"Washington"}},{"type":"Feature","geometry":{"type":"MultiPolygon","coordinates":[[[[-103.41815,44.46697],[-103.40802,44.467],[-103.40798,44.47449],[-103.39792,44.47458],[-103.39789,44.4635],[-103.41811,44.46005],[-103.41815,44.46697]]],[[[-103.41836,44.48865],[-103.40845,44.48893],[-103.40847,44.48185],[-103.41835,44.48181],[-103.41836,44.48865]]],[[[-103.43913,44.47052],[-103.42801,44.47053],[-103.42803,44.46417],[-103.43913,44.46722],[-103.43913,44.47052]]],[[[-106.6936,45.35889],[-106.68849,45.35889],[-106.68853,45.38051],[-106.66833,45.38051],[-106.66835,45.3951],[-106.64759,45.3951],[-106.64759,45.38089],[-106.62678,45.38088],[-106.62682,45.3663],[-106.64727,45.36629],[-106.64727,45.3517],[-106.66815,45.3517],[-106.66815,45.35881],[-106.67326,45.35881],[-106.67326,45.35522],[-106.6936,45.35522],[-106.6936,45.35889]]],[[[-106.79806,45.12202],[-106.78212,45.11912],[-106.78189,45.11508],[-106.79806,45.1151],[-106.79806,45.12202]]],[[[-106.81812,45.1035],[-106.81312,45.10353],[-106.81309,45.1073],[-106.79266,45.10715],[-106.7975,45.1026],[-106.79746,45.09799],[-106.80658,45.09962],[-106.80301,45.09617],[-106.8135,45.0961],[-106.81817,45.09965],[-106.81812,45.1035]]],[[[-107.01969,45.35392],[-107.01629,45.6914],[-106.97405,45.69114],[-106.97407,45.68413],[-106.84649,45.68383],[-106.84648,45.67659],[-106.60447,45.67627],[-106.60459,45.68348],[-106.5444,45.68341],[-106.54363,45.69066],[-106.37822,45.68561],[-106.37823,45.67837],[-106.33721,45.67921],[-106.33696,45.68431],[-106.2859,45.68354],[-106.28306,45.67969],[-106.28543,45.67466],[-106.29098,45.67624],[-106.28436,45.66457],[-106.2896,45.66372],[-106.28758,45.65393],[-106.29525,45.65349],[-106.29595,45.65104],[-106.27883,45.64096],[-106.28295,45.63607],[-106.2918,45.63374],[-106.27502,45.63304],[-106.27659,45.62878],[-106.28485,45.62555],[-106.28625,45.61948],[-106.27498,45.62162],[-106.27186,45.61872],[-106.27351,45.61623],[-106.28304,45.61778],[-106.2799,45.61585],[-106.28508,45.61126],[-106.28106,45.60926],[-106.27622,45.61145],[-106.27451,45.60777],[-106.26762,45.60576],[-106.27457,45.59796],[-106.27953,45.60075],[-106.28924,45.59739],[-106.28986,45.60135],[-106.29441,45.59835],[-106.2885,45.59584],[-106.28671,45.58953],[-106.29481,45.58853],[-106.29482,45.58599],[-106.2818,45.58018],[-106.2868,45.57758],[-106.28262,45.57156],[-106.28541,45.56056],[-106.29083,45.56056],[-106.2871,45.55493],[-106.29795,45.55379],[-106.29527,45.55169],[-106.29752,45.54825],[-106.30145,45.54971],[-106.30806,45.54181],[-106.30882,45.54528],[-106.31216,45.54522],[-106.3138,45.54274],[-106.30986,45.53975],[-106.31182,45.53704],[-106.32103,45.54317],[-106.32116,45.53619],[-106.31016,45.53222],[-106.32533,45.53159],[-106.32543,45.52807],[-106.31994,45.52694],[-106.32079,45.52003],[-106.32335,45.5238],[-106.32786,45.52381],[-106.32464,45.51683],[-106.33213,45.5183],[-106.33664,45.51298],[-106.33179,45.50259],[-106.33352,45.50516],[-106.34158,45.50508],[-106.34194,45.5],[-106.34558,45.49746],[-106.35531,45.49564],[-106.35647,45.49238],[-106.35,45.49057],[-106.34872,45.48655],[-106.35671,45.48668],[-106.3612,45.47584],[-106.37601,45.47366],[-106.37914,45.47044],[-106.38392,45.47292],[-106.38663,45.47104],[-106.38302,45.46749],[-106.38504,45.46522],[-106.39546,45.46363],[-106.4004,45.46647],[-106.40149,45.46251],[-106.39668,45.45918],[-106.39209,45.46241],[-106.38806,45.46085],[-106.39272,45.45206],[-106.39661,45.45078],[-106.40011,45.45363],[-106.4025,45.44828],[-106.41059,45.45235],[-106.40644,45.44748],[-106.41292,45.44586],[-106.41066,45.44365],[-106.41294,45.44151],[-106.41697,45.44517],[-106.41784,45.44138],[-106.42627,45.44109],[-106.4259,45.43777],[-106.43223,45.43291],[-106.42604,45.4307],[-106.43674,45.42089],[-106.43834,45.41396],[-106.44509,45.41528],[-106.44618,45.4214],[-106.4613,45.41902],[-106.45714,45.40493],[-106.4619,45.40829],[-106.46383,45.39779],[-106.47196,45.39983],[-106.47416,45.39778],[-106.46506,45.39278],[-106.48065,45.39241],[-106.47702,45.38551],[-106.47972,45.38871],[-106.48221,45.38396],[-106.48466,45.3868],[-106.50016,45.37486],[-106.53337,45.38951],[-106.54578,45.38942],[-106.5456,45.38435],[-106.56636,45.38451],[-106.56642,45.38074],[-106.59169,45.38073],[-106.59158,45.38799],[-106.60718,45.3877],[-106.60824,45.39963],[-106.62914,45.40452],[-106.63816,45.40081],[-106.66235,45.40168],[-106.67235,45.39839],[-106.69663,45.40457],[-106.72962,45.4074],[-106.72954,45.35148],[-107.01969,45.35392]],[[-106.58665,45.39152],[-106.58132,45.3918],[-106.58109,45.39491],[-106.58659,45.39515],[-106.58665,45.39152]]]]},"properties":{"AIANNHCE":"2490","NAMELSAD":"Northern Cheyenne Indian Reservation and Off-Reservation Trust Land","FEMA":"Northern Cheyenne Indian Reservation","POP":4363,"AIAN":3928,"POP_OK":1,"DECL":2,"TRIBE_N":0,"STATE_N":2,"LIST":"2011: Severe Storm | 2021: Fire","STATE":"Montana, South Dakota"}},{"type":"Feature","geometry":{"type":"Polygon","coordinates":[[[-96.82591,42.01713],[-96.82311,42.16081],[-96.55388,42.161],[-96.55418,42.19136],[-96.34772,42.19133],[-96.34969,42.17204],[-96.34239,42.16049],[-96.32961,42.15325],[-96.30728,42.14939],[-96.30136,42.12816],[-96.2792,42.12348],[-96.2689,42.11359],[-96.26764,42.09618],[-96.27453,42.08525],[-96.26299,42.06911],[-96.25065,42.0604],[-96.21169,42.06014],[-96.20754,42.05541],[-96.21087,42.04495],[-96.21586,42.04343],[-96.25821,42.04209],[-96.26222,42.03932],[-96.23839,42.04109],[-96.22382,42.03335],[-96.22361,42.02265],[-96.23736,42.01318],[-96.82591,42.01713]]]},"properties":{"AIANNHCE":"2550","NAMELSAD":"Omaha Reservation","FEMA":"Omaha Indian Reservation","POP":4368,"AIAN":1718,"POP_OK":1,"DECL":2,"TRIBE_N":0,"STATE_N":2,"LIST":"2011: Flood | 2019: Flood","STATE":"Nebraska, Iowa"}},{"type":"Feature","geometry":{"type":"Polygon","coordinates":[[[-105.75642,36.23824],[-105.66258,36.23841],[-105.66257,36.16239],[-105.75616,36.16262],[-105.75642,36.23824]]]},"properties":{"AIANNHCE":"2785","NAMELSAD":"Picuris Pueblo","FEMA":"Pueblo of Picuris","POP":1929,"AIAN":176,"POP_OK":1,"DECL":1,"TRIBE_N":0,"STATE_N":1,"LIST":"2011: Severe Storm","STATE":"New Mexico"}},{"type":"Feature","geometry":{"type":"Polygon","coordinates":[[[-103.00102,43.60582],[-102.98951,43.61178],[-102.98147,43.61129],[-102.97679,43.61852],[-102.95879,43.61355],[-102.93257,43.61871],[-102.92686,43.62614],[-102.93273,43.63092],[-102.92073,43.64344],[-102.92419,43.65068],[-102.91809,43.6566],[-102.91955,43.66122],[-102.90865,43.66624],[-102.91091,43.67385],[-102.9025,43.67489],[-102.87173,43.66698],[-102.86342,43.66886],[-102.8605,43.6588],[-102.85247,43.65834],[-102.84677,43.66535],[-102.82786,43.65744],[-102.824,43.66412],[-102.81375,43.66759],[-102.8161,43.67352],[-102.80928,43.68256],[-102.8094,43.68756],[-102.17872,43.6873],[-102.1665,43.69178],[-102.16839,43.69687],[-102.1561,43.6977],[-102.15705,43.70306],[-102.15325,43.70618],[-102.1402,43.70064],[-102.12943,43.70524],[-102.12247,43.70441],[-102.1163,43.71283],[-102.10743,43.70185],[-102.11229,43.69232],[-102.10956,43.68693],[-102.09889,43.68518],[-102.0952,43.68827],[-102.09581,43.69531],[-102.05557,43.68879],[-102.04365,43.69568],[-102.0364,43.68827],[-102.03348,43.68934],[-102.03712,43.69879],[-102.02756,43.70674],[-102.02446,43.71341],[-102.0155,43.70426],[-101.99728,43.70908],[-101.99539,43.70788],[-101.99831,43.7016],[-101.98385,43.70103],[-101.97633,43.7064],[-101.97255,43.70012],[-101.97732,43.69536],[-101.97528,43.69455],[-101.96435,43.69509],[-101.95636,43.6998],[-101.95157,43.70721],[-101.94622,43.70759],[-101.9393,43.70347],[-101.93863,43.69453],[-101.92658,43.69241],[-101.92541,43.68763],[-101.91241,43.69688],[-101.89638,43.69208],[-101.89112,43.68394],[-101.88178,43.68691],[-101.88149,43.6947],[-101.87723,43.69558],[-101.87094,43.6922],[-101.87359,43.68607],[-101.85753,43.68763],[-101.85421,43.69413],[-101.84803,43.69627],[-101.84313,43.6929],[-101.84398,43.68842],[-101.83923,43.68776],[-101.83168,43.69605],[-101.83042,43.69231],[-101.82446,43.69372],[-101.82653,43.69883],[-101.82068,43.70204],[-101.8268,43.70407],[-101.82502,43.70539],[-101.81708,43.70328],[-101.81481,43.69588],[-101.81042,43.69831],[-101.80974,43.70481],[-101.8063,43.70472],[-101.80351,43.69752],[-101.80752,43.69382],[-101.80548,43.6919],[-101.78414,43.7011],[-101.77765,43.70029],[-101.77694,43.70305],[-101.78045,43.70496],[-101.77721,43.70724],[-101.76367,43.70349],[-101.77567,43.69927],[-101.77528,43.69518],[-101.76027,43.69587],[-101.75438,43.68981],[-101.74927,43.6926],[-101.75051,43.69715],[-101.7458,43.69802],[-101.7404,43.6922],[-101.73471,43.69598],[-101.72743,43.68815],[-101.71336,43.69844],[-101.70617,43.69564],[-101.69971,43.70085],[-101.69583,43.70094],[-101.69787,43.69767],[-101.69413,43.69394],[-101.69041,43.70071],[-101.69173,43.70429],[-101.678,43.70364],[-101.68414,43.69956],[-101.68302,43.69713],[-101.67444,43.70406],[-101.67619,43.71016],[-101.66477,43.70709],[-101.65538,43.70834],[-101.65055,43.718],[-101.65937,43.71808],[-101.6519,43.72652],[-101.6416,43.72491],[-101.64346,43.73164],[-101.63896,43.73418],[-101.6423,43.73948],[-101.62799,43.74106],[-101.6251,43.73802],[-101.62664,43.73318],[-101.62214,43.73142],[-101.61732,43.7369],[-101.62059,43.74505],[-101.61684,43.74906],[-101.60982,43.74815],[-101.61035,43.7404],[-101.59601,43.75076],[-101.59088,43.74889],[-101.59136,43.74046],[-101.58203,43.74504],[-101.57578,43.74222],[-101.56874,43.74367],[-101.56239,43.74877],[-101.54658,43.74193],[-101.5458,43.74422],[-101.55496,43.75043],[-101.54225,43.74469],[-101.53238,43.75354],[-101.52466,43.75232],[-101.5228,43.74563],[-101.51018,43.7392],[-101.50565,43.73988],[-101.50291,43.74639],[-101.48631,43.74241],[-101.4873,43.74844],[-101.48366,43.75144],[-101.48561,43.75347],[-101.48176,43.75482],[-101.47686,43.75061],[-101.46857,43.74999],[-101.47812,43.75814],[-101.473,43.76306],[-101.46606,43.76393],[-101.46341,43.76133],[-101.47049,43.75538],[-101.46224,43.75606],[-101.4584,43.76285],[-101.45837,43.77161],[-101.44652,43.77152],[-101.44527,43.76953],[-101.45115,43.7634],[-101.44359,43.76494],[-101.43425,43.77327],[-101.43437,43.77766],[-101.42071,43.78002],[-101.42327,43.78644],[-101.41147,43.78748],[-101.41017,43.78418],[-101.41411,43.7806],[-101.41203,43.77821],[-101.39863,43.7878],[-101.39696,43.78126],[-101.39329,43.78048],[-101.38372,43.78666],[-101.38413,43.79325],[-101.37807,43.7964],[-101.36284,43.7938],[-101.36282,43.78963],[-101.36951,43.78657],[-101.36543,43.78441],[-101.35253,43.78321],[-101.34955,43.78915],[-101.33885,43.78236],[-101.33646,43.78715],[-101.33114,43.78744],[-101.32867,43.78339],[-101.3319,43.77781],[-101.32305,43.77977],[-101.3223,43.78936],[-101.30745,43.7824],[-101.30962,43.77846],[-101.30415,43.77834],[-101.29412,43.78339],[-101.29445,43.78815],[-101.28391,43.78526],[-101.28054,43.77932],[-101.27158,43.78051],[-101.26658,43.78625],[-101.26903,43.79214],[-101.26698,43.79369],[-101.26277,43.79222],[-101.26338,43.78601],[-101.25282,43.78446],[-101.2481,43.79196],[-101.25217,43.79428],[-101.26068,43.7926],[-101.25882,43.79624],[-101.23957,43.79486],[-101.23369,43.78529],[-101.22736,43.7913],[-101.22801,42.99788],[-101.62542,42.99624],[-101.84998,42.99933],[-102.55608,42.99965],[-102.55618,42.98742],[-102.57595,42.98736],[-102.57598,42.99968],[-103.00061,43.00047],[-103.00102,43.60582]]]},"properties":{"AIANNHCE":"2810","NAMELSAD":"Pine Ridge Reservation","FEMA":"Oglala Sioux Tribe of the Pine Ridge Reservation","POP":18758,"AIAN":15777,"POP_OK":1,"DECL":8,"TRIBE_N":3,"STATE_N":5,"LIST":"2013: Severe Storm | 2013: Severe Storm | 2014: Severe Storm | 2015: Severe Storm | 2017: Severe Storm | 2019: Flood | 2019: Severe Storm | 2023: Winter Storm","STATE":"South Dakota, Nebraska"}},{"type":"Feature","geometry":{"type":"MultiPolygon","coordinates":[[[[-86.14028,32.42795],[-86.13848,32.42549],[-86.14151,32.427],[-86.14028,32.42795]]],[[[-86.20942,32.53166],[-86.20779,32.52964],[-86.20823,32.52567],[-86.21148,32.52723],[-86.20942,32.53166]]],[[[-87.43393,31.36461],[-87.43332,31.36461],[-87.43351,31.36419],[-87.43393,31.36461]]],[[[-87.48288,31.10302],[-87.48044,31.105],[-87.47912,31.1038],[-87.48001,31.10163],[-87.48288,31.10302]]],[[[-87.48618,31.07109],[-87.48403,31.07206],[-87.48408,31.07107],[-87.48618,31.07109]]],[[[-87.56636,30.98322],[-87.56545,30.98396],[-87.56544,30.9832],[-87.56636,30.98322]]],[[[-87.57353,31.10701],[-87.56018,31.10702],[-87.56104,31.1048],[-87.55667,31.10324],[-87.56247,31.10363],[-87.56135,31.09926],[-87.55873,31.09921],[-87.56021,31.10207],[-87.55672,31.09923],[-87.55623,31.10262],[-87.55047,31.09429],[-87.56481,31.09563],[-87.56453,31.10276],[-87.57374,31.10289],[-87.57353,31.10701]]]]},"properties":{"AIANNHCE":"2865","NAMELSAD":"Poarch Creek Reservation and Off-Reservation Trust Land","FEMA":"Poarch Band of Creek Indians","POP":339,"AIAN":241,"POP_OK":1,"DECL":1,"TRIBE_N":0,"STATE_N":1,"LIST":"2020: Hurricane","STATE":"Alabama, Florida"}},{"type":"Feature","geometry":{"type":"MultiPolygon","coordinates":[[[[-95.91706,41.28037],[-95.91653,41.28125],[-95.91653,41.28036],[-95.91706,41.28037]]],[[[-96.69669,40.80303],[-96.69591,40.80349],[-96.69591,40.80304],[-96.69669,40.80303]]],[[[-97.49705,42.72831],[-97.49678,42.72869],[-97.49679,42.72831],[-97.49705,42.72831]]],[[[-98.03309,42.7501],[-98.03284,42.75034],[-98.03284,42.75011],[-98.03309,42.7501]]],[[[-98.09537,42.71621],[-98.0742,42.71621],[-98.07418,42.71306],[-98.09537,42.71221],[-98.09537,42.71621]]]]},"properties":{"AIANNHCE":"2900","NAMELSAD":"Ponca (NE) Trust Land","FEMA":"Ponca (TDSA)","POP":0,"AIAN":0,"POP_OK":0,"DECL":2,"TRIBE_N":1,"STATE_N":1,"LIST":"2019: Flood | 2019: Flood","STATE":"Nebraska, Iowa"}},{"type":"Feature","geometry":{"type":"MultiPolygon","coordinates":[[[[-92.65168,44.62212],[-92.65016,44.62342],[-92.6502,44.62211],[-92.65168,44.62212]]],[[[-92.65184,44.61498],[-92.64675,44.61493],[-92.64689,44.60912],[-92.65191,44.61167],[-92.65184,44.61498]]],[[[-92.66167,44.63164],[-92.65864,44.62948],[-92.66167,44.62947],[-92.66167,44.63164]]],[[[-92.66182,44.62217],[-92.65671,44.62214],[-92.65685,44.61848],[-92.66193,44.61855],[-92.66182,44.62217]]],[[[-92.67155,44.62139],[-92.66682,44.61907],[-92.66683,44.61498],[-92.67155,44.615],[-92.67155,44.62139]]],[[[-92.67193,44.65844],[-92.66012,44.65849],[-92.63466,44.64899],[-92.62578,44.64017],[-92.62167,44.62931],[-92.631,44.63087],[-92.6295,44.63806],[-92.64056,44.64211],[-92.63502,44.64077],[-92.63494,44.64632],[-92.64672,44.64874],[-92.64354,44.64499],[-92.6481,44.64319],[-92.6434,44.64032],[-92.64839,44.64039],[-92.64114,44.63634],[-92.64136,44.6295],[-92.6465,44.6295],[-92.64668,44.62253],[-92.64919,44.62948],[-92.64932,44.62304],[-92.66164,44.63203],[-92.66168,44.64028],[-92.66796,44.64023],[-92.66791,44.63652],[-92.6719,44.63941],[-92.67193,44.65844]]],[[[-92.70733,44.66183],[-92.70418,44.66178],[-92.70232,44.65823],[-92.7073,44.65825],[-92.70733,44.66183]]],[[[-92.73241,44.67995],[-92.7163,44.67606],[-92.71248,44.66916],[-92.71,44.67177],[-92.70237,44.66737],[-92.68038,44.65127],[-92.67697,44.64729],[-92.6763,44.64393],[-92.68683,44.6402],[-92.68816,44.65105],[-92.70215,44.65102],[-92.70205,44.64736],[-92.70571,44.64728],[-92.71244,44.65758],[-92.70216,44.65143],[-92.70223,44.6564],[-92.69583,44.65646],[-92.71251,44.66867],[-92.71242,44.66554],[-92.71786,44.66552],[-92.71768,44.66914],[-92.71318,44.66916],[-92.71811,44.67277],[-92.72259,44.67277],[-92.72251,44.66548],[-92.72654,44.67002],[-92.73243,44.66877],[-92.73241,44.67995]]],[[[-92.76974,44.65734],[-92.76721,44.65834],[-92.76723,44.65527],[-92.76974,44.65734]]],[[[-92.78246,44.59885],[-92.765,44.60067],[-92.76498,44.59343],[-92.78246,44.59346],[-92.78246,44.59885]]]]},"properties":{"AIANNHCE":"2985","NAMELSAD":"Prairie Island Indian Community and Off-Reservation Trust Land","FEMA":"Prairie Island Community (Indian Reservation)","POP":210,"AIAN":157,"POP_OK":1,"DECL":3,"TRIBE_N":0,"STATE_N":3,"LIST":"2014: Flood | 2019: Flood | 2023: Flood","STATE":"Minnesota"}},{"type":"Feature","geometry":{"type":"MultiPolygon","coordinates":[[[[-105.99281,35.84843],[-105.98312,35.84888],[-105.98315,35.84579],[-105.98847,35.84572],[-105.99281,35.84843]],[[-105.98345,35.84692],[-105.98727,35.84592],[-105.98334,35.84589],[-105.98345,35.84692]]],[[[-106.00137,35.85141],[-105.9989,35.85319],[-105.98999,35.84135],[-105.99407,35.84372],[-105.99726,35.8417],[-106.00137,35.85141]]],[[[-106.06279,35.85636],[-106.06251,35.93079],[-105.99032,35.93207],[-105.99049,35.86379],[-105.98657,35.8606],[-105.98794,35.85568],[-106.06279,35.85636]]],[[[-106.08519,35.59144],[-106.08114,35.59153],[-106.08091,35.59515],[-106.07474,35.59522],[-106.0669,35.58815],[-106.0763,35.58193],[-106.08133,35.58446],[-106.08134,35.58786],[-106.08519,35.58783],[-106.08519,35.59144]],[[-106.08407,35.589],[-106.08176,35.58942],[-106.08265,35.59013],[-106.08407,35.589]]]]},"properties":{"AIANNHCE":"2990","NAMELSAD":"Pueblo of Pojoaque and Off-Reservation Trust Land","FEMA":"Pueblo of Pojoaque","POP":3760,"AIAN":643,"POP_OK":1,"DECL":1,"TRIBE_N":0,"STATE_N":1,"LIST":"2011: Severe Storm","STATE":"New Mexico"}},{"type":"Feature","geometry":{"type":"MultiPolygon","coordinates":[[[[-122.08601,47.11725],[-122.08081,47.11665],[-122.08082,47.11539],[-122.08251,47.11464],[-122.08601,47.11725]]],[[[-122.33959,47.19181],[-122.338,47.19291],[-122.33744,47.19256],[-122.33959,47.19181]]],[[[-122.41229,47.23395],[-122.41165,47.23501],[-122.41148,47.23403],[-122.41229,47.23395]]],[[[-122.42786,47.23905],[-122.426,47.239],[-122.42761,47.23839],[-122.42786,47.23905]]],[[[-122.44437,47.30579],[-122.43462,47.30749],[-122.42997,47.31966],[-122.41764,47.32039],[-122.32802,47.26122],[-122.3218,47.25392],[-122.32148,47.24309],[-122.31655,47.23914],[-122.31539,47.2326],[-122.30221,47.22328],[-122.30339,47.21008],[-122.311,47.20426],[-122.3814,47.1863],[-122.39684,47.19705],[-122.41728,47.22311],[-122.41021,47.23438],[-122.41795,47.24085],[-122.41123,47.2535],[-122.40416,47.25313],[-122.40963,47.25932],[-122.40787,47.26371],[-122.40079,47.26795],[-122.4034,47.27098],[-122.39913,47.27095],[-122.39119,47.28],[-122.39974,47.27989],[-122.40713,47.28399],[-122.41374,47.29392],[-122.44464,47.30042],[-122.44437,47.30579]]]]},"properties":{"AIANNHCE":"3000","NAMELSAD":"Puyallup Reservation and Off-Reservation Trust Land","FEMA":"Puyallup Indian Reservation","POP":55690,"AIAN":1097,"POP_OK":1,"DECL":1,"TRIBE_N":0,"STATE_N":1,"LIST":"2021: Severe Storm","STATE":"Washington"}},{"type":"Feature","geometry":{"type":"Polygon","coordinates":[[[-119.82949,40.3822],[-119.50406,40.36084],[-119.34004,40.15891],[-119.39323,39.96427],[-119.33989,39.85052],[-119.24575,39.66835],[-119.27341,39.62745],[-119.27059,39.6223],[-119.27687,39.62232],[-119.28931,39.60415],[-119.30211,39.6131],[-119.30219,39.60757],[-119.31127,39.60756],[-119.30621,39.61268],[-119.30785,39.6131],[-119.31749,39.60762],[-119.31072,39.61461],[-119.30437,39.61467],[-119.32132,39.62639],[-119.32063,39.63354],[-119.34388,39.68148],[-119.3605,39.68119],[-119.36094,39.69623],[-119.35101,39.69617],[-119.35859,39.7118],[-119.36116,39.7118],[-119.36648,39.728],[-119.37892,39.72796],[-119.37892,39.7439],[-119.39607,39.74386],[-119.39607,39.76088],[-119.38228,39.76087],[-119.3904,39.77763],[-119.39639,39.77761],[-119.39647,39.79017],[-119.41667,39.79002],[-119.41672,39.7982],[-119.43726,39.80065],[-119.43732,39.80396],[-119.45823,39.8098],[-119.45817,39.80075],[-119.47799,39.80065],[-119.47798,39.81685],[-119.57916,39.86807],[-119.68752,39.96945],[-119.82949,40.3822]]]},"properties":{"AIANNHCE":"3010","NAMELSAD":"Pyramid Lake Paiute Reservation","FEMA":"Pyramid Lake Indian Reservation","POP":1421,"AIAN":906,"POP_OK":1,"DECL":1,"TRIBE_N":0,"STATE_N":1,"LIST":"2017: Severe Storm","STATE":"Nevada"}},{"type":"Feature","geometry":{"type":"MultiPolygon","coordinates":[[[[-124.58664,47.90754],[-124.58229,47.91021],[-124.57023,47.9097],[-124.57445,47.90796],[-124.57404,47.90312],[-124.58515,47.90354],[-124.58664,47.90754]]],[[[-124.64143,47.90785],[-124.63934,47.92047],[-124.61469,47.92077],[-124.60946,47.91303],[-124.58461,47.91034],[-124.5887,47.90588],[-124.58449,47.90275],[-124.59082,47.90266],[-124.59028,47.90839],[-124.61269,47.90806],[-124.61147,47.89568],[-124.6058,47.89568],[-124.60541,47.88702],[-124.61813,47.88652],[-124.62124,47.88836],[-124.62141,47.8957],[-124.62982,47.89579],[-124.63311,47.90387],[-124.64143,47.90785]]],[[[-124.65224,47.91003],[-124.6457,47.90738],[-124.64594,47.90419],[-124.65164,47.90528],[-124.65224,47.91003]]]]},"properties":{"AIANNHCE":"3030","NAMELSAD":"Quileute Reservation","FEMA":"Quileute Indian Reservation","POP":344,"AIAN":262,"POP_OK":1,"DECL":1,"TRIBE_N":0,"STATE_N":1,"LIST":"2022: Flood","STATE":"Washington"}},{"type":"Feature","geometry":{"type":"Polygon","coordinates":[[[-124.36176,47.56271],[-124.29346,47.5565],[-124.17972,47.53362],[-124.0608,47.53371],[-124.05395,47.52485],[-124.04035,47.5245],[-124.0359,47.5292],[-124.02783,47.53052],[-123.99153,47.52065],[-123.96528,47.5188],[-123.95444,47.52437],[-123.95602,47.51333],[-123.91899,47.51501],[-123.90379,47.5109],[-123.91324,47.49492],[-123.9198,47.49066],[-123.93175,47.48943],[-123.93478,47.49341],[-123.94472,47.48664],[-123.95025,47.48886],[-123.96492,47.48408],[-123.94607,47.473],[-123.93326,47.47455],[-123.91257,47.4697],[-123.89812,47.47924],[-123.87749,47.48304],[-123.86532,47.49227],[-123.84871,47.498],[-123.84306,47.4936],[-123.84538,47.49039],[-123.83114,47.48023],[-123.83426,47.4735],[-123.84703,47.47059],[-123.852,47.46546],[-123.86293,47.46192],[-123.86615,47.45616],[-123.97161,47.36524],[-124.01272,47.33518],[-124.1148,47.2452],[-124.21815,47.2447],[-124.23635,47.28729],[-124.25745,47.30406],[-124.27119,47.30503],[-124.27441,47.30189],[-124.27944,47.30428],[-124.28637,47.32516],[-124.29994,47.34836],[-124.31938,47.35556],[-124.33016,47.40014],[-124.33636,47.40508],[-124.33784,47.41195],[-124.33971,47.45352],[-124.34194,47.4612],[-124.34632,47.46293],[-124.34213,47.46672],[-124.34516,47.48903],[-124.36176,47.56271]]]},"properties":{"AIANNHCE":"3040","NAMELSAD":"Quinault Reservation","FEMA":"Quinault Indian Reservation","POP":1245,"AIAN":923,"POP_OK":1,"DECL":1,"TRIBE_N":0,"STATE_N":1,"LIST":"2022: Flood","STATE":"Washington"}},{"type":"Feature","geometry":{"type":"Polygon","coordinates":[[[-90.98462,46.9256],[-90.97375,46.9413],[-90.96842,46.94391],[-90.92181,46.93132],[-90.91384,46.9334],[-90.9086,46.9413],[-90.88333,46.94984],[-90.87962,46.95809],[-90.85587,46.96223],[-90.83172,46.95387],[-90.83011,46.93596],[-90.82488,46.93255],[-90.81498,46.93101],[-90.80555,46.93783],[-90.79211,46.93378],[-90.78303,46.92056],[-90.78322,46.91204],[-90.78043,46.90901],[-90.76785,46.90814],[-90.75455,46.89827],[-90.75103,46.88796],[-90.76157,46.88317],[-90.77708,46.88596],[-90.77017,46.8763],[-90.78097,46.85899],[-90.78901,46.85328],[-90.78878,46.84571],[-90.82066,46.84601],[-90.81992,46.87461],[-90.80942,46.87614],[-90.80924,46.89187],[-90.81534,46.89211],[-90.81478,46.89647],[-90.79852,46.89608],[-90.79828,46.91777],[-90.84132,46.91777],[-90.84323,46.93263],[-90.9047,46.93308],[-90.90424,46.91811],[-90.99398,46.91847],[-90.98462,46.9256]]]},"properties":{"AIANNHCE":"3085","NAMELSAD":"Red Cliff Reservation and Off-Reservation Trust Land","FEMA":"Red Cliff Indian Reservation","POP":1256,"AIAN":871,"POP_OK":1,"DECL":1,"TRIBE_N":0,"STATE_N":1,"LIST":"2012: Severe Storm","STATE":"Wisconsin"}},{"type":"Feature","geometry":{"type":"MultiPolygon","coordinates":[[[[-94.17397,48.52944],[-94.16851,48.52951],[-94.16851,48.52592],[-94.17396,48.52582],[-94.17397,48.52944]]],[[[-94.17881,48.47544],[-94.17346,48.4754],[-94.17342,48.47175],[-94.17878,48.47181],[-94.17881,48.47544]]],[[[-94.17967,48.55491],[-94.17395,48.55499],[-94.17412,48.54766],[-94.1797,48.54765],[-94.17967,48.55491]]],[[[-94.18406,48.43174],[-94.1785,48.43173],[-94.17841,48.43898],[-94.17286,48.43898],[-94.17329,48.45373],[-94.17876,48.45384],[-94.17876,48.45741],[-94.16785,48.45721],[-94.16754,48.42156],[-94.17863,48.4209],[-94.17858,48.42448],[-94.18414,48.42451],[-94.18406,48.43174]]],[[[-94.19055,48.56943],[-94.17955,48.56941],[-94.17952,48.56217],[-94.19051,48.56218],[-94.19055,48.56943]]],[[[-94.20073,48.51143],[-94.18442,48.51134],[-94.18451,48.5149],[-94.17915,48.51495],[-94.17912,48.50418],[-94.20065,48.50784],[-94.20073,48.51143]]],[[[-94.2017,48.59846],[-94.19068,48.59848],[-94.19061,48.60167],[-94.18516,48.60209],[-94.18507,48.60569],[-94.17968,48.60567],[-94.17959,48.59846],[-94.1851,48.59851],[-94.18507,48.59118],[-94.19061,48.5912],[-94.1906,48.59485],[-94.20164,48.59119],[-94.2017,48.59846]]],[[[-94.21673,48.41364],[-94.21119,48.41358],[-94.21126,48.41007],[-94.21681,48.41012],[-94.21673,48.41364]]],[[[-94.22285,48.5296],[-94.21193,48.52947],[-94.21195,48.5331],[-94.17942,48.53301],[-94.17939,48.52572],[-94.22284,48.52613],[-94.22285,48.5296]]],[[[-94.22759,48.42088],[-94.22218,48.4209],[-94.22217,48.41731],[-94.22757,48.4173],[-94.22759,48.42088]]],[[[-94.23389,48.56231],[-94.22846,48.56229],[-94.22844,48.55869],[-94.23387,48.55873],[-94.23389,48.56231]]],[[[-94.2343,48.62011],[-94.22887,48.62019],[-94.22884,48.62377],[-94.21255,48.62376],[-94.21241,48.62016],[-94.22343,48.62015],[-94.22345,48.61652],[-94.23431,48.61653],[-94.2343,48.62011]]],[[[-94.24437,48.50816],[-94.23883,48.508],[-94.23876,48.50463],[-94.24429,48.50461],[-94.24437,48.50816]]],[[[-94.25258,48.33986],[-94.23115,48.33972],[-94.23086,48.32523],[-94.25259,48.32534],[-94.25258,48.33986]]],[[[-94.25448,48.43907],[-94.22212,48.43896],[-94.22218,48.42811],[-94.22761,48.42809],[-94.22759,48.42088],[-94.233,48.42087],[-94.23298,48.41729],[-94.25427,48.41723],[-94.25448,48.43907]]],[[[-94.26042,48.48678],[-94.23833,48.48677],[-94.23833,48.49034],[-94.23291,48.49033],[-94.23292,48.49394],[-94.23848,48.49394],[-94.23856,48.49752],[-94.23298,48.49754],[-94.2331,48.50111],[-94.22765,48.50107],[-94.22744,48.4903],[-94.2112,48.49013],[-94.21118,48.49375],[-94.20579,48.49366],[-94.20579,48.49727],[-94.1951,48.49703],[-94.19508,48.50064],[-94.18441,48.50057],[-94.18435,48.4934],[-94.17385,48.49343],[-94.17394,48.497],[-94.17917,48.49699],[-94.17912,48.50418],[-94.16855,48.50421],[-94.16817,48.48629],[-94.17366,48.48631],[-94.17356,48.48271],[-94.16826,48.48273],[-94.16822,48.47905],[-94.21123,48.47926],[-94.21113,48.47568],[-94.23282,48.4795],[-94.23291,48.47584],[-94.23841,48.47586],[-94.2383,48.47953],[-94.24384,48.47955],[-94.24392,48.47224],[-94.24939,48.47228],[-94.24941,48.46864],[-94.22206,48.46848],[-94.22216,48.46487],[-94.21666,48.46486],[-94.21676,48.46125],[-94.22227,48.46126],[-94.22248,48.45405],[-94.23287,48.45405],[-94.23292,48.45],[-94.24359,48.45002],[-94.24367,48.44636],[-94.2543,48.44638],[-94.25485,48.46868],[-94.26032,48.46868],[-94.26042,48.48678]]],[[[-94.26115,48.56242],[-94.25578,48.56241],[-94.25558,48.55521],[-94.26099,48.5552],[-94.26115,48.56242]]],[[[-94.26158,48.60943],[-94.2562,48.60941],[-94.25618,48.60573],[-94.26156,48.60575],[-94.26158,48.60943]]],[[[-94.26157,48.61666],[-94.24525,48.61658],[-94.24526,48.60934],[-94.2562,48.60941],[-94.25622,48.61309],[-94.2616,48.6131],[-94.26157,48.61666]]],[[[-94.26622,48.51176],[-94.26086,48.51169],[-94.26073,48.49744],[-94.26619,48.49739],[-94.26622,48.51176]]],[[[-94.26648,48.53345],[-94.25573,48.53338],[-94.25573,48.52607],[-94.26647,48.52618],[-94.26648,48.53345]]],[[[-94.26645,48.55159],[-94.26101,48.55159],[-94.26109,48.54438],[-94.26653,48.54436],[-94.26645,48.55159]]],[[[-94.26687,48.62379],[-94.26153,48.62379],[-94.26162,48.62022],[-94.2669,48.62022],[-94.26687,48.62379]]],[[[-94.26772,48.59488],[-94.2561,48.59481],[-94.25603,48.58767],[-94.26756,48.5876],[-94.26772,48.59488]]],[[[-94.27227,48.60215],[-94.2669,48.60211],[-94.26688,48.59845],[-94.27225,48.5985],[-94.27227,48.60215]]],[[[-94.27599,48.37426],[-94.26521,48.37425],[-94.26521,48.38134],[-94.25441,48.38133],[-94.25436,48.41364],[-94.22755,48.41372],[-94.22754,48.41013],[-94.22214,48.41013],[-94.22212,48.40651],[-94.21672,48.40651],[-94.2167,48.40288],[-94.2221,48.40292],[-94.22207,48.39928],[-94.2275,48.3993],[-94.22748,48.39566],[-94.21662,48.392],[-94.21664,48.39567],[-94.21091,48.39565],[-94.21104,48.38123],[-94.18951,48.3812],[-94.18961,48.39557],[-94.17865,48.39558],[-94.17876,48.40653],[-94.16787,48.41015],[-94.16757,48.36666],[-94.27413,48.36658],[-94.27599,48.37426]],[[-94.23282,48.37438],[-94.22204,48.37438],[-94.22196,48.38109],[-94.23271,48.38115],[-94.23282,48.37438]]],[[[-94.27596,48.38855],[-94.26518,48.38858],[-94.26521,48.38134],[-94.27599,48.38133],[-94.27596,48.38855]]],[[[-94.2767,48.45766],[-94.2712,48.45766],[-94.27124,48.46501],[-94.26577,48.46501],[-94.26571,48.45396],[-94.27666,48.45401],[-94.2767,48.45766]]],[[[-94.27726,48.5624],[-94.27189,48.56241],[-94.2718,48.55518],[-94.27721,48.55517],[-94.27726,48.5624]]],[[[-94.28689,48.43174],[-94.28146,48.43174],[-94.28137,48.42814],[-94.27051,48.42815],[-94.27042,48.42452],[-94.28669,48.42451],[-94.28689,48.43174]]],[[[-94.28815,48.5371],[-94.27723,48.53708],[-94.27723,48.52987],[-94.28797,48.52624],[-94.28815,48.5371]]],[[[-94.28801,48.51179],[-94.27711,48.51189],[-94.2771,48.49731],[-94.28821,48.49731],[-94.28801,48.51179]]],[[[-94.28851,48.61329],[-94.27767,48.61668],[-94.27769,48.60948],[-94.2885,48.60964],[-94.28851,48.61329]]],[[[-94.29854,48.45013],[-94.28708,48.45005],[-94.28704,48.44269],[-94.29845,48.44266],[-94.29854,48.45013]]],[[[-94.29858,48.52619],[-94.28797,48.52624],[-94.28799,48.51901],[-94.29874,48.51893],[-94.29858,48.52619]]],[[[-94.29881,48.62774],[-94.29378,48.62766],[-94.2938,48.62412],[-94.29884,48.62412],[-94.29881,48.62774]]],[[[-94.29888,48.56972],[-94.29371,48.5697],[-94.29365,48.56606],[-94.29887,48.56605],[-94.29888,48.56972]]],[[[-94.30642,48.20625],[-94.3012,48.20626],[-94.30641,48.20187],[-94.30642,48.20625]]],[[[-94.31033,48.60614],[-94.3046,48.60615],[-94.30466,48.6025],[-94.31028,48.60253],[-94.31033,48.60614]]],[[[-94.31168,48.28548],[-94.30629,48.28566],[-94.30629,48.28213],[-94.31167,48.28192],[-94.31168,48.28548]]],[[[-94.31463,48.37459],[-94.2982,48.3745],[-94.29823,48.36733],[-94.31453,48.36731],[-94.31463,48.37459]]],[[[-94.31558,48.483],[-94.31009,48.48304],[-94.31008,48.47581],[-94.31555,48.47581],[-94.31558,48.483]]],[[[-94.32128,48.60977],[-94.31037,48.60978],[-94.31033,48.60614],[-94.32127,48.6061],[-94.32128,48.60977]]],[[[-94.32661,48.62043],[-94.32117,48.62043],[-94.32128,48.60977],[-94.32669,48.60976],[-94.32661,48.62043]]],[[[-94.33088,48.38913],[-94.31995,48.3891],[-94.32005,48.38192],[-94.33096,48.38194],[-94.33088,48.38913]]],[[[-94.33119,48.43613],[-94.32578,48.43611],[-94.32574,48.43969],[-94.31486,48.43961],[-94.3149,48.4324],[-94.33121,48.43257],[-94.33119,48.43613]]],[[[-94.33747,48.55533],[-94.33209,48.5553],[-94.33206,48.55181],[-94.33744,48.55173],[-94.33747,48.55533]]],[[[-94.3482,48.53361],[-94.34275,48.5336],[-94.34266,48.52629],[-94.34802,48.52632],[-94.3482,48.53361]]],[[[-94.35288,48.4434],[-94.34756,48.4434],[-94.34742,48.4398],[-94.35289,48.43981],[-94.35288,48.4434]]],[[[-94.35383,48.61691],[-94.3429,48.61692],[-94.3429,48.61339],[-94.35383,48.61339],[-94.35383,48.61691]]],[[[-94.35386,48.60974],[-94.34295,48.60974],[-94.3429,48.61339],[-94.3375,48.6134],[-94.33756,48.60609],[-94.3428,48.60609],[-94.34287,48.60243],[-94.35391,48.60243],[-94.35386,48.60974]]],[[[-94.35391,48.59517],[-94.34307,48.59517],[-94.34308,48.59157],[-94.35389,48.59157],[-94.35391,48.59517]]],[[[-94.36471,48.62771],[-94.3538,48.62764],[-94.35382,48.62395],[-94.3647,48.62394],[-94.36471,48.62771]]],[[[-94.36473,48.55536],[-94.35379,48.55536],[-94.35378,48.55175],[-94.35929,48.55175],[-94.35921,48.54453],[-94.36312,48.54453],[-94.36473,48.55536]]],[[[-94.36693,48.1571],[-94.36157,48.15712],[-94.36162,48.15346],[-94.36675,48.15345],[-94.36693,48.1571]]],[[[-94.36924,48.45786],[-94.36382,48.45784],[-94.36381,48.45056],[-94.36936,48.45057],[-94.36924,48.45786]]],[[[-94.37449,48.41094],[-94.3528,48.41093],[-94.35268,48.40365],[-94.37439,48.40364],[-94.37449,48.41094]]],[[[-94.37557,48.56264],[-94.37017,48.56261],[-94.37016,48.55901],[-94.37557,48.55906],[-94.37557,48.56264]]],[[[-94.38221,48.24772],[-94.37682,48.24782],[-94.37683,48.24421],[-94.38199,48.24409],[-94.38221,48.24772]]],[[[-94.38534,48.41096],[-94.37993,48.41095],[-94.37983,48.40362],[-94.38526,48.40361],[-94.38534,48.41096]]],[[[-94.38629,48.53386],[-94.38086,48.5338],[-94.38081,48.53012],[-94.38625,48.53017],[-94.38629,48.53386]]],[[[-94.38639,48.54481],[-94.37553,48.54466],[-94.37552,48.54106],[-94.38639,48.54122],[-94.38639,48.54481]]],[[[-94.39056,48.45414],[-94.37962,48.45409],[-94.37973,48.44687],[-94.39063,48.44694],[-94.39056,48.45414]]],[[[-94.39188,48.55195],[-94.38639,48.55198],[-94.38639,48.5484],[-94.39188,48.54836],[-94.39188,48.55195]]],[[[-94.39667,48.48313],[-94.38564,48.47955],[-94.38556,48.47586],[-94.39659,48.4723],[-94.39667,48.48313]]],[[[-94.40289,48.54471],[-94.39738,48.54474],[-94.3974,48.5411],[-94.40291,48.54105],[-94.40289,48.54471]]],[[[-94.40702,48.46511],[-94.40193,48.46509],[-94.40182,48.46148],[-94.40725,48.4615],[-94.40702,48.46511]]],[[[-94.40811,48.5264],[-94.39728,48.5228],[-94.39718,48.51205],[-94.40819,48.51207],[-94.40811,48.5264]]],[[[-94.4134,48.49768],[-94.40804,48.49769],[-94.40795,48.49407],[-94.4133,48.49406],[-94.4134,48.49768]]],[[[-94.41368,48.61331],[-94.41352,48.6239],[-94.4082,48.62387],[-94.40827,48.61333],[-94.41368,48.61331]]],[[[-94.429,48.59498],[-94.4244,48.59521],[-94.42441,48.5916],[-94.42901,48.59136],[-94.429,48.59498]]],[[[-94.42939,48.45427],[-94.4179,48.45428],[-94.41788,48.45063],[-94.40698,48.4506],[-94.40694,48.44697],[-94.4124,48.44699],[-94.41237,48.44336],[-94.42917,48.44343],[-94.42939,48.45427]]],[[[-94.43014,48.5336],[-94.39731,48.5338],[-94.39717,48.52646],[-94.40264,48.52642],[-94.4027,48.5301],[-94.40823,48.53007],[-94.40811,48.5264],[-94.43021,48.52635],[-94.43014,48.5336]]],[[[-94.43511,48.47962],[-94.42988,48.4796],[-94.42986,48.476],[-94.43511,48.47602],[-94.43511,48.47962]]],[[[-94.4402,48.42537],[-94.42935,48.42533],[-94.42943,48.41817],[-94.44021,48.41821],[-94.4402,48.42537]]],[[[-94.44023,48.39633],[-94.42926,48.39634],[-94.42918,48.38915],[-94.44003,48.38919],[-94.44023,48.39633]]],[[[-94.44482,48.12013],[-94.43424,48.12026],[-94.4342,48.11663],[-94.44496,48.11653],[-94.44482,48.12013]]],[[[-94.44585,48.5734],[-94.44029,48.57341],[-94.44025,48.56973],[-94.44582,48.56973],[-94.44585,48.5734]]],[[[-94.44598,48.28647],[-94.43526,48.28643],[-94.43516,48.27925],[-94.44589,48.27931],[-94.44598,48.28647]]],[[[-94.45105,48.41826],[-94.44021,48.41821],[-94.44022,48.41106],[-94.45102,48.41112],[-94.45105,48.41826]]],[[[-94.45206,48.4976],[-94.43017,48.49765],[-94.43014,48.49403],[-94.45191,48.49403],[-94.45206,48.4976]]],[[[-94.46109,48.0661],[-94.45598,48.06627],[-94.45615,48.06278],[-94.46118,48.06254],[-94.46109,48.0661]]],[[[-94.46186,48.42543],[-94.45109,48.42539],[-94.45105,48.41826],[-94.4618,48.4183],[-94.46186,48.42543]]],[[[-94.46293,48.50485],[-94.45204,48.50483],[-94.45206,48.4976],[-94.45747,48.49758],[-94.45749,48.50121],[-94.46291,48.50121],[-94.46293,48.50485]]],[[[-94.47362,48.55169],[-94.46819,48.5517],[-94.46825,48.54812],[-94.4737,48.54811],[-94.47362,48.55169]]],[[[-94.48476,48.51582],[-94.47935,48.5158],[-94.47928,48.5122],[-94.48481,48.51218],[-94.48476,48.51582]]],[[[-94.49464,48.44356],[-94.48374,48.44354],[-94.4838,48.45446],[-94.47289,48.45447],[-94.47283,48.43983],[-94.49462,48.43993],[-94.49464,48.44356]]],[[[-94.49546,48.50483],[-94.49004,48.50484],[-94.48995,48.50117],[-94.49535,48.50117],[-94.49546,48.50483]]],[[[-94.51075,48.4616],[-94.50544,48.46161],[-94.50544,48.45802],[-94.5108,48.45806],[-94.51075,48.4616]]],[[[-94.52056,48.11306],[-94.51534,48.113],[-94.51527,48.1093],[-94.52047,48.10935],[-94.52056,48.11306]]],[[[-94.52157,48.45799],[-94.51616,48.45799],[-94.51617,48.4544],[-94.52158,48.45441],[-94.52157,48.45799]]],[[[-94.52662,48.39623],[-94.51577,48.3963],[-94.51566,48.38906],[-94.52663,48.39263],[-94.52662,48.39623]]],[[[-94.53201,48.13821],[-94.52636,48.13826],[-94.52638,48.13461],[-94.5318,48.13459],[-94.53201,48.13821]]],[[[-94.53235,48.44708],[-94.52691,48.44708],[-94.52695,48.45072],[-94.50539,48.45077],[-94.50534,48.44714],[-94.51596,48.44708],[-94.51589,48.43986],[-94.52134,48.43982],[-94.52141,48.44343],[-94.53234,48.44346],[-94.53235,48.44708]]],[[[-94.53795,48.48334],[-94.53252,48.48333],[-94.53248,48.47605],[-94.5379,48.476],[-94.53795,48.48334]]],[[[-94.53824,48.57343],[-94.53283,48.57341],[-94.53281,48.56991],[-94.53822,48.56973],[-94.53824,48.57343]]],[[[-94.5433,48.4544],[-94.53781,48.4544],[-94.5378,48.45073],[-94.5433,48.4507],[-94.5433,48.4544]]],[[[-94.54859,48.40354],[-94.52669,48.40357],[-94.52662,48.39623],[-94.54843,48.39621],[-94.54859,48.40354]]],[[[-94.54877,48.46852],[-94.54327,48.46871],[-94.54327,48.46509],[-94.54877,48.46509],[-94.54877,48.46852]]],[[[-94.54879,48.43972],[-94.53781,48.43978],[-94.53778,48.43248],[-94.54874,48.43247],[-94.54879,48.43972]]],[[[-94.55935,48.39626],[-94.54843,48.39621],[-94.54851,48.38906],[-94.5594,48.3891],[-94.55935,48.39626]]],[[[-94.55952,48.47595],[-94.54887,48.47598],[-94.54877,48.46872],[-94.55945,48.46871],[-94.55952,48.47595]]],[[[-94.56075,48.6277],[-94.55005,48.62762],[-94.54998,48.62402],[-94.56072,48.62414],[-94.56075,48.6277]]],[[[-94.56368,48.03382],[-94.55829,48.03378],[-94.55835,48.02659],[-94.56377,48.02662],[-94.56368,48.03382]]],[[[-94.56591,48.51941],[-94.53896,48.51946],[-94.53888,48.51587],[-94.5658,48.5158],[-94.56591,48.51941]]],[[[-94.57119,48.49052],[-94.56582,48.49053],[-94.56589,48.4869],[-94.57112,48.4869],[-94.57119,48.49052]]],[[[-94.58096,48.42523],[-94.58094,48.43247],[-94.57016,48.43246],[-94.57015,48.42523],[-94.58096,48.42523]]],[[[-94.5863,48.45071],[-94.58095,48.4507],[-94.58094,48.44704],[-94.58639,48.44705],[-94.5863,48.45071]]],[[[-94.5918,48.43973],[-94.58092,48.43971],[-94.58094,48.43247],[-94.59181,48.43247],[-94.5918,48.43973]]],[[[-94.59728,48.44706],[-94.59184,48.44705],[-94.59182,48.44353],[-94.59726,48.4434],[-94.59728,48.44706]]],[[[-94.60307,48.49043],[-94.59778,48.49045],[-94.5979,48.49403],[-94.58731,48.49408],[-94.58721,48.49048],[-94.59249,48.49046],[-94.59238,48.48687],[-94.60291,48.48684],[-94.60307,48.49043]]],[[[-94.60819,48.45435],[-94.59732,48.45412],[-94.5973,48.45072],[-94.60818,48.45071],[-94.60819,48.45435]]],[[[-94.6095,48.54095],[-94.60407,48.54096],[-94.604,48.5373],[-94.60938,48.53732],[-94.6095,48.54095]]],[[[-94.61838,47.98051],[-94.61179,47.98049],[-94.61194,47.97654],[-94.61836,47.97653],[-94.61838,47.98051]]],[[[-94.61889,48.42151],[-94.61356,48.42154],[-94.61355,48.41795],[-94.61899,48.41791],[-94.61889,48.42151]]],[[[-94.61921,48.46888],[-94.61376,48.46882],[-94.61372,48.4652],[-94.61916,48.46523],[-94.61921,48.46888]]],[[[-94.62441,48.41061],[-94.61353,48.41039],[-94.6136,48.40345],[-94.62444,48.4034],[-94.62441,48.41061]]],[[[-94.6355,48.45782],[-94.62999,48.45787],[-94.62993,48.4542],[-94.63543,48.45414],[-94.6355,48.45782]]],[[[-94.64654,48.43597],[-94.64118,48.43597],[-94.64133,48.42502],[-94.6467,48.425],[-94.64654,48.43597]]],[[[-94.65713,48.37799],[-94.65203,48.37801],[-94.65199,48.37443],[-94.65734,48.37441],[-94.65713,48.37799]]],[[[-94.66821,48.41044],[-94.66281,48.41044],[-94.66279,48.4069],[-94.66819,48.40683],[-94.66821,48.41044]]],[[[-94.66826,48.4322],[-94.6629,48.43225],[-94.66295,48.42862],[-94.66831,48.42861],[-94.66826,48.4322]]],[[[-94.66953,48.55187],[-94.65875,48.55191],[-94.65866,48.54828],[-94.66949,48.5482],[-94.66953,48.55187]]],[[[-94.6797,48.47583],[-94.67436,48.47585],[-94.67385,48.46855],[-94.67926,48.46853],[-94.6797,48.47583]]],[[[-94.6859,48.56586],[-94.68048,48.56612],[-94.68048,48.56251],[-94.68593,48.56239],[-94.6859,48.56586]]],[[[-94.68712,48.25605],[-94.68265,48.25602],[-94.68267,48.25246],[-94.68713,48.25246],[-94.68712,48.25605]]],[[[-94.68725,48.31363],[-94.6827,48.31363],[-94.68268,48.29554],[-94.68726,48.29554],[-94.68725,48.31363]]],[[[-94.68973,48.38145],[-94.67883,48.38149],[-94.67885,48.37432],[-94.68977,48.37427],[-94.68973,48.38145]]],[[[-94.69117,48.49012],[-94.68544,48.4902],[-94.68545,48.48667],[-94.69116,48.48658],[-94.69117,48.49012]]],[[[-94.69184,48.6202],[-94.68631,48.62029],[-94.68631,48.61675],[-94.69186,48.6166],[-94.69184,48.6202]]],[[[-94.69509,48.41396],[-94.68968,48.41399],[-94.68961,48.40313],[-94.6951,48.4031],[-94.69509,48.41396]]],[[[-94.69546,48.47211],[-94.69067,48.47216],[-94.69054,48.4685],[-94.69543,48.46849],[-94.69546,48.47211]]],[[[-94.6956,48.50822],[-94.6912,48.50823],[-94.6912,48.50456],[-94.69558,48.50454],[-94.6956,48.50822]]],[[[-94.69604,48.52991],[-94.69161,48.52994],[-94.6916,48.52614],[-94.69603,48.52614],[-94.69604,48.52991]]],[[[-94.69723,48.56949],[-94.69174,48.56947],[-94.69175,48.56587],[-94.69724,48.56588],[-94.69723,48.56949]]],[[[-94.70056,48.39946],[-94.68965,48.39949],[-94.68962,48.39592],[-94.70057,48.39585],[-94.70056,48.39946]]],[[[-94.70621,48.38496],[-94.7007,48.38499],[-94.70061,48.39223],[-94.69511,48.39226],[-94.69522,48.38139],[-94.70626,48.38136],[-94.70621,48.38496]]],[[[-94.70651,48.47566],[-94.701,48.47568],[-94.70097,48.47208],[-94.70648,48.47205],[-94.70651,48.47566]]],[[[-94.70843,48.59856],[-94.70291,48.59853],[-94.70288,48.5949],[-94.70837,48.59493],[-94.70843,48.59856]]],[[[-94.70876,48.2814],[-94.68253,48.28146],[-94.6826,48.26324],[-94.68712,48.26323],[-94.68712,48.26683],[-94.69794,48.26682],[-94.69794,48.27417],[-94.70876,48.27415],[-94.70876,48.2814]]],[[[-94.70885,48.31756],[-94.69817,48.31763],[-94.69814,48.31042],[-94.709,48.3104],[-94.70885,48.31756]]],[[[-94.70868,48.30307],[-94.69813,48.30312],[-94.69813,48.29592],[-94.70904,48.29586],[-94.70868,48.30307]]],[[[-94.7112,48.44652],[-94.7058,48.44652],[-94.70582,48.4429],[-94.71125,48.44289],[-94.7112,48.44652]]],[[[-94.7121,48.50813],[-94.7011,48.50819],[-94.70108,48.50451],[-94.71206,48.50446],[-94.7121,48.50813]]],[[[-94.71379,48.64178],[-94.70275,48.64178],[-94.70281,48.63454],[-94.71384,48.63455],[-94.71379,48.64178]]],[[[-94.71428,48.36669],[-94.70885,48.36669],[-94.70885,48.36433],[-94.71428,48.36434],[-94.71428,48.36669]]],[[[-94.71741,48.46836],[-94.71197,48.46842],[-94.712,48.46479],[-94.71738,48.46475],[-94.71741,48.46836]]],[[[-94.71746,48.47924],[-94.71204,48.47921],[-94.71201,48.47562],[-94.71744,48.47559],[-94.71746,48.47924]]],[[[-94.71752,48.50445],[-94.71206,48.50446],[-94.71203,48.50079],[-94.7175,48.50079],[-94.71752,48.50445]]],[[[-94.71783,48.52978],[-94.70695,48.52983],[-94.7069,48.52624],[-94.71777,48.52617],[-94.71783,48.52978]]],[[[-94.71931,48.2345],[-94.7139,48.23454],[-94.71391,48.23091],[-94.71938,48.23089],[-94.71931,48.2345]]],[[[-94.72283,48.4647],[-94.71738,48.46475],[-94.71737,48.46113],[-94.7228,48.46109],[-94.72283,48.4647]]],[[[-94.72472,48.67054],[-94.70282,48.67081],[-94.70309,48.65625],[-94.71414,48.65627],[-94.71404,48.66353],[-94.72479,48.66333],[-94.72472,48.67054]]],[[[-94.72875,48.53332],[-94.72332,48.53335],[-94.72326,48.52974],[-94.72868,48.5297],[-94.72875,48.53332]]],[[[-94.73028,48.2236],[-94.7194,48.2236],[-94.71934,48.21999],[-94.71389,48.22003],[-94.71401,48.21287],[-94.71924,48.21287],[-94.71929,48.2164],[-94.73019,48.21632],[-94.73028,48.2236]]],[[[-94.73098,48.29582],[-94.72001,48.29584],[-94.71989,48.28865],[-94.73089,48.28862],[-94.73098,48.29582]]],[[[-94.7355,48.23448],[-94.7301,48.2345],[-94.73017,48.23086],[-94.73556,48.23083],[-94.7355,48.23448]]],[[[-94.73573,48.56967],[-94.73022,48.56964],[-94.73019,48.56601],[-94.73544,48.56604],[-94.73573,48.56967]]],[[[-94.73931,48.50441],[-94.73389,48.5044],[-94.73382,48.50077],[-94.73927,48.50077],[-94.73931,48.50441]]],[[[-94.74096,48.21631],[-94.73557,48.21632],[-94.73552,48.21273],[-94.74091,48.21271],[-94.74096,48.21631]]],[[[-94.74149,48.27408],[-94.70876,48.27415],[-94.70874,48.2668],[-94.71973,48.26678],[-94.71958,48.25242],[-94.73048,48.25243],[-94.7306,48.25961],[-94.72513,48.25962],[-94.72517,48.26318],[-94.73066,48.26317],[-94.73072,48.26675],[-94.74142,48.26677],[-94.74149,48.27408]]],[[[-94.74183,48.3176],[-94.72003,48.31765],[-94.71999,48.30308],[-94.73098,48.30305],[-94.73104,48.31029],[-94.74174,48.31033],[-94.74183,48.3176]]],[[[-94.74386,48.41014],[-94.73315,48.41019],[-94.73313,48.40661],[-94.73849,48.40658],[-94.73846,48.39942],[-94.74383,48.39941],[-94.74386,48.41014]]],[[[-94.74452,48.47183],[-94.73912,48.47183],[-94.73912,48.4682],[-94.74458,48.46818],[-94.74452,48.47183]]],[[[-94.74466,48.50075],[-94.73927,48.50077],[-94.73922,48.49714],[-94.74465,48.49712],[-94.74466,48.50075]]],[[[-94.74652,48.59482],[-94.74112,48.59493],[-94.74116,48.59133],[-94.74656,48.5912],[-94.74652,48.59482]]],[[[-94.75562,48.48986],[-94.75001,48.48989],[-94.75001,48.48629],[-94.75557,48.48626],[-94.75562,48.48986]]],[[[-94.7626,48.23804],[-94.73544,48.23814],[-94.7355,48.23448],[-94.74091,48.23444],[-94.74094,48.23079],[-94.76261,48.23068],[-94.7626,48.23804]]],[[[-94.77347,48.21359],[-94.77344,48.22336],[-94.76264,48.22339],[-94.76259,48.21269],[-94.77347,48.21359]]],[[[-94.77384,48.55859],[-94.76839,48.55861],[-94.7684,48.555],[-94.77386,48.55496],[-94.77384,48.55859]]],[[[-94.77663,48.38534],[-94.77658,48.38845],[-94.77102,48.38844],[-94.77109,48.38485],[-94.77663,48.38534]]],[[[-94.77726,48.49344],[-94.77181,48.49344],[-94.77179,48.48983],[-94.77725,48.48982],[-94.77726,48.49344]]],[[[-94.77736,48.50428],[-94.76654,48.50791],[-94.76639,48.49706],[-94.77727,48.49705],[-94.77736,48.50428]]],[[[-94.77914,48.59818],[-94.77369,48.59818],[-94.77374,48.59457],[-94.76278,48.59459],[-94.7628,48.59101],[-94.77923,48.59093],[-94.77914,48.59818]]],[[[-94.78274,48.4898],[-94.77725,48.48982],[-94.77724,48.4862],[-94.77178,48.48622],[-94.77176,48.4826],[-94.76081,48.48264],[-94.7608,48.47901],[-94.77723,48.47895],[-94.77723,48.48266],[-94.78271,48.48265],[-94.78274,48.4898]]],[[[-94.78468,48.6054],[-94.77382,48.60543],[-94.77369,48.60181],[-94.78468,48.60201],[-94.78468,48.6054]]],[[[-94.78547,48.33909],[-94.76379,48.33921],[-94.76359,48.33201],[-94.78525,48.33192],[-94.78547,48.33909]]],[[[-94.7899,48.62902],[-94.78986,48.63433],[-94.77881,48.63433],[-94.77889,48.62716],[-94.7899,48.62902]]],[[[-94.79496,48.23794],[-94.77349,48.23799],[-94.77349,48.23071],[-94.79525,48.23063],[-94.79496,48.23794]]],[[[-94.80673,48.60174],[-94.80128,48.60175],[-94.80128,48.59815],[-94.80672,48.59814],[-94.80673,48.60174]]],[[[-94.80893,48.38845],[-94.7981,48.38842],[-94.79817,48.38126],[-94.80897,48.38124],[-94.80893,48.38845]]],[[[-94.80904,48.42467],[-94.7927,48.4247],[-94.79284,48.41742],[-94.80359,48.41741],[-94.8036,48.42098],[-94.80902,48.42099],[-94.80904,48.42467]]],[[[-94.81711,48.28116],[-94.80622,48.28122],[-94.80611,48.2739],[-94.81708,48.27387],[-94.81711,48.28116]]],[[[-94.8172,48.63806],[-94.81176,48.638],[-94.81177,48.63443],[-94.81721,48.63448],[-94.8172,48.63806]]],[[[-94.81758,48.31735],[-94.80658,48.31739],[-94.8063,48.28842],[-94.81717,48.2884],[-94.81758,48.31735]]],[[[-94.81822,48.34627],[-94.80732,48.34627],[-94.80728,48.33902],[-94.81819,48.33903],[-94.81822,48.34627]]],[[[-94.81974,48.40288],[-94.80894,48.40287],[-94.80893,48.38845],[-94.81972,48.38847],[-94.81974,48.40288]]],[[[-94.82075,48.50062],[-94.81015,48.5006],[-94.81018,48.50426],[-94.80476,48.50425],[-94.80478,48.50795],[-94.79386,48.5079],[-94.79384,48.50428],[-94.78827,48.50426],[-94.78835,48.50064],[-94.7993,48.50062],[-94.79923,48.47891],[-94.80454,48.47888],[-94.80461,48.48616],[-94.81002,48.48617],[-94.81009,48.49332],[-94.80467,48.49334],[-94.8047,48.49697],[-94.82072,48.49699],[-94.82075,48.50062]]],[[[-94.82131,48.62365],[-94.81189,48.6236],[-94.81179,48.62727],[-94.80637,48.62721],[-94.80656,48.61989],[-94.82138,48.61993],[-94.82131,48.62365]]],[[[-94.82139,49.20475],[-94.81597,49.2079],[-94.81569,49.21325],[-94.80965,49.20795],[-94.81099,49.20518],[-94.82139,49.20475]]],[[[-94.8252,48.4173],[-94.81443,48.41733],[-94.81444,48.41369],[-94.82524,48.41367],[-94.8252,48.4173]]],[[[-94.82675,48.65255],[-94.82133,48.65259],[-94.82133,48.64531],[-94.82674,48.64527],[-94.82675,48.65255]]],[[[-94.82648,49.32252],[-94.81805,49.32103],[-94.81816,49.32039],[-94.82711,49.32028],[-94.82648,49.32252]]],[[[-94.82756,48.20905],[-94.81673,48.20901],[-94.81664,48.20171],[-94.82747,48.20176],[-94.82756,48.20905]]],[[[-94.83788,48.55474],[-94.82166,48.55477],[-94.82161,48.54752],[-94.83789,48.54751],[-94.83788,48.55474]]],[[[-94.84347,49.31979],[-94.83797,49.31981],[-94.83799,49.31619],[-94.84351,49.31614],[-94.84347,49.31979]]],[[[-94.84814,48.50419],[-94.83174,48.50424],[-94.83171,48.50061],[-94.84812,48.50054],[-94.84814,48.50419]]],[[[-94.8495,48.23056],[-94.83855,48.23062],[-94.83849,48.21631],[-94.84935,48.21618],[-94.8495,48.23056]]],[[[-94.84949,49.17801],[-94.84411,49.1785],[-94.8441,49.17539],[-94.84958,49.17536],[-94.84949,49.17801]]],[[[-94.85251,48.40634],[-94.83074,48.40642],[-94.83072,48.40285],[-94.82524,48.40287],[-94.82522,48.39929],[-94.84711,48.39923],[-94.84707,48.40281],[-94.85249,48.40353],[-94.85251,48.40634]]],[[[-94.85359,48.51151],[-94.84276,48.51152],[-94.84272,48.50787],[-94.85359,48.50784],[-94.85359,48.51151]]],[[[-94.85398,48.562],[-94.84326,48.56205],[-94.8433,48.55474],[-94.85408,48.55467],[-94.85398,48.562]]],[[[-94.85789,48.37396],[-94.85247,48.37399],[-94.85246,48.37039],[-94.85788,48.37035],[-94.85789,48.37396]]],[[[-94.86002,48.20159],[-94.83831,48.20182],[-94.83822,48.19457],[-94.8599,48.19436],[-94.86002,48.20159]]],[[[-94.86032,48.25215],[-94.8385,48.25216],[-94.83852,48.24491],[-94.86045,48.24494],[-94.86032,48.25215]]],[[[-94.86105,48.85148],[-94.85551,48.8515],[-94.85557,48.84786],[-94.86076,48.84784],[-94.86105,48.85148]]],[[[-94.86516,48.66696],[-94.85416,48.66692],[-94.85413,48.66331],[-94.8651,48.66332],[-94.86516,48.66696]]],[[[-94.86581,49.30899],[-94.85464,49.31255],[-94.85466,49.30894],[-94.83805,49.30886],[-94.83807,49.30526],[-94.86026,49.30531],[-94.8603,49.30168],[-94.86587,49.30168],[-94.86581,49.30899]]],[[[-94.87396,48.4028],[-94.86862,48.40277],[-94.86856,48.39564],[-94.87394,48.39567],[-94.87396,48.4028]]],[[[-94.87587,48.56927],[-94.87035,48.5693],[-94.87041,48.56559],[-94.87581,48.56559],[-94.87587,48.56927]]],[[[-94.88247,49.32701],[-94.87693,49.327],[-94.87694,49.3235],[-94.88248,49.32349],[-94.88247,49.32701]]],[[[-94.88802,49.31989],[-94.88248,49.31989],[-94.88247,49.3163],[-94.88801,49.3163],[-94.88802,49.31989]]],[[[-94.89013,48.40839],[-94.87935,48.40997],[-94.87935,48.40283],[-94.88466,48.40286],[-94.88464,48.40642],[-94.89013,48.40839]]],[[[-94.89276,48.22322],[-94.88203,48.22321],[-94.88185,48.21599],[-94.89267,48.21603],[-94.89276,48.22322]]],[[[-94.8935,48.33186],[-94.88281,48.3318],[-94.88247,48.32458],[-94.89326,48.32463],[-94.8935,48.33186]]],[[[-94.89687,48.48216],[-94.89139,48.48213],[-94.89139,48.47857],[-94.8969,48.47856],[-94.89687,48.48216]]],[[[-94.89798,48.59435],[-94.89245,48.59438],[-94.89238,48.58716],[-94.88684,48.5872],[-94.8868,48.58352],[-94.89786,48.58358],[-94.89798,48.59435]]],[[[-94.90111,48.41716],[-94.89562,48.41716],[-94.89563,48.41358],[-94.90113,48.41358],[-94.90111,48.41716]]],[[[-94.90114,48.40642],[-94.89565,48.40642],[-94.89565,48.40285],[-94.90113,48.40285],[-94.90114,48.40642]]],[[[-94.90664,48.40997],[-94.90115,48.40998],[-94.90114,48.40642],[-94.90663,48.40641],[-94.90664,48.40997]]],[[[-94.91331,48.48207],[-94.90755,48.48203],[-94.90767,48.47846],[-94.91333,48.47855],[-94.91331,48.48207]]],[[[-94.91421,48.65243],[-94.90878,48.65244],[-94.90875,48.64875],[-94.91419,48.64872],[-94.91421,48.65243]]],[[[-94.91422,48.63775],[-94.90877,48.63777],[-94.90879,48.63416],[-94.91429,48.63415],[-94.91422,48.63775]]],[[[-94.9145,48.60511],[-94.90345,48.60883],[-94.90353,48.60157],[-94.89799,48.60157],[-94.89798,48.59435],[-94.90909,48.59435],[-94.90905,48.60153],[-94.9145,48.6015],[-94.9145,48.60511]]],[[[-94.91756,48.40647],[-94.9121,48.40643],[-94.91208,48.40288],[-94.91752,48.40289],[-94.91756,48.40647]]],[[[-94.91758,48.41363],[-94.91211,48.41359],[-94.91213,48.41],[-94.9176,48.41003],[-94.91758,48.41363]]],[[[-94.91981,48.69208],[-94.91455,48.69213],[-94.91434,48.68846],[-94.91981,48.68843],[-94.91981,48.69208]]],[[[-94.91982,48.61239],[-94.91438,48.61241],[-94.91442,48.60876],[-94.91987,48.60874],[-94.91982,48.61239]]],[[[-94.92307,48.43169],[-94.91216,48.43166],[-94.91204,48.42446],[-94.923,48.42451],[-94.92307,48.43169]]],[[[-94.92539,48.62694],[-94.91443,48.62696],[-94.91442,48.62337],[-94.909,48.62341],[-94.90897,48.61974],[-94.91984,48.61969],[-94.91981,48.62333],[-94.92536,48.62329],[-94.92539,48.62694]]],[[[-94.9288,48.53284],[-94.92362,48.53285],[-94.92303,48.54005],[-94.9081,48.54002],[-94.90818,48.54368],[-94.90273,48.54365],[-94.90285,48.55087],[-94.919,48.55087],[-94.91927,48.55446],[-94.91384,48.5545],[-94.91393,48.55809],[-94.90306,48.55819],[-94.90319,48.5618],[-94.9086,48.56175],[-94.90869,48.56539],[-94.9141,48.56537],[-94.91418,48.569],[-94.89782,48.56911],[-94.89772,48.56548],[-94.89222,48.56551],[-94.89233,48.56918],[-94.88679,48.5692],[-94.88662,48.56186],[-94.89201,48.56186],[-94.892,48.55826],[-94.881,48.55462],[-94.88118,48.56191],[-94.87033,48.56197],[-94.87025,48.54747],[-94.8594,48.54757],[-94.8593,48.54399],[-94.85387,48.54401],[-94.85383,48.54044],[-94.79975,48.54039],[-94.79953,48.51871],[-94.78303,48.51878],[-94.78298,48.51516],[-94.79388,48.51154],[-94.79398,48.51519],[-94.81027,48.51517],[-94.81028,48.51879],[-94.82087,48.51878],[-94.82087,48.51518],[-94.83726,48.51514],[-94.83724,48.51878],[-94.8427,48.51877],[-94.84269,48.5224],[-94.85898,48.52243],[-94.85898,48.52612],[-94.83722,48.52602],[-94.83727,48.52964],[-94.85357,48.52971],[-94.85376,48.53691],[-94.87006,48.53677],[-94.87027,48.54387],[-94.87567,48.54381],[-94.87564,48.54019],[-94.8808,48.5402],[-94.88077,48.53659],[-94.89174,48.53651],[-94.89172,48.53281],[-94.88624,48.5329],[-94.88626,48.52929],[-94.89718,48.52928],[-94.89711,48.53283],[-94.91328,48.53286],[-94.91337,48.52927],[-94.9292,48.52924],[-94.9288,48.53284]],[[-94.89734,48.5473],[-94.89186,48.54731],[-94.89189,48.55456],[-94.89748,48.55447],[-94.89734,48.5473]],[[-94.89183,48.54006],[-94.88641,48.54009],[-94.8864,48.54371],[-94.89184,48.54369],[-94.89183,48.54006]],[[-94.83177,48.52239],[-94.82086,48.5224],[-94.82086,48.526],[-94.83177,48.52602],[-94.83177,48.52239]]],[[[-94.93408,48.43531],[-94.92852,48.43533],[-94.92852,48.43171],[-94.93406,48.43169],[-94.93408,48.43531]]],[[[-94.93935,48.40291],[-94.92297,48.40291],[-94.92292,48.39934],[-94.93926,48.39938],[-94.93935,48.40291]]],[[[-94.94058,48.45688],[-94.92972,48.45687],[-94.92969,48.46411],[-94.9188,48.46416],[-94.91881,48.46779],[-94.91337,48.46777],[-94.91328,48.46058],[-94.88052,48.46053],[-94.88055,48.46413],[-94.86968,48.46411],[-94.86974,48.46771],[-94.85887,48.46772],[-94.85886,48.47133],[-94.85342,48.47134],[-94.85342,48.46775],[-94.84251,48.4678],[-94.84252,48.47139],[-94.83723,48.4714],[-94.83721,48.47874],[-94.7991,48.47526],[-94.79867,48.45357],[-94.85865,48.45329],[-94.85875,48.4605],[-94.86418,48.46049],[-94.86411,48.45688],[-94.86949,48.4569],[-94.86952,48.45329],[-94.94052,48.45322],[-94.94058,48.45688]]],[[[-94.94138,48.64777],[-94.93063,48.64867],[-94.93075,48.64128],[-94.94138,48.64124],[-94.94138,48.64777]]],[[[-94.9415,48.57601],[-94.93057,48.57606],[-94.93026,48.56164],[-94.94123,48.56157],[-94.9415,48.57601]]],[[[-94.94583,48.475],[-94.94042,48.47498],[-94.94045,48.46772],[-94.94585,48.46776],[-94.94583,48.475]]],[[[-94.94711,48.60507],[-94.93623,48.60507],[-94.93615,48.61239],[-94.92529,48.61236],[-94.92535,48.60508],[-94.93081,48.60509],[-94.93084,48.6014],[-94.94716,48.6014],[-94.94711,48.60507]]],[[[-94.9506,48.43887],[-94.94518,48.43889],[-94.94518,48.43528],[-94.95073,48.43526],[-94.9506,48.43887]]],[[[-94.95242,48.547],[-94.94047,48.54708],[-94.94016,48.53282],[-94.95126,48.5327],[-94.95125,48.53631],[-94.94613,48.53647],[-94.94607,48.53974],[-94.9522,48.54005],[-94.95242,48.547]]],[[[-94.95238,48.61963],[-94.94163,48.61599],[-94.94159,48.61237],[-94.95249,48.61244],[-94.95238,48.61963]]],[[[-94.95605,48.4206],[-94.95019,48.42058],[-94.95019,48.41697],[-94.95604,48.41698],[-94.95605,48.4206]]],[[[-94.95675,48.47137],[-94.9513,48.4714],[-94.95131,48.46782],[-94.95683,48.46778],[-94.95675,48.47137]]],[[[-94.95976,49.30911],[-94.94865,49.30912],[-94.94869,49.30545],[-94.9598,49.30545],[-94.95976,49.30911]]],[[[-94.97217,48.43892],[-94.96145,48.43879],[-94.96146,48.43152],[-94.97221,48.43161],[-94.97217,48.43892]]],[[[-94.97293,48.53623],[-94.9621,48.53981],[-94.96212,48.53259],[-94.95664,48.5326],[-94.95669,48.52905],[-94.96751,48.52907],[-94.9675,48.53262],[-94.97298,48.53263],[-94.97293,48.53623]]],[[[-94.97331,48.47492],[-94.96778,48.47494],[-94.96778,48.47133],[-94.97329,48.4713],[-94.97331,48.47492]]],[[[-94.97631,49.29805],[-94.96533,49.30177],[-94.96534,49.29809],[-94.95986,49.29811],[-94.9599,49.29445],[-94.97633,49.29436],[-94.97631,49.29805]]],[[[-94.97858,48.50006],[-94.9732,48.50005],[-94.97316,48.50363],[-94.97852,48.50364],[-94.97848,48.50727],[-94.96231,48.50725],[-94.96226,48.51459],[-94.95678,48.51462],[-94.9568,48.51098],[-94.94612,48.51097],[-94.94603,48.52194],[-94.93507,48.52201],[-94.9351,48.51833],[-94.9296,48.51835],[-94.92959,48.51125],[-94.92417,48.51122],[-94.9242,48.51841],[-94.91347,48.51473],[-94.91344,48.52204],[-94.90806,48.52202],[-94.90802,48.51841],[-94.90255,48.51842],[-94.9025,48.51114],[-94.91336,48.51115],[-94.91337,48.50382],[-94.90791,48.5038],[-94.90791,48.50755],[-94.88611,48.50753],[-94.88614,48.51844],[-94.88071,48.51854],[-94.88069,48.50389],[-94.86987,48.50403],[-94.86986,48.51143],[-94.85902,48.51151],[-94.85902,48.50782],[-94.86446,48.50781],[-94.86449,48.5004],[-94.87528,48.50027],[-94.87523,48.49303],[-94.86981,48.49302],[-94.86979,48.4894],[-94.88061,48.4894],[-94.88077,48.49652],[-94.89155,48.49647],[-94.89145,48.48932],[-94.88596,48.48933],[-94.88591,48.48577],[-94.89694,48.48574],[-94.89687,48.4894],[-94.91333,48.48936],[-94.91331,48.48207],[-94.92957,48.48214],[-94.92963,48.47495],[-94.93503,48.47496],[-94.93498,48.48218],[-94.9404,48.4822],[-94.94037,48.48579],[-94.93488,48.48577],[-94.93481,48.49296],[-94.9403,48.49297],[-94.94025,48.49656],[-94.95124,48.49658],[-94.95128,48.49299],[-94.95666,48.49296],[-94.95672,48.48937],[-94.96224,48.48935],[-94.96222,48.49293],[-94.97326,48.49287],[-94.97324,48.49644],[-94.97864,48.49646],[-94.97858,48.50006]],[[-94.94598,48.50028],[-94.93519,48.50022],[-94.93498,48.50385],[-94.94595,48.50744],[-94.94598,48.50028]]],[[[-94.9841,48.46407],[-94.96779,48.4641],[-94.96783,48.45685],[-94.9514,48.45688],[-94.95143,48.45325],[-94.96117,48.45325],[-94.96131,48.44605],[-94.97218,48.44611],[-94.97219,48.45319],[-94.97874,48.45324],[-94.97872,48.45686],[-94.97331,48.45684],[-94.9733,48.46046],[-94.98411,48.46046],[-94.9841,48.46407]]],[[[-94.98467,48.71364],[-94.98025,48.71367],[-94.98031,48.72091],[-94.96386,48.72096],[-94.96386,48.71734],[-94.97477,48.71732],[-94.97466,48.71373],[-94.97396,48.70992],[-94.96329,48.71005],[-94.96322,48.70649],[-94.98481,48.70638],[-94.98467,48.71364]]],[[[-94.98505,48.6702],[-94.97957,48.6702],[-94.97955,48.66662],[-94.98503,48.66662],[-94.98505,48.6702]]],[[[-94.99047,48.65233],[-94.98499,48.65232],[-94.985,48.64862],[-94.99048,48.64862],[-94.99047,48.65233]]],[[[-95.00142,48.66312],[-94.99597,48.66313],[-94.99595,48.65957],[-95.00141,48.65955],[-95.00142,48.66312]]],[[[-95.00473,48.43531],[-94.99926,48.43534],[-94.99926,48.43169],[-95.0047,48.43166],[-95.00473,48.43531]]],[[[-95.00557,48.50368],[-94.99478,48.50363],[-94.9948,48.50008],[-94.9894,48.50007],[-94.98948,48.49291],[-95.00024,48.49293],[-95.00024,48.49654],[-95.00557,48.49655],[-95.00557,48.50368]]],[[[-95.01094,48.51434],[-95.00552,48.51444],[-95.00549,48.51082],[-95.01095,48.51086],[-95.01094,48.51434]]],[[[-95.0123,48.6631],[-95.00685,48.66307],[-95.00693,48.65954],[-95.01236,48.65952],[-95.0123,48.6631]]],[[[-95.01218,48.6812],[-95.0069,48.68119],[-95.00692,48.67758],[-95.01239,48.67761],[-95.01218,48.6812]]],[[[-95.0156,48.43162],[-95.01016,48.43164],[-95.01011,48.42803],[-95.01553,48.42802],[-95.0156,48.43162]]],[[[-95.01743,48.62319],[-95.00109,48.62316],[-95.00112,48.61589],[-95.01743,48.61957],[-95.01743,48.62319]]],[[[-95.01773,48.63773],[-95.01229,48.63771],[-95.01228,48.6341],[-95.01775,48.63412],[-95.01773,48.63773]]],[[[-95.0178,48.67393],[-95.01231,48.67391],[-95.0123,48.67026],[-95.01783,48.6704],[-95.0178,48.67393]]],[[[-95.02322,48.63411],[-95.01775,48.63412],[-95.01777,48.62687],[-95.02325,48.62689],[-95.02322,48.63411]]],[[[-95.02635,48.39898],[-95.01543,48.399],[-95.01543,48.39546],[-94.99941,48.39545],[-94.99919,48.40275],[-94.98817,48.40276],[-94.98824,48.39914],[-94.97228,48.39902],[-94.97228,48.40251],[-94.96685,48.40251],[-94.96685,48.3989],[-94.95598,48.3989],[-94.95597,48.39529],[-94.99386,48.39547],[-94.99387,48.38821],[-95.01533,48.38811],[-95.01538,48.3917],[-95.02634,48.39164],[-95.02635,48.39898]]],[[[-95.02657,49.18341],[-95.0208,49.18331],[-95.02082,49.17876],[-95.02656,49.17874],[-95.02657,49.18341]]],[[[-95.02808,48.35337],[-95.01721,48.35335],[-95.01717,48.34976],[-95.01201,48.34975],[-95.01171,48.34619],[-95.02254,48.34615],[-95.0226,48.34976],[-95.02802,48.34978],[-95.02808,48.35337]]],[[[-95.02846,48.61233],[-95.01742,48.61235],[-95.01739,48.60872],[-95.02842,48.60873],[-95.02846,48.61233]]],[[[-95.02868,48.66309],[-95.01773,48.66311],[-95.01771,48.65592],[-95.02865,48.65228],[-95.02868,48.66309]]],[[[-95.02869,48.69213],[-95.01777,48.69211],[-95.01779,48.68492],[-95.02872,48.68502],[-95.02869,48.69213]]],[[[-95.03176,49.33802],[-95.02626,49.33801],[-95.02625,49.3344],[-95.03174,49.3344],[-95.03176,49.33802]]],[[[-95.03725,48.38797],[-95.03177,48.388],[-95.03172,48.3844],[-95.02077,48.38448],[-95.02074,48.37729],[-95.02619,48.37725],[-95.02619,48.38084],[-95.03715,48.38072],[-95.03725,48.38797]]],[[[-95.0397,48.67762],[-95.0342,48.67766],[-95.03421,48.67399],[-95.03969,48.67401],[-95.0397,48.67762]]],[[[-95.04461,48.36423],[-95.02834,48.36652],[-95.02823,48.36064],[-95.03366,48.36065],[-95.03351,48.35338],[-95.04437,48.35332],[-95.04461,48.36423]]],[[[-95.04512,48.63771],[-95.03961,48.63772],[-95.03965,48.63412],[-95.04515,48.63414],[-95.04512,48.63771]]],[[[-95.04695,48.85802],[-95.03587,48.8581],[-95.03579,48.85083],[-95.04675,48.8508],[-95.04695,48.85802]]],[[[-95.04808,48.40235],[-95.03726,48.40241],[-95.03734,48.39521],[-95.04822,48.3952],[-95.04808,48.40235]]],[[[-95.05065,48.69578],[-95.04514,48.69577],[-95.04514,48.69217],[-95.05066,48.69219],[-95.05065,48.69578]]],[[[-95.0538,48.43872],[-95.0484,48.43872],[-95.04837,48.43509],[-95.05375,48.43507],[-95.0538,48.43872]]],[[[-95.05879,48.38078],[-95.05338,48.38077],[-95.05334,48.37719],[-95.05876,48.37721],[-95.05879,48.38078]]],[[[-95.05923,48.4423],[-95.0538,48.44233],[-95.0538,48.43872],[-95.05921,48.43872],[-95.05923,48.4423]]],[[[-95.06012,48.53608],[-95.04909,48.53615],[-95.04906,48.53995],[-95.03259,48.53995],[-95.03264,48.53256],[-95.06011,48.53245],[-95.06012,48.53608]]],[[[-95.06127,48.60155],[-95.03941,48.60514],[-95.03932,48.59433],[-95.06123,48.59434],[-95.06127,48.60155]]],[[[-95.06174,48.68495],[-95.05621,48.68494],[-95.05619,48.69219],[-95.04595,48.68832],[-95.05056,48.68517],[-95.04964,48.67766],[-95.06183,48.67769],[-95.06174,48.68495]]],[[[-95.06626,48.36047],[-95.06085,48.36051],[-95.06088,48.3664],[-95.05552,48.36642],[-95.05532,48.35691],[-95.06075,48.35686],[-95.06069,48.35323],[-95.06612,48.35319],[-95.06626,48.36047]]],[[[-95.06676,48.60519],[-95.06128,48.60516],[-95.06127,48.60155],[-95.06675,48.60157],[-95.06676,48.60519]]],[[[-95.07255,48.69946],[-95.06698,48.69939],[-95.06697,48.68505],[-95.07261,48.685],[-95.07255,48.69946]]],[[[-95.07273,48.66322],[-95.0562,48.6632],[-95.05621,48.65602],[-95.06724,48.65605],[-95.06727,48.65956],[-95.07271,48.65959],[-95.07273,48.66322]]],[[[-95.07761,48.62694],[-95.07209,48.62698],[-95.07213,48.62341],[-95.07764,48.62339],[-95.07761,48.62694]]],[[[-95.08042,48.37772],[-95.08039,48.38438],[-95.06967,48.38437],[-95.06959,48.37719],[-95.08042,48.37772]]],[[[-95.08064,48.41684],[-95.07525,48.41681],[-95.07522,48.41323],[-95.06429,48.41314],[-95.0643,48.40945],[-95.08057,48.40979],[-95.08064,48.41684]]],[[[-95.08061,48.53615],[-95.06555,48.5361],[-95.0656,48.53248],[-95.06011,48.53245],[-95.06009,48.52521],[-95.07097,48.52173],[-95.07096,48.52897],[-95.08065,48.529],[-95.08061,48.53615]]],[[[-95.0809,48.50745],[-95.07646,48.50744],[-95.07646,48.51453],[-95.08079,48.51457],[-95.08074,48.51818],[-95.06003,48.51807],[-95.05996,48.5216],[-95.0546,48.52156],[-95.05453,48.52522],[-95.0491,48.52522],[-95.0491,48.52164],[-95.03811,48.52163],[-95.03812,48.51807],[-95.03271,48.51809],[-95.03267,48.52523],[-95.02183,48.52169],[-95.02181,48.52891],[-95.02723,48.5289],[-95.02714,48.53994],[-95.01752,48.53991],[-95.0175,48.54357],[-95.00662,48.54348],[-95.00669,48.53988],[-94.98921,48.53979],[-94.98918,48.53618],[-94.97838,48.53621],[-94.97836,48.52178],[-94.99456,48.52168],[-94.99461,48.51804],[-95.0055,48.51806],[-95.00548,48.5253],[-94.98373,48.52533],[-94.98375,48.52898],[-94.98914,48.52899],[-94.98916,48.53257],[-95.01635,48.53256],[-95.01644,48.52525],[-95.01096,48.52528],[-95.01095,48.51807],[-95.02726,48.51806],[-95.02725,48.51087],[-95.04917,48.51085],[-95.04921,48.50728],[-95.05464,48.50731],[-95.05469,48.50029],[-95.04923,48.50028],[-95.0492,48.50382],[-95.02705,48.50377],[-95.02732,48.49662],[-95.03832,48.49679],[-95.03843,48.48948],[-95.04378,48.48947],[-95.0438,48.48584],[-95.02744,48.48578],[-95.02746,48.48215],[-95.01661,48.48209],[-95.01651,48.48933],[-94.99491,48.48931],[-94.99493,48.48572],[-94.98413,48.48571],[-94.98416,48.48213],[-95.00572,48.48211],[-95.00565,48.47494],[-95.01111,48.47492],[-95.01114,48.47131],[-95.03279,48.4714],[-95.03287,48.47507],[-95.03823,48.47508],[-95.03828,48.46786],[-95.02212,48.46776],[-95.02211,48.46411],[-95.01117,48.46407],[-95.01114,48.46771],[-95.0003,48.46767],[-95.00034,48.47489],[-94.98412,48.47491],[-94.98409,48.47128],[-94.9787,48.47129],[-94.97868,48.46768],[-94.99488,48.46763],[-94.99492,48.46046],[-94.98411,48.46046],[-94.98413,48.45688],[-94.98953,48.45686],[-94.98956,48.45325],[-95.00051,48.45681],[-95.00047,48.46044],[-95.01134,48.46042],[-95.0114,48.45679],[-95.00595,48.4568],[-95.00602,48.45318],[-95.03854,48.45332],[-95.03846,48.46058],[-95.02757,48.46049],[-95.0276,48.46413],[-95.04936,48.46424],[-95.04936,48.46787],[-95.07651,48.46796],[-95.07658,48.46431],[-95.08108,48.46433],[-95.0809,48.50745]],[[-95.06561,48.51093],[-95.06012,48.51092],[-95.06012,48.51449],[-95.06553,48.51452],[-95.06561,48.51093]],[[-95.04378,48.48947],[-95.04375,48.49312],[-95.04927,48.49314],[-95.04927,48.49675],[-95.06018,48.49673],[-95.06019,48.49307],[-95.05473,48.4931],[-95.05473,48.48948],[-95.04378,48.48947]]],[[[-95.08233,48.34591],[-95.06597,48.34603],[-95.06577,48.33161],[-95.07669,48.33156],[-95.07678,48.33882],[-95.08218,48.33877],[-95.08233,48.34591]]],[[[-95.08248,48.65963],[-95.07811,48.65963],[-95.07815,48.65602],[-95.08245,48.65601],[-95.08248,48.65963]]],[[[-95.08256,48.67041],[-95.07279,48.6704],[-95.07273,48.66322],[-95.08244,48.66322],[-95.08256,48.67041]]],[[[-95.08305,48.62338],[-95.07764,48.62339],[-95.07768,48.61606],[-95.08309,48.61607],[-95.08305,48.62338]]],[[[-95.08311,48.60885],[-95.07223,48.60881],[-95.07221,48.59798],[-95.06674,48.59796],[-95.06673,48.59437],[-95.07212,48.59437],[-95.07215,48.58714],[-95.08303,48.58714],[-95.08311,48.60885]]],[[[-95.08858,48.61248],[-95.08312,48.61246],[-95.08311,48.60885],[-95.08858,48.60888],[-95.08858,48.61248]]],[[[-95.09354,48.64874],[-95.08252,48.64504],[-95.08254,48.64137],[-95.09354,48.64139],[-95.09354,48.64874]]],[[[-95.09562,48.72032],[-95.08989,48.72031],[-95.08986,48.71306],[-95.09543,48.713],[-95.09562,48.72032]]],[[[-95.10201,48.37354],[-95.09656,48.37356],[-95.09643,48.36623],[-95.10191,48.36623],[-95.10201,48.37354]]],[[[-95.10296,48.46402],[-95.09749,48.4641],[-95.09755,48.46048],[-95.10301,48.4604],[-95.10296,48.46402]]],[[[-95.10373,49.35985],[-95.09819,49.35987],[-95.09817,49.35614],[-95.09284,49.35613],[-95.09283,49.35251],[-95.10368,49.35254],[-95.10373,49.35985]]],[[[-95.10461,48.70999],[-95.09361,48.71006],[-95.09357,48.70654],[-95.08807,48.70657],[-95.08807,48.70305],[-95.09902,48.70298],[-95.09906,48.7065],[-95.10456,48.70647],[-95.10461,48.70999]]],[[[-95.10498,48.61623],[-95.09397,48.61973],[-95.09386,48.62691],[-95.08304,48.627],[-95.08305,48.62338],[-95.08849,48.62336],[-95.08856,48.61611],[-95.09399,48.61616],[-95.09398,48.61252],[-95.105,48.61256],[-95.10498,48.61623]]],[[[-95.10919,48.33843],[-95.10379,48.33862],[-95.10364,48.33134],[-95.10905,48.33133],[-95.10919,48.33843]]],[[[-95.11548,48.68514],[-95.11539,48.69219],[-95.09351,48.69223],[-95.09349,48.69949],[-95.08251,48.69956],[-95.08248,48.68497],[-95.11548,48.68514]]],[[[-95.11549,48.66329],[-95.10466,48.66331],[-95.10468,48.67049],[-95.09363,48.67045],[-95.09361,48.66688],[-95.09914,48.66694],[-95.09911,48.6597],[-95.088,48.65606],[-95.08801,48.65238],[-95.11002,48.65243],[-95.11006,48.65971],[-95.11548,48.65971],[-95.11549,48.66329]]],[[[-95.11549,48.67773],[-95.10464,48.67773],[-95.10468,48.67049],[-95.11546,48.67054],[-95.11549,48.67773]]],[[[-95.11572,48.61977],[-95.11026,48.61979],[-95.11035,48.61615],[-95.11579,48.61614],[-95.11572,48.61977]]],[[[-95.12075,48.69581],[-95.11535,48.69581],[-95.11539,48.69219],[-95.12081,48.69218],[-95.12075,48.69581]]],[[[-95.12606,48.63046],[-95.12065,48.6305],[-95.12075,48.63772],[-95.11533,48.63775],[-95.11527,48.63412],[-95.10445,48.6341],[-95.10469,48.62704],[-95.12602,48.62687],[-95.12606,48.63046]]],[[[-95.12882,49.15705],[-95.12561,49.16069],[-95.12027,49.16075],[-95.12028,49.15716],[-95.12882,49.15705]]],[[[-95.12951,48.23753],[-95.11864,48.24109],[-95.1186,48.23032],[-95.12941,48.23028],[-95.12951,48.23753]]],[[[-95.12991,48.47839],[-95.12447,48.47839],[-95.12449,48.47479],[-95.12993,48.47479],[-95.12991,48.47839]]],[[[-95.13156,48.36618],[-95.1153,48.36623],[-95.11515,48.36022],[-95.10422,48.36013],[-95.10415,48.35651],[-95.12584,48.35304],[-95.12608,48.36385],[-95.13152,48.36386],[-95.13156,48.36618]]],[[[-95.13163,48.64129],[-95.12619,48.64131],[-95.1262,48.6377],[-95.1316,48.63769],[-95.13163,48.64129]]],[[[-95.13716,48.66327],[-95.12633,48.66333],[-95.12628,48.65606],[-95.1317,48.65602],[-95.13167,48.64866],[-95.1371,48.64863],[-95.13716,48.66327]]],[[[-95.14083,48.28785],[-95.1301,48.28782],[-95.13008,48.28063],[-95.14083,48.28066],[-95.14083,48.28785]]],[[[-95.1417,48.33857],[-95.13089,48.33856],[-95.13108,48.34585],[-95.12024,48.34583],[-95.1199,48.33131],[-95.14155,48.33142],[-95.1417,48.33857]]],[[[-95.14289,48.61606],[-95.14281,48.62687],[-95.13184,48.62396],[-95.13197,48.61972],[-95.13742,48.61972],[-95.13747,48.61605],[-95.14289,48.61606]]],[[[-95.1444,49.18508],[-95.14282,49.18505],[-95.14421,49.18155],[-95.1444,49.18508]]],[[[-95.14543,48.37355],[-95.13453,48.37359],[-95.13454,48.36617],[-95.14541,48.36617],[-95.14543,48.37355]]],[[[-95.14798,48.70643],[-95.13691,48.70653],[-95.13696,48.6994],[-95.14802,48.69934],[-95.14798,48.70643]]],[[[-95.15061,48.44961],[-95.14519,48.44963],[-95.14521,48.446],[-95.15063,48.44598],[-95.15061,48.44961]]],[[[-95.15318,48.36376],[-95.14777,48.3638],[-95.14767,48.35663],[-95.15308,48.35661],[-95.15318,48.36376]]],[[[-95.15332,49.18053],[-95.1447,49.18051],[-95.14434,49.17819],[-95.15332,49.17811],[-95.15332,49.18053]]],[[[-95.15332,49.19311],[-95.15335,49.34525],[-95.14231,49.34519],[-95.1424,49.35604],[-95.12585,49.35611],[-95.12697,49.35044],[-95.13689,49.34876],[-95.13688,49.34515],[-95.13133,49.3452],[-95.13131,49.34159],[-95.13682,49.34154],[-95.13684,49.33796],[-95.12573,49.33802],[-95.12578,49.34524],[-95.10363,49.34529],[-95.10366,49.34891],[-95.07615,49.34884],[-95.07611,49.34158],[-95.08713,49.34159],[-95.08711,49.33796],[-95.07609,49.33795],[-95.07605,49.33075],[-95.06496,49.33076],[-95.06498,49.33437],[-95.05936,49.33439],[-95.05944,49.34162],[-95.03733,49.33804],[-95.03723,49.31994],[-95.02619,49.31993],[-95.02621,49.32724],[-95.01507,49.32724],[-95.01516,49.33448],[-95.02626,49.33801],[-95.02627,49.34159],[-95.00426,49.3417],[-95.00437,49.34529],[-94.97626,49.34893],[-94.97629,49.34533],[-94.98744,49.34483],[-94.98739,49.3308],[-94.9819,49.33078],[-94.98186,49.33436],[-94.97081,49.33436],[-94.97079,49.31635],[-94.9763,49.31634],[-94.97629,49.31274],[-94.97078,49.31274],[-94.9708,49.30545],[-94.9763,49.30545],[-94.97629,49.30915],[-94.98735,49.31273],[-94.98736,49.31633],[-94.99841,49.3163],[-94.99839,49.31992],[-95.00393,49.31992],[-95.00397,49.31263],[-94.99289,49.31269],[-94.99287,49.30175],[-94.9818,49.29803],[-94.98185,49.28717],[-94.97635,49.28721],[-94.97634,49.29078],[-94.97085,49.29081],[-94.97084,49.28723],[-94.95984,49.28729],[-94.95987,49.29086],[-94.93772,49.29089],[-94.93775,49.28735],[-94.93219,49.28737],[-94.93224,49.28032],[-94.94327,49.28379],[-94.94338,49.27301],[-94.95985,49.27294],[-94.95988,49.26933],[-94.95439,49.26935],[-94.95442,49.2621],[-94.94957,49.26212],[-94.9491,49.23328],[-94.95456,49.23327],[-94.95456,49.22597],[-94.96005,49.22593],[-94.96009,49.21868],[-94.97103,49.21512],[-94.97105,49.20794],[-94.97652,49.20794],[-94.97655,49.20433],[-94.98756,49.20071],[-94.98759,49.19711],[-94.99855,49.19707],[-94.99857,49.19348],[-95.00404,49.19347],[-95.00403,49.18985],[-95.04854,49.18955],[-95.04855,49.19317],[-95.05952,49.19317],[-95.05955,49.18955],[-95.05404,49.18955],[-95.05405,49.18593],[-95.07615,49.18599],[-95.07622,49.1823],[-95.09253,49.18249],[-95.09256,49.17881],[-95.11471,49.17891],[-95.11471,49.19332],[-95.12026,49.19327],[-95.12028,49.2005],[-95.11475,49.20054],[-95.11481,49.20775],[-95.12031,49.20776],[-95.12024,49.21861],[-95.13135,49.21493],[-95.13136,49.21131],[-95.1369,49.21129],[-95.13691,49.19675],[-95.14241,49.19674],[-95.14241,49.19309],[-95.15332,49.19311]],[[-95.14789,49.22924],[-95.13693,49.22934],[-95.13691,49.23656],[-95.1479,49.23653],[-95.14789,49.22924]],[[-95.14787,49.24748],[-95.13677,49.24746],[-95.13672,49.2511],[-95.13116,49.25109],[-95.13119,49.24745],[-95.12564,49.24744],[-95.12567,49.24385],[-95.11455,49.24381],[-95.11454,49.23658],[-95.10903,49.23662],[-95.10903,49.25106],[-95.11454,49.25104],[-95.11447,49.25464],[-95.1423,49.25469],[-95.14229,49.25112],[-95.14786,49.25114],[-95.14787,49.24748]],[[-95.13677,49.27276],[-95.12563,49.27274],[-95.12559,49.28728],[-95.13679,49.2873],[-95.13677,49.27276]],[[-95.11462,49.22586],[-95.10359,49.22949],[-95.10355,49.2259],[-95.09809,49.22591],[-95.0981,49.2223],[-95.0926,49.22232],[-95.09258,49.22592],[-95.07045,49.22596],[-95.07045,49.22958],[-95.11456,49.23301],[-95.11462,49.22586]],[[-95.10344,49.27278],[-95.0924,49.27284],[-95.09226,49.27648],[-95.08683,49.2765],[-95.08687,49.28017],[-95.09792,49.28374],[-95.09792,49.28011],[-95.10344,49.2801],[-95.10344,49.27278]],[[-95.07575,49.28742],[-95.07028,49.28744],[-95.07029,49.29462],[-95.07577,49.29464],[-95.07575,49.28742]],[[-95.07046,49.24754],[-95.05937,49.24755],[-95.05932,49.25475],[-95.07031,49.25474],[-95.07046,49.24754]],[[-95.07024,49.20047],[-95.05952,49.20039],[-95.0595,49.20765],[-95.07028,49.20752],[-95.07024,49.20047]],[[-95.06479,49.28382],[-95.05369,49.28378],[-95.05368,49.28733],[-95.04808,49.28731],[-95.04812,49.29095],[-95.03715,49.28737],[-95.03711,49.29449],[-95.06473,49.2946],[-95.06479,49.28382]],[[-95.0593,49.32353],[-95.05383,49.32354],[-95.05381,49.31624],[-95.04824,49.31656],[-95.04821,49.33444],[-95.05939,49.33077],[-95.0593,49.32353]],[[-95.01498,49.28734],[-95.00941,49.28734],[-95.00944,49.29812],[-95.01501,49.29812],[-95.01498,49.28734]],[[-94.99851,49.2369],[-94.99307,49.23679],[-94.99304,49.23325],[-94.98758,49.23324],[-94.98759,49.24045],[-94.99306,49.24047],[-94.99305,49.24404],[-94.99851,49.24406],[-94.99851,49.2369]],[[-95.13693,49.22934],[-95.13694,49.22214],[-95.12579,49.22221],[-95.12576,49.2294],[-95.13693,49.22934]],[[-95.12559,49.28728],[-95.11443,49.28726],[-95.11436,49.29446],[-95.12558,49.29443],[-95.12559,49.28728]],[[-95.12563,49.27274],[-95.12564,49.26906],[-95.12007,49.26907],[-95.12008,49.2654],[-95.11449,49.26542],[-95.11448,49.27639],[-95.12563,49.27274]],[[-95.09258,49.23314],[-95.08712,49.23316],[-95.08703,49.24754],[-95.09253,49.24753],[-95.09258,49.23314]]],[[[-95.15376,48.60886],[-95.14833,48.60881],[-95.14832,48.60519],[-95.15375,48.60525],[-95.15376,48.60886]]],[[[-95.15384,48.62682],[-95.14832,48.62692],[-95.1484,48.62333],[-95.15375,48.62338],[-95.15384,48.62682]]],[[[-95.15657,48.25145],[-95.14036,48.25153],[-95.14031,48.248],[-95.15114,48.24795],[-95.15116,48.24452],[-95.15663,48.24434],[-95.15657,48.25145]]],[[[-95.15824,48.34587],[-95.14725,48.34224],[-95.14713,48.33857],[-95.15803,48.33858],[-95.15824,48.34587]]],[[[-95.16306,48.31685],[-95.15217,48.31687],[-95.15205,48.30957],[-95.16292,48.30955],[-95.16306,48.31685]]],[[[-95.16334,48.33143],[-95.15244,48.33143],[-95.1523,48.32418],[-95.1632,48.32415],[-95.16334,48.33143]]],[[[-95.16455,48.56545],[-95.15912,48.56546],[-95.1591,48.56186],[-95.16454,48.56184],[-95.16455,48.56545]]],[[[-95.16709,48.43877],[-95.15607,48.43856],[-95.15601,48.43119],[-95.16699,48.43119],[-95.16709,48.43877]]],[[[-95.16974,48.7129],[-95.15876,48.70998],[-95.15876,48.70643],[-95.16974,48.70641],[-95.16974,48.7129]]],[[[-95.17008,48.60543],[-95.15913,48.60533],[-95.15919,48.60163],[-95.17016,48.60164],[-95.17008,48.60543]]],[[[-95.1725,48.22287],[-95.1615,48.22288],[-95.16164,48.21572],[-95.1725,48.21567],[-95.1725,48.22287]]],[[[-95.17312,47.76754],[-95.16772,47.7675],[-95.16776,47.76388],[-95.17318,47.76391],[-95.17312,47.76754]]],[[[-95.18104,48.5873],[-95.17553,48.58732],[-95.17552,48.58359],[-95.18103,48.58358],[-95.18104,48.5873]]],[[[-95.18105,48.61961],[-95.17559,48.61965],[-95.1756,48.61611],[-95.18109,48.61616],[-95.18105,48.61961]]],[[[-95.18351,48.43145],[-95.17247,48.43145],[-95.17243,48.42417],[-95.18349,48.42437],[-95.18351,48.43145]]],[[[-95.18451,48.2949],[-95.17346,48.29494],[-95.17344,48.28779],[-95.18448,48.28773],[-95.18451,48.2949]]],[[[-95.19169,48.64853],[-95.18625,48.64853],[-95.18621,48.65582],[-95.18077,48.65585],[-95.18081,48.65944],[-95.15899,48.65589],[-95.15899,48.66678],[-95.14808,48.66685],[-95.14805,48.64858],[-95.15893,48.64859],[-95.15892,48.65223],[-95.18082,48.6522],[-95.18081,48.64858],[-95.16993,48.6486],[-95.16995,48.64496],[-95.16444,48.64495],[-95.16447,48.64132],[-95.19168,48.64126],[-95.19169,48.64853]]],[[[-95.1916,48.69922],[-95.18068,48.69927],[-95.18083,48.69204],[-95.1918,48.69205],[-95.1916,48.69922]]],[[[-95.19564,48.32364],[-95.17942,48.32373],[-95.17937,48.32027],[-95.17392,48.32035],[-95.17385,48.31307],[-95.18463,48.3093],[-95.18473,48.31655],[-95.19554,48.31649],[-95.19564,48.32364]]],[[[-95.19743,48.68483],[-95.19199,48.68482],[-95.1919,48.67752],[-95.19738,48.67752],[-95.19743,48.68483]]],[[[-95.19764,48.58725],[-95.19206,48.58722],[-95.19204,48.58358],[-95.19762,48.58358],[-95.19764,48.58725]]],[[[-95.20041,48.50706],[-95.195,48.50706],[-95.19511,48.50346],[-95.20053,48.50344],[-95.20041,48.50706]]],[[[-95.20298,48.55094],[-95.19184,48.5509],[-95.192,48.54359],[-95.20289,48.54369],[-95.20298,48.55094]]],[[[-95.20499,48.21194],[-95.19431,48.212],[-95.19432,48.20839],[-95.20494,48.20831],[-95.20499,48.21194]]],[[[-95.20843,48.69205],[-95.20275,48.69207],[-95.20269,48.68844],[-95.20852,48.68846],[-95.20843,48.69205]]],[[[-95.20879,48.5799],[-95.19763,48.57992],[-95.19764,48.57628],[-95.20878,48.57626],[-95.20879,48.5799]]],[[[-95.21119,48.71303],[-95.20819,48.71303],[-95.20816,48.70995],[-95.20278,48.70995],[-95.20275,48.71302],[-95.19178,48.713],[-95.19179,48.70639],[-95.2027,48.70639],[-95.20265,48.69929],[-95.20816,48.6993],[-95.21119,48.71303]]],[[[-95.21133,48.44235],[-95.20005,48.44229],[-95.20012,48.43511],[-95.21148,48.43509],[-95.21133,48.44235]]],[[[-95.21146,48.68117],[-95.20287,48.68118],[-95.20284,48.67751],[-95.21158,48.6775],[-95.21146,48.68117]]],[[[-95.21695,48.68845],[-95.2115,48.68844],[-95.21157,48.68485],[-95.21702,48.68485],[-95.21695,48.68845]]],[[[-95.22152,48.45571],[-95.21114,48.45577],[-95.21115,48.46006],[-95.20623,48.46004],[-95.2064,48.45284],[-95.22157,48.45212],[-95.22152,48.45571]]],[[[-95.22728,48.36392],[-95.20669,48.36599],[-95.20669,48.36398],[-95.22728,48.36392]]],[[[-95.22812,48.64887],[-95.22259,48.64885],[-95.22274,48.66294],[-95.21167,48.66296],[-95.21159,48.67013],[-95.19728,48.67015],[-95.19732,48.67385],[-95.19186,48.67388],[-95.1919,48.67752],[-95.18644,48.67753],[-95.18641,48.68117],[-95.17554,48.68117],[-95.17557,48.6848],[-95.16997,48.68479],[-95.16998,48.67755],[-95.18101,48.67754],[-95.18099,48.6703],[-95.16993,48.67035],[-95.16981,48.66313],[-95.20264,48.66305],[-95.20269,48.6594],[-95.1917,48.65586],[-95.19169,48.64853],[-95.19699,48.64855],[-95.19713,48.64128],[-95.21715,48.64132],[-95.2172,48.64495],[-95.22814,48.64491],[-95.22812,48.64887]],[[-95.19186,48.67388],[-95.19181,48.67021],[-95.18636,48.67024],[-95.1864,48.67388],[-95.19186,48.67388]]],[[[-95.22846,48.55083],[-95.21217,48.55089],[-95.2122,48.54718],[-95.21746,48.54716],[-95.21754,48.54359],[-95.22861,48.54356],[-95.22846,48.55083]]],[[[-95.23191,48.51344],[-95.22643,48.51346],[-95.22639,48.50985],[-95.23187,48.50983],[-95.23191,48.51344]]],[[[-95.23318,48.70634],[-95.21123,48.70637],[-95.21142,48.69203],[-95.22232,48.69204],[-95.22218,48.69922],[-95.2331,48.69924],[-95.23318,48.70634]]],[[[-95.23895,48.6521],[-95.23347,48.65209],[-95.23347,48.6449],[-95.23893,48.64488],[-95.23895,48.6521]]],[[[-95.2441,48.71296],[-95.23322,48.70989],[-95.23318,48.70634],[-95.24411,48.70641],[-95.2441,48.71296]]],[[[-95.24423,48.69202],[-95.22232,48.69204],[-95.22248,48.68486],[-95.2442,48.68491],[-95.24423,48.69202]]],[[[-95.24446,48.66294],[-95.23896,48.66293],[-95.23896,48.65572],[-95.24444,48.65575],[-95.24446,48.66294]]],[[[-95.24442,48.67746],[-95.23347,48.67751],[-95.23356,48.67016],[-95.24449,48.67017],[-95.24442,48.67746]]],[[[-95.2499,48.65212],[-95.24442,48.65211],[-95.24439,48.64849],[-95.24985,48.64849],[-95.2499,48.65212]]],[[[-95.25523,48.64098],[-95.24435,48.64123],[-95.2444,48.63403],[-95.25515,48.63398],[-95.25523,48.64098]]],[[[-95.25535,48.5834],[-95.24464,48.58336],[-95.24457,48.5797],[-95.25529,48.57972],[-95.25535,48.5834]]],[[[-95.25553,48.61241],[-95.24468,48.61239],[-95.24464,48.60878],[-95.23383,48.60877],[-95.23376,48.61237],[-95.21728,48.61233],[-95.21732,48.60502],[-95.22284,48.60511],[-95.2229,48.60144],[-95.2337,48.59798],[-95.23381,48.59432],[-95.22838,48.59426],[-95.22839,48.58337],[-95.24464,48.58336],[-95.24464,48.587],[-95.25543,48.58699],[-95.25539,48.59065],[-95.24468,48.59066],[-95.24456,48.59792],[-95.24997,48.59797],[-95.25004,48.60514],[-95.25545,48.60522],[-95.25553,48.61241]]],[[[-95.26443,48.48821],[-95.25901,48.48837],[-95.25903,48.48478],[-95.26443,48.48481],[-95.26443,48.48821]]],[[[-95.27172,48.60524],[-95.26086,48.6052],[-95.26085,48.60159],[-95.27173,48.60162],[-95.27172,48.60524]]],[[[-95.27676,48.71297],[-95.27133,48.71298],[-95.27136,48.70652],[-95.27678,48.70649],[-95.27676,48.71297]]],[[[-95.28637,48.51008],[-95.27528,48.51003],[-95.27517,48.51362],[-95.26444,48.51358],[-95.26445,48.51718],[-95.25359,48.51715],[-95.2536,48.50994],[-95.27527,48.50643],[-95.27526,48.50282],[-95.28624,48.50286],[-95.28637,48.51008]]],[[[-95.28659,48.53992],[-95.22214,48.5399],[-95.22182,48.53521],[-95.2057,48.53607],[-95.20573,48.53243],[-95.21179,48.53247],[-95.21162,48.52431],[-95.23742,48.52427],[-95.23739,48.52067],[-95.24279,48.52069],[-95.24287,48.52792],[-95.25361,48.52793],[-95.25364,48.53153],[-95.27003,48.53162],[-95.2701,48.53524],[-95.28648,48.53537],[-95.28659,48.53992]]],[[[-95.28791,48.69206],[-95.28237,48.69205],[-95.28238,48.68471],[-95.28794,48.68472],[-95.28791,48.69206]]],[[[-95.29907,48.68474],[-95.28794,48.68472],[-95.28804,48.67755],[-95.29913,48.67751],[-95.29907,48.68474]]],[[[-95.29917,48.67032],[-95.28807,48.67027],[-95.2881,48.66312],[-95.29914,48.66318],[-95.29917,48.67032]]],[[[-95.29918,48.64133],[-95.28807,48.64138],[-95.28806,48.63395],[-95.27706,48.63394],[-95.27711,48.62692],[-95.29885,48.62712],[-95.29918,48.64133]]],[[[-95.30263,48.52811],[-95.29716,48.52816],[-95.29715,48.52091],[-95.30232,48.52089],[-95.30263,48.52811]]],[[[-95.30771,48.48499],[-95.29688,48.48152],[-95.29697,48.47413],[-95.30782,48.47409],[-95.30771,48.48499]]],[[[-95.31001,48.66321],[-95.29914,48.66318],[-95.29915,48.64869],[-95.30999,48.64871],[-95.31001,48.66321]]],[[[-95.31347,48.45957],[-95.30804,48.45957],[-95.30794,48.46679],[-95.29707,48.46681],[-95.29716,48.45954],[-95.30259,48.45954],[-95.30269,48.45255],[-95.31357,48.45226],[-95.31347,48.45957]]],[[[-95.34048,48.4887],[-95.3295,48.48864],[-95.32951,48.48146],[-95.34054,48.48152],[-95.34048,48.4887]]],[[[-95.35337,48.60896],[-95.34251,48.60897],[-95.34253,48.60528],[-95.3534,48.60528],[-95.35337,48.60896]]],[[[-95.35883,48.56545],[-95.35338,48.56526],[-95.3534,48.56186],[-95.35884,48.56183],[-95.35883,48.56545]]],[[[-95.36427,48.5763],[-95.35881,48.57634],[-95.35881,48.5727],[-95.35336,48.5727],[-95.35336,48.56908],[-95.36428,48.56906],[-95.36427,48.5763]]],[[[-95.36428,48.67747],[-95.3532,48.67757],[-95.35326,48.67044],[-95.35879,48.67043],[-95.3589,48.66321],[-95.36444,48.6632],[-95.36428,48.67747]]],[[[-95.36809,48.52828],[-95.36271,48.52828],[-95.36266,48.52486],[-95.36803,48.52469],[-95.36809,48.52828]]],[[[-95.38383,47.67339],[-95.37853,47.67338],[-95.37855,47.67065],[-95.38386,47.67062],[-95.38383,47.67339]]],[[[-95.38617,48.57637],[-95.37525,48.57635],[-95.37525,48.56912],[-95.38617,48.5692],[-95.38617,48.57637]]],[[[-95.39703,48.56916],[-95.38617,48.5692],[-95.38619,48.56553],[-95.397,48.56549],[-95.39703,48.56916]]],[[[-95.39704,48.64867],[-95.38615,48.64861],[-95.38609,48.65587],[-95.37531,48.65588],[-95.37535,48.64867],[-95.36459,48.6487],[-95.36467,48.63424],[-95.37547,48.63425],[-95.37541,48.64144],[-95.3971,48.64145],[-95.39704,48.64867]]],[[[-95.40109,48.77809],[-95.39563,48.77814],[-95.39563,48.77449],[-95.40111,48.77443],[-95.40109,48.77809]]],[[[-95.40249,48.71036],[-95.39705,48.71035],[-95.39705,48.70673],[-95.40249,48.70674],[-95.40249,48.71036]]],[[[-95.40262,48.63779],[-95.39711,48.63777],[-95.39717,48.6306],[-95.4026,48.63058],[-95.40262,48.63779]]],[[[-95.40577,48.51377],[-95.40032,48.51376],[-95.40028,48.51014],[-95.40573,48.51013],[-95.40577,48.51377]]],[[[-95.40782,48.67051],[-95.39699,48.67062],[-95.39701,48.65588],[-95.40786,48.6559],[-95.40782,48.67051]]],[[[-95.40805,48.68497],[-95.39715,48.68494],[-95.39706,48.67779],[-95.40794,48.67786],[-95.40805,48.68497]]],[[[-95.41091,48.48172],[-95.39467,48.48167],[-95.39476,48.4743],[-95.40564,48.47421],[-95.40569,48.46699],[-95.4112,48.46697],[-95.41091,48.48172]]],[[[-95.41139,48.52477],[-95.40588,48.52472],[-95.40585,48.51745],[-95.4112,48.51745],[-95.41139,48.52477]]],[[[-95.41147,48.24869],[-95.40054,48.24861],[-95.40062,48.24517],[-95.41139,48.24496],[-95.41147,48.24869]]],[[[-95.41164,48.54004],[-95.40617,48.54004],[-95.40608,48.53549],[-95.41155,48.5355],[-95.41164,48.54004]]],[[[-95.41661,48.45982],[-95.40579,48.4598],[-95.4058,48.45258],[-95.41663,48.45258],[-95.41661,48.45982]]],[[[-95.42211,48.51036],[-95.41114,48.51006],[-95.41112,48.50312],[-95.42216,48.50317],[-95.42211,48.51036]]],[[[-95.42999,48.66326],[-95.41337,48.6633],[-95.41342,48.65591],[-95.42451,48.65588],[-95.42449,48.65958],[-95.43002,48.65956],[-95.42999,48.66326]]],[[[-95.43004,48.62341],[-95.41908,48.6234],[-95.41902,48.61982],[-95.42997,48.61981],[-95.43004,48.62341]]],[[[-95.43519,48.54711],[-95.42975,48.54707],[-95.42973,48.54344],[-95.43516,48.54351],[-95.43519,48.54711]]],[[[-95.43545,48.67063],[-95.4244,48.67067],[-95.42456,48.6849],[-95.41907,48.68491],[-95.41896,48.67781],[-95.40794,48.67786],[-95.40782,48.67072],[-95.41886,48.67071],[-95.41889,48.66698],[-95.43546,48.66694],[-95.43545,48.67063]]],[[[-95.43823,48.489],[-95.42176,48.48893],[-95.42179,48.49609],[-95.41094,48.49603],[-95.41093,48.48887],[-95.41634,48.48888],[-95.41632,48.48173],[-95.43823,48.48183],[-95.43823,48.489]]],[[[-95.44089,48.61257],[-95.41892,48.61266],[-95.4189,48.6053],[-95.44082,48.60521],[-95.44089,48.61257]]],[[[-95.44093,48.70318],[-95.43548,48.7032],[-95.43548,48.69959],[-95.44082,48.69958],[-95.44093,48.70318]]],[[[-95.44096,48.66324],[-95.43547,48.66325],[-95.43549,48.65587],[-95.43005,48.65586],[-95.43007,48.65225],[-95.43549,48.65225],[-95.43551,48.64865],[-95.44093,48.64867],[-95.44096,48.66324]]],[[[-95.44933,48.48188],[-95.43823,48.48183],[-95.43828,48.47444],[-95.44931,48.47449],[-95.44933,48.48188]]],[[[-95.44951,48.40213],[-95.4385,48.40215],[-95.43845,48.3949],[-95.44926,48.39491],[-95.44951,48.40213]]],[[[-95.4548,48.45989],[-95.44388,48.45985],[-95.44392,48.45262],[-95.45482,48.45628],[-95.4548,48.45989]]],[[[-95.45729,48.627],[-95.45172,48.62697],[-95.45173,48.62335],[-95.45729,48.62338],[-95.45729,48.627]]],[[[-95.45747,48.67774],[-95.45184,48.67772],[-95.45189,48.67043],[-95.45747,48.67044],[-95.45747,48.67774]]],[[[-95.46023,48.47446],[-95.44931,48.47449],[-95.44928,48.46709],[-95.46023,48.47077],[-95.46023,48.47446]]],[[[-95.46234,48.5472],[-95.4515,48.54721],[-95.4514,48.53993],[-95.46228,48.53976],[-95.46234,48.5472]]],[[[-95.4681,48.65964],[-95.46271,48.65964],[-95.46267,48.65595],[-95.46815,48.65598],[-95.4681,48.65964]]],[[[-95.46819,48.68133],[-95.46277,48.68133],[-95.46279,48.67774],[-95.46819,48.67773],[-95.46819,48.68133]]],[[[-95.46822,48.67055],[-95.46282,48.67055],[-95.46278,48.6669],[-95.46818,48.66689],[-95.46822,48.67055]]],[[[-95.47276,48.55076],[-95.46237,48.55077],[-95.46234,48.5472],[-95.47274,48.54719],[-95.47276,48.55076]]],[[[-95.47278,48.69943],[-95.45184,48.69956],[-95.45186,48.69223],[-95.4728,48.69224],[-95.47278,48.69943]]],[[[-95.47281,48.56901],[-95.46243,48.56896],[-95.4624,48.55799],[-95.47278,48.55806],[-95.47281,48.56901]]],[[[-95.47829,48.5544],[-95.47279,48.55442],[-95.47276,48.55076],[-95.47829,48.55075],[-95.47829,48.5544]]],[[[-95.47831,48.57263],[-95.47282,48.57262],[-95.47281,48.56901],[-95.47829,48.56902],[-95.47831,48.57263]]],[[[-95.49469,48.57266],[-95.48929,48.57265],[-95.48932,48.56905],[-95.49468,48.56906],[-95.49469,48.57266]]],[[[-95.49497,48.67771],[-95.48943,48.67771],[-95.48942,48.67412],[-95.49495,48.67411],[-95.49497,48.67771]]],[[[-95.49501,48.68491],[-95.48941,48.68488],[-95.48942,48.68131],[-95.49499,48.68132],[-95.49501,48.68491]]],[[[-95.49503,48.6342],[-95.48952,48.63422],[-95.48951,48.62696],[-95.49505,48.62692],[-95.49503,48.6342]]],[[[-95.50034,48.54342],[-95.48941,48.54343],[-95.48943,48.53922],[-95.50039,48.53913],[-95.50034,48.54342]]],[[[-95.50359,48.52508],[-95.49286,48.52502],[-95.49284,48.51779],[-95.50355,48.51781],[-95.50359,48.52508]]],[[[-95.51423,48.42399],[-95.5035,48.42393],[-95.50348,48.41665],[-95.5143,48.41668],[-95.51423,48.42399]]],[[[-95.51439,48.48904],[-95.50349,48.48896],[-95.50347,48.48171],[-95.51439,48.48171],[-95.51439,48.48904]]],[[[-95.52752,48.60138],[-95.52208,48.60141],[-95.52207,48.59775],[-95.52752,48.59772],[-95.52752,48.60138]]],[[[-95.52764,48.67395],[-95.5221,48.67396],[-95.52214,48.67034],[-95.5276,48.67035],[-95.52764,48.67395]]],[[[-95.54417,48.69458],[-95.5387,48.69567],[-95.53871,48.69202],[-95.54418,48.69201],[-95.54417,48.69458]]],[[[-95.54429,48.64129],[-95.53888,48.64132],[-95.53881,48.63769],[-95.54422,48.63768],[-95.54429,48.64129]]],[[[-95.54672,48.42408],[-95.53583,48.42404],[-95.53633,48.41311],[-95.54148,48.41312],[-95.54137,48.42038],[-95.5468,48.42047],[-95.54672,48.42408]]],[[[-95.54707,48.4891],[-95.53612,48.4891],[-95.53605,48.48186],[-95.54702,48.4818],[-95.54707,48.4891]]],[[[-95.54959,48.64862],[-95.54416,48.64864],[-95.54422,48.64496],[-95.54964,48.64494],[-95.54959,48.64862]]],[[[-95.54965,48.692],[-95.54418,48.69201],[-95.54419,48.68836],[-95.54962,48.68836],[-95.54965,48.692]]],[[[-95.54967,48.6847],[-95.5442,48.68471],[-95.54408,48.67033],[-95.54954,48.67031],[-95.54967,48.6847]]],[[[-95.55495,48.60497],[-95.53859,48.60499],[-95.53842,48.60132],[-95.55494,48.60131],[-95.55495,48.60497]]],[[[-95.58224,48.61215],[-95.5768,48.61218],[-95.57675,48.6049],[-95.58218,48.60488],[-95.58224,48.61215]]],[[[-95.59387,48.19333],[-94.82247,48.19261],[-94.76063,48.20591],[-94.72241,48.20875],[-94.72167,47.96347],[-94.74736,47.93306],[-94.74142,47.93292],[-94.74283,47.87519],[-94.80391,47.87551],[-94.80335,47.80341],[-95.38567,47.80472],[-95.39938,47.8233],[-95.42295,47.82987],[-95.43784,47.84764],[-95.46957,47.85758],[-95.47457,47.87735],[-95.49501,47.88755],[-95.49784,47.90011],[-95.50925,47.90827],[-95.52442,47.91608],[-95.54883,47.9168],[-95.56217,47.92424],[-95.58207,47.92588],[-95.58289,48.02067],[-95.59249,48.02067],[-95.59387,48.19333]]],[[[-95.59568,48.46017],[-95.59016,48.46017],[-95.59008,48.45295],[-95.59555,48.45295],[-95.59568,48.46017]]],[[[-95.5967,48.37324],[-95.59063,48.3734],[-95.59067,48.36966],[-95.59646,48.36945],[-95.5967,48.37324]]],[[[-95.59866,48.6122],[-95.59319,48.61219],[-95.59319,48.60855],[-95.59867,48.60856],[-95.59866,48.6122]]],[[[-95.59325,48.59766],[-95.59871,48.60131],[-95.59319,48.60128],[-95.59325,48.59766]]],[[[-95.60092,48.48911],[-95.59015,48.48925],[-95.59016,48.48533],[-95.60099,48.48524],[-95.60092,48.48911]]],[[[-95.62475,48.05688],[-95.61405,48.05682],[-95.61411,48.05318],[-95.62475,48.05326],[-95.62475,48.05688]]],[[[-95.6414,47.92537],[-95.63847,47.92776],[-95.63836,47.92538],[-95.6414,47.92537]]],[[[-95.64885,48.00293],[-95.63941,48.00292],[-95.6401,47.99862],[-95.64905,47.99861],[-95.64885,48.00293]]],[[[-95.66878,48.6121],[-95.6523,48.61186],[-95.65212,48.60467],[-95.65763,48.60475],[-95.65772,48.60834],[-95.66871,48.60851],[-95.66878,48.6121]]],[[[-95.67887,48.56874],[-95.66789,48.56859],[-95.66778,48.56496],[-95.67876,48.56509],[-95.67887,48.56874]]],[[[-95.71475,47.94935],[-95.7098,47.94982],[-95.70973,47.94557],[-95.7144,47.94654],[-95.71475,47.94935]]],[[[-95.71616,48.54694],[-95.71066,48.5468],[-95.71026,48.53953],[-95.71579,48.53966],[-95.71616,48.54694]]],[[[-95.75492,48.56184],[-95.74402,48.56178],[-95.74376,48.55468],[-95.75445,48.5511],[-95.75492,48.56184]]],[[[-95.75561,48.58723],[-95.75014,48.5872],[-95.75009,48.58358],[-95.75554,48.58363],[-95.75561,48.58723]]],[[[-95.76822,48.58],[-95.7611,48.58362],[-95.76099,48.57998],[-95.76822,48.58]]],[[[-95.77726,48.57128],[-95.77715,48.56927],[-95.77946,48.56923],[-95.77726,48.57128]]],[[[-95.7875,48.5586],[-95.77662,48.55843],[-95.77641,48.55488],[-95.78736,48.55505],[-95.7875,48.5586]]],[[[-95.90321,47.97567],[-95.8979,47.97566],[-95.89784,47.97201],[-95.90317,47.97201],[-95.90321,47.97567]]],[[[-95.93355,48.24394],[-95.92271,48.24403],[-95.92274,48.24061],[-95.93354,48.24036],[-95.93355,48.24394]]],[[[-96.03674,48.01938],[-96.03317,48.0196],[-96.03358,48.01689],[-96.03674,48.01938]]],[[[-96.06812,48.25071],[-96.05742,48.25076],[-96.05732,48.24357],[-96.06812,48.24356],[-96.06812,48.25071]]],[[[-93.99287,48.51241],[-93.97088,48.51241],[-93.97129,48.49801],[-93.99275,48.49792],[-93.99287,48.51241]]],[[[-94.09588,48.59128],[-94.0904,48.5913],[-94.09034,48.58768],[-94.09582,48.58769],[-94.09588,48.59128]]],[[[-94.12327,48.51144],[-94.10157,48.51147],[-94.10147,48.50426],[-94.12312,48.50426],[-94.12327,48.51144]]],[[[-94.12408,48.4177],[-94.12396,48.42462],[-94.1075,48.42469],[-94.10755,48.42104],[-94.11304,48.42101],[-94.11309,48.41737],[-94.12408,48.4177]]],[[[-94.16303,48.58041],[-94.15773,48.58036],[-94.15765,48.57678],[-94.16311,48.57684],[-94.16303,48.58041]]]]},"properties":{"AIANNHCE":"3100","NAMELSAD":"Red Lake Reservation","FEMA":"Red Lake Indian Reservation","POP":5433,"AIAN":5153,"POP_OK":1,"DECL":5,"TRIBE_N":0,"STATE_N":5,"LIST":"2011: Flood | 2014: Flood | 2018: Flood | 2019: Flood | 2022: Flood","STATE":"Minnesota"}},{"type":"Feature","geometry":{"type":"MultiPolygon","coordinates":[[[[-119.71753,39.63464],[-119.71356,39.63932],[-119.71169,39.63846],[-119.71554,39.6337],[-119.71753,39.63464]]],[[[-119.75262,39.54845],[-119.75187,39.54914],[-119.75189,39.54845],[-119.75262,39.54845]]],[[[-119.76227,39.42773],[-119.75853,39.42911],[-119.75699,39.42701],[-119.76085,39.42554],[-119.76227,39.42773]]],[[[-119.78495,39.53101],[-119.78066,39.5299],[-119.77852,39.5276],[-119.78336,39.52749],[-119.78495,39.53101]]],[[[-119.78747,39.52893],[-119.78469,39.52893],[-119.78535,39.52051],[-119.78671,39.52101],[-119.78747,39.52893]]],[[[-119.79205,39.52943],[-119.79061,39.53029],[-119.79059,39.52945],[-119.79205,39.52943]]],[[[-119.81427,39.70822],[-119.8136,39.72325],[-119.80888,39.72324],[-119.80887,39.73774],[-119.78999,39.73787],[-119.78998,39.74941],[-119.7057,39.74927],[-119.7056,39.73838],[-119.71026,39.73837],[-119.70997,39.71585],[-119.72028,39.71587],[-119.72027,39.70847],[-119.72495,39.70853],[-119.72517,39.69419],[-119.73454,39.69421],[-119.73439,39.67965],[-119.75329,39.6795],[-119.75324,39.665],[-119.73436,39.66503],[-119.73433,39.65055],[-119.7579,39.65049],[-119.75792,39.66499],[-119.7719,39.66498],[-119.77172,39.67943],[-119.79022,39.67945],[-119.79014,39.68679],[-119.7951,39.68673],[-119.79494,39.694],[-119.80957,39.69377],[-119.80966,39.70811],[-119.81427,39.70822]]],[[[-120.00252,39.50437],[-120.00011,39.50541],[-119.99998,39.50435],[-120.00252,39.50437]]]]},"properties":{"AIANNHCE":"3130","NAMELSAD":"Reno-Sparks Indian Colony and Off-Reservation Trust Land","FEMA":"Reno-Sparks Colony (Reservation)","POP":802,"AIAN":571,"POP_OK":1,"DECL":1,"TRIBE_N":0,"STATE_N":1,"LIST":"2017: Severe Storm","STATE":"Nevada"}},{"type":"Feature","geometry":{"type":"Polygon","coordinates":[[[-124.02758,41.51673],[-124.00336,41.51714],[-124.00337,41.51345],[-124.02566,41.51176],[-124.02764,41.50855],[-124.02758,41.51673]]]},"properties":{"AIANNHCE":"3145","NAMELSAD":"Resighini Rancheria","FEMA":"Resighini Rancheria (Indian Reservation)","POP":38,"AIAN":38,"POP_OK":1,"DECL":1,"TRIBE_N":1,"STATE_N":0,"LIST":"2017: Severe Storm","STATE":"California"}},{"type":"Feature","geometry":{"type":"MultiPolygon","coordinates":[[[[-109.75708,48.38402],[-109.75167,48.38404],[-109.75165,48.3878],[-109.74064,48.38784],[-109.74068,48.38035],[-109.75709,48.38033],[-109.75708,48.38402]]],[[[-109.82225,48.39128],[-109.8113,48.39128],[-109.8113,48.38767],[-109.80592,48.38767],[-109.80592,48.3841],[-109.82225,48.3841],[-109.82225,48.39128]]],[[[-109.93302,48.38568],[-109.92754,48.38573],[-109.92749,48.38231],[-109.933,48.38244],[-109.93302,48.38568]]],[[[-109.94357,48.36395],[-109.93284,48.36392],[-109.93278,48.34951],[-109.94353,48.34954],[-109.94357,48.36395]]],[[[-109.98671,48.34257],[-109.98165,48.34257],[-109.98168,48.33898],[-109.98672,48.33892],[-109.98671,48.34257]]],[[[-110.01947,48.37878],[-109.99759,48.37855],[-109.99758,48.37132],[-110.00857,48.37112],[-110.00833,48.36762],[-110.01387,48.36748],[-110.01408,48.37472],[-110.01943,48.37466],[-110.01947,48.37878]]],[[[-110.06321,48.3095],[-110.05218,48.31338],[-110.05308,48.31716],[-110.04719,48.31707],[-110.04706,48.32055],[-110.05196,48.32055],[-110.0522,48.3314],[-110.04634,48.33145],[-110.04649,48.33508],[-110.05723,48.33876],[-110.05754,48.34607],[-110.04672,48.34622],[-110.04656,48.34231],[-110.0412,48.34229],[-110.04139,48.34962],[-110.02492,48.34963],[-110.02524,48.35529],[-110.01942,48.35636],[-110.01398,48.35635],[-110.0138,48.35122],[-110.00289,48.3511],[-110.00313,48.35464],[-109.9979,48.35669],[-109.99761,48.36405],[-109.99245,48.36411],[-109.99242,48.37125],[-109.98693,48.37127],[-109.98689,48.38215],[-109.97587,48.38589],[-109.97573,48.39315],[-109.93815,48.39316],[-109.93826,48.38954],[-109.94383,48.38958],[-109.94391,48.37841],[-109.93866,48.37847],[-109.93837,48.37136],[-109.94983,48.3675],[-109.94968,48.36025],[-109.95451,48.36035],[-109.95455,48.36399],[-109.9617,48.36402],[-109.96163,48.35675],[-109.98665,48.35668],[-109.98661,48.34955],[-110.01976,48.34968],[-110.01946,48.33864],[-110.03029,48.335],[-110.03031,48.32053],[-110.01951,48.32048],[-110.01936,48.31333],[-110.00856,48.31347],[-110.00862,48.31692],[-110.01317,48.31688],[-110.01382,48.32033],[-110.00305,48.32055],[-110.00325,48.32401],[-109.99216,48.32046],[-109.99227,48.33506],[-109.91098,48.33487],[-109.91099,48.34933],[-109.88373,48.34943],[-109.88372,48.35441],[-109.88011,48.35434],[-109.88399,48.36729],[-109.8801,48.36725],[-109.87985,48.37841],[-109.86738,48.37844],[-109.86742,48.3928],[-109.88358,48.39475],[-109.88363,48.38551],[-109.89453,48.38549],[-109.89447,48.38199],[-109.89998,48.38196],[-109.90002,48.38564],[-109.91101,48.38563],[-109.91096,48.37828],[-109.90555,48.37831],[-109.90545,48.37459],[-109.89369,48.37466],[-109.89369,48.37127],[-109.9164,48.37126],[-109.91629,48.36409],[-109.93284,48.36392],[-109.93287,48.37455],[-109.92241,48.37455],[-109.92195,48.38577],[-109.92754,48.38573],[-109.92761,48.39289],[-109.93063,48.39287],[-109.93075,48.39834],[-109.9358,48.39829],[-109.93584,48.40192],[-109.94123,48.40195],[-109.94115,48.3948],[-109.95195,48.3947],[-109.95204,48.4381],[-109.88687,48.43829],[-109.88691,48.4309],[-109.89379,48.42977],[-109.89126,48.42461],[-109.89775,48.42368],[-109.8987,48.41651],[-109.90854,48.41651],[-109.90847,48.40925],[-109.89645,48.40925],[-109.89427,48.40203],[-109.86519,48.40206],[-109.8652,48.39482],[-109.84576,48.39473],[-109.84578,48.38043],[-109.82222,48.38046],[-109.82219,48.35877],[-109.81133,48.35878],[-109.81136,48.366],[-109.80048,48.366],[-109.80048,48.35154],[-109.79505,48.35155],[-109.79505,48.31907],[-109.78958,48.31907],[-109.78954,48.31549],[-109.7354,48.31536],[-109.73534,48.33706],[-109.71366,48.33702],[-109.71372,48.30812],[-109.69748,48.30809],[-109.69747,48.29754],[-109.6812,48.29754],[-109.68119,48.29392],[-109.67576,48.29393],[-109.67576,48.28669],[-109.67033,48.28669],[-109.67034,48.27945],[-109.68663,48.27944],[-109.68663,48.28306],[-109.71371,48.28487],[-109.71336,48.22152],[-109.61757,48.22148],[-109.61744,48.14873],[-109.81775,48.14728],[-109.82088,48.15792],[-109.8241,48.15792],[-109.82209,48.16198],[-109.83384,48.20107],[-109.85144,48.20103],[-109.85144,48.20488],[-109.85675,48.20489],[-109.85675,48.20838],[-109.86768,48.2084],[-109.86768,48.21536],[-109.87298,48.21533],[-109.87302,48.21959],[-109.88382,48.21954],[-109.88359,48.21225],[-109.88876,48.21224],[-109.88868,48.20493],[-109.89408,48.2049],[-109.89405,48.20141],[-109.89956,48.20129],[-109.8995,48.19758],[-109.90491,48.19754],[-109.90496,48.20102],[-109.92137,48.20091],[-109.92145,48.20441],[-109.93224,48.20433],[-109.93235,48.21194],[-109.92656,48.21197],[-109.92666,48.2188],[-109.94845,48.21865],[-109.94868,48.23297],[-109.93228,48.23309],[-109.93223,48.22935],[-109.91024,48.2295],[-109.91021,48.23365],[-109.8886,48.23375],[-109.88858,48.23048],[-109.8936,48.23046],[-109.89355,48.22628],[-109.87304,48.22627],[-109.87297,48.2227],[-109.86735,48.22273],[-109.86729,48.21882],[-109.85636,48.2189],[-109.85614,48.23349],[-109.85127,48.23353],[-109.85124,48.23732],[-109.85706,48.23732],[-109.85705,48.24119],[-109.84727,48.24489],[-109.851,48.25188],[-109.889,48.25191],[-109.88905,48.2555],[-109.88451,48.2558],[-109.88411,48.26253],[-109.88943,48.26252],[-109.8894,48.26965],[-109.90574,48.2697],[-109.90577,48.273],[-109.91093,48.27299],[-109.91097,48.27698],[-109.93266,48.27703],[-109.93266,48.26968],[-109.93794,48.26969],[-109.93794,48.2662],[-109.96023,48.26621],[-109.96016,48.26259],[-109.94912,48.26245],[-109.9491,48.25898],[-109.94381,48.25894],[-109.94363,48.24442],[-109.93831,48.24442],[-109.93826,48.23731],[-109.94893,48.23726],[-109.94899,48.24081],[-109.9544,48.24079],[-109.95452,48.2444],[-109.95967,48.24445],[-109.95965,48.24792],[-109.96533,48.24805],[-109.96537,48.2513],[-109.97599,48.24808],[-109.97616,48.2557],[-109.97044,48.25571],[-109.97047,48.26259],[-109.9764,48.26258],[-109.97631,48.26974],[-109.94928,48.26969],[-109.94927,48.27336],[-109.93796,48.27336],[-109.93806,48.28425],[-109.93237,48.28417],[-109.93249,48.29145],[-109.95441,48.29157],[-109.9551,48.28428],[-109.97571,48.28431],[-109.97593,48.27709],[-110.00875,48.27697],[-110.0088,48.28078],[-110.01363,48.28075],[-110.01406,48.30605],[-110.00707,48.30602],[-110.00698,48.30989],[-110.03042,48.30973],[-110.03029,48.30607],[-110.06312,48.30606],[-110.06321,48.3095]],[[-109.94134,48.42701],[-109.94655,48.42349],[-109.94133,48.42352],[-109.94134,48.42701]],[[-109.93277,48.30603],[-109.88146,48.30597],[-109.88152,48.31318],[-109.88927,48.31319],[-109.88914,48.32033],[-109.93277,48.32042],[-109.93277,48.30603]],[[-109.93038,48.41635],[-109.91937,48.41637],[-109.9194,48.42366],[-109.93048,48.42365],[-109.93038,48.41635]],[[-109.8841,48.33856],[-109.87862,48.33856],[-109.87864,48.33489],[-109.87154,48.33484],[-109.87678,48.34191],[-109.88413,48.34191],[-109.8841,48.33856]],[[-109.85116,48.33481],[-109.84585,48.33488],[-109.84583,48.34433],[-109.85117,48.34435],[-109.85116,48.33481]],[[-109.82219,48.30811],[-109.79772,48.30813],[-109.80042,48.30818],[-109.80041,48.31535],[-109.82219,48.31535],[-109.82219,48.30811]],[[-109.78572,48.2576],[-109.7786,48.25628],[-109.77858,48.25764],[-109.78572,48.2576]]],[[[-110.08449,48.32053],[-110.07896,48.32055],[-110.07895,48.31729],[-110.08432,48.31728],[-110.08449,48.32053]]],[[[-110.08508,48.25538],[-110.07385,48.25533],[-110.07381,48.25176],[-110.08504,48.25174],[-110.08508,48.25538]]],[[[-110.37788,48.33349],[-110.36601,48.33353],[-110.36616,48.32608],[-110.377,48.32602],[-110.37788,48.33349]]],[[[-110.44311,48.39163],[-110.43247,48.39169],[-110.4324,48.38444],[-110.44312,48.38445],[-110.44311,48.39163]]]]},"properties":{"AIANNHCE":"3205","NAMELSAD":"Rocky Boy's Reservation and Off-Reservation Trust Land","FEMA":"Rocky Boy's Indian Reservation","POP":3369,"AIAN":3256,"POP_OK":1,"DECL":3,"TRIBE_N":0,"STATE_N":3,"LIST":"2011: Severe Storm | 2013: Flood | 2024: Severe Storm","STATE":"Montana"}},{"type":"Feature","geometry":{"type":"Polygon","coordinates":[[[-124.21613,40.62794],[-124.21429,40.63171],[-124.20786,40.63171],[-124.20796,40.62856],[-124.20237,40.62912],[-124.20222,40.62451],[-124.21035,40.62641],[-124.21337,40.62291],[-124.21613,40.62794]]]},"properties":{"AIANNHCE":"3220","NAMELSAD":"Rohnerville (Rancheria) Trust Land","FEMA":"Rohnerville Rancheria (Indian Reservation)","POP":294,"AIAN":227,"POP_OK":1,"DECL":1,"TRIBE_N":1,"STATE_N":0,"LIST":"2023: Earthquake","STATE":"California"}},{"type":"Feature","geometry":{"type":"MultiPolygon","coordinates":[[[[-99.7726,43.63026],[-99.76268,43.63026],[-99.76269,43.6231],[-99.77262,43.62307],[-99.7726,43.63026]]],[[[-99.7809,43.49499],[-99.77112,43.49499],[-99.77108,43.48775],[-99.78091,43.48776],[-99.7809,43.49499]]],[[[-99.7809,43.36471],[-99.77104,43.3647],[-99.77103,43.35735],[-99.78093,43.35735],[-99.7809,43.36471]]],[[[-99.78127,43.70906],[-99.77397,43.71095],[-99.7735,43.71011],[-99.78127,43.70906]]],[[[-99.78269,43.6158],[-99.77261,43.61576],[-99.77261,43.6086],[-99.78264,43.60858],[-99.78269,43.6158]]],[[[-99.78275,43.65202],[-99.77263,43.65203],[-99.77261,43.63755],[-99.78271,43.63754],[-99.78275,43.65202]]],[[[-99.78634,43.63754],[-99.78271,43.63754],[-99.78268,43.63025],[-99.78634,43.63025],[-99.78634,43.63754]]],[[[-99.78637,43.65654],[-99.78513,43.65926],[-99.78512,43.65654],[-99.78637,43.65654]]],[[[-99.79085,43.39367],[-99.7808,43.39367],[-99.78082,43.38609],[-99.79085,43.38612],[-99.79085,43.39367]]],[[[-99.80064,43.00984],[-99.79099,43.00985],[-99.79073,43.00261],[-99.80064,43.0026],[-99.80064,43.00984]]],[[[-99.80065,43.02429],[-99.7912,43.02384],[-99.79069,43.01714],[-99.80064,43.01709],[-99.80065,43.02429]]],[[[-99.80073,43.40079],[-99.79085,43.40083],[-99.79085,43.39367],[-99.80074,43.39369],[-99.80073,43.40079]]],[[[-99.80074,43.41902],[-99.78089,43.41902],[-99.78089,43.41525],[-99.77105,43.41525],[-99.77103,43.40815],[-99.78089,43.40815],[-99.78088,43.40091],[-99.79085,43.40092],[-99.79085,43.41528],[-99.80075,43.41528],[-99.80074,43.41902]]],[[[-99.80075,43.35735],[-99.79079,43.35735],[-99.79083,43.35023],[-99.80075,43.35024],[-99.80075,43.35735]]],[[[-99.80239,43.51443],[-99.78257,43.51087],[-99.78257,43.50726],[-99.80184,43.50726],[-99.80238,43.50726],[-99.80239,43.51443]]],[[[-99.80248,43.52892],[-99.79245,43.5289],[-99.79244,43.52173],[-99.80246,43.52173],[-99.80248,43.52892]]],[[[-99.80252,43.64479],[-99.79257,43.64478],[-99.79256,43.63754],[-99.80251,43.63755],[-99.80252,43.64479]]],[[[-99.80254,43.56519],[-99.79248,43.56516],[-99.79245,43.55787],[-99.80253,43.55788],[-99.80254,43.56519]]],[[[-99.81077,43.43714],[-99.80075,43.43713],[-99.80071,43.42978],[-99.81075,43.42977],[-99.81077,43.43714]]],[[[-99.81232,43.50726],[-99.80238,43.50726],[-99.80237,43.49987],[-99.81232,43.49993],[-99.81232,43.50726]]],[[[-99.82041,43.0243],[-99.81055,43.02427],[-99.81054,43.01709],[-99.8204,43.01711],[-99.82041,43.0243]]],[[[-99.82058,43.37183],[-99.81068,43.37183],[-99.8107,43.36474],[-99.82058,43.36474],[-99.82058,43.37183]]],[[[-99.82172,43.53622],[-99.81235,43.53623],[-99.81237,43.5434],[-99.80251,43.5434],[-99.80252,43.5489],[-99.79744,43.54889],[-99.79744,43.54339],[-99.79246,43.54339],[-99.79245,43.53621],[-99.78264,43.53619],[-99.78261,43.52888],[-99.79245,43.5289],[-99.79245,43.5344],[-99.82183,43.53262],[-99.82172,43.53622]]],[[[-99.82194,43.52898],[-99.81234,43.52899],[-99.81232,43.51443],[-99.82229,43.51434],[-99.82194,43.52898]]],[[[-99.82245,43.65925],[-99.8125,43.65926],[-99.81249,43.65202],[-99.82244,43.65201],[-99.82245,43.65925]]],[[[-99.82254,43.68093],[-99.81256,43.68095],[-99.8128,43.69848],[-99.8021,43.70059],[-99.79783,43.70628],[-99.79773,43.69179],[-99.80271,43.69179],[-99.80256,43.6773],[-99.81253,43.6773],[-99.8125,43.66651],[-99.82246,43.6665],[-99.82254,43.68093]]],[[[-99.83052,43.42265],[-99.8206,43.42265],[-99.8206,43.41528],[-99.83056,43.41529],[-99.83052,43.42265]]],[[[-99.83058,43.47334],[-99.83057,43.48768],[-99.82562,43.48768],[-99.82561,43.4733],[-99.83058,43.47334]]],[[[-99.8306,43.40083],[-99.8206,43.40075],[-99.82059,43.3937],[-99.83059,43.39369],[-99.8306,43.40083]]],[[[-99.83232,43.60134],[-99.82237,43.60135],[-99.82236,43.5941],[-99.83232,43.5941],[-99.83232,43.60134]]],[[[-99.8324,43.65201],[-99.82244,43.65201],[-99.82243,43.64476],[-99.8324,43.64477],[-99.8324,43.65201]]],[[[-99.83257,43.69106],[-99.82271,43.69477],[-99.82258,43.68457],[-99.83258,43.68456],[-99.83257,43.69106]]],[[[-99.84014,43.0461],[-99.83027,43.04609],[-99.83026,43.03885],[-99.84014,43.03885],[-99.84014,43.0461]]],[[[-99.84049,43.44799],[-99.83066,43.44799],[-99.83063,43.44427],[-99.84048,43.4443],[-99.84049,43.44799]]],[[[-99.84051,43.47331],[-99.83058,43.47331],[-99.83058,43.46607],[-99.84051,43.46607],[-99.84051,43.47331]]],[[[-99.84222,43.50729],[-99.83219,43.50727],[-99.83218,43.50365],[-99.84221,43.49992],[-99.84222,43.50729]]],[[[-99.85035,43.35736],[-99.83052,43.35731],[-99.83053,43.35026],[-99.8503,43.35027],[-99.85035,43.35736]]],[[[-99.86032,43.42265],[-99.85053,43.42265],[-99.85052,43.41532],[-99.86031,43.41541],[-99.86032,43.42265]]],[[[-99.86199,43.64476],[-99.85232,43.64477],[-99.85233,43.65201],[-99.86198,43.652],[-99.86197,43.65923],[-99.85234,43.65925],[-99.85259,43.68793],[-99.84263,43.68818],[-99.8424,43.67372],[-99.83236,43.6737],[-99.83241,43.65926],[-99.84238,43.65926],[-99.84235,43.63754],[-99.862,43.63751],[-99.86199,43.64476]]],[[[-99.86201,43.63027],[-99.84234,43.6303],[-99.84233,43.62306],[-99.86201,43.62303],[-99.86201,43.63027]]],[[[-99.86201,43.60856],[-99.8423,43.60858],[-99.84228,43.58687],[-99.86205,43.58687],[-99.86201,43.60856]]],[[[-99.86205,43.51437],[-99.85208,43.51434],[-99.85206,43.50728],[-99.86201,43.50728],[-99.86205,43.51437]]],[[[-99.87034,43.41542],[-99.86031,43.41541],[-99.86029,43.40817],[-99.87033,43.40817],[-99.87034,43.41542]]],[[[-99.87954,43.07514],[-99.86969,43.07512],[-99.86975,43.05337],[-99.87961,43.05339],[-99.87954,43.07514]]],[[[-99.88503,43.39373],[-99.88193,43.39372],[-99.88192,43.38648],[-99.88501,43.38649],[-99.88503,43.39373]]],[[[-99.88967,43.37926],[-99.88004,43.37915],[-99.88009,43.37189],[-99.88966,43.3719],[-99.88967,43.37926]]],[[[-99.88974,43.01691],[-99.87965,43.01716],[-99.87965,43.00992],[-99.88978,43.00993],[-99.88974,43.01691]]],[[[-99.8898,43.42268],[-99.8802,43.42267],[-99.88018,43.41543],[-99.88978,43.41546],[-99.8898,43.42268]]],[[[-99.8899,43.03883],[-99.87968,43.03882],[-99.87966,43.03165],[-99.88971,43.03167],[-99.8899,43.03883]]],[[[-99.8898,43.1837],[-99.88485,43.1837],[-99.88484,43.18016],[-99.87989,43.18016],[-99.87987,43.17654],[-99.87493,43.17654],[-99.8749,43.16931],[-99.88979,43.16931],[-99.8898,43.1837]]],[[[-99.89469,43.06776],[-99.88982,43.06779],[-99.88977,43.06066],[-99.89469,43.06051],[-99.89469,43.06776]]],[[[-99.9018,43.69799],[-99.89276,43.69606],[-99.89191,43.69004],[-99.88509,43.68587],[-99.89043,43.67639],[-99.88191,43.67518],[-99.88196,43.66651],[-99.87198,43.66649],[-99.87199,43.65924],[-99.89194,43.65927],[-99.8919,43.66651],[-99.88693,43.66651],[-99.88689,43.67375],[-99.89186,43.67376],[-99.89188,43.67013],[-99.90183,43.67013],[-99.9018,43.69799]]],[[[-99.91937,43.08242],[-99.9095,43.08241],[-99.90952,43.06793],[-99.91939,43.06794],[-99.91937,43.08242]]],[[[-99.92187,43.60132],[-99.90243,43.60128],[-99.90195,43.59412],[-99.92189,43.59415],[-99.92187,43.60132]]],[[[-99.9294,43.03256],[-99.92939,43.03904],[-99.90963,43.03896],[-99.90964,43.03172],[-99.9294,43.03256]]],[[[-99.92956,43.45165],[-99.9245,43.45163],[-99.92455,43.44425],[-99.92956,43.44429],[-99.92956,43.45165]]],[[[-99.93167,43.54346],[-99.91176,43.54344],[-99.91175,43.53625],[-99.92174,43.53625],[-99.92177,43.52901],[-99.93165,43.52902],[-99.93167,43.54346]]],[[[-99.93174,43.58685],[-99.92191,43.58689],[-99.92189,43.57244],[-99.93177,43.57247],[-99.93174,43.58685]]],[[[-99.93912,43.08243],[-99.92924,43.08243],[-99.92937,43.06434],[-99.93914,43.06789],[-99.93912,43.08243]]],[[[-99.93915,43.05344],[-99.92937,43.05344],[-99.92939,43.03904],[-99.93916,43.03903],[-99.93915,43.05344]]],[[[-99.93939,43.43717],[-99.92953,43.43717],[-99.92949,43.42984],[-99.93945,43.42988],[-99.93939,43.43717]]],[[[-99.94169,43.5218],[-99.92178,43.52177],[-99.92179,43.51445],[-99.94168,43.51447],[-99.94169,43.5218]]],[[[-99.949,43.06075],[-99.93914,43.06074],[-99.93915,43.05344],[-99.94912,43.05345],[-99.949,43.06075]]],[[[-99.94937,43.40827],[-99.94433,43.40821],[-99.94437,43.41535],[-99.9394,43.41535],[-99.93933,43.40086],[-99.94936,43.40086],[-99.94937,43.40827]]],[[[-99.95887,43.07522],[-99.949,43.07521],[-99.949,43.06789],[-99.95887,43.06788],[-99.95887,43.07522]]],[[[-99.95889,43.03894],[-99.94901,43.03897],[-99.94901,43.03175],[-99.95888,43.03182],[-99.95889,43.03894]]],[[[-99.96879,43.09687],[-99.94901,43.09687],[-99.949,43.08244],[-99.95887,43.08245],[-99.95887,43.08969],[-99.96789,43.08972],[-99.96879,43.09687]]],[[[-99.96926,43.42982],[-99.95925,43.42985],[-99.95923,43.41545],[-99.96925,43.41546],[-99.96926,43.42982]]],[[[-99.97151,43.55076],[-99.9516,43.55076],[-99.95158,43.54348],[-99.94174,43.54349],[-99.94171,43.52903],[-99.95155,43.52904],[-99.95154,43.52179],[-99.97144,43.5218],[-99.97147,43.52896],[-99.96157,43.52895],[-99.96155,43.54348],[-99.9715,43.54347],[-99.97151,43.55076]]],[[[-99.97369,43.1259],[-99.9638,43.12582],[-99.96388,43.11866],[-99.97369,43.11867],[-99.97369,43.1259]]],[[[-99.97917,43.44427],[-99.96928,43.44428],[-99.96927,43.43716],[-99.97914,43.43716],[-99.97917,43.44427]]],[[[-99.98139,43.53628],[-99.97148,43.53628],[-99.97147,43.52896],[-99.98139,43.52896],[-99.98139,43.53628]]],[[[-99.98138,43.5725],[-99.97156,43.57248],[-99.97154,43.56524],[-99.9814,43.56526],[-99.98138,43.5725]]],[[[-99.9886,43.05348],[-99.96876,43.05343],[-99.96873,43.0463],[-99.98857,43.04628],[-99.9886,43.05348]]],[[[-99.99347,43.1621],[-99.98853,43.16208],[-99.98851,43.15846],[-99.99345,43.15848],[-99.99347,43.1621]]],[[[-99.99837,43.08248],[-99.96874,43.08241],[-99.96873,43.07523],[-99.97862,43.07524],[-99.97863,43.06791],[-99.96873,43.06786],[-99.96874,43.06077],[-99.98859,43.06077],[-99.98851,43.07524],[-99.99839,43.07524],[-99.99837,43.08248]]],[[[-99.9986,43.22005],[-99.98881,43.22006],[-99.98872,43.19826],[-99.99854,43.19827],[-99.9986,43.22005]]],[[[-99.99903,43.45163],[-99.98916,43.45165],[-99.98915,43.44427],[-99.99903,43.44428],[-99.99903,43.45163]]],[[[-100.00109,43.65929],[-99.98114,43.65928],[-99.98115,43.64482],[-100.0011,43.64484],[-100.00109,43.65929]]],[[[-100.00112,43.61591],[-99.99116,43.61589],[-99.99121,43.58696],[-100.00117,43.58695],[-100.00112,43.61591]]],[[[-100.00121,43.51456],[-100.0012,43.5218],[-99.99126,43.5218],[-99.99127,43.51456],[-100.00121,43.51456]]],[[[-100.00802,43.4443],[-99.99903,43.44428],[-99.99901,43.43716],[-100.00798,43.43718],[-100.00802,43.4443]]],[[[-100.00817,43.40028],[-99.99881,43.40086],[-99.99893,43.39377],[-100.00798,43.39377],[-100.00817,43.40028]]],[[[-100.00831,43.08974],[-99.99837,43.08972],[-99.99837,43.08248],[-100.00826,43.0825],[-100.00831,43.08974]]],[[[-100.01114,43.56523],[-100.01114,43.5724],[-100.00118,43.57239],[-100.00118,43.56523],[-100.01114,43.56523]]],[[[-100.01114,43.53608],[-100.0012,43.53628],[-100.0012,43.52904],[-100.01114,43.52904],[-100.01114,43.53608]]],[[[-100.01804,43.24902],[-100.00809,43.24902],[-100.00812,43.25618],[-99.99868,43.25618],[-99.99863,43.24177],[-100.01806,43.24178],[-100.01804,43.24902]]],[[[-100.0182,43.08253],[-100.00826,43.0825],[-100.00839,43.07525],[-99.99839,43.07524],[-99.9984,43.06793],[-100.01821,43.06795],[-100.0182,43.08253]]],[[[-100.02109,43.5579],[-100.01114,43.55799],[-100.01114,43.55076],[-100.02109,43.55075],[-100.02109,43.5579]]],[[[-100.02783,43.41532],[-100.01782,43.41533],[-100.0178,43.40084],[-100.02784,43.40088],[-100.02783,43.41532]]],[[[-100.0281,43.1042],[-100.01821,43.10421],[-100.01821,43.09697],[-100.02809,43.09697],[-100.0281,43.1042]]],[[[-100.03101,43.69757],[-100.01604,43.70267],[-100.01606,43.70699],[-100.01333,43.70784],[-100.00693,43.70473],[-100.01062,43.6966],[-100.00993,43.68822],[-99.98135,43.68713],[-99.97585,43.69102],[-99.96195,43.68861],[-99.95541,43.69277],[-99.9556,43.69778],[-99.93549,43.69587],[-99.92998,43.68557],[-99.9068,43.69718],[-99.90683,43.66653],[-99.91683,43.66293],[-99.91685,43.65931],[-99.91186,43.6593],[-99.91186,43.65205],[-99.92183,43.65206],[-99.92175,43.67738],[-99.93174,43.67738],[-99.93174,43.681],[-99.94172,43.68099],[-99.94175,43.66655],[-99.96174,43.66653],[-99.96092,43.65201],[-99.95182,43.65201],[-99.9518,43.65926],[-99.94178,43.65927],[-99.94181,43.65202],[-99.93182,43.65204],[-99.93181,43.64475],[-99.94182,43.64477],[-99.94182,43.6231],[-99.96175,43.62309],[-99.96165,43.59418],[-99.98126,43.59419],[-99.98116,43.63034],[-99.96179,43.63031],[-99.96179,43.63754],[-99.98109,43.63758],[-99.98115,43.64482],[-99.97177,43.64477],[-99.97172,43.66652],[-100.02109,43.66653],[-100.02104,43.67376],[-100.01107,43.67377],[-100.01105,43.68821],[-100.02602,43.68823],[-100.02602,43.69547],[-100.03101,43.69757]],[[-99.98132,43.6828],[-99.97916,43.68099],[-99.97916,43.6828],[-99.98132,43.6828]],[[-99.96668,43.67376],[-99.9617,43.67377],[-99.9617,43.67738],[-99.96668,43.67738],[-99.96668,43.67376]],[[-99.94673,43.68827],[-99.94173,43.68823],[-99.94173,43.69183],[-99.94672,43.69184],[-99.94673,43.68827]]],[[[-100.03103,43.51456],[-100.01115,43.51456],[-100.01115,43.50732],[-100.02109,43.50732],[-100.0211,43.50003],[-100.03104,43.50003],[-100.03103,43.51456]]],[[[-100.03793,43.20558],[-100.02811,43.2056],[-100.02811,43.21272],[-100.00824,43.21275],[-100.00833,43.19834],[-100.03795,43.19834],[-100.03793,43.20558]]],[[[-100.04096,43.67364],[-100.03101,43.67364],[-100.03102,43.65929],[-100.04097,43.65929],[-100.04096,43.67364]]],[[[-100.04098,43.65206],[-100.02108,43.65205],[-100.02108,43.64481],[-100.03102,43.64481],[-100.03102,43.63757],[-100.041,43.63757],[-100.04098,43.65206]]],[[[-100.04102,43.63024],[-100.03102,43.63024],[-100.03102,43.63757],[-100.02107,43.63757],[-100.02108,43.64481],[-100.0011,43.64484],[-100.0011,43.63761],[-100.01109,43.63759],[-100.01108,43.63036],[-100.02106,43.63034],[-100.02108,43.61588],[-100.04103,43.61587],[-100.04102,43.63024]]],[[[-100.04108,43.56524],[-100.03104,43.56523],[-100.03104,43.55799],[-100.04106,43.558],[-100.04108,43.56524]]],[[[-100.04761,43.45161],[-100.03767,43.45161],[-100.03767,43.44427],[-100.04773,43.44428],[-100.04761,43.45161]]],[[[-100.04782,43.22029],[-100.04781,43.22721],[-100.03789,43.22723],[-100.0379,43.22005],[-100.04782,43.22029]]],[[[-100.04784,43.08244],[-100.04291,43.08244],[-100.04291,43.0861],[-100.03797,43.0861],[-100.03797,43.08972],[-100.02809,43.08973],[-100.02809,43.08611],[-100.03797,43.08248],[-100.03796,43.07525],[-100.04783,43.07525],[-100.04784,43.08244]]],[[[-100.05755,43.43715],[-100.04771,43.43714],[-100.04769,43.42273],[-100.05753,43.42272],[-100.05755,43.43715]]],[[[-100.05766,43.23453],[-100.0478,43.23453],[-100.04781,43.22721],[-100.05768,43.22722],[-100.05766,43.23453]]],[[[-100.06097,43.69197],[-100.04777,43.69318],[-100.04709,43.70306],[-100.04085,43.70447],[-100.04097,43.681],[-100.04597,43.681],[-100.04597,43.68463],[-100.05595,43.68464],[-100.05594,43.68101],[-100.06093,43.68102],[-100.06097,43.69197]]],[[[-100.06747,43.46608],[-100.05753,43.46608],[-100.05754,43.45884],[-100.06747,43.45884],[-100.06747,43.46608]]],[[[-100.06751,43.45161],[-100.05754,43.45161],[-100.05758,43.44429],[-100.06751,43.44429],[-100.06751,43.45161]]],[[[-100.06758,43.22722],[-100.05768,43.22722],[-100.05769,43.22006],[-100.06758,43.22006],[-100.06758,43.22722]]],[[[-100.06761,43.20558],[-100.06759,43.21272],[-100.05771,43.21269],[-100.05772,43.20558],[-100.06761,43.20558]]],[[[-100.06761,43.06079],[-100.05771,43.0608],[-100.05771,43.05357],[-100.06762,43.05356],[-100.06761,43.06079]]],[[[-100.07087,43.65845],[-100.06092,43.65925],[-100.06092,43.6521],[-100.07088,43.6521],[-100.07087,43.65845]]],[[[-100.07089,43.57235],[-100.0609,43.57234],[-100.06089,43.56523],[-100.07084,43.56523],[-100.07089,43.57235]]],[[[-100.07738,43.41539],[-100.06746,43.4154],[-100.06743,43.40823],[-100.07735,43.40823],[-100.07738,43.41539]]],[[[-100.07741,43.42992],[-100.06748,43.42991],[-100.06746,43.42272],[-100.07738,43.42271],[-100.07741,43.42992]]],[[[-100.07746,43.03551],[-100.06764,43.0355],[-100.06761,43.02828],[-100.07746,43.02829],[-100.07746,43.03551]]],[[[-100.07747,43.07527],[-100.0676,43.07525],[-100.06761,43.06802],[-100.07747,43.06804],[-100.07747,43.07527]]],[[[-100.07749,43.1042],[-100.05773,43.10419],[-100.05773,43.09695],[-100.07748,43.09696],[-100.07749,43.1042]]],[[[-100.07751,43.20558],[-100.06761,43.20558],[-100.0676,43.19824],[-100.07752,43.19825],[-100.07751,43.20558]]],[[[-100.08733,43.06805],[-100.07747,43.06804],[-100.07747,43.06081],[-100.08732,43.06082],[-100.08733,43.06805]]],[[[-100.08736,43.09697],[-100.07748,43.09696],[-100.07748,43.08973],[-100.08736,43.08974],[-100.08736,43.09697]]],[[[-100.0874,43.12591],[-100.07751,43.12591],[-100.07749,43.11143],[-100.08738,43.11144],[-100.0874,43.12591]]],[[[-100.09719,43.40099],[-100.07734,43.40099],[-100.07732,43.38639],[-100.08728,43.38638],[-100.08727,43.37926],[-100.09717,43.37928],[-100.09719,43.40099]]],[[[-100.09728,43.22005],[-100.08741,43.22006],[-100.08738,43.21277],[-100.0973,43.21275],[-100.09728,43.22005]]],[[[-100.10715,43.097],[-100.09725,43.09699],[-100.09724,43.08975],[-100.10714,43.08976],[-100.10715,43.097]]],[[[-100.11055,43.68585],[-100.10058,43.68831],[-100.10068,43.66658],[-100.11048,43.66658],[-100.11055,43.68585]]],[[[-100.11714,43.45166],[-100.09727,43.45165],[-100.09729,43.45889],[-100.08742,43.4588],[-100.08741,43.44437],[-100.10725,43.44433],[-100.1072,43.44895],[-100.11713,43.44896],[-100.11714,43.45166]]],[[[-100.11714,43.50017],[-100.11057,43.50015],[-100.11057,43.50732],[-100.10063,43.50732],[-100.10223,43.49508],[-100.11713,43.49509],[-100.11714,43.50017]]],[[[-100.12039,43.64486],[-100.11047,43.64485],[-100.11047,43.6521],[-100.10055,43.65209],[-100.10056,43.65933],[-100.09079,43.65934],[-100.09081,43.64484],[-100.10055,43.64485],[-100.10054,43.63038],[-100.1204,43.63037],[-100.12039,43.64486]]],[[[-100.12057,43.52903],[-100.12048,43.54351],[-100.11055,43.54352],[-100.11055,43.55075],[-100.1006,43.55075],[-100.10062,43.52903],[-100.12057,43.52903]]],[[[-100.12194,43.01386],[-100.10216,43.01384],[-100.10216,43.01022],[-100.12195,43.01025],[-100.12194,43.01386]]],[[[-100.12619,43.48062],[-100.11715,43.48062],[-100.11716,43.47333],[-100.1262,43.47333],[-100.12619,43.48062]]],[[[-100.12691,43.08978],[-100.10714,43.08976],[-100.10714,43.08249],[-100.09725,43.08247],[-100.09724,43.08975],[-100.08736,43.08974],[-100.08733,43.06805],[-100.09723,43.06805],[-100.09723,43.07528],[-100.11701,43.0753],[-100.11701,43.08251],[-100.127,43.0826],[-100.12691,43.08978]]],[[[-100.13041,43.56523],[-100.12047,43.56523],[-100.12048,43.54351],[-100.13043,43.54352],[-100.13041,43.56523]]],[[[-100.13624,43.38644],[-100.12638,43.3864],[-100.1264,43.37925],[-100.13626,43.37928],[-100.13624,43.38644]]],[[[-100.13687,43.08255],[-100.12697,43.08243],[-100.12705,43.07531],[-100.13686,43.07531],[-100.13687,43.08255]]],[[[-100.1369,43.1549],[-100.12696,43.15489],[-100.12695,43.14036],[-100.13685,43.14045],[-100.1369,43.1549]]],[[[-100.14627,43.3431],[-100.13635,43.34303],[-100.13636,43.33585],[-100.12648,43.33585],[-100.12653,43.32856],[-100.14638,43.32857],[-100.14627,43.3431]]],[[[-100.14673,43.22007],[-100.12681,43.22003],[-100.12688,43.21274],[-100.14673,43.21278],[-100.14673,43.22007]]],[[[-100.15023,43.6159],[-100.15023,43.62314],[-100.14027,43.62314],[-100.14027,43.61591],[-100.15023,43.6159]]],[[[-100.15023,43.60866],[-100.13035,43.60866],[-100.13035,43.6159],[-100.11545,43.61588],[-100.11545,43.61227],[-100.11048,43.61227],[-100.11051,43.57246],[-100.1304,43.57247],[-100.13036,43.58696],[-100.12041,43.58695],[-100.12042,43.59418],[-100.14029,43.5942],[-100.14028,43.60143],[-100.15023,43.60142],[-100.15023,43.60866]]],[[[-100.15032,43.69421],[-100.14036,43.69452],[-100.14041,43.70063],[-100.13694,43.70365],[-100.12928,43.70125],[-100.12055,43.68833],[-100.12551,43.68832],[-100.12549,43.6847],[-100.12053,43.6847],[-100.12044,43.67363],[-100.14032,43.67383],[-100.14036,43.68106],[-100.15028,43.68107],[-100.15032,43.69421]]],[[[-100.15593,43.50004],[-100.141,43.50005],[-100.141,43.49511],[-100.15592,43.49511],[-100.15593,43.50004]]],[[[-100.15663,43.07532],[-100.14666,43.07534],[-100.14668,43.06809],[-100.15662,43.06808],[-100.15663,43.07532]]],[[[-100.1662,43.29248],[-100.15631,43.29247],[-100.15632,43.28523],[-100.16622,43.28525],[-100.1662,43.29248]]],[[[-100.16637,43.2418],[-100.14652,43.24179],[-100.14657,43.22724],[-100.15648,43.22724],[-100.15644,43.23455],[-100.16639,43.23454],[-100.16637,43.2418]]],[[[-100.17012,43.60866],[-100.16019,43.60865],[-100.16018,43.60142],[-100.17012,43.60142],[-100.17012,43.60866]]],[[[-100.17579,43.48783],[-100.16595,43.48782],[-100.1659,43.48063],[-100.17579,43.48064],[-100.17579,43.48783]]],[[[-100.1759,43.38645],[-100.16606,43.38643],[-100.16611,43.372],[-100.17593,43.37203],[-100.1759,43.38645]]],[[[-100.17599,43.34305],[-100.16613,43.34302],[-100.16615,43.33591],[-100.176,43.33592],[-100.17599,43.34305]]],[[[-100.18613,43.30011],[-100.18611,43.30699],[-100.17608,43.30697],[-100.17611,43.29973],[-100.18613,43.30011]]],[[[-100.18999,43.60136],[-100.18015,43.60134],[-100.18012,43.58689],[-100.19,43.5869],[-100.18999,43.60136]]],[[[-100.19002,43.50735],[-100.18018,43.50734],[-100.18018,43.50004],[-100.19006,43.5],[-100.19002,43.50735]]],[[[-100.19621,43.14765],[-100.18631,43.14765],[-100.1863,43.14042],[-100.19619,43.14042],[-100.19621,43.14765]]],[[[-100.19994,43.69195],[-100.19003,43.69196],[-100.19006,43.70284],[-100.17023,43.70545],[-100.17014,43.67385],[-100.19995,43.67387],[-100.19994,43.69195]]],[[[-100.19993,43.5146],[-100.19001,43.51454],[-100.19002,43.50735],[-100.19995,43.50736],[-100.19993,43.5146]]],[[[-100.20007,43.61592],[-100.18998,43.6159],[-100.18999,43.60865],[-100.20007,43.60863],[-100.20007,43.61592]]],[[[-100.20008,43.6304],[-100.18005,43.63039],[-100.18016,43.6159],[-100.18998,43.6159],[-100.18998,43.62315],[-100.20007,43.62314],[-100.20008,43.6304]]],[[[-100.21102,43.19837],[-100.20607,43.19837],[-100.20609,43.19112],[-100.21104,43.19112],[-100.21102,43.19837]]],[[[-100.21954,43.66663],[-100.20988,43.66662],[-100.20985,43.65939],[-100.21955,43.65939],[-100.21954,43.66663]]],[[[-100.21959,43.64492],[-100.19997,43.64489],[-100.20008,43.6304],[-100.21962,43.63041],[-100.21959,43.64492]]],[[[-100.21963,43.68834],[-100.21579,43.68834],[-100.21319,43.6817],[-100.20994,43.68191],[-100.20992,43.67748],[-100.21956,43.67748],[-100.21963,43.68834]]],[[[-100.2342,43.44835],[-100.22417,43.44839],[-100.22414,43.43394],[-100.23414,43.43384],[-100.2342,43.44835]]],[[[-100.23811,43.71059],[-100.23222,43.7137],[-100.23085,43.71386],[-100.23085,43.71021],[-100.23811,43.71059]]],[[[-100.24067,43.70659],[-100.24404,43.70692],[-100.24067,43.70893],[-100.24067,43.70659]]],[[[-100.25065,43.68124],[-100.23091,43.68125],[-100.23092,43.67402],[-100.25065,43.67401],[-100.25065,43.68124]]],[[[-100.25066,43.69572],[-100.23088,43.69573],[-100.2309,43.68849],[-100.25066,43.68848],[-100.25066,43.69572]]],[[[-100.25066,43.65953],[-100.24067,43.65954],[-100.24068,43.6516],[-100.25067,43.65165],[-100.25066,43.65953]]],[[[-100.25062,43.54955],[-100.24066,43.55032],[-100.24066,43.54309],[-100.2508,43.54313],[-100.25062,43.54955]]],[[[-100.25396,43.41216],[-100.24397,43.4122],[-100.24392,43.39774],[-100.2539,43.3977],[-100.25396,43.41216]]],[[[-100.25401,43.42663],[-100.21413,43.42675],[-100.21424,43.41952],[-100.25398,43.41931],[-100.25401,43.42663]]],[[[-100.26062,43.67399],[-100.25065,43.67401],[-100.25073,43.66677],[-100.26063,43.66675],[-100.26062,43.67399]]],[[[-100.26881,43.41573],[-100.26385,43.41575],[-100.26386,43.41931],[-100.25398,43.41931],[-100.25396,43.41216],[-100.2688,43.41211],[-100.26881,43.41573]]],[[[-100.27061,43.66673],[-100.26063,43.66675],[-100.26064,43.65951],[-100.27062,43.65949],[-100.27061,43.66673]]],[[[-100.27062,43.65174],[-100.25067,43.65165],[-100.25065,43.63709],[-100.27058,43.6372],[-100.27062,43.65174]]],[[[-100.28064,43.67394],[-100.27062,43.67396],[-100.27061,43.66673],[-100.28032,43.66655],[-100.28064,43.67394]]],[[[-100.30552,43.71009],[-100.29818,43.7101],[-100.28701,43.69714],[-100.28003,43.6968],[-100.26533,43.70888],[-100.25381,43.7029],[-100.24568,43.70611],[-100.24568,43.70297],[-100.25068,43.70297],[-100.25066,43.69572],[-100.26063,43.69572],[-100.26062,43.68847],[-100.27067,43.68845],[-100.27058,43.6812],[-100.27558,43.68119],[-100.27558,43.68481],[-100.28058,43.6848],[-100.28058,43.68842],[-100.29055,43.68838],[-100.29064,43.69561],[-100.30054,43.69562],[-100.30053,43.70286],[-100.30552,43.70286],[-100.30552,43.71009]]],[[[-100.31051,43.68115],[-100.30054,43.68115],[-100.30048,43.6703],[-100.29554,43.6703],[-100.29552,43.66307],[-100.29067,43.66281],[-100.29069,43.65945],[-100.27062,43.65949],[-100.27062,43.65174],[-100.28558,43.65182],[-100.28557,43.65584],[-100.29058,43.65583],[-100.29076,43.64109],[-100.30051,43.64461],[-100.30059,43.65944],[-100.31054,43.65942],[-100.31051,43.68115]]],[[[-100.33012,43.48554],[-100.32019,43.48549],[-100.32018,43.47826],[-100.33012,43.4783],[-100.33012,43.48554]]],[[[-100.33028,43.58688],[-100.3104,43.58677],[-100.31048,43.57954],[-100.33026,43.57964],[-100.33028,43.58688]]],[[[-100.33033,43.61582],[-100.31043,43.61571],[-100.31044,43.62294],[-100.30047,43.62289],[-100.30046,43.61565],[-100.29059,43.61559],[-100.29036,43.63731],[-100.27058,43.6372],[-100.27058,43.62998],[-100.23097,43.62986],[-100.23068,43.60809],[-100.24065,43.60824],[-100.24066,43.62266],[-100.25065,43.6227],[-100.25064,43.61547],[-100.26054,43.61549],[-100.26064,43.60825],[-100.27058,43.60828],[-100.27056,43.60104],[-100.26058,43.60102],[-100.26063,43.59378],[-100.27055,43.59381],[-100.27051,43.57212],[-100.29045,43.5722],[-100.29047,43.58665],[-100.30038,43.58671],[-100.30051,43.59395],[-100.31041,43.59401],[-100.31042,43.60848],[-100.33032,43.60858],[-100.33033,43.61582]],[[-100.30051,43.59395],[-100.29048,43.59388],[-100.29049,43.60111],[-100.30057,43.60118],[-100.30051,43.59395]]],[[[-100.33047,43.7101],[-100.31551,43.7101],[-100.3155,43.70648],[-100.32056,43.70647],[-100.32056,43.70221],[-100.31052,43.70252],[-100.31051,43.68838],[-100.32057,43.68837],[-100.32056,43.69562],[-100.33044,43.69561],[-100.33047,43.7101]]],[[[-100.34027,43.6014],[-100.3303,43.60135],[-100.33029,43.59412],[-100.34025,43.59416],[-100.34027,43.6014]]],[[[-100.34041,43.69561],[-100.33044,43.69561],[-100.33044,43.68837],[-100.34041,43.68837],[-100.34041,43.69561]]],[[[-100.3524,43.42629],[-100.34246,43.42628],[-100.34245,43.41904],[-100.3524,43.41905],[-100.3524,43.42629]]],[[[-100.3802,43.63778],[-100.37027,43.63775],[-100.37027,43.63051],[-100.3802,43.63054],[-100.3802,43.63778]]],[[[-100.38023,43.6595],[-100.37037,43.65947],[-100.37034,43.65222],[-100.38022,43.65226],[-100.38023,43.6595]]],[[[-100.38025,43.5292],[-100.37033,43.52915],[-100.37032,43.52192],[-100.38025,43.52196],[-100.38025,43.5292]]],[[[-100.3822,43.41906],[-100.37227,43.41906],[-100.37227,43.42631],[-100.36236,43.4263],[-100.36234,43.41181],[-100.38221,43.41181],[-100.3822,43.41906]]],[[[-100.38224,43.47334],[-100.38025,43.49306],[-100.37035,43.49302],[-100.37033,43.50744],[-100.36034,43.50738],[-100.36033,43.51462],[-100.37033,43.51468],[-100.37032,43.52192],[-100.34014,43.52175],[-100.34018,43.51452],[-100.32024,43.51425],[-100.32026,43.5289],[-100.35036,43.52904],[-100.35036,43.53627],[-100.34016,43.53624],[-100.34018,43.54348],[-100.33022,43.54343],[-100.33024,43.55067],[-100.3603,43.55081],[-100.36031,43.56528],[-100.35042,43.56522],[-100.35043,43.55801],[-100.33061,43.55792],[-100.33045,43.56517],[-100.32031,43.5651],[-100.32029,43.55061],[-100.29046,43.55048],[-100.29042,43.56497],[-100.26055,43.56486],[-100.26056,43.57209],[-100.25061,43.57205],[-100.2506,43.56482],[-100.24065,43.56478],[-100.24065,43.55756],[-100.25061,43.55761],[-100.25062,43.55037],[-100.27053,43.55043],[-100.27053,43.5432],[-100.2508,43.54312],[-100.25077,43.53592],[-100.27061,43.53599],[-100.27066,43.51426],[-100.26055,43.51423],[-100.26057,43.52148],[-100.24066,43.52139],[-100.24066,43.52862],[-100.2309,43.52857],[-100.23065,43.50687],[-100.24066,43.50692],[-100.24066,43.49968],[-100.2506,43.49972],[-100.2506,43.47801],[-100.2342,43.47795],[-100.23418,43.47016],[-100.27389,43.46999],[-100.27389,43.46275],[-100.24408,43.46288],[-100.24407,43.45564],[-100.27388,43.45551],[-100.27379,43.41934],[-100.28373,43.41932],[-100.2838,43.44096],[-100.29386,43.44097],[-100.29383,43.4337],[-100.3136,43.4336],[-100.31357,43.42636],[-100.33258,43.42627],[-100.3326,43.43351],[-100.34246,43.43352],[-100.34247,43.44801],[-100.35249,43.44801],[-100.35249,43.45523],[-100.36235,43.45522],[-100.36237,43.46973],[-100.37727,43.46972],[-100.37727,43.47333],[-100.38224,43.47334]],[[-100.37239,43.47333],[-100.36734,43.47334],[-100.36729,43.47855],[-100.37241,43.4779],[-100.37239,43.47333]],[[-100.26055,43.51423],[-100.26044,43.50699],[-100.2506,43.50696],[-100.2506,43.5142],[-100.26055,43.51423]],[[-100.29386,43.44097],[-100.29388,43.44816],[-100.3037,43.44813],[-100.30373,43.45536],[-100.31367,43.45531],[-100.31362,43.44083],[-100.29386,43.44097]],[[-100.29398,43.46628],[-100.29389,43.4554],[-100.27886,43.45549],[-100.27886,43.45911],[-100.28384,43.45908],[-100.28385,43.46275],[-100.29398,43.46628]],[[-100.33022,43.54343],[-100.33021,43.53619],[-100.31032,43.53608],[-100.31033,43.54332],[-100.33022,43.54343]],[[-100.3326,43.43351],[-100.32354,43.43356],[-100.32361,43.45527],[-100.3324,43.45527],[-100.3326,43.43351]],[[-100.36034,43.50738],[-100.36034,43.47842],[-100.35244,43.47839],[-100.35242,43.46248],[-100.34249,43.4626],[-100.34251,43.47835],[-100.33248,43.47831],[-100.33253,43.4697],[-100.32864,43.4697],[-100.3286,43.46248],[-100.30376,43.4626],[-100.30377,43.46622],[-100.29398,43.46628],[-100.29391,43.47754],[-100.29037,43.47821],[-100.29037,43.48539],[-100.32019,43.48549],[-100.32021,43.49996],[-100.31014,43.49991],[-100.31028,43.50711],[-100.33023,43.50698],[-100.33052,43.4928],[-100.34008,43.49286],[-100.34009,43.50004],[-100.3504,43.50008],[-100.3504,43.50732],[-100.36034,43.50738]]],[[[-100.39017,43.58718],[-100.38017,43.58708],[-100.38017,43.57985],[-100.39018,43.57989],[-100.39017,43.58718]]],[[[-100.39019,43.65229],[-100.38022,43.65226],[-100.3802,43.63778],[-100.39018,43.6378],[-100.39019,43.65229]]],[[[-100.39022,43.54373],[-100.38025,43.54368],[-100.38025,43.53639],[-100.39023,43.53647],[-100.39022,43.54373]]],[[[-100.39214,43.44077],[-100.38219,43.44077],[-100.38221,43.43355],[-100.39213,43.43352],[-100.39214,43.44077]]],[[[-100.40009,43.61613],[-100.38017,43.61606],[-100.38017,43.6125],[-100.37026,43.61244],[-100.37027,43.62322],[-100.35031,43.62312],[-100.35031,43.63043],[-100.33042,43.63031],[-100.33023,43.63752],[-100.34033,43.63773],[-100.34026,43.6448],[-100.36029,43.64486],[-100.36031,43.66668],[-100.37034,43.66667],[-100.37037,43.70292],[-100.38024,43.70295],[-100.38024,43.71019],[-100.37037,43.71017],[-100.37037,43.72071],[-100.3902,43.72108],[-100.39027,43.72451],[-100.37728,43.72828],[-100.37838,43.73151],[-100.37313,43.73859],[-100.3683,43.73903],[-100.34744,43.72767],[-100.34536,43.72002],[-100.34007,43.71736],[-100.35034,43.71734],[-100.35046,43.70281],[-100.34043,43.70287],[-100.34041,43.69561],[-100.36032,43.69565],[-100.36031,43.68117],[-100.35035,43.68114],[-100.35035,43.66665],[-100.3304,43.66665],[-100.33044,43.68837],[-100.32057,43.68837],[-100.32044,43.65942],[-100.31054,43.65942],[-100.31054,43.64467],[-100.32042,43.64474],[-100.32039,43.63749],[-100.31052,43.63743],[-100.31051,43.63046],[-100.32041,43.63019],[-100.32054,43.62297],[-100.33034,43.62302],[-100.33033,43.61582],[-100.35031,43.61595],[-100.35031,43.60145],[-100.36036,43.60129],[-100.36032,43.58339],[-100.37024,43.58344],[-100.37024,43.59427],[-100.39017,43.59437],[-100.39018,43.60162],[-100.38016,43.60157],[-100.38016,43.60874],[-100.40007,43.60889],[-100.40009,43.61613]]],[[[-100.40016,43.50033],[-100.39024,43.50029],[-100.39018,43.50752],[-100.38025,43.50748],[-100.38025,43.49306],[-100.40015,43.49314],[-100.40016,43.50033]]],[[[-100.40049,43.703],[-100.38024,43.70295],[-100.38024,43.6957],[-100.40052,43.69576],[-100.40049,43.703]]],[[[-100.41004,43.60892],[-100.40007,43.60889],[-100.40007,43.59441],[-100.41002,43.59444],[-100.41004,43.60892]]],[[[-100.41021,43.54383],[-100.40018,43.54378],[-100.40018,43.53654],[-100.41022,43.5366],[-100.41021,43.54383]]],[[[-100.41207,43.45526],[-100.40211,43.45526],[-100.4021,43.44439],[-100.41207,43.44801],[-100.41207,43.45526]]],[[[-100.41998,43.58002],[-100.41007,43.57998],[-100.4101,43.57273],[-100.41997,43.57277],[-100.41998,43.58002]]],[[[-100.41999,43.56553],[-100.4001,43.56545],[-100.40018,43.55105],[-100.41021,43.55112],[-100.41017,43.55832],[-100.42003,43.55836],[-100.41999,43.56553]]],[[[-100.42003,43.63067],[-100.41008,43.63063],[-100.41009,43.63787],[-100.40013,43.63784],[-100.40012,43.6306],[-100.39016,43.63056],[-100.39015,43.62332],[-100.40011,43.62334],[-100.40009,43.61613],[-100.41005,43.61616],[-100.41005,43.62336],[-100.42005,43.62331],[-100.42003,43.63067]]],[[[-100.42201,43.46976],[-100.40212,43.46975],[-100.40228,43.46257],[-100.422,43.4627],[-100.42201,43.46976]]],[[[-100.43003,43.55839],[-100.42003,43.55836],[-100.42008,43.55115],[-100.43004,43.55115],[-100.43003,43.55839]]],[[[-100.4301,43.68137],[-100.42012,43.68134],[-100.42014,43.68857],[-100.41016,43.68855],[-100.41017,43.69579],[-100.40052,43.69576],[-100.40017,43.68852],[-100.39039,43.68837],[-100.3902,43.66674],[-100.41012,43.66683],[-100.41013,43.67407],[-100.43009,43.67414],[-100.4301,43.68137]]],[[[-100.43166,43.47872],[-100.42202,43.47871],[-100.42201,43.46976],[-100.43195,43.47338],[-100.43166,43.47872]]],[[[-100.43989,43.59456],[-100.42993,43.59452],[-100.42992,43.58005],[-100.43988,43.5801],[-100.43989,43.59456]]],[[[-100.44515,43.7176],[-100.44016,43.71758],[-100.44016,43.71396],[-100.44514,43.71397],[-100.44515,43.7176]]],[[[-100.44992,43.638],[-100.44494,43.638],[-100.44493,43.63437],[-100.44992,43.63438],[-100.44992,43.638]]],[[[-100.45177,43.47885],[-100.44197,43.47888],[-100.44188,43.46972],[-100.45181,43.47331],[-100.45177,43.47885]]],[[[-100.47018,43.61637],[-100.44989,43.6163],[-100.44988,43.60907],[-100.4702,43.60915],[-100.47018,43.61637]]],[[[-100.47029,43.63082],[-100.44991,43.63077],[-100.4499,43.62353],[-100.47028,43.6236],[-100.47029,43.63082]]],[[[-100.4703,43.65245],[-100.44995,43.65245],[-100.44992,43.638],[-100.45988,43.63802],[-100.45989,43.64164],[-100.47029,43.63805],[-100.4703,43.65245]]],[[[-100.48013,43.49344],[-100.4702,43.49347],[-100.47031,43.48617],[-100.48013,43.48617],[-100.48013,43.49344]]],[[[-100.48023,43.60914],[-100.4702,43.60915],[-100.47022,43.60193],[-100.48023,43.60192],[-100.48023,43.60914]]],[[[-100.49174,43.45532],[-100.47183,43.45528],[-100.47181,43.4408],[-100.48171,43.44081],[-100.48173,43.44805],[-100.49172,43.44806],[-100.49174,43.45532]]],[[[-100.49174,43.477],[-100.47184,43.47701],[-100.47184,43.46978],[-100.49175,43.4698],[-100.49174,43.477]]],[[[-100.51994,43.56576],[-100.50999,43.56572],[-100.50997,43.55853],[-100.51995,43.55851],[-100.51994,43.56576]]],[[[-100.51997,43.54403],[-100.49007,43.5441],[-100.49007,43.53685],[-100.50003,43.5369],[-100.50002,43.52961],[-100.50998,43.52958],[-100.51006,43.53689],[-100.51997,43.53685],[-100.51997,43.54403]]],[[[-100.52146,43.44809],[-100.51153,43.44809],[-100.51152,43.44447],[-100.52144,43.44085],[-100.52146,43.44809]]],[[[-100.52491,43.51144],[-100.51995,43.51146],[-100.51995,43.51508],[-100.49017,43.51516],[-100.49017,43.50069],[-100.5,43.5007],[-100.49999,43.4934],[-100.50994,43.49339],[-100.50991,43.50066],[-100.52004,43.50062],[-100.51987,43.50779],[-100.52483,43.50781],[-100.52491,43.51144]]],[[[-100.53002,43.63806],[-100.51008,43.63812],[-100.51014,43.62364],[-100.52007,43.62361],[-100.52007,43.63085],[-100.53002,43.63083],[-100.53002,43.63806]]],[[[-100.5301,43.71044],[-100.51025,43.71038],[-100.51025,43.70315],[-100.53008,43.70314],[-100.5301,43.71044]]],[[[-100.53116,43.41191],[-100.52134,43.4119],[-100.52133,43.40486],[-100.53135,43.40472],[-100.53116,43.41191]]],[[[-100.5315,43.46267],[-100.52153,43.46266],[-100.52149,43.45532],[-100.5314,43.45532],[-100.5315,43.46267]]],[[[-100.53997,43.62353],[-100.53008,43.62353],[-100.52997,43.61635],[-100.53996,43.61633],[-100.53997,43.62353]]],[[[-100.54003,43.67412],[-100.5301,43.67413],[-100.53006,43.66694],[-100.54002,43.66693],[-100.54003,43.67412]]],[[[-100.54967,43.54384],[-100.53982,43.54398],[-100.53993,43.55122],[-100.52996,43.55124],[-100.52992,43.55848],[-100.51995,43.55851],[-100.51997,43.54403],[-100.52996,43.544],[-100.52996,43.5368],[-100.54971,43.53674],[-100.54967,43.54384]]],[[[-100.54981,43.59459],[-100.5399,43.59461],[-100.53993,43.60186],[-100.53003,43.60187],[-100.53006,43.59463],[-100.50011,43.5946],[-100.50013,43.60191],[-100.49018,43.60191],[-100.49018,43.5947],[-100.47025,43.5947],[-100.47022,43.60193],[-100.44986,43.60184],[-100.44985,43.5802],[-100.47028,43.58028],[-100.47026,43.57302],[-100.45978,43.57296],[-100.45984,43.55852],[-100.44989,43.55849],[-100.44997,43.55125],[-100.45993,43.55128],[-100.45991,43.54405],[-100.42007,43.54387],[-100.42008,43.53664],[-100.43991,43.53672],[-100.44004,43.52949],[-100.43001,43.52944],[-100.42995,43.52221],[-100.42006,43.52215],[-100.42007,43.52939],[-100.40018,43.52929],[-100.40018,43.52204],[-100.38025,43.52196],[-100.38025,43.51472],[-100.40017,43.51481],[-100.40016,43.50033],[-100.42004,43.50043],[-100.42003,43.49324],[-100.42997,43.4933],[-100.42999,43.51496],[-100.45001,43.51507],[-100.45007,43.52954],[-100.47022,43.52962],[-100.47021,43.52238],[-100.49012,43.5224],[-100.49007,43.53685],[-100.47037,43.53693],[-100.47029,43.55855],[-100.48016,43.55855],[-100.48012,43.57298],[-100.49013,43.57296],[-100.4901,43.56577],[-100.50008,43.56579],[-100.50016,43.57289],[-100.5496,43.57308],[-100.54981,43.59459]],[[-100.52993,43.58213],[-100.51002,43.5802],[-100.51003,43.58744],[-100.52994,43.58741],[-100.52993,43.58213]]],[[[-100.54997,43.65236],[-100.53006,43.65238],[-100.53002,43.63806],[-100.53997,43.63804],[-100.53999,43.64528],[-100.54994,43.64527],[-100.54997,43.65236]]],[[[-100.55117,43.4264],[-100.54124,43.42639],[-100.54123,43.42278],[-100.55116,43.42278],[-100.55117,43.4264]]],[[[-100.55971,43.55841],[-100.54978,43.55843],[-100.54976,43.56565],[-100.53984,43.56569],[-100.53993,43.55122],[-100.55974,43.55118],[-100.55971,43.55841]]],[[[-100.55989,43.63077],[-100.54993,43.63079],[-100.54981,43.62351],[-100.55989,43.62349],[-100.55989,43.63077]]],[[[-100.56,43.71033],[-100.55002,43.71035],[-100.5499,43.71773],[-100.54005,43.71775],[-100.54005,43.72483],[-100.52013,43.72479],[-100.52013,43.73208],[-100.50464,43.7288],[-100.49021,43.73719],[-100.49022,43.72486],[-100.51016,43.72487],[-100.51016,43.71763],[-100.53002,43.71761],[-100.5301,43.71044],[-100.54005,43.7104],[-100.54005,43.70312],[-100.56009,43.70309],[-100.56,43.71033]]],[[[-100.56982,43.61631],[-100.53996,43.61633],[-100.53995,43.6091],[-100.54968,43.60908],[-100.54981,43.59459],[-100.56974,43.59455],[-100.56982,43.61631]]],[[[-100.5699,43.70309],[-100.56009,43.70309],[-100.55997,43.69587],[-100.51017,43.69591],[-100.51017,43.68867],[-100.50021,43.68868],[-100.50021,43.68144],[-100.48029,43.68148],[-100.48029,43.69581],[-100.50021,43.69591],[-100.50021,43.70314],[-100.49024,43.70313],[-100.49024,43.71036],[-100.4803,43.71037],[-100.48028,43.71762],[-100.49023,43.71761],[-100.49022,43.72486],[-100.47527,43.72487],[-100.47046,43.72823],[-100.47706,43.72233],[-100.46012,43.72105],[-100.46011,43.71762],[-100.47036,43.71762],[-100.47035,43.71039],[-100.43012,43.71031],[-100.43043,43.72391],[-100.41949,43.71803],[-100.414,43.72315],[-100.41299,43.7278],[-100.41833,43.73536],[-100.41543,43.73558],[-100.41006,43.73346],[-100.41017,43.71388],[-100.42017,43.71029],[-100.42015,43.69581],[-100.43013,43.69583],[-100.4301,43.68137],[-100.44008,43.68138],[-100.44004,43.66691],[-100.41012,43.66683],[-100.41012,43.65245],[-100.44,43.65245],[-100.44002,43.65967],[-100.47031,43.65975],[-100.47032,43.66699],[-100.4902,43.66699],[-100.49022,43.67422],[-100.50029,43.67421],[-100.50021,43.66698],[-100.51012,43.66697],[-100.51017,43.68136],[-100.54003,43.6814],[-100.54003,43.67412],[-100.55997,43.67409],[-100.55997,43.68138],[-100.55,43.68139],[-100.55,43.68865],[-100.56996,43.68861],[-100.5699,43.70309]]],[[[-100.57312,43.42278],[-100.56108,43.42278],[-100.56121,43.41917],[-100.56603,43.41916],[-100.56602,43.41554],[-100.57314,43.41554],[-100.57312,43.42278]]],[[[-100.59018,43.49328],[-100.57952,43.49329],[-100.57956,43.50775],[-100.5696,43.50776],[-100.56959,43.5006],[-100.55966,43.5006],[-100.55964,43.48608],[-100.5497,43.4861],[-100.54971,43.49334],[-100.51992,43.49336],[-100.51988,43.47889],[-100.56957,43.47883],[-100.56958,43.4933],[-100.57455,43.4933],[-100.57453,43.47883],[-100.59018,43.47881],[-100.59018,43.49328]]],[[[-100.59028,43.72474],[-100.57994,43.7248],[-100.57996,43.71756],[-100.59028,43.71755],[-100.59028,43.72474]]],[[[-100.59045,43.76779],[-100.58009,43.76343],[-100.57782,43.7543],[-100.56997,43.75251],[-100.55354,43.75606],[-100.5503,43.7449],[-100.55315,43.74104],[-100.56184,43.74316],[-100.55942,43.73996],[-100.5415,43.73678],[-100.53011,43.73934],[-100.53011,43.73208],[-100.54998,43.73207],[-100.54999,43.72845],[-100.56,43.72844],[-100.56001,43.73927],[-100.58496,43.73927],[-100.58496,43.74289],[-100.59028,43.74289],[-100.59045,43.76779]]],[[[-100.60022,43.69549],[-100.57996,43.69584],[-100.57994,43.6886],[-100.59019,43.68859],[-100.59024,43.68244],[-100.60023,43.68125],[-100.60022,43.69549]]],[[[-100.60025,43.65235],[-100.56993,43.65241],[-100.56991,43.64522],[-100.60024,43.64511],[-100.60025,43.65235]]],[[[-100.60287,43.45509],[-100.59292,43.45516],[-100.59298,43.44795],[-100.60288,43.44788],[-100.60287,43.45509]]],[[[-100.61022,43.71379],[-100.59028,43.71755],[-100.59028,43.71031],[-100.57995,43.71031],[-100.57996,43.71756],[-100.56998,43.71756],[-100.5699,43.70309],[-100.60024,43.70299],[-100.60025,43.71024],[-100.61023,43.71017],[-100.61022,43.71379]]],[[[-100.61284,43.44058],[-100.59297,43.44073],[-100.59297,43.43712],[-100.56123,43.43725],[-100.56126,43.46264],[-100.57303,43.46263],[-100.57306,43.45175],[-100.56614,43.45174],[-100.56613,43.4481],[-100.58302,43.44803],[-100.583,43.45525],[-100.59292,43.45516],[-100.59285,43.46237],[-100.60286,43.46235],[-100.60286,43.47673],[-100.59294,43.47678],[-100.59294,43.46956],[-100.58298,43.46969],[-100.58297,43.47692],[-100.573,43.47706],[-100.57301,43.46984],[-100.56125,43.46981],[-100.56129,43.47703],[-100.55135,43.47699],[-100.55124,43.44811],[-100.53139,43.44809],[-100.53136,43.44085],[-100.55121,43.43726],[-100.55118,43.43002],[-100.61288,43.42976],[-100.61284,43.44058]]],[[[-100.62026,43.72463],[-100.61018,43.72467],[-100.61017,43.73192],[-100.60041,43.73198],[-100.60032,43.73929],[-100.59028,43.73928],[-100.59028,43.72474],[-100.60028,43.72471],[-100.60026,43.71749],[-100.6202,43.71736],[-100.62026,43.72463]]],[[[-100.62986,43.50762],[-100.61995,43.50771],[-100.61997,43.50042],[-100.62986,43.5004],[-100.62986,43.50762]]],[[[-100.62986,43.49318],[-100.61999,43.4932],[-100.61997,43.50042],[-100.59017,43.50051],[-100.59018,43.49328],[-100.6001,43.49325],[-100.60011,43.48602],[-100.62001,43.48597],[-100.62,43.48958],[-100.62987,43.48956],[-100.62986,43.49318]]],[[[-100.63004,43.7028],[-100.61025,43.70291],[-100.61027,43.69567],[-100.62959,43.69555],[-100.63004,43.7028]]],[[[-100.63264,43.4405],[-100.62273,43.44055],[-100.62273,43.43333],[-100.63264,43.43329],[-100.63264,43.4405]]],[[[-100.63981,43.48592],[-100.62988,43.48594],[-100.62991,43.47877],[-100.63982,43.47875],[-100.63981,43.48592]]],[[[-100.64754,43.42599],[-100.63761,43.42605],[-100.63761,43.41884],[-100.64754,43.41877],[-100.64754,43.42599]]],[[[-100.65254,43.46922],[-100.6426,43.46929],[-100.64258,43.46205],[-100.65253,43.46199],[-100.65254,43.46922]]],[[[-100.66961,43.51476],[-100.65968,43.51479],[-100.65967,43.50756],[-100.6696,43.50753],[-100.66961,43.51476]]],[[[-100.66965,43.55093],[-100.65971,43.55095],[-100.65971,43.54372],[-100.66965,43.5437],[-100.66965,43.55093]]],[[[-100.67965,43.57256],[-100.65977,43.57263],[-100.65974,43.56541],[-100.67962,43.56534],[-100.67965,43.57256]]],[[[-100.68228,43.46904],[-100.67237,43.4691],[-100.67235,43.46187],[-100.66244,43.46193],[-100.66243,43.45473],[-100.65261,43.45479],[-100.65256,43.45119],[-100.64754,43.45122],[-100.64755,43.45842],[-100.64258,43.45846],[-100.64257,43.44765],[-100.63264,43.44772],[-100.63264,43.4405],[-100.63761,43.44047],[-100.63764,43.43687],[-100.64754,43.43681],[-100.64754,43.43321],[-100.65251,43.43318],[-100.65256,43.44038],[-100.66243,43.44033],[-100.66243,43.43312],[-100.67236,43.43307],[-100.67235,43.44748],[-100.68228,43.44743],[-100.68228,43.46904]]],[[[-100.68608,43.63032],[-100.67976,43.63034],[-100.67969,43.62305],[-100.6829,43.62305],[-100.68608,43.63032]]],[[[-100.68948,43.51468],[-100.68947,43.52191],[-100.67955,43.52195],[-100.67954,43.51472],[-100.68948,43.51468]]],[[[-100.68956,43.55797],[-100.66967,43.5581],[-100.66965,43.55093],[-100.6796,43.55088],[-100.67959,43.54365],[-100.68953,43.54361],[-100.68956,43.55797]]],[[[-100.68979,43.62306],[-100.68389,43.62304],[-100.68972,43.61843],[-100.68979,43.62306]]],[[[-100.70087,43.45458],[-100.69095,43.45458],[-100.69087,43.44738],[-100.70088,43.44737],[-100.70087,43.45458]]],[[[-100.71024,43.65197],[-100.68985,43.65202],[-100.68982,43.6448],[-100.66993,43.64486],[-100.66994,43.65208],[-100.63009,43.65221],[-100.63008,43.63775],[-100.61017,43.63782],[-100.61016,43.6306],[-100.57981,43.63071],[-100.57981,43.62348],[-100.6201,43.62333],[-100.62011,43.63056],[-100.63007,43.63052],[-100.63017,43.61606],[-100.63999,43.61601],[-100.63998,43.60879],[-100.64992,43.60875],[-100.64995,43.62315],[-100.66979,43.62309],[-100.66989,43.63761],[-100.71024,43.63751],[-100.71024,43.65197]]],[[[-100.7108,43.47627],[-100.69091,43.47617],[-100.68943,43.48579],[-100.66957,43.48584],[-100.66959,43.5003],[-100.65967,43.50033],[-100.65966,43.49309],[-100.64975,43.49312],[-100.64975,43.47872],[-100.68231,43.47859],[-100.68228,43.46904],[-100.71077,43.46903],[-100.7108,43.47627]]],[[[-100.72023,43.54711],[-100.71026,43.54715],[-100.71026,43.55076],[-100.69949,43.5508],[-100.69948,43.54357],[-100.72024,43.5435],[-100.72023,43.54711]]],[[[-100.74011,43.50731],[-100.73058,43.50732],[-100.73015,43.5001],[-100.7401,43.50008],[-100.74011,43.50731]]],[[[-100.74013,43.66629],[-100.7202,43.66638],[-100.72021,43.65192],[-100.73017,43.65188],[-100.73017,43.64467],[-100.74013,43.64464],[-100.74013,43.66629]]],[[[-100.74019,43.56504],[-100.74013,43.57957],[-100.73018,43.57961],[-100.73011,43.56511],[-100.74019,43.56504]]],[[[-100.75008,43.59399],[-100.74013,43.59403],[-100.74013,43.5868],[-100.75008,43.58676],[-100.75008,43.59399]]],[[[-100.75009,43.64461],[-100.74013,43.64464],[-100.74019,43.63741],[-100.75009,43.63729],[-100.75009,43.64461]]],[[[-100.75996,43.50001],[-100.75024,43.5],[-100.75006,43.49281],[-100.75995,43.49278],[-100.75996,43.50001]]],[[[-100.76002,43.57949],[-100.75505,43.57926],[-100.75503,43.57483],[-100.75877,43.57485],[-100.76002,43.57949]]],[[[-100.76008,43.68065],[-100.75011,43.6807],[-100.75011,43.69516],[-100.74014,43.6952],[-100.74014,43.69881],[-100.73516,43.69883],[-100.73516,43.70244],[-100.73017,43.70246],[-100.72738,43.714],[-100.73885,43.7173],[-100.73797,43.72069],[-100.72702,43.72148],[-100.7225,43.71509],[-100.72328,43.71142],[-100.71608,43.72039],[-100.70677,43.71806],[-100.70148,43.72483],[-100.69672,43.72479],[-100.69755,43.71636],[-100.67985,43.71164],[-100.67666,43.71375],[-100.67748,43.72271],[-100.65024,43.73174],[-100.65026,43.73925],[-100.6461,43.73925],[-100.64523,43.73538],[-100.64023,43.7354],[-100.64021,43.72456],[-100.63022,43.7246],[-100.62998,43.71732],[-100.6202,43.71736],[-100.62015,43.71017],[-100.63009,43.70999],[-100.63004,43.7028],[-100.65008,43.70273],[-100.65005,43.69551],[-100.63084,43.69555],[-100.63129,43.68837],[-100.60595,43.68838],[-100.6052,43.68127],[-100.61017,43.68124],[-100.61016,43.67401],[-100.59029,43.67409],[-100.5903,43.65964],[-100.62013,43.6595],[-100.62014,43.65226],[-100.63009,43.65221],[-100.63009,43.66672],[-100.64997,43.6666],[-100.65005,43.6805],[-100.65575,43.67893],[-100.6588,43.67381],[-100.66996,43.67376],[-100.67005,43.68823],[-100.66004,43.68827],[-100.66011,43.70271],[-100.68009,43.70262],[-100.68005,43.69544],[-100.69996,43.69538],[-100.69995,43.68814],[-100.70989,43.68811],[-100.71024,43.67364],[-100.74013,43.67352],[-100.74013,43.66629],[-100.75011,43.66624],[-100.75011,43.67347],[-100.76008,43.67343],[-100.76008,43.68065]],[[-100.72519,43.69519],[-100.72021,43.69522],[-100.72021,43.69891],[-100.72519,43.69888],[-100.72519,43.69519]],[[-100.63007,43.67754],[-100.62509,43.67756],[-100.62508,43.68478],[-100.63005,43.68433],[-100.63007,43.67754]],[[-100.69996,43.69538],[-100.69998,43.70262],[-100.71024,43.70258],[-100.71024,43.69527],[-100.69996,43.69538]],[[-100.74014,43.6952],[-100.74014,43.68797],[-100.73016,43.68802],[-100.73017,43.69524],[-100.74014,43.6952]],[[-100.69998,43.70262],[-100.69004,43.70264],[-100.69007,43.70565],[-100.69999,43.70623],[-100.69998,43.70262]]],[[[-100.77002,43.6078],[-100.72022,43.60495],[-100.72021,43.61582],[-100.69843,43.6149],[-100.68471,43.61945],[-100.68473,43.60857],[-100.68971,43.60866],[-100.68967,43.6014],[-100.69963,43.60139],[-100.69959,43.59417],[-100.71026,43.59415],[-100.71026,43.58692],[-100.72022,43.58688],[-100.72022,43.60133],[-100.73017,43.60128],[-100.73019,43.59767],[-100.75009,43.59761],[-100.74984,43.60125],[-100.76003,43.60118],[-100.76002,43.59396],[-100.76997,43.59392],[-100.77002,43.6078]]],[[[-100.77951,43.72406],[-100.76772,43.73175],[-100.75656,43.73191],[-100.761,43.73922],[-100.75015,43.7342],[-100.74534,43.73886],[-100.7417,43.73138],[-100.75379,43.72292],[-100.74266,43.71689],[-100.75511,43.71685],[-100.75512,43.70961],[-100.76009,43.70955],[-100.7601,43.70597],[-100.77008,43.70592],[-100.77008,43.71678],[-100.76009,43.71682],[-100.76009,43.72405],[-100.77951,43.72406]]],[[[-100.77997,43.65157],[-100.77006,43.65157],[-100.77004,43.64451],[-100.77997,43.64448],[-100.77997,43.65157]]],[[[-100.7803,43.4691],[-100.77037,43.4691],[-100.77036,43.47633],[-100.76043,43.47632],[-100.76044,43.46187],[-100.7803,43.46187],[-100.7803,43.4691]]],[[[-100.78419,43.72767],[-100.77734,43.73149],[-100.77531,43.72927],[-100.78419,43.72767]]],[[[-100.7899,43.63722],[-100.75009,43.63729],[-100.75009,43.62291],[-100.77,43.6228],[-100.77002,43.61558],[-100.78991,43.61553],[-100.7899,43.63722]],[[-100.77,43.6228],[-100.77002,43.63004],[-100.77996,43.63002],[-100.77996,43.62278],[-100.77,43.6228]]],[[[-100.78981,43.52155],[-100.77986,43.52159],[-100.77988,43.53605],[-100.76993,43.5361],[-100.76984,43.52164],[-100.76,43.52169],[-100.75999,43.51447],[-100.77983,43.51437],[-100.77988,43.50707],[-100.78991,43.50705],[-100.78981,43.52155]]],[[[-100.79002,43.72561],[-100.78007,43.724],[-100.78006,43.71673],[-100.79002,43.71669],[-100.79002,43.72561]]],[[[-100.79519,43.41496],[-100.79023,43.41495],[-100.79023,43.41134],[-100.79519,43.41135],[-100.79519,43.41496]]],[[[-100.80901,43.43304],[-100.78031,43.433],[-100.78031,43.41855],[-100.80015,43.41858],[-100.80015,43.41497],[-100.80512,43.41498],[-100.80512,43.4186],[-100.80899,43.4186],[-100.80901,43.43304]]],[[[-100.8091,43.47638],[-100.78029,43.47634],[-100.7803,43.4691],[-100.80016,43.46913],[-100.80018,43.46189],[-100.80882,43.46185],[-100.8091,43.47638]]],[[[-100.80961,43.49256],[-100.78975,43.49264],[-100.78974,43.48541],[-100.77998,43.48546],[-100.77988,43.50707],[-100.75998,43.50717],[-100.75996,43.50001],[-100.76982,43.5],[-100.76986,43.4855],[-100.75006,43.48558],[-100.75006,43.49281],[-100.74506,43.49283],[-100.74505,43.48922],[-100.74008,43.48923],[-100.74009,43.49284],[-100.73015,43.49287],[-100.73015,43.5001],[-100.72021,43.50014],[-100.72022,43.50737],[-100.71028,43.50742],[-100.71027,43.47851],[-100.74011,43.47839],[-100.74031,43.47637],[-100.7207,43.47628],[-100.7207,43.46904],[-100.71077,43.46903],[-100.71079,43.45458],[-100.73063,43.45461],[-100.73063,43.46183],[-100.75051,43.46187],[-100.7505,43.47835],[-100.80945,43.4781],[-100.80961,43.49256]]],[[[-100.81959,43.51424],[-100.80965,43.51427],[-100.80963,43.50703],[-100.81957,43.50701],[-100.81959,43.51424]]],[[[-100.81976,43.62311],[-100.81975,43.62984],[-100.80979,43.62987],[-100.80979,43.62264],[-100.81976,43.62311]]],[[[-100.81979,43.6479],[-100.80983,43.64794],[-100.80984,43.65156],[-100.79989,43.6516],[-100.79987,43.64439],[-100.81977,43.64429],[-100.81979,43.6479]]],[[[-100.81983,43.65873],[-100.80985,43.65877],[-100.80984,43.65156],[-100.81981,43.65152],[-100.81983,43.65873]]],[[[-100.81985,43.69484],[-100.79995,43.69491],[-100.79994,43.69131],[-100.79,43.69136],[-100.79001,43.69498],[-100.77007,43.69507],[-100.77006,43.68784],[-100.76012,43.68788],[-100.76008,43.68065],[-100.78002,43.68056],[-100.78001,43.67334],[-100.77004,43.67338],[-100.77003,43.66616],[-100.78997,43.66606],[-100.79,43.68774],[-100.81986,43.68761],[-100.81985,43.69484]]],[[[-100.81998,43.75264],[-100.80996,43.75263],[-100.80995,43.7454],[-100.81995,43.7454],[-100.81998,43.75264]]],[[[-100.82397,43.46552],[-100.819,43.46553],[-100.819,43.46191],[-100.82396,43.46191],[-100.82397,43.46552]]],[[[-100.8289,43.44749],[-100.81897,43.44748],[-100.81898,43.4547],[-100.80017,43.45468],[-100.80016,43.44746],[-100.80904,43.44748],[-100.80903,43.44026],[-100.81895,43.44026],[-100.81894,43.43303],[-100.82887,43.43303],[-100.8289,43.44749]]],[[[-100.83014,43.70919],[-100.8199,43.70924],[-100.81987,43.70206],[-100.83014,43.70203],[-100.83014,43.70919]]],[[[-100.83016,43.60813],[-100.80978,43.60819],[-100.80978,43.60096],[-100.83017,43.60089],[-100.83016,43.60813]]],[[[-100.83017,43.50698],[-100.81957,43.50701],[-100.81956,43.49977],[-100.80962,43.4998],[-100.80961,43.49256],[-100.83019,43.4925],[-100.83017,43.50698]]],[[[-100.8302,43.57923],[-100.78985,43.57938],[-100.78987,43.58661],[-100.77494,43.58666],[-100.77493,43.58305],[-100.77991,43.58303],[-100.7799,43.57941],[-100.76987,43.57953],[-100.76996,43.58668],[-100.75505,43.58674],[-100.75505,43.58313],[-100.7625,43.58129],[-100.76501,43.57225],[-100.75009,43.57231],[-100.75008,43.55062],[-100.73017,43.55069],[-100.73017,43.54347],[-100.72024,43.5435],[-100.72024,43.52905],[-100.6895,43.52914],[-100.68947,43.52191],[-100.73008,43.52179],[-100.73038,43.52903],[-100.73515,43.529],[-100.73515,43.52178],[-100.73764,43.52177],[-100.73764,43.529],[-100.75008,43.52897],[-100.75099,43.53619],[-100.76988,43.53972],[-100.76989,43.54333],[-100.78985,43.54323],[-100.78986,43.55045],[-100.79979,43.55042],[-100.79979,43.55766],[-100.77989,43.56135],[-100.7798,43.57211],[-100.78986,43.57214],[-100.78985,43.56492],[-100.83018,43.56479],[-100.8302,43.57923]],[[-100.75008,43.54009],[-100.74013,43.53983],[-100.74013,43.54218],[-100.75008,43.54341],[-100.75008,43.54009]],[[-100.75008,43.55062],[-100.76995,43.55055],[-100.76994,43.54694],[-100.75008,43.54701],[-100.75008,43.55062]],[[-100.76501,43.57225],[-100.76994,43.57223],[-100.76994,43.56862],[-100.76513,43.56864],[-100.76501,43.57225]]],[[[-100.83886,43.46191],[-100.82893,43.46191],[-100.82891,43.4547],[-100.83884,43.4547],[-100.83886,43.46191]]],[[[-100.83888,43.47784],[-100.83013,43.47801],[-100.83015,43.48526],[-100.81953,43.4853],[-100.81901,43.47276],[-100.81405,43.47276],[-100.81405,43.46914],[-100.83887,43.46914],[-100.83888,43.47784]]],[[[-100.8451,43.56475],[-100.84012,43.56477],[-100.84012,43.56115],[-100.84509,43.56115],[-100.8451,43.56475]]],[[[-100.84878,43.45469],[-100.83884,43.4547],[-100.83883,43.44748],[-100.84876,43.44747],[-100.84878,43.45469]]],[[[-100.85009,43.64424],[-100.83018,43.64425],[-100.83018,43.64064],[-100.81977,43.64429],[-100.81974,43.63706],[-100.85006,43.63701],[-100.85009,43.64424]]],[[[-100.85009,43.72374],[-100.84011,43.72373],[-100.84012,43.70926],[-100.84999,43.70927],[-100.85009,43.72374]]],[[[-100.86992,43.69125],[-100.86505,43.69124],[-100.86505,43.68762],[-100.86988,43.68763],[-100.86992,43.69125]]],[[[-100.86994,43.70209],[-100.86007,43.70207],[-100.86007,43.70928],[-100.84999,43.70927],[-100.85006,43.69484],[-100.86996,43.69483],[-100.86994,43.70209]]],[[[-100.87004,43.65149],[-100.85992,43.65025],[-100.85992,43.63701],[-100.87002,43.63702],[-100.87004,43.65149]]],[[[-100.87005,43.75266],[-100.86006,43.75265],[-100.86008,43.72737],[-100.87006,43.72738],[-100.87005,43.75266]]],[[[-100.8798,43.49966],[-100.85001,43.49969],[-100.85002,43.50698],[-100.84009,43.50696],[-100.84005,43.49248],[-100.83019,43.4925],[-100.83015,43.48526],[-100.85992,43.48521],[-100.85993,43.47752],[-100.87979,43.47718],[-100.8798,43.49966]]],[[[-100.87983,43.51413],[-100.86987,43.51414],[-100.86986,43.50694],[-100.87982,43.50693],[-100.87983,43.51413]]],[[[-100.88005,43.76715],[-100.86014,43.76712],[-100.8601,43.7599],[-100.88004,43.75991],[-100.88005,43.76715]]],[[[-100.88973,43.48518],[-100.88476,43.48519],[-100.88476,43.48157],[-100.88973,43.48156],[-100.88973,43.48518]]],[[[-100.88997,43.63703],[-100.87002,43.63702],[-100.87001,43.62979],[-100.86004,43.62979],[-100.85992,43.63701],[-100.85006,43.63701],[-100.84995,43.62616],[-100.86004,43.62617],[-100.86003,43.62256],[-100.88996,43.62258],[-100.88997,43.63703]]],[[[-100.89003,43.78888],[-100.88503,43.78887],[-100.88503,43.78525],[-100.87728,43.78524],[-100.87607,43.78162],[-100.89004,43.78164],[-100.89003,43.78888]]],[[[-100.89502,43.79287],[-100.89003,43.79174],[-100.89003,43.78888],[-100.89504,43.78888],[-100.89502,43.79287]]],[[[-100.89833,43.43297],[-100.87838,43.43286],[-100.87831,43.42575],[-100.8884,43.42573],[-100.88839,43.4185],[-100.89831,43.41839],[-100.89833,43.43297]]],[[[-100.89999,43.70933],[-100.88002,43.70932],[-100.88002,43.69483],[-100.88999,43.69483],[-100.88999,43.68764],[-100.89998,43.68765],[-100.89999,43.70933]]],[[[-100.90003,43.75271],[-100.89003,43.75269],[-100.89003,43.74908],[-100.89503,43.74909],[-100.89503,43.74548],[-100.90003,43.74549],[-100.90003,43.75271]]],[[[-100.90975,43.53574],[-100.87989,43.53582],[-100.87991,43.55028],[-100.86996,43.55029],[-100.86995,43.54307],[-100.85005,43.54309],[-100.85003,43.52864],[-100.80987,43.52872],[-100.80966,43.5215],[-100.83016,43.52144],[-100.83017,43.50698],[-100.84009,43.50696],[-100.84009,43.52143],[-100.85003,43.52141],[-100.85002,43.50698],[-100.85994,43.50696],[-100.85995,43.51417],[-100.86987,43.51414],[-100.86992,43.52138],[-100.88981,43.52134],[-100.88975,43.49965],[-100.89969,43.49962],[-100.89976,43.52131],[-100.90971,43.52128],[-100.90975,43.53574]]],[[[-100.90999,43.7238],[-100.88987,43.72379],[-100.88987,43.71655],[-100.89999,43.71656],[-100.89999,43.70933],[-100.90998,43.70933],[-100.90999,43.7238]]],[[[-100.91005,43.77441],[-100.90005,43.77441],[-100.90004,43.75994],[-100.91004,43.75995],[-100.91005,43.77441]]],[[[-100.91815,43.41846],[-100.90822,43.41842],[-100.90821,43.41129],[-100.91813,43.41131],[-100.91815,43.41846]]],[[[-100.91825,43.45471],[-100.89837,43.45468],[-100.89838,43.46192],[-100.88846,43.46191],[-100.88843,43.44742],[-100.91823,43.44747],[-100.91825,43.45471]]],[[[-100.91953,43.48514],[-100.90959,43.48516],[-100.90963,43.4996],[-100.89969,43.49962],[-100.89966,43.47686],[-100.91952,43.47653],[-100.91953,43.48514]]],[[[-100.91982,43.57909],[-100.90985,43.57912],[-100.90985,43.57194],[-100.91984,43.57195],[-100.91982,43.57909]]],[[[-100.92002,43.74551],[-100.90003,43.74549],[-100.90003,43.73827],[-100.92001,43.73828],[-100.92002,43.74551]]],[[[-100.92005,43.78164],[-100.91006,43.78165],[-100.91005,43.77441],[-100.92004,43.77441],[-100.92005,43.78164]]],[[[-100.92777,43.4692],[-100.91824,43.4692],[-100.91825,43.45471],[-100.92775,43.45473],[-100.92777,43.4692]]],[[[-100.92949,43.49236],[-100.91954,43.49237],[-100.91953,43.48514],[-100.92947,43.48513],[-100.92949,43.49236]]],[[[-100.93005,43.78887],[-100.92007,43.78888],[-100.92005,43.78164],[-100.93003,43.78162],[-100.93005,43.78887]]],[[[-100.93006,43.80335],[-100.92009,43.80337],[-100.92009,43.79975],[-100.93006,43.79973],[-100.93006,43.80335]]],[[[-100.935,43.74913],[-100.93,43.74912],[-100.93001,43.75635],[-100.92003,43.75995],[-100.92002,43.74551],[-100.935,43.74552],[-100.935,43.74913]]],[[[-100.93769,43.41845],[-100.92768,43.41849],[-100.92776,43.41133],[-100.93769,43.4113],[-100.93769,43.41845]]],[[[-100.94075,43.50321],[-100.9345,43.50321],[-100.93449,43.49959],[-100.94074,43.49959],[-100.94075,43.50321]]],[[[-100.94077,43.51046],[-100.93453,43.51044],[-100.93452,43.50682],[-100.94076,43.50683],[-100.94077,43.51046]]],[[[-100.94084,43.53577],[-100.92965,43.53575],[-100.92962,43.52851],[-100.91968,43.52851],[-100.91965,43.52128],[-100.92959,43.52128],[-100.92961,43.5249],[-100.93458,43.52491],[-100.93457,43.52129],[-100.9408,43.5213],[-100.94084,43.53577]]],[[[-100.94097,43.77444],[-100.92004,43.77441],[-100.92003,43.76356],[-100.94097,43.75998],[-100.94097,43.77444]]],[[[-100.9412,43.73469],[-100.93497,43.73467],[-100.93496,43.73106],[-100.94119,43.73104],[-100.9412,43.73469]]],[[[-100.94128,43.82776],[-100.93233,43.83127],[-100.9323,43.82609],[-100.94128,43.82776]]],[[[-100.94761,43.41127],[-100.93769,43.4113],[-100.93768,43.40407],[-100.94761,43.40404],[-100.94761,43.41127]]],[[[-100.94763,43.44019],[-100.90841,43.44021],[-100.90825,43.43298],[-100.94762,43.43298],[-100.94763,43.44019]]],[[[-100.95026,43.80231],[-100.94083,43.80232],[-100.94121,43.79509],[-100.9503,43.79508],[-100.95026,43.80231]]],[[[-100.95064,43.51976],[-100.94079,43.51977],[-100.94078,43.51614],[-100.95065,43.51252],[-100.95064,43.51976]]],[[[-100.9602,43.81591],[-100.95599,43.81807],[-100.95368,43.81407],[-100.9602,43.81172],[-100.9602,43.81591]]],[[[-100.96557,43.52032],[-100.96557,43.527],[-100.96059,43.52701],[-100.96059,43.51976],[-100.96557,43.52032]]],[[[-100.96754,43.45457],[-100.9377,43.4547],[-100.93769,43.44746],[-100.94764,43.44742],[-100.94763,43.44019],[-100.95758,43.44014],[-100.95758,43.44738],[-100.96753,43.44733],[-100.96754,43.45457]]],[[[-100.96755,43.46906],[-100.95761,43.46909],[-100.9576,43.46185],[-100.96755,43.46182],[-100.96755,43.46906]]],[[[-100.97041,43.73706],[-100.96037,43.73704],[-100.96037,43.72261],[-100.97036,43.72261],[-100.97041,43.73706]]],[[[-100.98035,43.59218],[-100.97047,43.59217],[-100.97041,43.57789],[-100.98036,43.57789],[-100.98035,43.59218]]],[[[-100.99044,43.55597],[-100.99043,43.56684],[-100.97049,43.57046],[-100.97041,43.57789],[-100.96053,43.57789],[-100.9605,43.59216],[-100.94096,43.59216],[-100.94097,43.59941],[-100.97047,43.59941],[-100.97046,43.60665],[-100.98049,43.60665],[-100.98042,43.62114],[-100.96048,43.62113],[-100.96047,43.62839],[-100.94098,43.62838],[-100.94098,43.62622],[-100.92982,43.6262],[-100.92982,43.62258],[-100.91984,43.62257],[-100.91985,43.62981],[-100.90987,43.6298],[-100.90986,43.62256],[-100.88996,43.62258],[-100.88995,43.61534],[-100.87997,43.61534],[-100.87996,43.60088],[-100.86003,43.6009],[-100.86003,43.60811],[-100.86999,43.60811],[-100.87,43.61534],[-100.85007,43.61534],[-100.85007,43.60811],[-100.84011,43.60812],[-100.84013,43.59365],[-100.85007,43.59365],[-100.85007,43.58642],[-100.86003,43.58643],[-100.86003,43.59365],[-100.87996,43.59365],[-100.87995,43.58643],[-100.86999,43.58643],[-100.86999,43.57924],[-100.87995,43.57921],[-100.87995,43.57196],[-100.88992,43.57196],[-100.88993,43.59365],[-100.8999,43.59365],[-100.89988,43.57915],[-100.90985,43.57912],[-100.9099,43.61534],[-100.94097,43.61537],[-100.94097,43.60813],[-100.92981,43.60813],[-100.9298,43.60089],[-100.91984,43.60088],[-100.91982,43.58641],[-100.92971,43.58642],[-100.92965,43.57905],[-100.94095,43.57895],[-100.94094,43.57195],[-100.92233,43.57195],[-100.92236,43.56471],[-100.90986,43.56471],[-100.9098,43.55023],[-100.91975,43.55022],[-100.91973,43.54299],[-100.94087,43.54301],[-100.94091,43.55748],[-100.92954,43.55747],[-100.92959,43.56471],[-100.94093,43.56473],[-100.94092,43.55959],[-100.95057,43.55958],[-100.9506,43.54866],[-100.96055,43.54873],[-100.96053,43.56321],[-100.98048,43.56322],[-100.98047,43.55959],[-100.9705,43.55959],[-100.97051,43.55597],[-100.99044,43.55597]],[[-100.89991,43.60745],[-100.8999,43.60088],[-100.88993,43.60088],[-100.88994,43.60811],[-100.89991,43.60745]],[[-100.96053,43.56321],[-100.95056,43.56321],[-100.95056,43.57044],[-100.96052,43.57045],[-100.96053,43.56321]]],[[[-100.99047,43.53424],[-100.98549,43.53424],[-100.98549,43.52699],[-100.99047,43.52699],[-100.99047,43.53424]]],[[[-100.9905,43.49079],[-100.98056,43.49078],[-100.98055,43.49802],[-100.97058,43.49803],[-100.97059,43.49079],[-100.96062,43.49079],[-100.9606,43.50527],[-100.95066,43.50528],[-100.95064,43.48355],[-100.96058,43.48355],[-100.96055,43.47622],[-100.9805,43.47623],[-100.98053,43.48354],[-100.99039,43.48356],[-100.9905,43.49079]]],[[[-101.00032,43.78777],[-100.98029,43.78779],[-100.98031,43.78055],[-101.00032,43.78053],[-101.00032,43.78777]]],[[[-101.00037,43.60667],[-100.98049,43.60665],[-100.98035,43.59218],[-100.99041,43.59218],[-100.9904,43.59942],[-101.00037,43.59943],[-101.00037,43.60667]]],[[[-101.00225,43.84627],[-100.99219,43.85012],[-100.99222,43.84181],[-101.00223,43.83828],[-101.00225,43.84627]]],[[[-101.00727,43.46893],[-100.97748,43.46902],[-100.97747,43.46178],[-101.00727,43.46169],[-101.00727,43.46893]]],[[[-101.01037,43.56336],[-101.01036,43.57046],[-101.00048,43.57046],[-101.00042,43.56322],[-101.01037,43.56336]]],[[[-101.02027,43.82372],[-101.01222,43.82372],[-101.01222,43.83096],[-100.98723,43.83096],[-100.98723,43.83457],[-100.98224,43.83096],[-100.96985,43.83111],[-100.96193,43.83621],[-100.95933,43.83267],[-100.96214,43.82709],[-100.97376,43.82682],[-100.9674,43.81676],[-100.97022,43.81676],[-100.97023,43.80953],[-100.94695,43.81392],[-100.94286,43.82519],[-100.93006,43.82123],[-100.93006,43.81783],[-100.94103,43.81785],[-100.94089,43.80955],[-100.95023,43.80955],[-100.95026,43.80231],[-100.95525,43.80231],[-100.95529,43.79508],[-100.9503,43.79508],[-100.95029,43.78766],[-100.94097,43.78773],[-100.94097,43.78058],[-100.96016,43.78057],[-100.96032,43.76609],[-100.97033,43.76603],[-100.97034,43.75884],[-100.96034,43.75885],[-100.96035,43.75162],[-101.00034,43.75155],[-101.00034,43.75879],[-100.99026,43.75881],[-100.99032,43.7733],[-100.98032,43.77331],[-100.98031,43.78055],[-100.9703,43.78056],[-100.97029,43.78781],[-100.96029,43.78782],[-100.96028,43.79507],[-101.00031,43.79501],[-101.00031,43.80945],[-101.01029,43.80942],[-101.01028,43.81672],[-101.01528,43.81672],[-101.01528,43.82034],[-101.02027,43.82034],[-101.02027,43.82372]],[[-101.00031,43.80945],[-100.98025,43.80951],[-100.98024,43.82372],[-100.97723,43.82372],[-100.97724,43.82734],[-100.99223,43.82734],[-100.99223,43.82372],[-101.00028,43.82372],[-101.00031,43.80945]]],[[[-101.02027,43.79495],[-101.02027,43.80224],[-101.01029,43.80224],[-101.0103,43.79495],[-101.02027,43.79495]]],[[[-101.03029,43.79499],[-101.02027,43.79495],[-101.02028,43.78775],[-101.03029,43.78775],[-101.03029,43.79499]]],[[[-101.03032,43.51979],[-101.02037,43.51981],[-101.02037,43.51256],[-101.03032,43.51255],[-101.03032,43.51979]]],[[[-101.03222,43.83091],[-101.02723,43.83093],[-101.02722,43.82372],[-101.03222,43.82372],[-101.03222,43.83091]]],[[[-101.04029,43.80946],[-101.04029,43.8167],[-101.03028,43.81671],[-101.03029,43.80947],[-101.04029,43.80946]]],[[[-101.04529,43.56323],[-101.04027,43.56323],[-101.04028,43.55598],[-101.04527,43.55598],[-101.04529,43.56323]]],[[[-101.05027,43.82372],[-101.04029,43.82372],[-101.04029,43.8167],[-101.05027,43.81669],[-101.05027,43.82372]]],[[[-101.05224,43.84645],[-101.04533,43.85252],[-101.03725,43.85008],[-101.03704,43.8454],[-101.04224,43.8454],[-101.04222,43.83096],[-101.05222,43.83096],[-101.05224,43.84645]]],[[[-101.06024,43.56322],[-101.05027,43.56322],[-101.05026,43.55598],[-101.06025,43.55598],[-101.06024,43.56322]]],[[[-101.06193,43.84299],[-101.059,43.84517],[-101.05729,43.84535],[-101.05729,43.84174],[-101.06193,43.84299]]],[[[-101.08017,43.54145],[-101.06018,43.54146],[-101.06015,43.53426],[-101.0702,43.53423],[-101.0702,43.52699],[-101.08017,43.52696],[-101.08017,43.54145]]],[[[-101.08029,43.72978],[-101.07028,43.72979],[-101.07029,43.72255],[-101.0803,43.72254],[-101.08029,43.72978]]],[[[-101.08671,43.84181],[-101.07222,43.84441],[-101.07223,43.83823],[-101.08718,43.83819],[-101.08671,43.84181]]],[[[-101.09512,43.54869],[-101.09013,43.54869],[-101.09013,43.54145],[-101.09511,43.54145],[-101.09512,43.54869]]],[[[-101.10027,43.7225],[-101.10027,43.72975],[-101.09028,43.72976],[-101.09028,43.72252],[-101.10027,43.7225]]],[[[-101.10031,43.80215],[-101.09029,43.80218],[-101.09029,43.79494],[-101.10035,43.7949],[-101.10031,43.80215]]],[[[-101.10524,43.69351],[-101.10024,43.69351],[-101.10023,43.68628],[-101.10523,43.68628],[-101.10524,43.69351]]],[[[-101.11006,43.54506],[-101.1001,43.54507],[-101.10009,43.54145],[-101.11006,43.54144],[-101.11006,43.54506]]],[[[-101.11014,43.59215],[-101.10017,43.5921],[-101.10017,43.58491],[-101.11014,43.58491],[-101.11014,43.59215]]],[[[-101.11823,43.43261],[-101.10829,43.43259],[-101.10828,43.42542],[-101.11821,43.42541],[-101.11823,43.43261]]],[[[-101.12003,43.53782],[-101.11006,43.54144],[-101.11006,43.5342],[-101.09013,43.5342],[-101.09013,43.51972],[-101.10009,43.51972],[-101.10009,43.52696],[-101.12003,43.52697],[-101.12003,43.53782]]],[[[-101.12999,43.53783],[-101.12501,43.53782],[-101.12501,43.53421],[-101.12999,43.53421],[-101.12999,43.53783]]],[[[-101.13019,43.66452],[-101.12019,43.66453],[-101.12021,43.67901],[-101.10021,43.67902],[-101.10019,43.67181],[-101.09029,43.67182],[-101.09033,43.66457],[-101.08024,43.66458],[-101.08025,43.68632],[-101.07026,43.68632],[-101.07026,43.69357],[-101.08027,43.69356],[-101.08028,43.70081],[-101.05027,43.70082],[-101.05019,43.69358],[-101.04028,43.69358],[-101.04028,43.70808],[-101.03029,43.70808],[-101.0303,43.70083],[-101.02025,43.70084],[-101.02024,43.6791],[-100.99037,43.67911],[-100.99034,43.69361],[-101.01034,43.69364],[-101.01032,43.71533],[-101.0303,43.71532],[-101.0303,43.72256],[-101.05028,43.72256],[-101.05028,43.71531],[-101.06027,43.71531],[-101.06028,43.7298],[-101.07028,43.72979],[-101.07028,43.73702],[-101.09027,43.73699],[-101.09028,43.75872],[-101.08028,43.75875],[-101.08028,43.76601],[-101.09028,43.76597],[-101.09029,43.79494],[-101.08027,43.79491],[-101.08027,43.80221],[-101.07027,43.80221],[-101.07027,43.79492],[-101.0603,43.79494],[-101.06021,43.78773],[-101.07027,43.78773],[-101.07028,43.78049],[-101.06017,43.78055],[-101.06025,43.77325],[-101.04029,43.77326],[-101.0403,43.76602],[-101.06027,43.76601],[-101.06028,43.74428],[-101.05029,43.74429],[-101.05029,43.75877],[-101.0403,43.75878],[-101.0403,43.74429],[-101.03031,43.74429],[-101.03031,43.75154],[-101.02023,43.75154],[-101.02023,43.76604],[-101.0303,43.76602],[-101.0303,43.77327],[-101.02025,43.77327],[-101.02028,43.78775],[-101.01031,43.78776],[-101.01031,43.78052],[-101.00032,43.78053],[-101.00033,43.77328],[-101.01031,43.77328],[-101.01033,43.75154],[-101.00034,43.75155],[-101.00035,43.73704],[-100.98036,43.73709],[-100.98035,43.71535],[-100.97036,43.71535],[-100.97038,43.70085],[-100.96039,43.70085],[-100.96039,43.7081],[-100.94099,43.70809],[-100.94099,43.71661],[-100.91996,43.71658],[-100.91995,43.70935],[-100.90998,43.70933],[-100.90997,43.68042],[-100.91994,43.68043],[-100.91992,43.66597],[-100.90995,43.66596],[-100.90993,43.65874],[-100.88998,43.65873],[-100.88997,43.6515],[-100.92985,43.65152],[-100.92985,43.64429],[-100.94098,43.6443],[-100.94092,43.65007],[-100.96045,43.65016],[-100.96046,43.64289],[-100.95048,43.64289],[-100.95048,43.63565],[-100.96046,43.63565],[-100.96047,43.62839],[-100.98041,43.62839],[-100.98042,43.62114],[-101.00036,43.62116],[-101.00036,43.61392],[-101.01033,43.61392],[-101.01034,43.60669],[-101.05026,43.60667],[-101.05027,43.58494],[-101.04028,43.58495],[-101.04027,43.59943],[-101.02019,43.59939],[-101.0202,43.5922],[-100.99041,43.59218],[-100.99041,43.58494],[-101.0202,43.58496],[-101.02021,43.57046],[-101.04028,43.57046],[-101.04027,43.57788],[-101.08021,43.57786],[-101.08022,43.59942],[-101.0902,43.5994],[-101.09021,43.60665],[-101.07024,43.60666],[-101.07024,43.59942],[-101.06026,43.59942],[-101.06026,43.63563],[-101.07026,43.63563],[-101.07025,43.61752],[-101.08024,43.61751],[-101.08024,43.62113],[-101.10018,43.62113],[-101.10021,43.62836],[-101.08024,43.62838],[-101.08024,43.64287],[-101.04037,43.64286],[-101.0403,43.65012],[-101.09021,43.6501],[-101.09022,43.65733],[-101.13017,43.65728],[-101.13019,43.66452]],[[-101.06025,43.67184],[-101.05027,43.67184],[-101.05027,43.68633],[-101.06025,43.68633],[-101.06025,43.67184]],[[-101.05026,43.62115],[-101.04026,43.62115],[-101.04026,43.61391],[-101.03028,43.61392],[-101.03028,43.63565],[-101.05026,43.63563],[-101.05026,43.62115]],[[-101.04029,43.7298],[-101.0303,43.72981],[-101.03031,43.73705],[-101.0403,43.73704],[-101.04029,43.7298]],[[-101.02022,43.65737],[-101.00038,43.65738],[-101.00037,43.66462],[-101.02023,43.66461],[-101.02022,43.65737]],[[-101.00034,43.63565],[-100.9804,43.63564],[-100.98041,43.64288],[-100.99039,43.64289],[-100.9904,43.65013],[-101.00038,43.65013],[-101.00034,43.63565]],[[-100.97039,43.68636],[-100.96041,43.68637],[-100.9604,43.69361],[-100.97039,43.69361],[-100.97039,43.68636]],[[-100.96044,43.65738],[-100.95046,43.65738],[-100.95045,43.66464],[-100.96043,43.66463],[-100.96044,43.65738]],[[-100.94107,43.70216],[-100.94101,43.6877],[-100.92991,43.68767],[-100.92991,43.69492],[-100.91994,43.6949],[-100.91995,43.70212],[-100.94107,43.70216]],[[-100.94099,43.67323],[-100.92994,43.67321],[-100.9299,43.68044],[-100.94099,43.68047],[-100.94099,43.67323]],[[-100.92985,43.65152],[-100.92987,43.65875],[-100.94092,43.65877],[-100.94091,43.65153],[-100.92985,43.65152]],[[-100.99037,43.67911],[-100.99039,43.66462],[-100.9804,43.66462],[-100.98038,43.67911],[-100.99037,43.67911]],[[-101.02024,43.6791],[-101.03031,43.67909],[-101.03031,43.67185],[-101.02023,43.67186],[-101.02024,43.6791]],[[-101.0403,43.65736],[-101.04029,43.6646],[-101.05027,43.6646],[-101.05028,43.65736],[-101.0403,43.65736]],[[-101.0403,43.65012],[-101.03032,43.65013],[-101.03032,43.65737],[-101.0403,43.65736],[-101.0403,43.65012]],[[-101.02018,43.63567],[-101.02017,43.62842],[-101.01033,43.62841],[-101.01032,43.63564],[-101.02018,43.63567]],[[-101.03028,43.63565],[-101.02018,43.63567],[-101.02017,43.6429],[-101.0303,43.64289],[-101.03028,43.63565]]],[[[-101.13027,43.71521],[-101.12027,43.71523],[-101.12028,43.708],[-101.13026,43.70798],[-101.13027,43.71521]]],[[[-101.13039,43.82371],[-101.12542,43.82371],[-101.12545,43.82019],[-101.1304,43.82016],[-101.13039,43.82371]]],[[[-101.13794,43.43994],[-101.11825,43.43992],[-101.11823,43.43261],[-101.13794,43.4327],[-101.13794,43.43994]]],[[[-101.14023,43.69347],[-101.13023,43.69349],[-101.13023,43.68987],[-101.14023,43.68985],[-101.14023,43.69347]]],[[[-101.14264,43.83466],[-101.13794,43.84132],[-101.12766,43.84052],[-101.12484,43.84433],[-101.1071,43.83674],[-101.10327,43.83817],[-101.10218,43.8427],[-101.10217,43.82371],[-101.07026,43.82372],[-101.07026,43.80945],[-101.08027,43.80945],[-101.08027,43.80221],[-101.09029,43.80218],[-101.09029,43.80942],[-101.10032,43.80939],[-101.10031,43.80215],[-101.12037,43.8021],[-101.12038,43.80934],[-101.10533,43.80938],[-101.10534,43.81663],[-101.11537,43.8166],[-101.11538,43.82022],[-101.12039,43.82021],[-101.12219,43.8382],[-101.13219,43.8382],[-101.13218,43.82371],[-101.13721,43.82371],[-101.13439,43.8306],[-101.14264,43.83466]],[[-101.11538,43.82022],[-101.11036,43.82023],[-101.11036,43.82371],[-101.11538,43.82371],[-101.11538,43.82022]]],[[[-101.14995,43.54867],[-101.14495,43.54868],[-101.14499,43.55592],[-101.12007,43.55591],[-101.12011,43.56318],[-101.13008,43.56318],[-101.13008,43.57042],[-101.11014,43.57043],[-101.11013,43.56319],[-101.10016,43.56319],[-101.10016,43.57043],[-101.09018,43.57044],[-101.09016,43.55593],[-101.1101,43.55592],[-101.11007,43.54868],[-101.12003,43.54867],[-101.12003,43.54144],[-101.13996,43.54146],[-101.13996,43.54507],[-101.14995,43.54505],[-101.14995,43.54867]]],[[[-101.15031,43.75136],[-101.1403,43.75138],[-101.14032,43.75861],[-101.13031,43.75863],[-101.13034,43.76949],[-101.14034,43.76947],[-101.14033,43.76585],[-101.14534,43.76584],[-101.14536,43.77308],[-101.14066,43.77309],[-101.14054,43.78038],[-101.12034,43.78038],[-101.12032,43.76589],[-101.1103,43.76591],[-101.11029,43.75867],[-101.12031,43.75866],[-101.1203,43.75141],[-101.10027,43.75145],[-101.10027,43.72975],[-101.11028,43.72973],[-101.11027,43.73671],[-101.14035,43.73678],[-101.14029,43.74413],[-101.1503,43.74412],[-101.15031,43.75136]]],[[[-101.15046,43.8165],[-101.12039,43.81659],[-101.12038,43.80934],[-101.15045,43.80926],[-101.15046,43.8165]]],[[[-101.15776,43.43994],[-101.14802,43.43993],[-101.14803,43.43272],[-101.15773,43.43275],[-101.15776,43.43994]]],[[[-101.15999,43.56317],[-101.14503,43.56318],[-101.14499,43.55592],[-101.14999,43.55591],[-101.15,43.55953],[-101.15997,43.55951],[-101.15999,43.56317]]],[[[-101.16043,43.79476],[-101.15041,43.79478],[-101.1504,43.78755],[-101.16041,43.78752],[-101.16043,43.79476]]],[[[-101.165,43.82801],[-101.16365,43.8297],[-101.16219,43.82944],[-101.16219,43.82733],[-101.165,43.82801]]],[[[-101.16775,43.47621],[-101.15782,43.47624],[-101.15778,43.46898],[-101.16776,43.46898],[-101.16775,43.47621]]],[[[-101.17223,43.49082],[-101.16975,43.49082],[-101.16979,43.50528],[-101.15985,43.50528],[-101.1597,43.48349],[-101.16972,43.48355],[-101.17223,43.49082]]],[[[-101.17557,43.48941],[-101.17382,43.49082],[-101.17382,43.48941],[-101.17557,43.48941]]],[[[-101.17988,43.75855],[-101.17033,43.75857],[-101.17032,43.75133],[-101.17988,43.75132],[-101.17988,43.75855]]],[[[-101.1799,43.73705],[-101.16028,43.73687],[-101.1603,43.72963],[-101.17987,43.72961],[-101.1799,43.73705]]],[[[-101.18987,43.72239],[-101.17028,43.72238],[-101.17026,43.71515],[-101.17988,43.71514],[-101.17988,43.70791],[-101.18987,43.70791],[-101.18987,43.72239]]],[[[-101.18988,43.79476],[-101.17988,43.79473],[-101.17986,43.78026],[-101.18988,43.78029],[-101.18988,43.79476]]],[[[-101.21467,43.60669],[-101.20969,43.60667],[-101.20968,43.60304],[-101.21466,43.60307],[-101.21467,43.60669]]],[[[-101.21483,43.70438],[-101.20984,43.70416],[-101.20983,43.70073],[-101.21483,43.70075],[-101.21483,43.70438]]],[[[-101.2247,43.54872],[-101.21961,43.54865],[-101.2196,43.54514],[-101.22461,43.54516],[-101.2247,43.54872]]],[[[-101.22809,43.69357],[-101.2198,43.69353],[-101.2198,43.68629],[-101.19982,43.68621],[-101.19985,43.70791],[-101.18987,43.70791],[-101.18986,43.69344],[-101.16022,43.69342],[-101.16027,43.71515],[-101.15028,43.71517],[-101.15024,43.70069],[-101.14025,43.70071],[-101.14023,43.69347],[-101.15023,43.69345],[-101.15021,43.68621],[-101.14026,43.68623],[-101.14019,43.67899],[-101.13021,43.679],[-101.13019,43.66452],[-101.15017,43.66449],[-101.15011,43.64278],[-101.14014,43.64278],[-101.14013,43.63554],[-101.13016,43.63556],[-101.13015,43.62832],[-101.16006,43.6283],[-101.16007,43.63554],[-101.17004,43.63553],[-101.17008,43.65],[-101.17983,43.64999],[-101.17986,43.66447],[-101.19979,43.66452],[-101.19979,43.65728],[-101.21975,43.65734],[-101.21977,43.66818],[-101.22809,43.66823],[-101.22809,43.69357]],[[-101.17986,43.66447],[-101.17013,43.66448],[-101.17015,43.67533],[-101.16017,43.67533],[-101.1602,43.68619],[-101.16519,43.68619],[-101.16517,43.67895],[-101.17987,43.67895],[-101.17986,43.66447]]],[[[-101.22818,43.61758],[-101.21967,43.62121],[-101.21965,43.60672],[-101.22818,43.60665],[-101.22818,43.61758]]],[[[-101.22824,43.79563],[-101.21996,43.79799],[-101.21492,43.79059],[-101.21492,43.78402],[-101.21993,43.78404],[-101.21992,43.77317],[-101.20991,43.77313],[-101.20991,43.78762],[-101.19989,43.78757],[-101.1999,43.78033],[-101.18988,43.78029],[-101.18988,43.77305],[-101.17987,43.77302],[-101.17986,43.78026],[-101.17041,43.78027],[-101.17038,43.77304],[-101.17537,43.77303],[-101.17534,43.76579],[-101.19989,43.76584],[-101.19987,43.73713],[-101.21987,43.73715],[-101.21986,43.73337],[-101.22812,43.73339],[-101.2281,43.7551],[-101.22489,43.75508],[-101.22489,43.75146],[-101.21989,43.75144],[-101.2199,43.75869],[-101.20989,43.75865],[-101.2099,43.76589],[-101.21991,43.76593],[-101.21991,43.76955],[-101.22492,43.76957],[-101.22824,43.79563]]],[[[-101.22824,43.59224],[-101.21962,43.59223],[-101.21962,43.57772],[-101.19971,43.58127],[-101.19973,43.61385],[-101.20969,43.6139],[-101.2097,43.6212],[-101.21967,43.62121],[-101.21972,43.63927],[-101.20974,43.63923],[-101.20971,43.62837],[-101.19978,43.62833],[-101.19975,43.63556],[-101.17983,43.63552],[-101.17981,43.62104],[-101.17002,43.62105],[-101.17003,43.62829],[-101.16006,43.6283],[-101.16005,43.62106],[-101.14012,43.62106],[-101.14011,43.61745],[-101.13013,43.61746],[-101.13012,43.61022],[-101.1401,43.61021],[-101.1401,43.6066],[-101.10517,43.60663],[-101.10517,43.60301],[-101.11016,43.60301],[-101.11015,43.59939],[-101.17,43.59934],[-101.17001,43.60657],[-101.19224,43.6066],[-101.19224,43.59755],[-101.17977,43.59753],[-101.17977,43.59211],[-101.15005,43.59212],[-101.15005,43.5885],[-101.14506,43.58851],[-101.14506,43.58489],[-101.16001,43.58487],[-101.15999,43.57764],[-101.18972,43.57765],[-101.18972,43.56294],[-101.16994,43.56316],[-101.16993,43.55591],[-101.17975,43.55592],[-101.17974,43.54145],[-101.16989,43.54144],[-101.16991,43.54867],[-101.15994,43.54865],[-101.15992,43.53419],[-101.1649,43.5342],[-101.16489,43.53058],[-101.15492,43.53058],[-101.15493,43.5342],[-101.13996,43.53422],[-101.13995,43.51973],[-101.16984,43.51975],[-101.16986,43.52698],[-101.17974,43.52699],[-101.17973,43.51976],[-101.18969,43.51981],[-101.18968,43.51252],[-101.16982,43.51251],[-101.16979,43.50528],[-101.17971,43.50528],[-101.17971,43.5016],[-101.19962,43.50165],[-101.19963,43.50527],[-101.20458,43.50528],[-101.20461,43.5089],[-101.20958,43.50892],[-101.20957,43.50529],[-101.21952,43.50532],[-101.21953,43.51256],[-101.20958,43.51254],[-101.20959,43.51982],[-101.21955,43.51981],[-101.21956,43.53066],[-101.20961,43.53065],[-101.20965,43.54874],[-101.21961,43.54865],[-101.21961,43.56299],[-101.22832,43.56301],[-101.22824,43.59224]],[[-101.19969,43.55597],[-101.20526,43.55235],[-101.19969,43.55235],[-101.19969,43.55597]],[[-101.17251,43.61381],[-101.17001,43.61291],[-101.17001,43.61381],[-101.17251,43.61381]]],[[[-101.22829,43.4909],[-101.19958,43.49082],[-101.19961,43.49803],[-101.18467,43.49803],[-101.18466,43.49082],[-101.17844,43.49082],[-101.17964,43.47637],[-101.18761,43.4764],[-101.18764,43.46899],[-101.17769,43.46897],[-101.17771,43.46079],[-101.15776,43.46171],[-101.15778,43.46898],[-101.12828,43.46896],[-101.12832,43.47629],[-101.14979,43.47628],[-101.14985,43.49082],[-101.12498,43.49083],[-101.12499,43.49802],[-101.12996,43.49802],[-101.12998,43.5125],[-101.13994,43.5125],[-101.13995,43.51973],[-101.12002,43.51973],[-101.12002,43.50526],[-101.11006,43.50526],[-101.11006,43.51973],[-101.10009,43.51972],[-101.1001,43.50526],[-101.09013,43.50525],[-101.09013,43.51972],[-101.06023,43.51976],[-101.06023,43.51253],[-101.07019,43.51251],[-101.07019,43.49803],[-101.06023,43.49805],[-101.06023,43.50529],[-101.0104,43.5053],[-101.0104,43.49805],[-101.03032,43.49806],[-101.03032,43.49082],[-101.00044,43.4908],[-101.00041,43.47628],[-101.00727,43.47628],[-101.00727,43.46893],[-101.01722,43.46891],[-101.01722,43.4763],[-101.02702,43.47631],[-101.02704,43.46888],[-101.03879,43.46888],[-101.03878,43.4616],[-101.04872,43.46157],[-101.04874,43.46887],[-101.05865,43.46887],[-101.0587,43.47633],[-101.04023,43.47633],[-101.04028,43.49082],[-101.06022,43.49081],[-101.06025,43.47632],[-101.06862,43.47632],[-101.0686,43.46888],[-101.06362,43.46888],[-101.0636,43.46154],[-101.07355,43.46153],[-101.07352,43.4544],[-101.05862,43.45438],[-101.05861,43.44716],[-101.06848,43.44714],[-101.06858,43.43989],[-101.11825,43.43992],[-101.11828,43.44717],[-101.1282,43.4472],[-101.12822,43.45444],[-101.17764,43.45444],[-101.17777,43.44718],[-101.18768,43.44718],[-101.18767,43.45444],[-101.1976,43.45444],[-101.19759,43.46543],[-101.19263,43.46539],[-101.19261,43.46901],[-101.20763,43.46903],[-101.20755,43.47641],[-101.19956,43.47641],[-101.19956,43.48355],[-101.22834,43.48359],[-101.22829,43.4909]],[[-101.12002,43.47992],[-101.11008,43.47993],[-101.11006,43.49084],[-101.12001,43.49083],[-101.12002,43.47992]],[[-101.09994,43.48355],[-101.09821,43.4689],[-101.08849,43.4689],[-101.08852,43.47635],[-101.08021,43.47635],[-101.08019,43.48355],[-101.09994,43.48355]],[[-101.11828,43.44717],[-101.08843,43.44704],[-101.08844,43.45441],[-101.09819,43.45441],[-101.09821,43.46158],[-101.11831,43.46163],[-101.11828,43.44717]],[[-101.08849,43.4689],[-101.08846,43.46155],[-101.07851,43.46153],[-101.07855,43.46889],[-101.08849,43.4689]]],[[[-101.22839,43.43262],[-101.21718,43.43258],[-101.21731,43.4545],[-101.22743,43.45452],[-101.2274,43.46185],[-101.20746,43.4615],[-101.20756,43.43993],[-101.19758,43.43992],[-101.19749,43.4109],[-101.21747,43.41091],[-101.21736,43.38918],[-101.20738,43.38918],[-101.20749,43.40365],[-101.18765,43.40363],[-101.18767,43.41816],[-101.17777,43.41815],[-101.17776,43.42543],[-101.13793,43.42176],[-101.13792,43.41813],[-101.14799,43.41814],[-101.14795,43.41088],[-101.11803,43.4109],[-101.11804,43.41816],[-101.10827,43.41816],[-101.10828,43.42542],[-101.09815,43.42542],[-101.09816,43.4326],[-101.05846,43.43254],[-101.05861,43.44716],[-101.04871,43.44716],[-101.04872,43.45439],[-101.03881,43.4544],[-101.0388,43.44716],[-101.02696,43.44715],[-101.00726,43.44722],[-101.00727,43.45446],[-100.97746,43.45454],[-100.97746,43.4473],[-100.98738,43.44727],[-100.98738,43.44005],[-100.97745,43.44006],[-100.97744,43.43283],[-100.96752,43.43286],[-100.9675,43.41116],[-100.97743,43.41115],[-100.97743,43.4183],[-100.99729,43.4183],[-100.99728,43.41107],[-101.00722,43.41103],[-101.00722,43.4038],[-100.98238,43.40388],[-100.98237,43.39665],[-100.98734,43.39663],[-100.98734,43.38947],[-100.9774,43.38947],[-100.97742,43.4039],[-100.96747,43.40394],[-100.96747,43.38947],[-100.95754,43.38947],[-100.95755,43.40399],[-100.94761,43.40404],[-100.94761,43.3968],[-100.92774,43.39688],[-100.92776,43.4041],[-100.91812,43.40409],[-100.91813,43.39687],[-100.90819,43.39687],[-100.9082,43.40407],[-100.88834,43.40408],[-100.88832,43.39687],[-100.86848,43.3969],[-100.8685,43.40411],[-100.84863,43.40412],[-100.8486,43.3896],[-100.83869,43.38963],[-100.83869,43.39329],[-100.82933,43.39329],[-100.8387,43.39691],[-100.83872,43.40413],[-100.82881,43.40414],[-100.82884,43.41859],[-100.80899,43.4186],[-100.80897,43.40415],[-100.80511,43.40415],[-100.80895,43.39692],[-100.80016,43.39691],[-100.80017,43.38966],[-100.79024,43.38966],[-100.79023,43.39691],[-100.78032,43.39691],[-100.78031,43.40411],[-100.79023,43.40412],[-100.79023,43.41134],[-100.78031,43.41133],[-100.78031,43.41855],[-100.77039,43.41854],[-100.77036,43.44022],[-100.76044,43.44023],[-100.76044,43.44741],[-100.75051,43.44738],[-100.75051,43.45466],[-100.73063,43.45461],[-100.73063,43.44736],[-100.7108,43.44737],[-100.71081,43.43298],[-100.73064,43.43299],[-100.73065,43.42578],[-100.70587,43.42577],[-100.70586,43.42937],[-100.7009,43.42937],[-100.70089,43.44017],[-100.69098,43.44017],[-100.69098,43.43296],[-100.68226,43.433],[-100.68219,43.42581],[-100.67236,43.42586],[-100.67236,43.41859],[-100.68724,43.41857],[-100.68724,43.41497],[-100.69097,43.41495],[-100.69097,43.41855],[-100.72075,43.41857],[-100.72076,43.41136],[-100.71085,43.41137],[-100.71084,43.39695],[-100.7307,43.39694],[-100.73072,43.38973],[-100.70089,43.38977],[-100.70091,43.40416],[-100.68226,43.4042],[-100.68228,43.397],[-100.67236,43.39705],[-100.67235,43.40426],[-100.65251,43.40432],[-100.65252,43.39712],[-100.66244,43.39708],[-100.66245,43.38995],[-100.6327,43.39003],[-100.63213,43.40444],[-100.62276,43.40447],[-100.62278,43.39006],[-100.60295,43.39009],[-100.60294,43.39732],[-100.6128,43.39728],[-100.61284,43.41171],[-100.62275,43.41168],[-100.62274,43.4189],[-100.59313,43.41904],[-100.5931,43.39012],[-100.58311,43.39015],[-100.5831,43.3974],[-100.57318,43.39745],[-100.57316,43.40469],[-100.54118,43.4047],[-100.54116,43.39742],[-100.55109,43.39743],[-100.55107,43.39018],[-100.51135,43.39015],[-100.51138,43.39739],[-100.50166,43.39744],[-100.50164,43.40469],[-100.49154,43.40467],[-100.49158,43.41909],[-100.47182,43.41908],[-100.47182,43.41186],[-100.4618,43.41182],[-100.46178,43.4046],[-100.47182,43.40465],[-100.47182,43.39736],[-100.46175,43.39734],[-100.46172,43.39013],[-100.42188,43.39013],[-100.42189,43.39732],[-100.41198,43.39731],[-100.41198,43.39013],[-100.39218,43.39005],[-100.39216,43.39732],[-100.38224,43.39731],[-100.38226,43.39003],[-100.35238,43.39005],[-100.35243,43.40465],[-100.34252,43.40458],[-100.3426,43.38996],[-100.29368,43.39019],[-100.29375,43.40475],[-100.31378,43.40463],[-100.31361,43.41188],[-100.29378,43.41199],[-100.2938,43.41918],[-100.28373,43.41932],[-100.2837,43.41204],[-100.27377,43.41208],[-100.27374,43.40485],[-100.26381,43.40489],[-100.26371,43.39037],[-100.24389,43.39034],[-100.24392,43.39774],[-100.229,43.39779],[-100.22899,43.39417],[-100.23396,43.39416],[-100.23395,43.3904],[-100.21406,43.39045],[-100.21385,43.12865],[-100.19851,43.12865],[-100.19841,42.99854],[-101.22801,42.99788],[-101.22839,43.43262]],[[-101.17777,43.38915],[-101.15783,43.38913],[-101.15778,43.39633],[-101.1777,43.39633],[-101.17777,43.38915]],[[-101.10833,43.38914],[-101.06855,43.38911],[-101.06855,43.40364],[-101.0884,43.40363],[-101.0884,43.39637],[-101.10826,43.39999],[-101.10833,43.38914]],[[-101.03873,43.43259],[-101.02693,43.43262],[-101.02695,43.43991],[-101.03874,43.43991],[-101.03873,43.43259]],[[-100.7605,43.38965],[-100.75058,43.38965],[-100.75057,43.39693],[-100.76049,43.39692],[-100.7605,43.38965]],[[-100.76044,43.43301],[-100.75052,43.43302],[-100.75051,43.43663],[-100.76044,43.43662],[-100.76044,43.43301]],[[-100.57319,43.39017],[-100.56597,43.3902],[-100.56598,43.39382],[-100.57318,43.39379],[-100.57319,43.39017]],[[-100.27374,43.40485],[-100.28367,43.4048],[-100.2836,43.39016],[-100.27368,43.39031],[-100.27374,43.40485]],[[-100.73063,43.44736],[-100.74061,43.44736],[-100.7406,43.44021],[-100.73063,43.4402],[-100.73063,43.44736]],[[-100.7307,43.39694],[-100.73068,43.40415],[-100.74062,43.40415],[-100.74063,43.39694],[-100.7307,43.39694]],[[-100.77039,43.41854],[-100.7704,43.4041],[-100.75056,43.40414],[-100.75054,43.41858],[-100.77039,43.41854]],[[-100.80895,43.39692],[-100.82383,43.39691],[-100.82382,43.3933],[-100.81886,43.3933],[-100.81885,43.38966],[-100.80893,43.38966],[-100.80895,43.39692]],[[-100.86848,43.3969],[-100.86845,43.38958],[-100.85852,43.38959],[-100.85855,43.3969],[-100.86848,43.3969]],[[-100.97744,43.43283],[-101.00706,43.43272],[-101.00723,43.42551],[-100.97743,43.4256],[-100.97744,43.43283]],[[-101.00722,43.4038],[-101.04869,43.40367],[-101.0487,43.39643],[-101.05863,43.39641],[-101.05863,43.3891],[-101.01716,43.38923],[-101.01715,43.39652],[-101.00721,43.39656],[-101.00722,43.4038]],[[-101.05846,43.43254],[-101.05861,43.41813],[-101.0487,43.41816],[-101.0487,43.43256],[-101.05846,43.43254]],[[-101.09815,43.42542],[-101.09833,43.41088],[-101.0884,43.41089],[-101.08841,43.4254],[-101.09815,43.42542]],[[-101.21747,43.41091],[-101.21747,43.41453],[-101.22244,43.41453],[-101.22244,43.41091],[-101.21747,43.41091]],[[-101.15778,43.39633],[-101.1379,43.39631],[-101.13788,43.38914],[-101.118,43.38914],[-101.11803,43.39634],[-101.1281,43.39632],[-101.12811,43.4036],[-101.1379,43.40358],[-101.13791,43.40722],[-101.1579,43.40726],[-101.15776,43.41815],[-101.16783,43.41815],[-101.16782,43.40362],[-101.15778,43.40362],[-101.15778,43.39633]],[[-100.75052,43.43302],[-100.75053,43.4258],[-100.74059,43.42579],[-100.74058,43.43301],[-100.75052,43.43302]],[[-101.00723,43.42551],[-101.0121,43.42549],[-101.01219,43.41825],[-101.00722,43.41827],[-101.00723,43.42551]],[[-101.04869,43.40367],[-101.0487,43.41091],[-101.05862,43.41088],[-101.05862,43.40364],[-101.04869,43.40367]]],[[[-99.00656,43.01715],[-99.00163,43.01716],[-99.00162,43.0099],[-99.00656,43.00991],[-99.00656,43.01715]]],[[[-99.02144,43.0751],[-99.00172,43.07509],[-99.00169,43.06791],[-99.02144,43.06792],[-99.02144,43.0751]]],[[[-99.03113,43.12573],[-99.01145,43.12573],[-99.01151,43.11128],[-99.03119,43.11128],[-99.03113,43.12573]]],[[[-99.03126,43.05336],[-99.02145,43.05344],[-99.02144,43.04611],[-99.03125,43.04614],[-99.03126,43.05336]]],[[[-99.04111,43.03884],[-99.03126,43.03886],[-99.03125,43.03524],[-99.04111,43.03522],[-99.04111,43.03884]]],[[[-99.05088,43.11127],[-99.04103,43.11126],[-99.04106,43.10402],[-99.05092,43.10404],[-99.05088,43.11127]]],[[[-99.05098,43.03162],[-99.04111,43.0316],[-99.04111,43.02436],[-99.05097,43.02437],[-99.05098,43.03162]]],[[[-99.06048,43.0679],[-99.05101,43.06786],[-99.05099,43.07512],[-99.04111,43.07511],[-99.04112,43.06061],[-99.06047,43.06063],[-99.06048,43.0679]]],[[[-99.0703,43.15463],[-99.06046,43.15465],[-99.06047,43.14742],[-99.07032,43.1474],[-99.0703,43.15463]]],[[[-99.08017,43.05349],[-99.07022,43.0535],[-99.07028,43.0462],[-99.08016,43.04619],[-99.08017,43.05349]]],[[[-99.08019,43.09683],[-99.06046,43.09684],[-99.06044,43.0896],[-99.08017,43.0896],[-99.08019,43.09683]]],[[[-99.08021,43.11125],[-99.07034,43.11127],[-99.07033,43.10405],[-99.0802,43.10404],[-99.08021,43.11125]]],[[[-99.08996,43.01],[-99.08012,43.01002],[-99.08013,43.00276],[-99.08996,43.00275],[-99.08996,43.01]]],[[[-99.09988,43.03895],[-99.08998,43.03891],[-99.08996,43.01],[-99.09977,43.01001],[-99.09988,43.03078],[-99.0949,43.0317],[-99.09988,43.03169],[-99.09988,43.03895]]],[[[-99.1097,43.01002],[-99.09977,43.01001],[-99.0998,43.00274],[-99.10968,43.00272],[-99.1097,43.01002]]],[[[-99.11463,43.15818],[-99.1097,43.15819],[-99.10974,43.15457],[-99.10481,43.15457],[-99.10481,43.15096],[-99.11468,43.14734],[-99.11463,43.15818]]],[[[-99.11962,43.14011],[-99.10976,43.14013],[-99.10975,43.14735],[-99.09989,43.14736],[-99.09988,43.15458],[-99.09001,43.15459],[-99.09004,43.14015],[-99.0999,43.14015],[-99.09991,43.13293],[-99.08019,43.13293],[-99.0802,43.14017],[-99.05073,43.14016],[-99.05085,43.1185],[-99.06047,43.11851],[-99.06047,43.11129],[-99.07034,43.11127],[-99.07034,43.12571],[-99.0802,43.12567],[-99.0802,43.11848],[-99.09006,43.11848],[-99.09006,43.10765],[-99.09995,43.10766],[-99.09997,43.11848],[-99.10977,43.11847],[-99.10977,43.1257],[-99.11963,43.12569],[-99.11962,43.14011]]],[[[-99.12948,43.12569],[-99.11963,43.12569],[-99.11969,43.11128],[-99.12948,43.11128],[-99.12948,43.12569]]],[[[-99.15907,43.09679],[-99.14917,43.09679],[-99.14917,43.08955],[-99.15904,43.08954],[-99.15907,43.09679]]],[[[-99.16879,43.01],[-99.15894,43.01006],[-99.15895,43.0065],[-99.14417,43.00652],[-99.14418,43.00275],[-99.1393,43.00276],[-99.13936,43.00989],[-99.14909,43.00989],[-99.14909,43.0172],[-99.13925,43.01721],[-99.13925,43.03168],[-99.1491,43.03167],[-99.14911,43.03892],[-99.13927,43.03893],[-99.13934,43.0534],[-99.14914,43.05339],[-99.14915,43.0679],[-99.1393,43.06792],[-99.13929,43.06063],[-99.12943,43.06064],[-99.12943,43.0534],[-99.11952,43.0534],[-99.11965,43.0679],[-99.12944,43.06791],[-99.12945,43.0751],[-99.11961,43.07511],[-99.11961,43.07873],[-99.09992,43.07874],[-99.09985,43.06064],[-99.10971,43.06064],[-99.10971,43.05702],[-99.08999,43.05703],[-99.08998,43.04618],[-99.09984,43.04616],[-99.09984,43.0534],[-99.1097,43.0534],[-99.10969,43.03168],[-99.11956,43.03167],[-99.11957,43.02443],[-99.1294,43.02453],[-99.12942,43.01004],[-99.11958,43.01003],[-99.11959,43.0027],[-99.13434,43.00274],[-99.13434,42.9983],[-99.15892,42.99844],[-99.15892,43.00274],[-99.16877,43.00271],[-99.16879,43.01]],[[-99.13434,43.03892],[-99.11955,43.03892],[-99.11956,43.04616],[-99.13436,43.04617],[-99.13434,43.03892]]],[[[-99.16888,43.07869],[-99.16395,43.07869],[-99.16394,43.07507],[-99.16888,43.07507],[-99.16888,43.07869]]],[[[-99.19308,43.05332],[-99.18569,43.05332],[-99.18816,43.06056],[-99.18569,43.06056],[-99.18323,43.05332],[-99.1783,43.05332],[-99.1783,43.07506],[-99.16394,43.07236],[-99.16394,43.07507],[-99.15897,43.07508],[-99.15929,43.02441],[-99.16879,43.02441],[-99.16882,43.03889],[-99.1782,43.03887],[-99.17824,43.03165],[-99.18815,43.03164],[-99.18815,43.04609],[-99.19308,43.04609],[-99.19308,43.05332]]],[[[-99.20786,43.03886],[-99.20772,43.06057],[-99.19802,43.06056],[-99.19801,43.03887],[-99.20786,43.03886]]],[[[-99.22755,43.02436],[-99.2177,43.02437],[-99.21769,43.01713],[-99.22755,43.01712],[-99.22755,43.02436]]],[[[-99.23771,43.12571],[-99.22771,43.12573],[-99.22768,43.11124],[-99.23762,43.11123],[-99.23771,43.12571]]],[[[-99.23785,43.34237],[-99.22776,43.34254],[-99.22769,43.33534],[-99.23785,43.33531],[-99.23785,43.34237]]],[[[-99.24735,43.075],[-99.22762,43.07502],[-99.2276,43.0678],[-99.23746,43.06781],[-99.23745,43.06054],[-99.24731,43.06053],[-99.24735,43.075]]],[[[-99.25723,43.08947],[-99.24737,43.08948],[-99.24739,43.09672],[-99.23753,43.09672],[-99.2375,43.08224],[-99.24736,43.08224],[-99.24735,43.075],[-99.25721,43.07499],[-99.25723,43.08947]]],[[[-99.25726,43.10395],[-99.2474,43.10395],[-99.24739,43.09672],[-99.25724,43.09671],[-99.25726,43.10395]]],[[[-99.25736,43.25577],[-99.20796,43.25576],[-99.20796,43.25217],[-99.21784,43.25218],[-99.21782,43.24132],[-99.24746,43.24133],[-99.24747,43.24854],[-99.25734,43.24855],[-99.25736,43.25577]]],[[[-99.25738,43.34258],[-99.24749,43.34257],[-99.24747,43.33533],[-99.25735,43.33532],[-99.25738,43.34258]]],[[[-99.26707,43.06133],[-99.26701,43.06776],[-99.25723,43.06777],[-99.2572,43.06051],[-99.26707,43.06133]]],[[[-99.26711,43.0967],[-99.25724,43.09671],[-99.25723,43.08947],[-99.26709,43.08946],[-99.26711,43.0967]]],[[[-99.26714,43.11118],[-99.25735,43.11124],[-99.25726,43.10395],[-99.26712,43.10394],[-99.26714,43.11118]]],[[[-99.2673,43.35701],[-99.25738,43.35703],[-99.25738,43.34258],[-99.2672,43.34258],[-99.2673,43.35701]]],[[[-99.27688,43.06051],[-99.26702,43.06051],[-99.267,43.05327],[-99.27686,43.05332],[-99.27688,43.06051]]],[[[-99.32639,43.06048],[-99.30667,43.06049],[-99.30667,43.04963],[-99.32639,43.05331],[-99.32639,43.06048]]],[[[-99.3358,43.48715],[-99.32589,43.48712],[-99.3259,43.47988],[-99.33582,43.4799],[-99.3358,43.48715]]],[[[-99.33632,43.11118],[-99.31657,43.11109],[-99.31656,43.10387],[-99.32642,43.10387],[-99.32642,43.0967],[-99.33634,43.0967],[-99.33632,43.11118]]],[[[-99.34616,43.32083],[-99.33628,43.32084],[-99.33628,43.31361],[-99.34617,43.31361],[-99.34616,43.32083]]],[[[-99.35602,43.34976],[-99.33624,43.34977],[-99.33625,43.34255],[-99.35603,43.34255],[-99.35602,43.34976]]],[[[-99.36589,43.35696],[-99.35602,43.35698],[-99.35602,43.34976],[-99.3659,43.34975],[-99.36589,43.35696]]],[[[-99.36592,43.42199],[-99.35605,43.422],[-99.35604,43.41476],[-99.36591,43.41475],[-99.36592,43.42199]]],[[[-99.36594,43.3202],[-99.35605,43.32082],[-99.35605,43.3136],[-99.36595,43.3136],[-99.36594,43.3202]]],[[[-99.37579,43.40029],[-99.356,43.40032],[-99.35601,43.37142],[-99.37577,43.3714],[-99.37577,43.37861],[-99.36588,43.37863],[-99.36588,43.38574],[-99.37577,43.38575],[-99.37579,43.40029]]],[[[-99.37581,43.3353],[-99.35603,43.33527],[-99.35604,43.32804],[-99.36594,43.32805],[-99.36595,43.32082],[-99.37584,43.32083],[-99.37581,43.3353]]],[[[-99.3857,43.15451],[-99.35603,43.15448],[-99.35603,43.14726],[-99.38568,43.14724],[-99.3857,43.15451]]],[[[-99.38572,43.41477],[-99.37578,43.41479],[-99.37578,43.40752],[-99.38572,43.40755],[-99.38572,43.41477]]],[[[-99.40546,43.38573],[-99.39553,43.38575],[-99.39551,43.37866],[-99.40542,43.37865],[-99.40546,43.38573]]],[[[-99.41519,43.4438],[-99.39534,43.44376],[-99.39534,43.43652],[-99.41521,43.43656],[-99.41519,43.4438]]],[[[-99.4353,43.45102],[-99.42507,43.45103],[-99.42509,43.44379],[-99.43529,43.44378],[-99.4353,43.45102]]],[[[-99.47504,43.45101],[-99.4552,43.45102],[-99.45519,43.44363],[-99.47506,43.44364],[-99.47504,43.45101]]],[[[-99.49452,43.38592],[-99.47456,43.38595],[-99.47491,43.36414],[-99.4945,43.36413],[-99.49452,43.38592]]],[[[-99.49455,43.43653],[-99.48462,43.43653],[-99.48461,43.42916],[-99.49454,43.4292],[-99.49455,43.43653]]],[[[-99.51456,43.39309],[-99.50443,43.39308],[-99.50442,43.37862],[-99.51454,43.3786],[-99.51456,43.39309]]],[[[-99.53863,43.40756],[-99.53387,43.40756],[-99.53386,43.40026],[-99.53863,43.40026],[-99.53863,43.40756]]],[[[-99.5436,43.39308],[-99.53386,43.39309],[-99.53386,43.38584],[-99.5436,43.38585],[-99.5436,43.39308]]],[[[-99.54367,43.32793],[-99.53395,43.32793],[-99.53391,43.32072],[-99.54365,43.32073],[-99.54367,43.32793]]],[[[-99.54379,43.13275],[-99.53403,43.13273],[-99.53405,43.12546],[-99.54381,43.12551],[-99.54379,43.13275]]],[[[-99.54383,43.52533],[-99.53377,43.52531],[-99.5337,43.51428],[-99.54384,43.51429],[-99.54383,43.52533]]],[[[-99.54389,43.06035],[-99.53409,43.06035],[-99.5341,43.05305],[-99.54392,43.05309],[-99.54389,43.06035]]],[[[-99.55363,43.21952],[-99.54374,43.21949],[-99.54374,43.21226],[-99.55363,43.21229],[-99.55363,43.21952]]],[[[-99.55367,43.15362],[-99.54378,43.15445],[-99.54378,43.14721],[-99.55371,43.14724],[-99.55367,43.15362]]],[[[-99.55373,43.11106],[-99.54383,43.11079],[-99.54384,43.1038],[-99.55379,43.1038],[-99.55373,43.11106]]],[[[-99.56344,43.451],[-99.52436,43.45099],[-99.52436,43.44376],[-99.51472,43.44375],[-99.51467,43.42917],[-99.49454,43.4292],[-99.49454,43.42204],[-99.54359,43.42203],[-99.54359,43.42917],[-99.52433,43.42917],[-99.52436,43.43652],[-99.55367,43.43651],[-99.55367,43.44359],[-99.56345,43.44351],[-99.56344,43.451]]],[[[-99.56341,43.40755],[-99.55355,43.40755],[-99.55354,43.41463],[-99.5436,43.4147],[-99.5436,43.40033],[-99.56348,43.40032],[-99.56341,43.40755]]],[[[-99.56356,43.19787],[-99.55371,43.19786],[-99.55372,43.19059],[-99.56354,43.19059],[-99.56356,43.19787]]],[[[-99.56358,43.14724],[-99.55371,43.14724],[-99.55376,43.14001],[-99.56362,43.13999],[-99.56358,43.14724]]],[[[-99.56381,43.55783],[-99.54382,43.55786],[-99.54382,43.55063],[-99.5339,43.55063],[-99.53378,43.52892],[-99.54383,43.52895],[-99.54382,43.53979],[-99.55381,43.53978],[-99.55381,43.55062],[-99.56381,43.55061],[-99.56381,43.55783]]],[[[-99.56382,43.57231],[-99.54382,43.57231],[-99.54382,43.56509],[-99.56382,43.56507],[-99.56382,43.57231]]],[[[-99.57339,43.42927],[-99.55366,43.42927],[-99.55366,43.41466],[-99.56346,43.41469],[-99.56347,43.42202],[-99.5734,43.42203],[-99.57339,43.42927]]],[[[-99.57342,43.38577],[-99.56348,43.3858],[-99.56348,43.3786],[-99.55367,43.37861],[-99.55362,43.37128],[-99.5734,43.37137],[-99.57342,43.38577]]],[[[-99.57355,43.15451],[-99.5636,43.15449],[-99.56358,43.14724],[-99.57358,43.14771],[-99.57355,43.15451]]],[[[-99.57555,43.74596],[-99.57519,43.75317],[-99.56418,43.75316],[-99.56419,43.74592],[-99.5577,43.74591],[-99.55949,43.742],[-99.55422,43.73504],[-99.56418,43.73506],[-99.56422,43.7423],[-99.57555,43.74596]]],[[[-99.5832,43.21956],[-99.57348,43.21954],[-99.57346,43.2127],[-99.58321,43.21237],[-99.5832,43.21956]]],[[[-99.58332,43.17614],[-99.56354,43.17612],[-99.56355,43.16893],[-99.55361,43.16897],[-99.55374,43.16172],[-99.57346,43.16172],[-99.57343,43.1689],[-99.58332,43.16891],[-99.58332,43.17614]]],[[[-99.58339,43.07485],[-99.5735,43.07847],[-99.5735,43.06761],[-99.5834,43.07123],[-99.58339,43.07485]]],[[[-99.58365,43.50723],[-99.56375,43.50722],[-99.56341,43.48721],[-99.55844,43.48721],[-99.55844,43.47997],[-99.55348,43.47997],[-99.55348,43.47634],[-99.54851,43.47634],[-99.54851,43.47272],[-99.56839,43.47272],[-99.56838,43.47997],[-99.58331,43.47996],[-99.58365,43.50723]]],[[[-99.58375,43.5651],[-99.56382,43.56507],[-99.56381,43.55783],[-99.58374,43.55787],[-99.58375,43.5651]]],[[[-99.59322,43.19062],[-99.58324,43.19061],[-99.58325,43.18342],[-99.59321,43.18339],[-99.59322,43.19062]]],[[[-99.59335,43.14721],[-99.57359,43.14724],[-99.57362,43.13998],[-99.59336,43.1399],[-99.59335,43.14721]]],[[[-99.59368,43.5434],[-99.58372,43.54339],[-99.58371,43.53616],[-99.59367,43.53617],[-99.59368,43.5434]]],[[[-99.59378,43.62299],[-99.58379,43.62298],[-99.58379,43.61574],[-99.59375,43.61574],[-99.59378,43.62299]]],[[[-99.59826,43.49803],[-99.59329,43.49802],[-99.59329,43.49441],[-99.59825,43.49441],[-99.59826,43.49803]]],[[[-99.60312,43.19791],[-99.59323,43.19789],[-99.59322,43.19062],[-99.60311,43.19057],[-99.60312,43.19791]]],[[[-99.60312,43.28464],[-99.59337,43.28461],[-99.59337,43.27735],[-99.60312,43.2774],[-99.60312,43.28464]]],[[[-99.60315,43.34967],[-99.58332,43.34966],[-99.58332,43.34604],[-99.59335,43.34604],[-99.59335,43.34241],[-99.60315,43.34243],[-99.60315,43.34967]]],[[[-99.60313,43.3773],[-99.59329,43.37861],[-99.59335,43.37131],[-99.60319,43.37135],[-99.60313,43.3773]]],[[[-99.60319,43.451],[-99.59339,43.451],[-99.59346,43.46549],[-99.58331,43.46548],[-99.58332,43.44376],[-99.60319,43.44366],[-99.60319,43.451]]],[[[-99.61302,43.09658],[-99.58833,43.09655],[-99.58832,43.08933],[-99.61302,43.08933],[-99.61302,43.09658]]],[[[-99.61306,43.34243],[-99.60315,43.34243],[-99.60314,43.33524],[-99.61305,43.33525],[-99.61306,43.34243]]],[[[-99.61306,43.36414],[-99.60315,43.36414],[-99.60315,43.35686],[-99.61307,43.35685],[-99.61306,43.36414]]],[[[-99.61328,43.38471],[-99.60315,43.38568],[-99.60316,43.37861],[-99.61331,43.37862],[-99.61328,43.38471]]],[[[-99.61356,43.59406],[-99.60373,43.59406],[-99.6037,43.58672],[-99.61359,43.58673],[-99.61356,43.59406]]],[[[-99.6136,43.52894],[-99.60372,43.52894],[-99.60372,43.5217],[-99.61356,43.52171],[-99.6136,43.52894]]],[[[-99.61427,43.73873],[-99.61281,43.74594],[-99.60833,43.73872],[-99.61427,43.73873]]],[[[-99.62288,43.17618],[-99.61301,43.17617],[-99.61295,43.16895],[-99.62288,43.16895],[-99.62288,43.17618]]],[[[-99.62293,43.32081],[-99.61301,43.3208],[-99.61304,43.31357],[-99.62292,43.31359],[-99.62293,43.32081]]],[[[-99.62866,43.72068],[-99.62372,43.72067],[-99.62374,43.71706],[-99.62864,43.71707],[-99.62866,43.72068]]],[[[-99.63284,43.20516],[-99.61309,43.2051],[-99.61308,43.19794],[-99.63281,43.1979],[-99.63284,43.20516]]],[[[-99.63286,43.2196],[-99.61312,43.21958],[-99.61313,43.21236],[-99.63287,43.21238],[-99.63286,43.2196]]],[[[-99.63255,43.16895],[-99.62288,43.16895],[-99.62291,43.16173],[-99.63287,43.16172],[-99.63255,43.16895]]],[[[-99.63288,43.24858],[-99.62292,43.24855],[-99.62292,43.2413],[-99.63287,43.24132],[-99.63288,43.24858]]],[[[-99.63291,43.28463],[-99.62292,43.28463],[-99.62292,43.27022],[-99.6329,43.27025],[-99.63291,43.28463]]],[[[-99.63296,43.34237],[-99.62305,43.34237],[-99.62304,43.33528],[-99.63295,43.33529],[-99.63296,43.34237]]],[[[-99.633,43.37862],[-99.62299,43.37862],[-99.62298,43.37138],[-99.63299,43.37133],[-99.633,43.37862]]],[[[-99.63336,43.66645],[-99.62365,43.66645],[-99.62354,43.65922],[-99.63331,43.65921],[-99.63336,43.66645]]],[[[-99.6427,43.19791],[-99.63281,43.1979],[-99.63279,43.19069],[-99.64268,43.1906],[-99.6427,43.19791]]],[[[-99.643,43.49445],[-99.63802,43.49444],[-99.63802,43.49082],[-99.64299,43.49083],[-99.643,43.49445]]],[[[-99.64331,43.58675],[-99.62342,43.58674],[-99.62344,43.57227],[-99.63335,43.57229],[-99.63335,43.57959],[-99.64331,43.57959],[-99.64331,43.58675]]],[[[-99.64333,43.64468],[-99.6236,43.64464],[-99.62343,43.6375],[-99.63336,43.63749],[-99.63336,43.63025],[-99.64333,43.63025],[-99.64333,43.64468]]],[[[-99.64339,43.68094],[-99.62346,43.68096],[-99.62341,43.67368],[-99.64337,43.67366],[-99.64339,43.68094]]],[[[-99.6526,43.40027],[-99.63295,43.40024],[-99.63292,43.3931],[-99.62301,43.39308],[-99.62298,43.38563],[-99.63301,43.38564],[-99.633,43.37862],[-99.64282,43.37863],[-99.64283,43.38567],[-99.65257,43.3857],[-99.6526,43.40027]]],[[[-99.65265,43.3208],[-99.64274,43.3208],[-99.6427,43.31354],[-99.65266,43.31352],[-99.65265,43.3208]]],[[[-99.65268,43.29907],[-99.64275,43.29912],[-99.64273,43.29189],[-99.65265,43.29188],[-99.65268,43.29907]]],[[[-99.65325,43.50722],[-99.6433,43.50723],[-99.643,43.49445],[-99.65265,43.49448],[-99.65325,43.50722]]],[[[-99.65327,43.54341],[-99.6433,43.54343],[-99.6433,43.5362],[-99.65327,43.53617],[-99.65327,43.54341]]],[[[-99.66245,43.4366],[-99.63305,43.43654],[-99.63305,43.4292],[-99.61312,43.4292],[-99.61312,43.42203],[-99.60318,43.42203],[-99.6032,43.4292],[-99.59339,43.42921],[-99.59332,43.40755],[-99.61311,43.40755],[-99.61311,43.41479],[-99.64289,43.41474],[-99.6429,43.42923],[-99.66247,43.42929],[-99.66245,43.4366]],[[-99.63307,43.4275],[-99.63793,43.42922],[-99.63794,43.4275],[-99.63307,43.4275]]],[[[-99.66559,43.75697],[-99.66378,43.75693],[-99.66377,43.75331],[-99.65379,43.75331],[-99.65379,43.74606],[-99.66178,43.74606],[-99.66559,43.75697]]],[[[-99.66699,43.76165],[-99.66576,43.764],[-99.66379,43.76483],[-99.66379,43.76029],[-99.66699,43.76165]]],[[[-99.67233,43.22686],[-99.66241,43.22685],[-99.66241,43.21962],[-99.65257,43.21961],[-99.65254,43.22686],[-99.64271,43.22684],[-99.6427,43.21238],[-99.67233,43.21238],[-99.67233,43.22686]]],[[[-99.67238,43.42219],[-99.66245,43.42213],[-99.66244,43.41479],[-99.65257,43.41474],[-99.6526,43.40762],[-99.67237,43.4077],[-99.67238,43.42219]]],[[[-99.67246,43.45116],[-99.66244,43.45108],[-99.66244,43.44384],[-99.67245,43.44388],[-99.67246,43.45116]]],[[[-99.67315,43.50722],[-99.66321,43.50721],[-99.66319,43.4999],[-99.67313,43.49985],[-99.67315,43.50722]]],[[[-99.67318,43.53617],[-99.66324,43.53614],[-99.66319,43.52884],[-99.6732,43.52885],[-99.67318,43.53617]]],[[[-99.68325,43.65925],[-99.67327,43.65922],[-99.67329,43.65199],[-99.68317,43.65201],[-99.68325,43.65925]]],[[[-99.68354,43.71715],[-99.67355,43.71713],[-99.67351,43.70989],[-99.6835,43.70991],[-99.68354,43.71715]]],[[[-99.69313,43.62306],[-99.68316,43.62306],[-99.68316,43.61582],[-99.69313,43.61583],[-99.69313,43.62306]]],[[[-99.69315,43.65201],[-99.68317,43.65201],[-99.68316,43.64478],[-99.69314,43.64478],[-99.69315,43.65201]]],[[[-99.69319,43.67365],[-99.68326,43.6737],[-99.68325,43.65925],[-99.69316,43.65925],[-99.69319,43.67365]]],[[[-99.70314,43.65921],[-99.69316,43.65925],[-99.69315,43.6556],[-99.70314,43.65563],[-99.70314,43.65921]]],[[[-99.70314,43.61583],[-99.69313,43.61583],[-99.69313,43.60132],[-99.70317,43.60132],[-99.70314,43.61583]]],[[[-99.70319,43.56515],[-99.69309,43.56515],[-99.6931,43.57239],[-99.70314,43.57239],[-99.70313,43.57963],[-99.69312,43.57963],[-99.69313,43.58679],[-99.68321,43.58681],[-99.6832,43.57242],[-99.67328,43.57239],[-99.67328,43.56515],[-99.6832,43.56516],[-99.68319,43.55776],[-99.70315,43.55781],[-99.70319,43.56515]]],[[[-99.712,43.25587],[-99.70202,43.25588],[-99.70203,43.26312],[-99.69224,43.26311],[-99.69214,43.2486],[-99.71197,43.24863],[-99.712,43.25587]]],[[[-99.71221,43.48741],[-99.70221,43.48735],[-99.70222,43.49472],[-99.6924,43.49465],[-99.69228,43.48019],[-99.71219,43.48028],[-99.71221,43.48741]]],[[[-99.72151,43.08941],[-99.71164,43.08942],[-99.71164,43.0821],[-99.72151,43.08215],[-99.72151,43.08941]]],[[[-99.72297,43.52173],[-99.71294,43.52171],[-99.71295,43.52885],[-99.703,43.52884],[-99.70298,43.51447],[-99.72296,43.51446],[-99.72297,43.52173]]],[[[-99.7231,43.65203],[-99.71311,43.65202],[-99.71311,43.64478],[-99.72309,43.64479],[-99.7231,43.65203]]],[[[-99.73136,43.07496],[-99.72149,43.07494],[-99.72148,43.06771],[-99.73135,43.06773],[-99.73136,43.07496]]],[[[-99.73176,43.24867],[-99.71197,43.24863],[-99.71188,43.22687],[-99.72178,43.2269],[-99.72179,43.23417],[-99.72674,43.23418],[-99.72676,43.24141],[-99.73172,43.24142],[-99.73176,43.24867]]],[[[-99.73186,43.26315],[-99.72184,43.2631],[-99.72181,43.25591],[-99.73181,43.25594],[-99.73186,43.26315]]],[[[-99.75161,43.26316],[-99.74166,43.26315],[-99.74165,43.25594],[-99.73181,43.25594],[-99.73176,43.24867],[-99.74658,43.24869],[-99.7466,43.25595],[-99.75162,43.25595],[-99.75161,43.26316]]],[[[-99.75191,43.42979],[-99.74192,43.42974],[-99.74191,43.42248],[-99.75191,43.42252],[-99.75191,43.42979]]],[[[-99.7527,43.6448],[-99.74275,43.64478],[-99.74273,43.63032],[-99.75268,43.63032],[-99.7527,43.6448]]],[[[-99.75677,43.3936],[-99.75187,43.39357],[-99.75183,43.38602],[-99.75676,43.38603],[-99.75677,43.3936]]],[[[-99.76186,43.45868],[-99.74198,43.45856],[-99.74195,43.45145],[-99.76183,43.45155],[-99.76186,43.45868]]],[[[-99.76379,43.73669],[-99.76036,43.74106],[-99.75342,43.74111],[-99.75312,43.73159],[-99.73634,43.73443],[-99.74004,43.7233],[-99.72998,43.71883],[-99.71086,43.7331],[-99.70945,43.74189],[-99.70373,43.74921],[-99.70364,43.73164],[-99.69368,43.73166],[-99.69364,43.72802],[-99.70358,43.72438],[-99.70345,43.70989],[-99.72337,43.70994],[-99.72331,43.7027],[-99.70339,43.70266],[-99.70333,43.69542],[-99.72326,43.69546],[-99.7231,43.66653],[-99.74277,43.66649],[-99.74278,43.67373],[-99.73307,43.67372],[-99.73313,43.68096],[-99.74283,43.68096],[-99.7429,43.69181],[-99.75287,43.69182],[-99.75295,43.70268],[-99.76292,43.7027],[-99.76297,43.7102],[-99.74542,43.71087],[-99.75088,43.71713],[-99.74307,43.71714],[-99.74312,43.72438],[-99.75717,43.72436],[-99.76311,43.72985],[-99.76379,43.73669]],[[-99.72337,43.70994],[-99.72342,43.71718],[-99.7284,43.71717],[-99.72834,43.70993],[-99.72337,43.70994]],[[-99.72834,43.70993],[-99.73332,43.70992],[-99.73327,43.70268],[-99.72829,43.70269],[-99.72834,43.70993]],[[-99.73327,43.70268],[-99.73825,43.70267],[-99.73823,43.69906],[-99.73325,43.69906],[-99.73327,43.70268]]],[[[-99.77101,43.45161],[-99.76183,43.45155],[-99.76182,43.44432],[-99.77103,43.44437],[-99.77101,43.45161]]],[[[-99.77105,43.42988],[-99.76179,43.42984],[-99.76177,43.42258],[-99.77105,43.42264],[-99.77105,43.42988]]],[[[-99.77108,43.11117],[-99.76104,43.11115],[-99.76103,43.10394],[-99.77107,43.10395],[-99.77108,43.11117]]]]},"properties":{"AIANNHCE":"3235","NAMELSAD":"Rosebud Indian Reservation and Off-Reservation Trust Land","FEMA":"Rosebud Indian Reservation","POP":10180,"AIAN":8505,"POP_OK":1,"DECL":3,"TRIBE_N":1,"STATE_N":2,"LIST":"2019: Flood | 2019: Flood | 2023: Winter Storm","STATE":"South Dakota"}},{"type":"Feature","geometry":{"type":"MultiPolygon","coordinates":[[[[-92.61578,41.97833],[-92.61569,41.98556],[-92.61084,41.98549],[-92.61089,41.9783],[-92.61578,41.97833]]],[[[-92.61941,41.93046],[-92.6194,41.93796],[-92.60975,41.93809],[-92.60998,41.94167],[-92.60038,41.94167],[-92.60008,41.93821],[-92.60487,41.93804],[-92.60457,41.93468],[-92.59969,41.93468],[-92.60019,41.92732],[-92.60505,41.92725],[-92.60531,41.92365],[-92.61258,41.92367],[-92.61211,41.93037],[-92.61941,41.93046]]],[[[-92.63007,42.00229],[-92.62526,42.00214],[-92.62276,42.00381],[-92.62525,41.99861],[-92.63007,42.00229]]],[[[-92.6985,41.9997],[-92.68666,41.99761],[-92.68667,41.99971],[-92.67389,41.99971],[-92.67393,42.0046],[-92.66883,42.00457],[-92.67375,42.00722],[-92.67126,42.00722],[-92.66865,42.01425],[-92.66387,42.01426],[-92.65914,42.00706],[-92.64934,42.00695],[-92.64935,42.01429],[-92.63965,42.01469],[-92.63941,42.00757],[-92.63478,42.00757],[-92.63451,41.99304],[-92.6398,41.99301],[-92.63988,41.98926],[-92.63513,41.98936],[-92.63357,41.99306],[-92.62045,41.99293],[-92.62541,41.98936],[-92.61808,41.9856],[-92.62547,41.98662],[-92.62046,41.98268],[-92.62546,41.98206],[-92.62561,41.97479],[-92.6207,41.97475],[-92.62075,41.96403],[-92.61566,41.96384],[-92.61562,41.96018],[-92.62274,41.95513],[-92.63047,41.95949],[-92.63017,41.94923],[-92.63501,41.94925],[-92.63466,41.9417],[-92.64435,41.94202],[-92.64455,41.94924],[-92.63907,41.9493],[-92.63966,41.95654],[-92.64924,41.95711],[-92.64929,41.96267],[-92.63655,41.96374],[-92.65918,41.96386],[-92.65915,41.9711],[-92.65426,41.97104],[-92.65422,41.97841],[-92.65785,41.97853],[-92.65791,41.97484],[-92.66653,41.97482],[-92.66874,41.9789],[-92.67994,41.97878],[-92.68005,41.97499],[-92.6825,41.97497],[-92.68238,41.98031],[-92.68666,41.9804],[-92.68842,41.98588],[-92.69845,41.98555],[-92.6985,41.9997]],[[-92.66885,42.00254],[-92.66677,42.00176],[-92.66685,42.00251],[-92.66885,42.00254]]]]},"properties":{"AIANNHCE":"3280","NAMELSAD":"Sac and Fox/Meskwaki Settlement and Off-Reservation Trust Land","FEMA":"Sac and Fox Tribe of the Mississippi in Iowa","POP":1023,"AIAN":777,"POP_OK":1,"DECL":3,"TRIBE_N":2,"STATE_N":1,"LIST":"2014: Flood | 2019: Flood | 2020: Severe Storm","STATE":"Iowa"}},{"type":"Feature","geometry":{"type":"MultiPolygon","coordinates":[[[[-95.56395,39.97935],[-95.56331,39.97935],[-95.56392,39.97845],[-95.56395,39.97935]]],[[[-95.56392,39.97574],[-95.56332,39.97665],[-95.56329,39.97583],[-95.56392,39.97574]]],[[[-95.56856,39.97846],[-95.5653,39.97945],[-95.56525,39.97846],[-95.56856,39.97846]]],[[[-95.57537,40.02096],[-95.56082,40.02302],[-95.55629,40.02692],[-95.55666,40.03182],[-95.55144,40.02772],[-95.54735,40.02945],[-95.54265,40.03554],[-95.5363,40.03563],[-95.53274,40.04244],[-95.52968,40.03922],[-95.52687,40.04205],[-95.53131,40.0475],[-95.525,40.04874],[-95.523,40.05251],[-95.52043,40.04899],[-95.51864,40.05417],[-95.51471,40.05072],[-95.51328,40.05377],[-95.51638,40.05524],[-95.51333,40.05584],[-95.51008,40.05055],[-95.5072,40.05417],[-95.49834,40.05331],[-95.49778,40.04745],[-95.4929,40.04446],[-95.49597,40.03935],[-95.4917,40.03901],[-95.47822,40.02583],[-95.46925,40.02455],[-95.46385,40.01786],[-95.46124,40.02748],[-95.45903,40.018],[-95.45127,40.02105],[-95.43839,40.01187],[-95.44235,40.00363],[-95.45077,40.0114],[-95.46684,39.99782],[-95.46708,39.99456],[-95.47539,39.99258],[-95.47491,39.9756],[-95.55568,39.97607],[-95.55455,39.98783],[-95.56905,40.00324],[-95.56657,40.00566],[-95.57218,40.00881],[-95.56968,40.01219],[-95.57313,40.01304],[-95.57106,40.01899],[-95.57537,40.02096]]],[[[-95.66227,40.11172],[-95.65761,40.11174],[-95.65751,40.10202],[-95.66223,40.10203],[-95.66227,40.11172]]],[[[-95.72914,39.69713],[-95.72803,39.70498],[-95.728,39.69713],[-95.72914,39.69713]]],[[[-95.74168,39.71985],[-95.73557,39.71993],[-95.73565,39.71171],[-95.74199,39.71171],[-95.74168,39.71985]]],[[[-95.74259,39.70306],[-95.7408,39.70787],[-95.73206,39.70778],[-95.73207,39.70419],[-95.73801,39.703],[-95.74259,39.70306]]]]},"properties":{"AIANNHCE":"3285","NAMELSAD":"Sac and Fox Nation Reservation and Off-Reservation Trust Land","FEMA":"Sac and Fox Indian Reservation (Also KS)","POP":185,"AIAN":31,"POP_OK":1,"DECL":1,"TRIBE_N":0,"STATE_N":1,"LIST":"2019: Flood","STATE":"Nebraska, Kansas"}},{"type":"Feature","geometry":{"type":"MultiPolygon","coordinates":[[[[-92.1132,45.5822],[-92.09797,45.57974],[-92.09876,45.57482],[-92.10313,45.57482],[-92.10313,45.57846],[-92.11325,45.57858],[-92.1132,45.5822]]],[[[-92.12029,45.89681],[-92.11525,45.89661],[-92.11479,45.89115],[-92.11997,45.89093],[-92.12029,45.89681]]],[[[-92.15063,45.3966],[-92.14898,45.39815],[-92.14848,45.39748],[-92.15063,45.3966]]],[[[-92.15416,45.76905],[-92.14225,45.76909],[-92.14148,45.76557],[-92.15417,45.76548],[-92.15416,45.76905]]],[[[-92.20601,45.84837],[-92.20073,45.84835],[-92.20073,45.84472],[-92.20601,45.84469],[-92.20601,45.84837]]],[[[-92.21579,45.81861],[-92.20033,45.81851],[-92.19607,45.82702],[-92.19542,45.81616],[-92.18445,45.81329],[-92.1845,45.80872],[-92.21614,45.80883],[-92.21606,45.81445],[-92.21347,45.81451],[-92.21579,45.81861]]],[[[-92.28779,45.82707],[-92.28714,45.82843],[-92.28727,45.82549],[-92.28779,45.82707]]],[[[-92.29308,45.82393],[-92.28791,45.82376],[-92.28798,45.82015],[-92.29318,45.82024],[-92.29308,45.82393]]],[[[-92.29477,45.53473],[-92.28194,45.53239],[-92.26861,45.53666],[-92.26878,45.52593],[-92.26347,45.52589],[-92.26363,45.52203],[-92.26863,45.52205],[-92.26874,45.51865],[-92.26377,45.51848],[-92.26397,45.51499],[-92.26892,45.51514],[-92.26893,45.51151],[-92.28422,45.51192],[-92.28403,45.52458],[-92.2889,45.52618],[-92.28736,45.5298],[-92.29477,45.53473]]],[[[-92.35012,45.78843],[-92.34589,45.78858],[-92.33983,45.78058],[-92.32488,45.78058],[-92.32494,45.77709],[-92.34492,45.7772],[-92.34489,45.78258],[-92.35012,45.78444],[-92.35012,45.78843]]],[[[-92.36325,46.01322],[-92.34851,46.01607],[-92.34231,46.00662],[-92.36296,46.00567],[-92.36325,46.01322]]],[[[-92.42988,45.53046],[-92.4263,45.53047],[-92.42631,45.5268],[-92.42984,45.52681],[-92.42988,45.53046]]]]},"properties":{"AIANNHCE":"3305","NAMELSAD":"St. Croix Reservation and Off-Reservation Trust Land","FEMA":"St. Croix Indian Reservation","POP":447,"AIAN":308,"POP_OK":1,"DECL":1,"TRIBE_N":0,"STATE_N":1,"LIST":"2019: Flood","STATE":"Wisconsin"}},{"type":"Feature","geometry":{"type":"Polygon","coordinates":[[[-74.72623,44.99486],[-74.70202,45.00332],[-74.68397,44.99969],[-74.67305,45.00094],[-74.6703,45.00619],[-74.66148,44.99959],[-74.57163,44.99888],[-74.5721,44.95233],[-74.61214,44.95239],[-74.65431,44.97667],[-74.65986,44.97515],[-74.66391,44.97887],[-74.6716,44.97135],[-74.66666,44.96458],[-74.67443,44.95889],[-74.68513,44.95934],[-74.68948,44.9529],[-74.72031,44.95301],[-74.72623,44.99486]]]},"properties":{"AIANNHCE":"3320","NAMELSAD":"St. Regis Mohawk Reservation","FEMA":"St. Regis Mohawk Indian Reservation","POP":3661,"AIAN":2987,"POP_OK":1,"DECL":1,"TRIBE_N":1,"STATE_N":0,"LIST":"2024: Tropical Storm","STATE":"New York"}},{"type":"Feature","geometry":{"type":"MultiPolygon","coordinates":[[[[-111.71681,33.49801],[-111.71012,33.50495],[-111.6965,33.50933],[-111.68411,33.50382],[-111.68404,33.49989],[-111.71681,33.49801]]],[[[-111.90928,33.45128],[-111.89201,33.45495],[-111.8911,33.56797],[-111.79894,33.5679],[-111.79822,33.57243],[-111.7872,33.57159],[-111.78473,33.58157],[-111.77011,33.57515],[-111.77011,33.56791],[-111.70881,33.56788],[-111.70935,33.56408],[-111.63987,33.57412],[-111.64325,33.55035],[-111.6697,33.54395],[-111.6757,33.51826],[-111.6838,33.5163],[-111.69322,33.51913],[-111.69323,33.51544],[-111.71511,33.50214],[-111.72814,33.48672],[-111.73181,33.48868],[-111.73977,33.48257],[-111.78748,33.48453],[-111.78728,33.4664],[-111.8221,33.4666],[-111.82209,33.46985],[-111.82642,33.46983],[-111.82874,33.46261],[-111.83551,33.46249],[-111.83546,33.45877],[-111.8413,33.46002],[-111.84803,33.45244],[-111.85635,33.45133],[-111.85674,33.44824],[-111.87457,33.43682],[-111.90965,33.43675],[-111.90928,33.45128]]]]},"properties":{"AIANNHCE":"3340","NAMELSAD":"Salt River Reservation","FEMA":"Salt River Pima-Maricopa Indian Community","POP":5111,"AIAN":3153,"POP_OK":1,"DECL":1,"TRIBE_N":1,"STATE_N":0,"LIST":"2022: Severe Storm","STATE":"Arizona"}},{"type":"Feature","geometry":{"type":"MultiPolygon","coordinates":[[[[-106.47551,35.25579],[-106.46412,35.24873],[-106.46739,35.24517],[-106.4789,35.25228],[-106.47551,35.25579]]],[[[-106.48987,35.23323],[-106.48592,35.23687],[-106.48453,35.23152],[-106.48987,35.23323]]],[[[-106.53233,35.31862],[-106.52579,35.31648],[-106.53033,35.31627],[-106.53233,35.31862]]],[[[-106.57676,35.30623],[-106.58035,35.30715],[-106.57658,35.30714],[-106.57676,35.30623]]],[[[-106.5844,35.29814],[-106.58223,35.29829],[-106.5832,35.29687],[-106.5844,35.29814]]],[[[-106.60018,35.28061],[-106.59951,35.28253],[-106.59881,35.28164],[-106.60018,35.28061]]],[[[-106.6194,35.20948],[-106.60019,35.22209],[-106.58706,35.23701],[-106.59762,35.26942],[-106.59543,35.28586],[-106.56009,35.31131],[-106.539,35.30028],[-106.53107,35.30476],[-106.53107,35.31016],[-106.51336,35.31012],[-106.51569,35.28785],[-106.50691,35.28314],[-106.50367,35.28722],[-106.49257,35.28128],[-106.49581,35.27721],[-106.48478,35.27135],[-106.4901,35.26292],[-106.50485,35.2085],[-106.50427,35.20205],[-106.47164,35.18668],[-106.56434,35.20001],[-106.57041,35.19469],[-106.56875,35.19034],[-106.57763,35.19027],[-106.57666,35.20178],[-106.60935,35.2064],[-106.6194,35.20948]]]]},"properties":{"AIANNHCE":"3370","NAMELSAD":"Sandia Pueblo and Off-Reservation Trust Land","FEMA":"Sandia Pueblo (Indian Reservation)","POP":4847,"AIAN":613,"POP_OK":1,"DECL":2,"TRIBE_N":0,"STATE_N":2,"LIST":"2013: Severe Storm | 2014: Flood","STATE":"New Mexico"}},{"type":"Feature","geometry":{"type":"Polygon","coordinates":[[[-106.53011,35.4508],[-106.49025,35.4508],[-106.49019,35.46529],[-106.49442,35.46529],[-106.49455,35.47279],[-106.48581,35.47275],[-106.48579,35.47784],[-106.49436,35.47794],[-106.49439,35.4947],[-106.49952,35.49464],[-106.4992,35.50934],[-106.50319,35.50945],[-106.50319,35.5239],[-106.49429,35.52393],[-106.49415,35.533],[-106.48711,35.53299],[-106.43462,35.50037],[-106.40052,35.47777],[-106.40064,35.47109],[-106.35588,35.47118],[-106.35517,35.36563],[-106.39968,35.36524],[-106.3997,35.35436],[-106.39478,35.35422],[-106.3948,35.34836],[-106.40421,35.34829],[-106.40427,35.35456],[-106.4809,35.35799],[-106.47476,35.36652],[-106.51208,35.36826],[-106.51216,35.3714],[-106.50668,35.37033],[-106.50384,35.37705],[-106.48711,35.38458],[-106.48721,35.38767],[-106.49644,35.3876],[-106.50119,35.3823],[-106.50137,35.39253],[-106.48722,35.39324],[-106.48725,35.3957],[-106.49175,35.39586],[-106.49471,35.40312],[-106.50442,35.40297],[-106.50462,35.40728],[-106.51267,35.4111],[-106.51268,35.4146],[-106.53012,35.41486],[-106.53011,35.4508]]]},"properties":{"AIANNHCE":"3400","NAMELSAD":"San Felipe Pueblo","FEMA":"Pueblo of San Felipe / San Felipe Pueblo (Indian Reservation)","POP":3518,"AIAN":2093,"POP_OK":1,"DECL":2,"TRIBE_N":0,"STATE_N":2,"LIST":"2011: Severe Storm | 2013: Severe Storm","STATE":"New Mexico"}},{"type":"Feature","geometry":{"type":"Polygon","coordinates":[[[-106.67247,35.37763],[-106.67341,35.49768],[-106.66728,35.49773],[-106.66753,35.5377],[-106.61439,35.53773],[-106.61419,35.5431],[-106.5901,35.53899],[-106.56075,35.53968],[-106.56051,35.45075],[-106.53011,35.4508],[-106.53012,35.41486],[-106.51268,35.4146],[-106.51267,35.4111],[-106.50462,35.40728],[-106.50442,35.40297],[-106.49471,35.40312],[-106.49175,35.39586],[-106.48725,35.3957],[-106.48722,35.39324],[-106.50137,35.39253],[-106.50119,35.3823],[-106.51407,35.38185],[-106.51693,35.37697],[-106.53128,35.36915],[-106.50966,35.36811],[-106.51371,35.35956],[-106.4809,35.35799],[-106.48233,35.35565],[-106.49347,35.35146],[-106.50698,35.33443],[-106.52864,35.33444],[-106.53098,35.33221],[-106.53928,35.33434],[-106.53936,35.32614],[-106.55356,35.32899],[-106.55451,35.32704],[-106.5483,35.32406],[-106.5582,35.32412],[-106.55559,35.33344],[-106.56127,35.33311],[-106.56106,35.32731],[-106.56669,35.32736],[-106.5666,35.33069],[-106.57169,35.33071],[-106.61983,35.35948],[-106.61992,35.36431],[-106.63336,35.36413],[-106.63341,35.37765],[-106.67247,35.37763]]]},"properties":{"AIANNHCE":"3480","NAMELSAD":"Santa Ana Pueblo","FEMA":"Pueblo of Santa Ana","POP":1026,"AIAN":995,"POP_OK":1,"DECL":1,"TRIBE_N":0,"STATE_N":1,"LIST":"2011: Severe Storm","STATE":"New Mexico"}},{"type":"Feature","geometry":{"type":"Polygon","coordinates":[[[-106.44822,35.99885],[-106.44451,36.0081],[-106.39964,36.00805],[-106.39958,36.00124],[-106.32906,36.00118],[-106.32935,36.00797],[-106.31232,36.00767],[-106.31301,36.01445],[-106.29585,36.01467],[-106.29599,36.02185],[-106.24364,36.02302],[-106.24331,36.01579],[-106.22551,36.0158],[-106.22552,36.00858],[-106.20663,36.00794],[-106.20781,36.00148],[-106.15905,36.00167],[-106.15917,35.99479],[-106.13529,35.99442],[-106.13525,36.00623],[-106.04171,36.0062],[-106.04166,35.93092],[-106.16053,35.93064],[-106.16548,35.93815],[-106.19125,35.94557],[-106.19486,35.9485],[-106.19496,35.95361],[-106.2024,35.95777],[-106.20242,35.95078],[-106.21951,35.95297],[-106.24562,35.94818],[-106.24816,35.96633],[-106.26422,35.96547],[-106.26424,35.97275],[-106.30037,35.97339],[-106.30016,35.95845],[-106.31682,35.95854],[-106.31544,35.95242],[-106.38612,35.95271],[-106.38582,35.95994],[-106.39947,35.96009],[-106.39947,35.95257],[-106.42584,35.96378],[-106.44558,35.97889],[-106.44781,35.98677],[-106.43718,35.99406],[-106.44822,35.99885]]]},"properties":{"AIANNHCE":"3495","NAMELSAD":"Santa Clara Pueblo and Off-Reservation Trust Land","FEMA":"Pueblo of Santa Clara / Santa Clara Pueblo (Indian Reservation)","POP":11709,"AIAN":1347,"POP_OK":1,"DECL":7,"TRIBE_N":3,"STATE_N":4,"LIST":"2011: Severe Storm | 2012: Flood | 2012: Flood | 2013: Severe Storm | 2014: Severe Storm | 2015: Severe Storm | 2024: Flood","STATE":"New Mexico"}},{"type":"Feature","geometry":{"type":"Polygon","coordinates":[[[-97.95461,42.61179],[-97.95352,42.76904],[-97.93672,42.77575],[-97.90898,42.79491],[-97.89024,42.81511],[-97.87988,42.83539],[-97.87534,42.85872],[-97.85796,42.86509],[-97.8285,42.8688],[-97.81708,42.86178],[-97.77446,42.84977],[-97.72067,42.84745],[-97.72047,42.61194],[-97.95461,42.61179]]]},"properties":{"AIANNHCE":"3565","NAMELSAD":"Santee Reservation","FEMA":"Santee Indian Reservation","POP":751,"AIAN":509,"POP_OK":1,"DECL":1,"TRIBE_N":0,"STATE_N":1,"LIST":"2019: Flood","STATE":"Nebraska"}},{"type":"Feature","geometry":{"type":"Polygon","coordinates":[[[-106.53566,35.54929],[-106.53518,35.62151],[-106.53905,35.62461],[-106.51902,35.62468],[-106.51898,35.63503],[-106.35858,35.55934],[-106.34303,35.55358],[-106.34119,35.55971],[-106.31409,35.54885],[-106.31419,35.55087],[-106.28879,35.55062],[-106.27095,35.536],[-106.23063,35.52583],[-106.2304,35.44022],[-106.33883,35.46635],[-106.3559,35.46759],[-106.35588,35.47118],[-106.34253,35.47082],[-106.34268,35.47648],[-106.40054,35.47664],[-106.51681,35.55198],[-106.53438,35.552],[-106.53435,35.54843],[-106.53913,35.54847],[-106.53566,35.54929]]]},"properties":{"AIANNHCE":"3585","NAMELSAD":"Santo Domingo Pueblo","FEMA":"Santo Domingo Pueblo (Indian Reservation)","POP":3546,"AIAN":2172,"POP_OK":1,"DECL":1,"TRIBE_N":0,"STATE_N":1,"LIST":"2013: Severe Storm","STATE":"New Mexico"}},{"type":"Feature","geometry":{"type":"MultiPolygon","coordinates":[[[[-121.54637,48.28983],[-121.54146,48.29103],[-121.54146,48.28982],[-121.54637,48.28983]]],[[[-121.55389,48.32218],[-121.54631,48.32222],[-121.5463,48.3197],[-121.55301,48.31976],[-121.55389,48.32218]]]]},"properties":{"AIANNHCE":"3625","NAMELSAD":"Sauk-Suiattle Reservation","FEMA":"Sauk-Suiattle Indian Reservation","POP":55,"AIAN":34,"POP_OK":1,"DECL":1,"TRIBE_N":0,"STATE_N":1,"LIST":"2014: Mud/Landslide","STATE":"Washington"}},{"type":"Feature","geometry":{"type":"MultiPolygon","coordinates":[[[[-123.99084,46.70923],[-123.99062,46.70983],[-123.99024,46.70982],[-123.99084,46.70923]]],[[[-124.04092,46.73754],[-124.01159,46.73266],[-124.01413,46.73048],[-124.01278,46.72045],[-124.02913,46.71773],[-124.03728,46.72205],[-124.03565,46.72813],[-124.04105,46.72838],[-124.04092,46.73754]]]]},"properties":{"AIANNHCE":"3780","NAMELSAD":"Shoalwater Bay Indian Reservation and Off-Reservation Trust Land","FEMA":"Shoalwater Bay Reservation","POP":160,"AIAN":69,"POP_OK":1,"DECL":1,"TRIBE_N":0,"STATE_N":1,"LIST":"2022: Flood","STATE":"Washington"}},{"type":"Feature","geometry":{"type":"MultiPolygon","coordinates":[[[[-122.99527,44.98793],[-122.99134,44.98978],[-122.99137,44.98777],[-122.99527,44.98793]]],[[[-123.65386,44.69125],[-123.64869,44.69127],[-123.6487,44.68771],[-123.65387,44.68774],[-123.65386,44.69125]]],[[[-123.69458,44.68383],[-123.68444,44.68377],[-123.68447,44.68019],[-123.69459,44.68025],[-123.69458,44.68383]]],[[[-123.70968,44.69468],[-123.70465,44.69814],[-123.70472,44.69445],[-123.70968,44.69468]]],[[[-123.71967,44.7057],[-123.71456,44.70562],[-123.71458,44.70203],[-123.71971,44.70214],[-123.71967,44.7057]]],[[[-123.72501,44.72435],[-123.71603,44.72527],[-123.70775,44.7207],[-123.70752,44.7166],[-123.72507,44.71682],[-123.72501,44.72435]]],[[[-123.72519,44.68069],[-123.71981,44.68059],[-123.71985,44.67695],[-123.72516,44.67703],[-123.72519,44.68069]]],[[[-123.7351,44.68042],[-123.73014,44.68055],[-123.73009,44.67329],[-123.73507,44.67321],[-123.7351,44.68042]]],[[[-123.7353,44.74263],[-123.73016,44.74266],[-123.73014,44.739],[-123.73529,44.73896],[-123.7353,44.74263]]],[[[-123.73547,44.69257],[-123.73038,44.69257],[-123.7302,44.6952],[-123.73492,44.6952],[-123.73493,44.69879],[-123.72516,44.69521],[-123.72517,44.69112],[-123.73547,44.69257]]],[[[-123.74026,44.79462],[-123.73519,44.79456],[-123.73523,44.79103],[-123.74029,44.79105],[-123.74026,44.79462]]],[[[-123.74035,44.77665],[-123.73537,44.7767],[-123.7354,44.77312],[-123.74033,44.77306],[-123.74035,44.77665]]],[[[-123.7503,44.74263],[-123.74522,44.7426],[-123.74519,44.73894],[-123.75031,44.73894],[-123.7503,44.74263]]],[[[-123.75035,44.79829],[-123.7453,44.79827],[-123.74532,44.79467],[-123.75036,44.79468],[-123.75035,44.79829]]],[[[-123.7548,44.78379],[-123.74538,44.78381],[-123.74527,44.77531],[-123.7497,44.77536],[-123.74995,44.77172],[-123.75488,44.77173],[-123.7548,44.78379]]],[[[-123.755,44.66948],[-123.75001,44.6695],[-123.75002,44.66595],[-123.75503,44.66594],[-123.755,44.66948]]],[[[-123.75514,44.76079],[-123.74431,44.76066],[-123.74476,44.75714],[-123.74009,44.75718],[-123.74029,44.76947],[-123.73537,44.76951],[-123.73533,44.76071],[-123.72519,44.76433],[-123.72508,44.75394],[-123.75521,44.75374],[-123.75514,44.76079]]],[[[-123.76983,44.70963],[-123.76476,44.70956],[-123.76472,44.70627],[-123.76977,44.70612],[-123.76983,44.70963]]],[[[-123.7728,44.74273],[-123.76799,44.74278],[-123.76819,44.74664],[-123.75029,44.74635],[-123.7503,44.74263],[-123.76044,44.7427],[-123.76029,44.73679],[-123.77029,44.73493],[-123.77032,44.73136],[-123.7728,44.73135],[-123.7728,44.74273]]],[[[-123.78275,44.74708],[-123.78262,44.75353],[-123.78013,44.75358],[-123.78024,44.74639],[-123.78275,44.74708]]],[[[-123.78515,44.76251],[-123.76521,44.76639],[-123.76518,44.75744],[-123.77532,44.75727],[-123.7755,44.76087],[-123.78515,44.76251]]],[[[-123.78965,44.69844],[-123.77966,44.69471],[-123.77972,44.68749],[-123.78465,44.68756],[-123.7845,44.69278],[-123.78952,44.69279],[-123.78965,44.69844]]],[[[-123.80022,44.77906],[-123.78035,44.7791],[-123.78042,44.78728],[-123.77541,44.78735],[-123.77561,44.7829],[-123.77021,44.78285],[-123.77554,44.78101],[-123.77569,44.77541],[-123.79527,44.77533],[-123.79537,44.77163],[-123.80052,44.77164],[-123.80022,44.77906]]],[[[-123.80318,44.72416],[-123.79807,44.72415],[-123.79806,44.73131],[-123.78527,44.7313],[-123.78563,44.72053],[-123.80323,44.72055],[-123.80318,44.72416]]],[[[-123.8077,44.78282],[-123.80507,44.78278],[-123.80569,44.77164],[-123.80825,44.77171],[-123.8077,44.78282]]],[[[-123.80984,44.6928],[-123.79951,44.69462],[-123.79954,44.69282],[-123.80984,44.6928]]],[[[-123.81845,44.7445],[-123.81593,44.74629],[-123.81595,44.74447],[-123.81845,44.7445]]],[[[-123.82106,44.72409],[-123.81594,44.72411],[-123.81586,44.72057],[-123.82079,44.72057],[-123.82106,44.72409]]],[[[-123.83029,44.70998],[-123.82021,44.70992],[-123.82011,44.70526],[-123.83022,44.70524],[-123.83029,44.70998]]],[[[-123.83123,44.75018],[-123.82614,44.75017],[-123.82613,44.74647],[-123.83116,44.7465],[-123.83123,44.75018]]],[[[-123.83623,44.7465],[-123.83371,44.74648],[-123.83369,44.74268],[-123.83623,44.74272],[-123.83623,44.7465]]],[[[-123.84391,44.72754],[-123.8414,44.72756],[-123.84133,44.72388],[-123.84382,44.72385],[-123.84391,44.72754]]],[[[-123.86115,44.70946],[-123.85664,44.70945],[-123.85635,44.70245],[-123.86112,44.70247],[-123.86115,44.70946]]],[[[-123.86728,44.69559],[-123.86104,44.69552],[-123.86112,44.6925],[-123.86735,44.69254],[-123.86728,44.69559]]],[[[-123.88267,44.69906],[-123.87783,44.69904],[-123.87792,44.69566],[-123.87291,44.69563],[-123.87286,44.69259],[-123.8828,44.69268],[-123.88267,44.69906]]],[[[-123.90014,44.70574],[-123.88731,44.70587],[-123.88745,44.70242],[-123.90021,44.70222],[-123.90014,44.70574]]],[[[-123.91293,44.70207],[-123.90787,44.7021],[-123.90772,44.69481],[-123.91286,44.69478],[-123.91293,44.70207]]],[[[-123.91296,44.72498],[-123.90869,44.73016],[-123.91036,44.72567],[-123.89764,44.72709],[-123.89766,44.72386],[-123.90528,44.72389],[-123.90053,44.72025],[-123.90123,44.71749],[-123.90597,44.72024],[-123.91252,44.71873],[-123.91296,44.72498]]],[[[-123.91804,44.72086],[-123.91732,44.7213],[-123.9173,44.72087],[-123.91804,44.72086]]],[[[-123.92303,44.73376],[-123.91793,44.73382],[-123.91784,44.73914],[-123.91272,44.7392],[-123.91003,44.74284],[-123.91281,44.73493],[-123.90865,44.73115],[-123.92303,44.73376]]],[[[-123.92319,44.72027],[-123.9213,44.722],[-123.92065,44.72027],[-123.92319,44.72027]]],[[[-123.93076,44.72377],[-123.92828,44.72315],[-123.92827,44.72019],[-123.93077,44.72028],[-123.93076,44.72377]]],[[[-123.93241,44.69121],[-123.92743,44.69257],[-123.92742,44.69116],[-123.93241,44.69121]]],[[[-123.94739,45.02852],[-123.94708,45.02872],[-123.94716,45.02848],[-123.94739,45.02852]]],[[[-123.99671,44.9977],[-123.98804,45.00076],[-123.9869,45.00005],[-123.99176,44.99555],[-123.99671,44.9977]]],[[[-124.00957,44.80901],[-123.99816,44.81272],[-123.99431,44.80991],[-123.98354,44.81173],[-123.97894,44.80813],[-123.99941,44.80816],[-123.99938,44.80243],[-124.00193,44.80223],[-124.00956,44.80531],[-124.00957,44.80901]]],[[[-124.01314,44.99462],[-124.01205,45.00069],[-124.00516,44.99812],[-124.00198,45.00157],[-124.00198,44.99796],[-124.00937,44.99519],[-124.01314,44.99462]]],[[[-124.07978,44.47309],[-124.07768,44.47559],[-124.0777,44.47281],[-124.07978,44.47309]]]]},"properties":{"AIANNHCE":"3795","NAMELSAD":"Siletz Reservation and Off-Reservation Trust Land","FEMA":"Siletz Indian Reservation","POP":654,"AIAN":391,"POP_OK":1,"DECL":1,"TRIBE_N":0,"STATE_N":1,"LIST":"2024: Severe Storm","STATE":"Oregon"}},{"type":"Feature","geometry":{"type":"MultiPolygon","coordinates":[[[[-123.179,47.3055],[-123.17735,47.3088],[-123.1752,47.30825],[-123.17518,47.30683],[-123.179,47.3055]]],[[[-123.18628,47.35959],[-123.1809,47.35954],[-123.18088,47.36294],[-123.17014,47.36287],[-123.17011,47.36672],[-123.16476,47.36666],[-123.16476,47.37388],[-123.15059,47.37389],[-123.15785,47.37108],[-123.15541,47.36114],[-123.15958,47.35439],[-123.1404,47.3418],[-123.1231,47.3378],[-123.11849,47.34049],[-123.11435,47.33687],[-123.12128,47.3275],[-123.13326,47.32759],[-123.14203,47.31741],[-123.14128,47.30997],[-123.16987,47.30192],[-123.16991,47.30726],[-123.18532,47.3153],[-123.18628,47.35959]]],[[[-123.24784,47.47673],[-123.23256,47.47686],[-123.23202,47.47291],[-123.22119,47.47283],[-123.22171,47.47679],[-123.21045,47.47679],[-123.20955,47.46496],[-123.21513,47.46489],[-123.21502,47.45697],[-123.21724,47.45716],[-123.21676,47.45986],[-123.22303,47.46152],[-123.21404,47.47266],[-123.22506,47.46536],[-123.24784,47.47673]]]]},"properties":{"AIANNHCE":"3825","NAMELSAD":"Skokomish Reservation and Off-Reservation Trust Land","FEMA":"Skokomish Indian Reservation","POP":691,"AIAN":285,"POP_OK":1,"DECL":1,"TRIBE_N":0,"STATE_N":1,"LIST":"2022: Flood","STATE":"Washington"}},{"type":"Feature","geometry":{"type":"Polygon","coordinates":[[[-116.94224,33.80721],[-116.9284,33.80553],[-116.92833,33.80237],[-116.9344,33.80453],[-116.93686,33.80246],[-116.93063,33.79952],[-116.93179,33.79548],[-116.92427,33.79916],[-116.9286,33.80233],[-116.91945,33.8021],[-116.92236,33.79397],[-116.92724,33.79111],[-116.92239,33.78602],[-116.91062,33.78746],[-116.91079,33.80215],[-116.90646,33.80221],[-116.90639,33.80544],[-116.88556,33.80546],[-116.88566,33.8088],[-116.87576,33.80928],[-116.87545,33.78728],[-116.8649,33.78737],[-116.86386,33.7907],[-116.85989,33.79077],[-116.85944,33.78745],[-116.856,33.78747],[-116.85599,33.79504],[-116.84258,33.79456],[-116.84239,33.78765],[-116.8459,33.78764],[-116.8459,33.78431],[-116.84236,33.78429],[-116.84116,33.75819],[-116.8581,33.75896],[-116.85819,33.75169],[-116.87137,33.75162],[-116.87606,33.75462],[-116.8762,33.75899],[-116.88183,33.75851],[-116.89102,33.76491],[-116.91071,33.76515],[-116.92862,33.78038],[-116.92543,33.78644],[-116.93268,33.78689],[-116.94224,33.80721]]]},"properties":{"AIANNHCE":"3870","NAMELSAD":"Soboba Reservation and Off-Reservation Trust Land","FEMA":"Soboba Indian Reservation","POP":204,"AIAN":136,"POP_OK":1,"DECL":4,"TRIBE_N":4,"STATE_N":0,"LIST":"2015: Flood | 2019: Severe Storm | 2023: Severe Storm | 2023: Severe Storm","STATE":"California"}},{"type":"Feature","geometry":{"type":"MultiPolygon","coordinates":[[[[-98.76484,48.00142],[-98.76471,48.00526],[-98.76297,48.0048],[-98.76484,48.00142]]],[[[-99.11983,48.04636],[-99.04889,48.04726],[-99.04783,48.04379],[-99.05476,48.0346],[-99.08271,48.02865],[-99.1096,48.03195],[-99.11983,48.04636]]],[[[-99.25086,48.07885],[-99.24246,48.07708],[-99.2222,48.06208],[-99.21028,48.07931],[-99.2164,48.05052],[-99.21152,48.05048],[-99.2076,48.0558],[-99.1975,48.05045],[-99.19312,48.06872],[-99.18946,48.07176],[-99.18129,48.06424],[-99.19027,48.05528],[-99.19089,48.04237],[-99.18203,48.04628],[-99.17853,48.0432],[-99.15582,48.03893],[-99.13785,48.04155],[-99.14995,48.03136],[-99.1517,48.02615],[-99.14751,48.02135],[-99.14325,48.02229],[-99.14618,48.01863],[-99.13627,48.01552],[-99.12505,48.0],[-99.12477,47.99395],[-99.12123,47.99484],[-99.12209,48.00173],[-99.11977,48.00265],[-99.11956,47.99729],[-99.11455,47.9956],[-99.09236,48.00346],[-99.08358,48.01205],[-99.08297,48.01763],[-99.07762,48.01864],[-99.07912,48.014],[-99.07442,48.01023],[-99.06113,48.01165],[-99.0488,48.02417],[-99.04722,48.04026],[-99.02402,48.04612],[-99.01574,48.04198],[-99.00664,48.04452],[-99.00801,48.03977],[-98.99925,48.02746],[-98.99696,48.01357],[-98.98935,48.00869],[-98.9923,48.00482],[-98.98919,48.00251],[-98.99453,48.00113],[-98.9933,48.00334],[-98.99671,48.00398],[-99.00032,47.99922],[-98.98831,47.98486],[-98.98222,47.98506],[-98.98674,47.99118],[-98.98141,47.99561],[-98.96511,47.99757],[-98.95663,48.00179],[-98.9454,48.00219],[-98.92755,47.99654],[-98.91362,48.00636],[-98.91739,48.0116],[-98.91749,48.01951],[-98.90158,48.0214],[-98.89672,48.02673],[-98.90087,48.01916],[-98.89597,48.00954],[-98.90054,48.0099],[-98.91107,47.99487],[-98.90048,47.9962],[-98.88848,48.00663],[-98.87605,48.00603],[-98.87105,48.00133],[-98.86383,48.0011],[-98.86424,47.99868],[-98.87892,47.99806],[-98.88094,47.99404],[-98.87628,47.99162],[-98.86512,47.99343],[-98.85248,47.98436],[-98.84932,47.9882],[-98.865,48.00633],[-98.85863,48.00977],[-98.86019,48.0119],[-98.87059,48.01277],[-98.87973,48.00809],[-98.88582,48.0099],[-98.8829,48.02525],[-98.86019,48.03751],[-98.83079,48.04689],[-98.82268,48.05248],[-98.81992,48.05907],[-98.8012,48.05655],[-98.80536,48.0547],[-98.80652,48.04812],[-98.79984,48.04232],[-98.79644,48.03411],[-98.7886,48.03006],[-98.78806,48.01267],[-98.79511,48.0105],[-98.79232,48.00225],[-98.76464,47.99664],[-98.75725,47.99273],[-98.75832,47.98767],[-98.75453,47.98297],[-98.76206,47.97441],[-98.78035,47.9744],[-98.79006,47.96217],[-98.80006,47.95619],[-98.79813,47.9505],[-98.7901,47.94917],[-98.77052,47.96763],[-98.76178,47.97118],[-98.7547,47.96938],[-98.73264,47.97819],[-98.72176,47.99682],[-98.70995,47.99684],[-98.69695,48.00355],[-98.69704,48.0],[-98.6796,47.99304],[-98.67257,47.99846],[-98.66566,47.99133],[-98.668,47.98923],[-98.66603,47.98564],[-98.67107,47.98121],[-98.66525,47.96423],[-98.62869,47.9375],[-98.63876,47.93102],[-98.63605,47.92026],[-98.62948,47.91926],[-98.62721,47.91405],[-98.6213,47.91431],[-98.61741,47.93217],[-98.60234,47.94015],[-98.59919,47.94519],[-98.50519,47.77538],[-98.52246,47.77595],[-98.52229,47.77324],[-98.53312,47.77092],[-98.53491,47.77327],[-98.54289,47.76937],[-98.5543,47.77088],[-98.56255,47.77709],[-98.5662,47.7754],[-98.57054,47.78059],[-98.57326,47.7789],[-98.57237,47.78107],[-98.57916,47.78552],[-98.57407,47.78594],[-98.5778,47.78703],[-98.57889,47.7924],[-98.58367,47.79089],[-98.58798,47.79469],[-98.59968,47.79464],[-98.60182,47.79734],[-98.63011,47.79437],[-98.6405,47.79824],[-98.64247,47.79539],[-98.65088,47.79557],[-98.65739,47.7988],[-98.66224,47.79658],[-98.67017,47.80261],[-98.69828,47.8052],[-98.71752,47.8024],[-98.71535,47.80462],[-98.71761,47.80539],[-98.72386,47.8004],[-98.72748,47.79917],[-98.72629,47.8025],[-98.73853,47.79635],[-98.74823,47.80013],[-98.7499,47.79773],[-98.75285,47.80119],[-98.75967,47.7992],[-98.76205,47.79305],[-98.75815,47.78686],[-98.78596,47.78257],[-98.79519,47.77748],[-98.80281,47.78054],[-98.80492,47.77558],[-98.81112,47.777],[-98.81434,47.77094],[-98.82292,47.77017],[-98.82583,47.76731],[-98.82285,47.76731],[-98.82617,47.76596],[-98.82495,47.76246],[-98.82783,47.75963],[-98.83237,47.76198],[-98.83907,47.75044],[-98.84363,47.75236],[-98.85575,47.74916],[-98.87766,47.75774],[-98.88064,47.76266],[-98.87806,47.76741],[-98.88579,47.76839],[-98.89646,47.77859],[-98.89195,47.77827],[-98.89303,47.7819],[-98.89805,47.78184],[-98.90222,47.78598],[-98.90327,47.78901],[-98.89905,47.79279],[-98.90147,47.79576],[-98.89839,47.7984],[-98.90132,47.80051],[-98.89671,47.80656],[-98.90118,47.807],[-98.898,47.80789],[-98.90464,47.81626],[-98.90301,47.82007],[-98.90793,47.81973],[-98.90925,47.82394],[-98.91926,47.82826],[-98.94546,47.835],[-98.94682,47.84033],[-98.95066,47.84005],[-98.95025,47.8433],[-98.95714,47.84858],[-98.95278,47.85402],[-98.95683,47.85622],[-98.9594,47.86353],[-98.96321,47.8617],[-98.96673,47.86761],[-98.97998,47.87236],[-98.99853,47.87452],[-99.00917,47.86353],[-99.02595,47.85648],[-99.09895,47.8473],[-99.12217,47.83958],[-99.14408,47.83993],[-99.16858,47.84743],[-99.17406,47.84619],[-99.25086,48.07885]]]]},"properties":{"AIANNHCE":"3935","NAMELSAD":"Spirit Lake Reservation","FEMA":"Spirit Lake Reservation","POP":3835,"AIAN":2877,"POP_OK":1,"DECL":3,"TRIBE_N":0,"STATE_N":3,"LIST":"2011: Flood | 2013: Flood | 2013: Severe Storm","STATE":"North Dakota"}},{"type":"Feature","geometry":{"type":"MultiPolygon","coordinates":[[[[-122.90893,47.21999],[-122.90652,47.22151],[-122.89948,47.21681],[-122.90454,47.21542],[-122.90893,47.21999]]],[[[-122.93101,47.22015],[-122.92453,47.22559],[-122.91135,47.21135],[-122.90546,47.19135],[-122.9016,47.1946],[-122.89892,47.19302],[-122.90278,47.18351],[-122.89785,47.18375],[-122.89586,47.17576],[-122.89139,47.17392],[-122.89211,47.16809],[-122.90058,47.17158],[-122.90433,47.17886],[-122.91198,47.18421],[-122.91547,47.18114],[-122.91528,47.1903],[-122.91887,47.18813],[-122.91988,47.19129],[-122.9139,47.19789],[-122.9185,47.19645],[-122.91873,47.19878],[-122.92434,47.19508],[-122.92158,47.20774],[-122.92819,47.21362],[-122.93101,47.22015]]],[[[-122.93963,47.19883],[-122.93582,47.19888],[-122.93577,47.19568],[-122.93962,47.19564],[-122.93963,47.19883]]],[[[-123.0847,47.12467],[-123.07979,47.12471],[-123.07979,47.12814],[-123.06786,47.12818],[-123.0663,47.12099],[-123.07396,47.11704],[-123.07412,47.12104],[-123.08299,47.121],[-123.0847,47.12467]]],[[[-123.09785,47.12593],[-123.09768,47.13133],[-123.09687,47.1315],[-123.09785,47.12593]]],[[[-123.10987,47.12784],[-123.10227,47.1303],[-123.10305,47.13419],[-123.09771,47.13421],[-123.10154,47.13241],[-123.1007,47.12587],[-123.10307,47.12578],[-123.10875,47.1248],[-123.10987,47.12784]]],[[[-123.11577,47.11916],[-123.1108,47.11904],[-123.1108,47.12261],[-123.11434,47.12366],[-123.10073,47.12547],[-123.1025,47.11332],[-123.11588,47.11326],[-123.11577,47.11916]]]]},"properties":{"AIANNHCE":"3955","NAMELSAD":"Squaxin Island Reservation and Off-Reservation Trust Land","FEMA":"Squaxin Island Indian Reservation","POP":388,"AIAN":140,"POP_OK":1,"DECL":1,"TRIBE_N":0,"STATE_N":1,"LIST":"2022: Flood","STATE":"Washington"}},{"type":"Feature","geometry":{"type":"Polygon","coordinates":[[[-101.99978,45.47153],[-102.00068,45.94452],[-101.99833,46.05327],[-101.99614,46.05643],[-101.99216,46.0519],[-101.99531,46.05024],[-101.9916,46.04738],[-101.97385,46.04812],[-101.97025,46.05669],[-101.96509,46.05351],[-101.9662,46.0486],[-101.95807,46.05039],[-101.95351,46.05726],[-101.94671,46.05836],[-101.94501,46.06076],[-101.94852,46.06373],[-101.93871,46.06323],[-101.93779,46.0664],[-101.92233,46.05441],[-101.91971,46.05523],[-101.92319,46.06051],[-101.91452,46.05866],[-101.91669,46.05694],[-101.91232,46.05379],[-101.90789,46.0577],[-101.91078,46.05783],[-101.91006,46.06231],[-101.90323,46.05575],[-101.90221,46.05971],[-101.89414,46.05683],[-101.8948,46.05929],[-101.88859,46.06395],[-101.89539,46.06329],[-101.89486,46.06925],[-101.88094,46.06322],[-101.88455,46.06813],[-101.88238,46.06993],[-101.87114,46.06301],[-101.86688,46.0663],[-101.85828,46.06626],[-101.855,46.0685],[-101.85621,46.07149],[-101.84936,46.07328],[-101.84623,46.06608],[-101.84328,46.06747],[-101.84436,46.06485],[-101.8503,46.06498],[-101.84968,46.06279],[-101.84583,46.0606],[-101.84163,46.06338],[-101.84029,46.05977],[-101.84248,46.05612],[-101.84524,46.05733],[-101.843,46.04997],[-101.84858,46.05198],[-101.84996,46.04764],[-101.86033,46.04832],[-101.84585,46.04426],[-101.84506,46.04159],[-101.84776,46.04147],[-101.84057,46.038],[-101.84211,46.02914],[-101.83837,46.02905],[-101.83837,46.03304],[-101.8304,46.03311],[-101.82816,46.03793],[-101.81399,46.02773],[-101.8117,46.02793],[-101.81485,46.03156],[-101.80511,46.03049],[-101.80225,46.02793],[-101.80373,46.02533],[-101.79924,46.02418],[-101.80088,46.0269],[-101.79727,46.02903],[-101.79973,46.03277],[-101.79569,46.03554],[-101.79116,46.03442],[-101.78289,46.03844],[-101.78414,46.03599],[-101.78083,46.0356],[-101.77824,46.03901],[-101.77191,46.03734],[-101.77305,46.03419],[-101.76767,46.03384],[-101.76617,46.03066],[-101.76243,46.03185],[-101.76676,46.03601],[-101.7618,46.0356],[-101.75625,46.04218],[-101.75478,46.03776],[-101.75209,46.03801],[-101.74959,46.04167],[-101.74896,46.03324],[-101.75784,46.03185],[-101.75679,46.02879],[-101.74633,46.02835],[-101.73764,46.03761],[-101.72892,46.03612],[-101.72264,46.02849],[-101.71565,46.02806],[-101.71929,46.02316],[-101.71296,46.02151],[-101.71353,46.02605],[-101.71025,46.02585],[-101.70506,46.02226],[-101.6989,46.02699],[-101.6985,46.02137],[-101.69309,46.01929],[-101.68788,46.02242],[-101.68627,46.01888],[-101.68942,46.01925],[-101.68565,46.01347],[-101.68106,46.01356],[-101.68456,46.01667],[-101.67538,46.01625],[-101.6784,46.01173],[-101.66357,46.01582],[-101.66453,46.01164],[-101.65659,46.01239],[-101.66072,46.01451],[-101.65511,46.01698],[-101.65203,46.01428],[-101.64554,46.01515],[-101.6433,46.02065],[-101.65003,46.02399],[-101.64314,46.02463],[-101.64553,46.02964],[-101.63516,46.03009],[-101.63798,46.03105],[-101.63522,46.03441],[-101.63811,46.0369],[-101.63142,46.03795],[-101.62272,46.03703],[-101.61989,46.03013],[-101.61661,46.03088],[-101.61729,46.02675],[-101.61004,46.02323],[-101.61151,46.01889],[-101.60003,46.01343],[-101.59971,46.01677],[-101.59439,46.01759],[-101.5958,46.01471],[-101.59193,46.00955],[-101.58858,46.0101],[-101.59039,46.01309],[-101.58563,46.01184],[-101.58809,46.01652],[-101.5797,46.01812],[-101.57475,46.02553],[-101.57166,46.02182],[-101.56776,46.0237],[-101.56819,46.01908],[-101.56307,46.01647],[-101.56707,46.01439],[-101.55733,46.01195],[-101.55419,46.00684],[-101.54625,46.01289],[-101.54523,46.01588],[-101.5508,46.01696],[-101.54785,46.01828],[-101.5351,46.01643],[-101.53356,46.01328],[-101.52732,46.01643],[-101.53326,46.02084],[-101.53158,46.02573],[-101.53467,46.02452],[-101.53571,46.03041],[-101.51619,46.03064],[-101.51941,46.02591],[-101.51741,46.02536],[-101.50976,46.03018],[-101.50911,46.02529],[-101.50206,46.02304],[-101.49688,46.02357],[-101.49912,46.02622],[-101.49682,46.02745],[-101.49278,46.02522],[-101.49354,46.02741],[-101.48587,46.02798],[-101.49552,46.03369],[-101.4923,46.03561],[-101.48968,46.03287],[-101.49063,46.03751],[-101.48473,46.03683],[-101.48374,46.0376],[-101.48791,46.04274],[-101.49365,46.03698],[-101.49828,46.04059],[-101.48421,46.04928],[-101.48933,46.0512],[-101.47181,46.05415],[-101.4748,46.0595],[-101.46787,46.05783],[-101.46626,46.05036],[-101.45829,46.05],[-101.44451,46.05628],[-101.43045,46.05306],[-101.42802,46.06056],[-101.41221,46.05916],[-101.41523,46.06416],[-101.40711,46.07081],[-101.39854,46.07284],[-101.39779,46.07712],[-101.38629,46.07942],[-101.36836,46.07521],[-101.36415,46.06991],[-101.35845,46.07771],[-101.35122,46.07446],[-101.3463,46.0794],[-101.33494,46.08267],[-101.3442,46.08594],[-101.34351,46.08926],[-101.32526,46.09132],[-101.32273,46.09709],[-101.31235,46.09193],[-101.31918,46.09995],[-101.29992,46.10484],[-101.30184,46.10975],[-101.29471,46.11574],[-101.29865,46.11724],[-101.29678,46.1188],[-101.29898,46.1207],[-101.31145,46.125],[-101.30334,46.12744],[-101.30268,46.13288],[-101.29634,46.12726],[-101.29269,46.12913],[-101.29286,46.13361],[-101.28585,46.13535],[-101.28227,46.13493],[-101.28168,46.12945],[-101.27554,46.12981],[-101.27458,46.13612],[-101.26538,46.13091],[-101.25926,46.14002],[-101.25203,46.13479],[-101.2477,46.14248],[-101.24116,46.13833],[-101.23702,46.14313],[-101.22814,46.13797],[-101.21957,46.14597],[-101.22325,46.15013],[-101.21667,46.14963],[-101.21197,46.15621],[-101.19037,46.14785],[-101.19665,46.15893],[-101.18843,46.163],[-101.18949,46.1669],[-101.19396,46.16805],[-101.19258,46.17449],[-101.19587,46.17643],[-101.19199,46.18174],[-101.19834,46.18238],[-101.191,46.19133],[-101.17603,46.1951],[-101.17096,46.19181],[-101.16573,46.19664],[-101.16928,46.19947],[-101.1679,46.20203],[-101.15658,46.19894],[-101.14348,46.20335],[-101.14324,46.20943],[-101.13195,46.21436],[-101.125,46.21108],[-101.11584,46.21458],[-101.11414,46.21984],[-101.10012,46.2302],[-101.1054,46.24281],[-101.11485,46.24009],[-101.11683,46.24304],[-101.10649,46.24923],[-101.10396,46.25711],[-101.09134,46.25805],[-101.08851,46.26738],[-101.09741,46.26854],[-101.0954,46.27314],[-101.08222,46.27511],[-101.05849,46.27017],[-101.05487,46.27253],[-101.05483,46.27753],[-101.04471,46.28214],[-101.03315,46.27542],[-101.02395,46.27869],[-101.02609,46.28778],[-101.01863,46.29382],[-101.01688,46.29955],[-101.00465,46.29648],[-100.99723,46.30466],[-101.01328,46.3065],[-101.01196,46.31324],[-101.01736,46.31961],[-101.00469,46.32338],[-101.00311,46.31975],[-100.99124,46.31607],[-100.98339,46.31966],[-100.98251,46.32903],[-100.97403,46.32551],[-100.96826,46.33018],[-100.97107,46.33632],[-100.95807,46.33879],[-100.96081,46.34768],[-100.94151,46.35002],[-100.94095,46.35797],[-100.94488,46.36135],[-100.9427,46.36828],[-100.93702,46.37113],[-100.939,46.37654],[-100.92906,46.37782],[-100.93101,46.38219],[-100.9241,46.38369],[-100.91895,46.39498],[-100.89543,46.39596],[-100.8979,46.40259],[-100.88194,46.40953],[-100.87788,46.40438],[-100.88272,46.39024],[-100.86872,46.38944],[-100.86268,46.39339],[-100.86239,46.39856],[-100.85698,46.40327],[-100.85267,46.3944],[-100.83705,46.39098],[-100.83262,46.39272],[-100.83011,46.38794],[-100.82124,46.38904],[-100.81487,46.3847],[-100.80803,46.3847],[-100.80409,46.39014],[-100.77535,46.39116],[-100.76953,46.3979],[-100.76544,46.39794],[-100.76349,46.39392],[-100.755,46.39618],[-100.74874,46.39284],[-100.73782,46.40162],[-100.73398,46.39614],[-100.73725,46.3912],[-100.72209,46.39205],[-100.72281,46.3808],[-100.7205,46.37974],[-100.70686,46.38636],[-100.70987,46.39283],[-100.70671,46.39909],[-100.70221,46.39399],[-100.69814,46.39404],[-100.69192,46.39793],[-100.68647,46.40974],[-100.68186,46.41224],[-100.67455,46.41264],[-100.66372,46.40642],[-100.62818,46.41809],[-100.6253,46.42579],[-100.6154,46.41749],[-100.6094,46.41709],[-100.6065,46.41939],[-100.6136,46.42659],[-100.6027,46.42419],[-100.6002,46.42929],[-100.5902,46.42789],[-100.5594,46.38169],[-100.5512,46.36349],[-100.5486,46.33329],[-100.5591,46.30799],[-100.5816,46.27859],[-100.5798,46.27229],[-100.5582,46.24929],[-100.5588,46.23669],[-100.5744,46.21059],[-100.593,46.19559],[-100.6183,46.16589],[-100.62898,46.146],[-100.62795,46.12991],[-100.6146,46.1123],[-100.6136,46.0994],[-100.6171,46.0879],[-100.6145,46.0718],[-100.6044,46.0548],[-100.5602,46.0084],[-100.53131,46.0],[-100.52188,45.98942],[-100.50703,45.96655],[-100.51195,45.94365],[-100.49935,45.94363],[-100.48868,45.93028],[-100.46242,45.91957],[-100.41752,45.88401],[-100.38704,45.86914],[-100.38064,45.85818],[-100.38237,45.83861],[-100.37905,45.82342],[-100.35121,45.77184],[-100.30901,45.70784],[-100.30885,45.68963],[-100.31778,45.67346],[-100.33729,45.66318],[-100.38739,45.65944],[-100.40644,45.65001],[-100.41977,45.62482],[-100.42383,45.6248],[-100.42338,45.61614],[-100.43415,45.58571],[-100.45069,45.57235],[-100.47541,45.55944],[-100.48597,45.54531],[-100.48449,45.53265],[-100.47207,45.51987],[-100.44396,45.50986],[-100.38213,45.51064],[-100.36526,45.50011],[-100.34127,45.4719],[-101.99978,45.47153]]]},"properties":{"AIANNHCE":"3970","NAMELSAD":"Standing Rock Reservation","FEMA":"Standing Rock Sioux Tribe of North & South Dakota","POP":7546,"AIAN":5636,"POP_OK":1,"DECL":4,"TRIBE_N":1,"STATE_N":3,"LIST":"2011: Flood | 2013: Flood | 2014: Flood | 2014: Flood","STATE":"South Dakota, North Dakota"}},{"type":"Feature","geometry":{"type":"MultiPolygon","coordinates":[[[[-121.9591,48.27752],[-121.95709,48.27934],[-121.95709,48.27801],[-121.9591,48.27752]]],[[[-122.00744,48.10131],[-122.00181,48.10071],[-122.00187,48.09408],[-122.00749,48.09406],[-122.00744,48.10131]],[[-122.00497,48.09954],[-122.00232,48.09844],[-122.00272,48.09955],[-122.00497,48.09954]]],[[[-122.13605,48.21821],[-122.13685,48.2195],[-122.13535,48.2188],[-122.13605,48.21821]]],[[[-122.1539,48.15208],[-122.15088,48.15077],[-122.15295,48.14838],[-122.15401,48.14839],[-122.1539,48.15208]]],[[[-122.161,48.21717],[-122.15566,48.21808],[-122.15546,48.21008],[-122.15185,48.21011],[-122.15587,48.20635],[-122.15592,48.21007],[-122.16097,48.21001],[-122.161,48.21717]]],[[[-122.174,48.15138],[-122.17345,48.15234],[-122.17347,48.15137],[-122.174,48.15138]]],[[[-122.18277,48.21361],[-122.17739,48.21442],[-122.1774,48.2136],[-122.18277,48.21361]]],[[[-122.18876,48.13315],[-122.18667,48.13455],[-122.18657,48.1332],[-122.18876,48.13315]]],[[[-122.19356,48.18455],[-122.19069,48.18818],[-122.19063,48.18427],[-122.19356,48.18455]]],[[[-122.1938,48.2199],[-122.18278,48.22245],[-122.18543,48.21807],[-122.18285,48.21672],[-122.1938,48.2199]]],[[[-122.19379,48.1882],[-122.19105,48.19032],[-122.19103,48.1883],[-122.19379,48.1882]]],[[[-122.19401,48.21181],[-122.18846,48.21183],[-122.19397,48.21362],[-122.18839,48.21539],[-122.19392,48.21548],[-122.18287,48.21538],[-122.18434,48.20823],[-122.19401,48.21181]]],[[[-122.19513,48.188],[-122.19253,48.1881],[-122.19373,48.18696],[-122.19513,48.188]]],[[[-122.21193,48.20261],[-122.20466,48.20256],[-122.2048,48.19944],[-122.20952,48.19757],[-122.21193,48.20261]]],[[[-122.22624,48.20985],[-122.22194,48.20979],[-122.21664,48.20837],[-122.21091,48.1975],[-122.22411,48.20234],[-122.21723,48.20672],[-122.22624,48.20985]]],[[[-122.22642,48.22745],[-122.2158,48.22796],[-122.21559,48.21344],[-122.2113,48.21197],[-122.21016,48.20616],[-122.21413,48.20719],[-122.21288,48.20984],[-122.216,48.21223],[-122.21854,48.22002],[-122.22642,48.22745]]],[[[-122.22643,48.21701],[-122.22055,48.21707],[-122.21835,48.2112],[-122.22624,48.20999],[-122.22643,48.21701]]],[[[-122.24835,48.24738],[-122.24804,48.24837],[-122.24819,48.24745],[-122.24835,48.24738]]],[[[-122.3749,48.23846],[-122.36954,48.23929],[-122.36718,48.23538],[-122.37676,48.23245],[-122.3749,48.23846]]]]},"properties":{"AIANNHCE":"4000","NAMELSAD":"Stillaguamish Reservation and Off-Reservation Trust Land","FEMA":"Stillaguamish Indian Reservation","POP":7,"AIAN":1,"POP_OK":0,"DECL":1,"TRIBE_N":0,"STATE_N":1,"LIST":"2014: Mud/Landslide","STATE":"Washington"}},{"type":"Feature","geometry":{"type":"MultiPolygon","coordinates":[[[[-122.49864,48.3897],[-122.49833,48.38974],[-122.49809,48.38964],[-122.49864,48.3897]]],[[[-122.50773,48.36148],[-122.50134,48.36698],[-122.49292,48.36727],[-122.50055,48.35932],[-122.50773,48.36148]]],[[[-122.53819,48.36291],[-122.53021,48.36574],[-122.52445,48.36237],[-122.52748,48.35972],[-122.53819,48.36291]]],[[[-122.57112,48.41975],[-122.55792,48.42202],[-122.54896,48.44183],[-122.55141,48.44852],[-122.54777,48.45489],[-122.52785,48.45488],[-122.52767,48.4614],[-122.52497,48.45831],[-122.52091,48.46072],[-122.51471,48.45825],[-122.51231,48.44942],[-122.50628,48.45041],[-122.50682,48.44326],[-122.49859,48.43985],[-122.50109,48.4215],[-122.49501,48.40281],[-122.49808,48.39081],[-122.50641,48.38291],[-122.50031,48.37909],[-122.50187,48.37299],[-122.5186,48.37024],[-122.52296,48.377],[-122.53279,48.37499],[-122.53945,48.39719],[-122.54749,48.39989],[-122.55377,48.40641],[-122.55205,48.41044],[-122.55548,48.42012],[-122.56738,48.41741],[-122.57112,48.41975]]]]},"properties":{"AIANNHCE":"4075","NAMELSAD":"Swinomish Reservation and Off-Reservation Trust Land","FEMA":"Swinomish Indian Reservation","POP":3135,"AIAN":451,"POP_OK":1,"DECL":2,"TRIBE_N":0,"STATE_N":2,"LIST":"2022: Flood | 2022: Flood","STATE":"Washington"}},{"type":"Feature","geometry":{"type":"Polygon","coordinates":[[[-82.37306,27.99612],[-82.36905,27.99608],[-82.37286,27.99044],[-82.37306,27.99612]]]},"properties":{"AIANNHCE":"4130","NAMELSAD":"Tampa Reservation","FEMA":"Tampa Reservation","POP":0,"AIAN":0,"POP_OK":0,"DECL":2,"TRIBE_N":2,"STATE_N":0,"LIST":"2017: Hurricane | 2022: Hurricane","STATE":"Florida"}},{"type":"Feature","geometry":{"type":"MultiPolygon","coordinates":[[[[-105.61426,36.42474],[-105.60918,36.43684],[-105.59301,36.42489],[-105.59314,36.49894],[-105.5816,36.51033],[-105.56574,36.5177],[-105.53709,36.51814],[-105.48361,36.53394],[-105.47531,36.53049],[-105.45596,36.53079],[-105.44563,36.54845],[-105.43124,36.54313],[-105.41524,36.54861],[-105.41738,36.54091],[-105.41341,36.52911],[-105.40153,36.53797],[-105.40666,36.54553],[-105.40338,36.54801],[-105.39208,36.54741],[-105.38626,36.55214],[-105.3777,36.5523],[-105.36766,36.54268],[-105.35778,36.54097],[-105.34782,36.53205],[-105.34387,36.51115],[-105.33807,36.50998],[-105.33716,36.50524],[-105.3276,36.50076],[-105.31872,36.49169],[-105.32218,36.48669],[-105.33637,36.4835],[-105.33958,36.47046],[-105.34361,36.46834],[-105.3494,36.45571],[-105.3573,36.45076],[-105.35143,36.43682],[-105.352,36.42106],[-105.35668,36.41949],[-105.36643,36.40669],[-105.38291,36.40485],[-105.38762,36.39934],[-105.40709,36.40029],[-105.41543,36.40912],[-105.42594,36.40887],[-105.43448,36.40187],[-105.45248,36.40965],[-105.4686,36.40274],[-105.48772,36.41672],[-105.4999,36.40103],[-105.58445,36.39985],[-105.59377,36.40114],[-105.59352,36.4079],[-105.61426,36.42474]]],[[[-105.67323,36.51498],[-105.66162,36.51451],[-105.63677,36.52799],[-105.63549,36.52357],[-105.63083,36.52361],[-105.61005,36.45986],[-105.67323,36.51498]]],[[[-105.73297,36.47624],[-105.73052,36.4857],[-105.72559,36.48977],[-105.63442,36.41115],[-105.63573,36.39285],[-105.65171,36.38676],[-105.65519,36.39669],[-105.66287,36.3938],[-105.65766,36.38667],[-105.66135,36.3813],[-105.6673,36.38007],[-105.68828,36.36341],[-105.7144,36.35281],[-105.71552,36.34802],[-105.72847,36.33759],[-105.73267,36.34456],[-105.72745,36.35183],[-105.72967,36.35783],[-105.72407,36.36838],[-105.72869,36.37967],[-105.72198,36.3882],[-105.72165,36.41078],[-105.71746,36.41716],[-105.71992,36.43309],[-105.72777,36.44116],[-105.72887,36.46563],[-105.73297,36.47624]]]]},"properties":{"AIANNHCE":"4140","NAMELSAD":"Taos Pueblo and Off-Reservation Trust Land","FEMA":"Pueblo of Taos","POP":4761,"AIAN":1091,"POP_OK":1,"DECL":1,"TRIBE_N":0,"STATE_N":1,"LIST":"2011: Severe Storm","STATE":"New Mexico"}},{"type":"Feature","geometry":{"type":"MultiPolygon","coordinates":[[[[-111.21721,32.10373],[-111.01942,32.10493],[-111.01974,32.14836],[-111.01159,32.14841],[-111.01187,32.1194],[-110.96075,32.11938],[-110.96135,32.00148],[-111.21634,32.00036],[-111.21721,32.10373]]],[[[-111.40905,33.02278],[-111.40623,33.02317],[-111.40613,33.01692],[-111.409,33.01687],[-111.40905,33.02278]]],[[[-112.71981,32.96735],[-112.71761,32.96738],[-112.71761,32.96015],[-112.7196,32.96016],[-112.71981,32.96735]]],[[[-112.72376,33.00295],[-112.72277,33.00712],[-112.71747,33.00433],[-112.72376,33.00295]]],[[[-112.72749,32.15695],[-112.7278,32.33133],[-112.67757,32.33086],[-112.6765,32.41797],[-112.57524,32.4187],[-112.5745,32.59368],[-112.30659,32.59381],[-112.30653,32.63772],[-112.20359,32.63781],[-112.20357,32.68359],[-112.14942,32.68146],[-112.15171,32.7231],[-112.04958,32.7236],[-112.04951,32.76761],[-111.87763,32.76761],[-111.87743,32.79239],[-111.7746,32.79266],[-111.7744,32.76315],[-111.74058,32.76305],[-111.74017,32.758],[-111.74029,32.71892],[-111.77441,32.71925],[-111.77579,32.68077],[-111.79261,32.67935],[-111.79493,32.41962],[-111.76752,32.41958],[-111.76745,32.37441],[-111.68154,32.37424],[-111.68182,32.419],[-111.59089,32.41941],[-111.59082,32.42179],[-111.57934,32.4219],[-111.5789,32.374],[-111.47371,32.37419],[-111.47428,32.21595],[-111.2351,32.21927],[-111.23518,32.22644],[-111.21807,32.22649],[-111.21798,32.19018],[-111.27871,32.19015],[-111.27869,32.19734],[-111.29103,32.19725],[-111.29102,32.17565],[-111.44088,32.17253],[-111.44075,32.10012],[-111.47489,32.09989],[-111.47554,32.06876],[-111.47892,32.06877],[-111.47893,32.05439],[-111.3861,32.05864],[-111.38609,32.04464],[-111.41954,32.04299],[-111.41934,32.02792],[-111.47869,32.02467],[-111.47854,32.01067],[-111.54734,32.00983],[-111.54742,31.98111],[-111.53851,31.98102],[-111.53955,31.95207],[-111.54805,31.95236],[-111.54754,31.92271],[-111.58119,31.92372],[-111.58167,31.89477],[-111.60517,31.89471],[-111.59467,31.88562],[-111.59941,31.87114],[-111.58313,31.86086],[-111.57213,31.84534],[-111.57661,31.83586],[-111.57443,31.83204],[-111.57655,31.82248],[-111.58296,31.81166],[-111.58367,31.80348],[-111.58031,31.79531],[-111.58753,31.78953],[-111.58875,31.77502],[-111.59583,31.77109],[-111.59445,31.76766],[-111.60017,31.75479],[-111.5985,31.74898],[-111.61643,31.73195],[-111.61826,31.72376],[-111.61068,31.71085],[-111.61873,31.70349],[-111.63625,31.69537],[-111.64245,31.68631],[-111.63147,31.68221],[-111.6311,31.67781],[-111.64156,31.65927],[-111.64394,31.6488],[-111.63695,31.64286],[-111.63733,31.63406],[-111.64796,31.62142],[-111.6516,31.60155],[-111.6453,31.59628],[-111.64544,31.59245],[-111.65158,31.58956],[-111.65085,31.58308],[-111.64539,31.57493],[-111.64325,31.5764],[-111.63791,31.56998],[-111.62749,31.56526],[-111.61951,31.56752],[-111.60914,31.56121],[-111.60034,31.56207],[-111.59425,31.55232],[-111.59427,31.55024],[-111.6231,31.55012],[-111.62311,31.50803],[-112.60776,31.81579],[-112.607,31.89563],[-112.62382,31.89555],[-112.6237,31.92406],[-112.64975,31.94237],[-112.65664,31.95209],[-112.65982,31.95132],[-112.66152,31.95651],[-112.65762,31.95963],[-112.66295,31.98281],[-112.65558,31.99907],[-112.66464,32.00758],[-112.68272,32.01398],[-112.69086,32.02745],[-112.68659,32.04475],[-112.68782,32.05189],[-112.696,32.05599],[-112.70267,32.07158],[-112.70276,32.07629],[-112.69751,32.08063],[-112.69541,32.09108],[-112.69742,32.09723],[-112.69143,32.10234],[-112.67852,32.10365],[-112.67609,32.11106],[-112.66954,32.11362],[-112.67177,32.1223],[-112.66785,32.12776],[-112.668,32.15697],[-112.72749,32.15695]]],[[[-112.73464,32.99228],[-112.72176,32.99233],[-112.72173,32.98886],[-112.71311,32.98885],[-112.71305,32.98541],[-112.73457,32.98555],[-112.73464,32.99228]]],[[[-112.73901,33.01448],[-112.73458,33.01452],[-112.7347,33.0108],[-112.73903,33.01082],[-112.73901,33.01448]]],[[[-112.74739,33.00715],[-112.74508,33.00905],[-112.74504,33.00722],[-112.74739,33.00715]]],[[[-112.76046,33.00714],[-112.75618,33.00718],[-112.75612,33.00375],[-112.76043,33.00372],[-112.76046,33.00714]]],[[[-112.79861,33.02325],[-112.79651,33.02525],[-112.79646,33.02326],[-112.79861,33.02325]]]]},"properties":{"AIANNHCE":"4200","NAMELSAD":"Tohono O'odham Nation Reservation and Off-Reservation Trust Land","FEMA":"Tohono O'odham Reservation and Trust Lands","POP":8975,"AIAN":6874,"POP_OK":1,"DECL":1,"TRIBE_N":1,"STATE_N":0,"LIST":"2019: Severe Storm","STATE":"Arizona"}},{"type":"Feature","geometry":{"type":"Polygon","coordinates":[[[-122.36348,48.12331],[-122.18432,48.12295],[-122.18388,48.09776],[-122.17654,48.09995],[-122.17886,48.09566],[-122.18391,48.09568],[-122.18426,48.03608],[-122.20967,48.03268],[-122.22319,48.02462],[-122.22742,48.03093],[-122.23824,48.03059],[-122.27439,48.04823],[-122.28986,48.05243],[-122.28948,48.05545],[-122.27493,48.05042],[-122.27215,48.0537],[-122.28001,48.06307],[-122.29152,48.06504],[-122.29343,48.0619],[-122.301,48.07133],[-122.32142,48.08099],[-122.32612,48.09288],[-122.34324,48.09763],[-122.34773,48.11069],[-122.36348,48.12331]]]},"properties":{"AIANNHCE":"4290","NAMELSAD":"Tulalip Reservation and Off-Reservation Trust Land","FEMA":"Tulalip Indian Reservation","POP":10353,"AIAN":1824,"POP_OK":1,"DECL":1,"TRIBE_N":0,"STATE_N":1,"LIST":"2014: Mud/Landslide","STATE":"Washington"}},{"type":"Feature","geometry":{"type":"MultiPolygon","coordinates":[[[[-118.82106,35.97702],[-118.82099,36.04888],[-118.79695,36.05338],[-118.76776,36.06464],[-118.7383,36.09623],[-118.73306,36.09871],[-118.72388,36.0966],[-118.69164,36.10695],[-118.68779,36.11065],[-118.67297,36.10387],[-118.66847,36.10531],[-118.65895,36.09765],[-118.65247,36.09636],[-118.64811,36.09675],[-118.64652,36.10197],[-118.62732,36.10039],[-118.62487,35.98712],[-118.62626,35.98212],[-118.63389,35.9813],[-118.64349,35.97267],[-118.65497,35.97562],[-118.68061,35.96785],[-118.69317,35.97303],[-118.77071,35.96596],[-118.78592,35.97211],[-118.79744,35.98622],[-118.82106,35.97702]],[[-118.66527,36.09224],[-118.66033,36.0922],[-118.66036,36.09854],[-118.66526,36.09858],[-118.66527,36.09224]],[[-118.66033,36.0922],[-118.65689,36.08514],[-118.64967,36.08511],[-118.64954,36.0887],[-118.64633,36.08869],[-118.64623,36.09206],[-118.66033,36.0922]]],[[[-118.88458,36.0912],[-118.87944,36.09345],[-118.87702,36.09108],[-118.88161,36.08858],[-118.88458,36.0912]]]]},"properties":{"AIANNHCE":"4300","NAMELSAD":"Tule River Reservation and Off-Reservation Trust Land","FEMA":"Tule River Indian Reservation","POP":1101,"AIAN":867,"POP_OK":1,"DECL":1,"TRIBE_N":0,"STATE_N":1,"LIST":"2017: Flood","STATE":"California"}},{"type":"Feature","geometry":{"type":"MultiPolygon","coordinates":[[[[-108.85943,48.8581],[-108.84844,48.85811],[-108.84843,48.87974],[-108.84293,48.87973],[-108.84292,48.86892],[-108.83743,48.8689],[-108.83743,48.86525],[-108.82641,48.86525],[-108.82637,48.85809],[-108.83737,48.8581],[-108.83737,48.86172],[-108.84294,48.86172],[-108.84287,48.85451],[-108.83182,48.85452],[-108.83182,48.8509],[-108.85942,48.85086],[-108.85943,48.8581]]],[[[-108.86313,48.98634],[-108.84099,48.98634],[-108.84099,48.97189],[-108.85206,48.97189],[-108.85206,48.97924],[-108.86313,48.97924],[-108.86313,48.98634]]],[[[-108.87002,48.7784],[-108.85911,48.77837],[-108.85906,48.77121],[-108.87005,48.77116],[-108.87002,48.7784]]],[[[-108.87403,48.96467],[-108.85197,48.96469],[-108.85198,48.95752],[-108.841,48.95751],[-108.841,48.95029],[-108.85197,48.95029],[-108.85197,48.93566],[-108.87383,48.93566],[-108.87383,48.94325],[-108.86285,48.94326],[-108.86295,48.95022],[-108.87402,48.95023],[-108.87403,48.96467]]],[[[-108.8756,48.79283],[-108.87009,48.79283],[-108.87009,48.78916],[-108.8756,48.78916],[-108.8756,48.79283]]],[[[-108.88128,48.85083],[-108.87575,48.85083],[-108.87575,48.84721],[-108.88128,48.84721],[-108.88128,48.85083]]],[[[-108.89166,48.7422],[-108.88064,48.74219],[-108.88073,48.72776],[-108.89166,48.72772],[-108.89166,48.7422]]],[[[-108.89218,48.81814],[-108.88692,48.81814],[-108.88659,48.81448],[-108.89218,48.81448],[-108.89218,48.81814]]],[[[-108.89223,48.86162],[-108.88127,48.8616],[-108.8816,48.85795],[-108.8868,48.85795],[-108.88676,48.85073],[-108.89229,48.85074],[-108.89223,48.86162]]],[[[-108.89738,48.77479],[-108.89186,48.77479],[-108.89186,48.77119],[-108.89736,48.77118],[-108.89738,48.77479]]],[[[-108.90238,48.72771],[-108.89166,48.72772],[-108.89165,48.72053],[-108.90247,48.72043],[-108.90238,48.72771]]],[[[-108.91317,48.80006],[-108.90301,48.80006],[-108.90301,48.79281],[-108.91312,48.79282],[-108.91317,48.80006]]],[[[-108.91863,48.79282],[-108.91312,48.79282],[-108.91307,48.78922],[-108.91861,48.78921],[-108.91863,48.79282]]],[[[-108.93502,48.91226],[-108.92432,48.91414],[-108.92432,48.91228],[-108.93502,48.91226]]],[[[-108.95704,48.84347],[-108.94066,48.84347],[-108.94066,48.83996],[-108.95158,48.83996],[-108.95158,48.83628],[-108.957,48.83628],[-108.95704,48.84347]]],[[[-108.95712,48.85075],[-108.95166,48.85064],[-108.95166,48.85431],[-108.9462,48.85431],[-108.9462,48.85064],[-108.93515,48.85423],[-108.93515,48.84705],[-108.95712,48.84705],[-108.95712,48.85075]]],[[[-108.9573,48.87244],[-108.94075,48.87246],[-108.94074,48.87615],[-108.93489,48.87616],[-108.9349,48.86514],[-108.94049,48.86513],[-108.94049,48.86888],[-108.95728,48.86886],[-108.9573,48.87244]]],[[[-108.96271,48.8832],[-108.95712,48.8832],[-108.95715,48.8797],[-108.96259,48.87968],[-108.96271,48.8832]]],[[[-108.96819,48.86881],[-108.95699,48.86517],[-108.957,48.858],[-108.96819,48.85801],[-108.96819,48.86881]]],[[[-108.98467,48.85085],[-108.97338,48.8544],[-108.97338,48.84705],[-108.97897,48.84705],[-108.97897,48.8362],[-108.98456,48.83601],[-108.98467,48.85085]]],[[[-108.98982,48.86513],[-108.97899,48.86511],[-108.9791,48.8544],[-108.98456,48.8544],[-108.98436,48.8615],[-108.98978,48.86167],[-108.98982,48.86513]]],[[[-109.12368,48.33662],[-109.11831,48.33658],[-109.11831,48.32216],[-109.12373,48.32216],[-109.12368,48.33662]]],[[[-109.23789,48.30744],[-109.22701,48.30749],[-109.22693,48.30018],[-109.23788,48.30016],[-109.23789,48.30744]]],[[[-109.24862,48.30016],[-109.23788,48.30016],[-109.23788,48.29289],[-109.24862,48.29289],[-109.24862,48.30016]]],[[[-109.28106,48.32926],[-109.27025,48.32926],[-109.27025,48.32204],[-109.28106,48.32204],[-109.28106,48.32926]]],[[[-110.47552,48.29952],[-110.46426,48.29941],[-110.46426,48.29192],[-110.47552,48.29192],[-110.47552,48.29952]]],[[[-110.47554,48.27043],[-110.46428,48.27042],[-110.46427,48.26323],[-110.47554,48.26327],[-110.47554,48.27043]]],[[[-98.07016,48.89531],[-98.05932,48.89542],[-98.05932,48.89134],[-98.07014,48.88766],[-98.07016,48.89531]]],[[[-98.08074,48.83698],[-98.07025,48.83747],[-98.07039,48.83348],[-98.08073,48.83351],[-98.08074,48.83698]]],[[[-99.67927,48.7363],[-99.66955,48.73667],[-99.66957,48.74017],[-99.65728,48.74033],[-99.6573,48.73299],[-99.67925,48.73297],[-99.67927,48.7363]]],[[[-99.67933,48.93561],[-99.66855,48.93561],[-99.66884,48.92844],[-99.67972,48.92842],[-99.67933,48.93561]]],[[[-99.71004,48.94181],[-99.7099,48.94335],[-99.70888,48.9423],[-99.71004,48.94181]]],[[[-99.71228,48.74405],[-99.70113,48.74401],[-99.70111,48.74036],[-99.71231,48.74043],[-99.71228,48.74405]]],[[[-99.72296,48.99402],[-99.71099,48.99398],[-99.7111,48.98625],[-99.72296,48.98625],[-99.72296,48.99402]]],[[[-99.72301,48.96462],[-99.7113,48.96445],[-99.71139,48.95731],[-99.72295,48.9574],[-99.72301,48.96462]]],[[[-99.72264,48.94226],[-99.71725,48.94293],[-99.71727,48.93929],[-99.70744,48.93561],[-99.72302,48.93563],[-99.72264,48.94226]]],[[[-99.75594,48.94327],[-99.74499,48.94332],[-99.74499,48.93557],[-99.75594,48.93558],[-99.75594,48.94327]]],[[[-99.8105,48.74755],[-99.79951,48.74768],[-99.79914,48.74043],[-99.81058,48.74053],[-99.8105,48.74755]]],[[[-99.82116,48.99021],[-99.8106,48.99013],[-99.81057,48.98604],[-99.82122,48.98611],[-99.82116,48.99021]]],[[[-99.82136,48.76924],[-99.81061,48.76917],[-99.81051,48.76476],[-99.82095,48.7646],[-99.82136,48.76924]]],[[[-99.82551,48.78391],[-99.8214,48.78393],[-99.82143,48.77652],[-99.8256,48.77654],[-99.82551,48.78391]]],[[[-99.83253,48.73353],[-99.83253,48.74068],[-99.82135,48.74064],[-99.8214,48.73349],[-99.83253,48.73353]]],[[[-99.83312,48.99921],[-99.82146,48.99921],[-99.82146,48.99338],[-99.83244,48.99342],[-99.83312,48.99921]]],[[[-99.85435,48.79108],[-99.84335,48.79115],[-99.84347,48.78863],[-99.85436,48.78877],[-99.85435,48.79108]]],[[[-99.85438,48.77658],[-99.84414,48.77659],[-99.84414,48.76923],[-99.8544,48.76933],[-99.85438,48.77658]]],[[[-99.876,48.73356],[-99.86458,48.73352],[-99.86465,48.7261],[-99.8763,48.72621],[-99.876,48.73356]]],[[[-99.93965,48.7187],[-99.92812,48.71868],[-99.92811,48.71472],[-99.9396,48.71481],[-99.93965,48.7187]]],[[[-99.98593,48.82027],[-99.97488,48.82027],[-99.97481,48.81302],[-99.98595,48.81306],[-99.98593,48.82027]]],[[[-99.99716,48.81309],[-99.98595,48.81306],[-99.98594,48.80574],[-99.99719,48.80561],[-99.99716,48.81309]]],[[[-100.07322,48.83824],[-100.06258,48.83824],[-100.06242,48.84541],[-100.06791,48.8454],[-100.06531,48.84725],[-100.06794,48.84909],[-100.06795,48.85636],[-100.05148,48.85629],[-100.05207,48.88823],[-100.06268,48.88827],[-100.05067,48.89238],[-100.05161,48.90703],[-100.04064,48.90703],[-100.04069,48.90302],[-100.02931,48.90316],[-100.02963,48.89243],[-100.04003,48.89235],[-100.04001,48.88786],[-100.0178,48.8879],[-100.01798,48.89229],[-100.00791,48.89223],[-100.00795,48.89967],[-99.98638,48.89963],[-99.9857,48.88527],[-99.97541,48.88531],[-99.97535,48.89218],[-99.95247,48.89254],[-99.95242,48.89918],[-99.94696,48.8993],[-99.94192,48.90357],[-99.94184,48.89237],[-99.9249,48.89241],[-99.92489,48.88544],[-99.91991,48.88541],[-99.91993,48.89241],[-99.91474,48.89242],[-99.91512,48.89692],[-99.92052,48.8969],[-99.92081,48.91325],[-99.91029,48.90984],[-99.90986,48.91764],[-99.92024,48.91645],[-99.92026,48.9294],[-99.91657,48.92989],[-99.91349,48.93522],[-99.93226,48.93885],[-99.93193,48.94187],[-99.92107,48.94211],[-99.92052,48.95747],[-99.89851,48.95767],[-99.89856,48.95472],[-99.90689,48.95015],[-99.87652,48.95047],[-99.87637,48.93558],[-99.88666,48.93568],[-99.88687,48.92818],[-99.87627,48.92828],[-99.87616,48.93557],[-99.86527,48.93555],[-99.86559,48.92128],[-99.85823,48.92396],[-99.86117,48.92122],[-99.85461,48.9177],[-99.84259,48.92376],[-99.8515,48.9257],[-99.85029,48.92803],[-99.83348,48.92856],[-99.83326,48.9357],[-99.85438,48.9356],[-99.85481,48.96311],[-99.84933,48.96314],[-99.84912,48.95103],[-99.84344,48.95109],[-99.84309,48.94371],[-99.83509,48.94398],[-99.83328,48.95039],[-99.78356,48.95029],[-99.7838,48.94609],[-99.77785,48.94606],[-99.77773,48.94296],[-99.76706,48.943],[-99.76711,48.9209],[-99.74502,48.92131],[-99.74505,48.91378],[-99.75599,48.9137],[-99.75593,48.90581],[-99.74481,48.90572],[-99.74488,48.90985],[-99.74223,48.90598],[-99.73377,48.90589],[-99.73366,48.91383],[-99.72317,48.91375],[-99.72302,48.92013],[-99.73406,48.92082],[-99.73411,48.92814],[-99.74471,48.9282],[-99.74499,48.93557],[-99.73398,48.93565],[-99.73401,48.92825],[-99.72303,48.92846],[-99.72301,48.9319],[-99.70623,48.93187],[-99.70622,48.9284],[-99.70105,48.92847],[-99.70143,48.92087],[-99.71212,48.92091],[-99.71217,48.91381],[-99.6904,48.91367],[-99.69028,48.91025],[-99.6632,48.91014],[-99.66292,48.91356],[-99.65702,48.91351],[-99.65704,48.90673],[-99.679,48.90676],[-99.67901,48.89931],[-99.69066,48.89931],[-99.69075,48.89224],[-99.67974,48.89229],[-99.67972,48.89639],[-99.66807,48.89632],[-99.67371,48.89228],[-99.65706,48.89224],[-99.65754,48.8054],[-99.75597,48.8054],[-99.75577,48.79809],[-99.76699,48.79796],[-99.76695,48.80543],[-99.83234,48.80555],[-99.83233,48.79842],[-99.82178,48.79789],[-99.82177,48.79115],[-99.83773,48.79141],[-99.83799,48.80556],[-99.85918,48.8056],[-99.85941,48.79109],[-99.8763,48.79107],[-99.87628,48.79897],[-99.86554,48.79893],[-99.86569,48.80561],[-99.92006,48.8057],[-99.92001,48.83463],[-99.95181,48.83486],[-99.95288,48.81346],[-99.94211,48.81341],[-99.94203,48.80573],[-99.9532,48.80584],[-99.9532,48.79816],[-99.96402,48.79814],[-99.96392,48.82024],[-99.95824,48.82024],[-99.95829,48.82343],[-99.96943,48.82355],[-99.96956,48.8271],[-99.97484,48.82701],[-99.97501,48.8236],[-99.98599,48.82353],[-99.98593,48.82027],[-100.00267,48.82025],[-100.00251,48.8272],[-100.00767,48.82719],[-100.00754,48.83074],[-100.00241,48.83079],[-100.00247,48.83447],[-100.01865,48.83447],[-100.01942,48.82766],[-100.01335,48.82745],[-100.01334,48.82026],[-100.00766,48.82025],[-100.00787,48.81298],[-100.01252,48.813],[-100.01252,48.80568],[-100.04065,48.80579],[-100.04069,48.8133],[-100.02423,48.81318],[-100.02419,48.82027],[-100.02987,48.82025],[-100.02986,48.82384],[-100.03509,48.82386],[-100.0349,48.82026],[-100.04596,48.82026],[-100.04086,48.82415],[-100.0436,48.83279],[-100.02975,48.83275],[-100.02984,48.84239],[-100.0515,48.84204],[-100.05209,48.83467],[-100.06246,48.83482],[-100.06244,48.82757],[-100.0732,48.82762],[-100.07322,48.83824]],[[-100.04063,48.85287],[-100.02974,48.85296],[-100.02969,48.85643],[-100.04068,48.85641],[-100.04063,48.85287]],[[-100.01878,48.85257],[-99.99671,48.84924],[-99.99664,48.87088],[-99.98783,48.87084],[-99.98622,48.86633],[-99.98624,48.87066],[-99.98125,48.87065],[-99.98126,48.87797],[-99.99683,48.87796],[-99.99708,48.88463],[-100.00739,48.88524],[-100.0074,48.87794],[-99.99704,48.87796],[-99.99702,48.87058],[-100.01313,48.8703],[-100.01331,48.87794],[-100.01877,48.87793],[-100.01866,48.86706],[-100.00822,48.86712],[-100.00807,48.85999],[-100.0188,48.85994],[-100.01878,48.85257]],[[-99.98587,48.84925],[-99.98047,48.84925],[-99.98057,48.85643],[-99.97442,48.85643],[-99.97439,48.84191],[-99.95779,48.84193],[-99.95753,48.84924],[-99.94187,48.84922],[-99.94182,48.85656],[-99.95859,48.85664],[-99.95878,48.85992],[-99.96946,48.85956],[-99.96952,48.86326],[-99.9751,48.86326],[-99.97509,48.86014],[-99.98595,48.86014],[-99.98587,48.84925]],[[-99.98051,48.82759],[-99.97502,48.82701],[-99.97485,48.83091],[-99.98063,48.83073],[-99.98051,48.82759]],[[-99.96383,48.86333],[-99.95318,48.86336],[-99.95321,48.87123],[-99.96408,48.87108],[-99.96383,48.86333]],[[-99.95113,48.87126],[-99.94807,48.86988],[-99.94828,48.86602],[-99.94184,48.86339],[-99.94186,48.87139],[-99.95113,48.87126]],[[-99.93096,48.8743],[-99.91993,48.87429],[-99.9199,48.8783],[-99.93113,48.87846],[-99.93096,48.8743]],[[-99.90938,48.89243],[-99.88711,48.89241],[-99.88728,48.89659],[-99.90923,48.89659],[-99.90938,48.89243]],[[-99.9092,48.92831],[-99.89824,48.92815],[-99.89881,48.94936],[-99.9007,48.94509],[-99.90894,48.94254],[-99.9092,48.92831]],[[-99.85374,48.89232],[-99.844,48.8922],[-99.84348,48.89902],[-99.85294,48.8991],[-99.85374,48.89232]],[[-99.82767,48.92147],[-99.82428,48.92112],[-99.82363,48.91472],[-99.82274,48.91741],[-99.81815,48.91743],[-99.81803,48.92122],[-99.81087,48.92098],[-99.81047,48.92511],[-99.81764,48.92508],[-99.81781,48.93227],[-99.82197,48.93228],[-99.82217,48.92919],[-99.82758,48.92869],[-99.82767,48.92147]],[[-99.82265,48.93569],[-99.81062,48.93569],[-99.81057,48.93067],[-99.79438,48.93096],[-99.79444,48.92389],[-99.78892,48.92389],[-99.7886,48.94281],[-99.80667,48.94011],[-99.8125,48.94474],[-99.81448,48.9425],[-99.81061,48.93899],[-99.82257,48.93861],[-99.82265,48.93569]],[[-99.82107,48.9067],[-99.81038,48.90659],[-99.81028,48.8922],[-99.78883,48.89212],[-99.7884,48.90641],[-99.81025,48.90999],[-99.81025,48.91422],[-99.82132,48.9141],[-99.82107,48.9067]],[[-99.80496,48.92166],[-99.7996,48.92163],[-99.79964,48.92441],[-99.80482,48.9243],[-99.80496,48.92166]],[[-99.79451,48.91675],[-99.78865,48.91769],[-99.78854,48.92157],[-99.79437,48.9207],[-99.79451,48.91675]],[[-99.73382,48.89211],[-99.72296,48.89214],[-99.72304,48.89932],[-99.7338,48.89936],[-99.73382,48.89211]],[[-99.701,48.89962],[-99.69066,48.89947],[-99.69056,48.90662],[-99.70115,48.90657],[-99.701,48.89962]],[[-99.95181,48.83486],[-99.95177,48.83856],[-99.96943,48.8386],[-99.97012,48.83044],[-99.9583,48.83069],[-99.95828,48.83479],[-99.95181,48.83486]],[[-100.00247,48.83447],[-99.99688,48.83431],[-99.99688,48.83794],[-100.00263,48.83794],[-100.00247,48.83447]]],[[[-100.08478,48.84907],[-100.07339,48.84907],[-100.07182,48.84225],[-100.08488,48.84204],[-100.08478,48.84907]]],[[[-100.08998,48.85278],[-100.08495,48.85285],[-100.08478,48.84907],[-100.08998,48.84905],[-100.08998,48.85278]]],[[[-100.09548,48.83467],[-100.09525,48.84204],[-100.08488,48.84204],[-100.08497,48.83467],[-100.09548,48.83467]]],[[[-100.62624,48.23972],[-100.61537,48.23968],[-100.61538,48.23223],[-100.62623,48.23225],[-100.62624,48.23972]]],[[[-101.08922,47.68883],[-101.07887,47.6888],[-101.07886,47.68507],[-101.08332,47.68505],[-101.08324,47.67793],[-101.08906,47.6779],[-101.08922,47.68883]]],[[[-101.33038,47.703],[-101.31919,47.70306],[-101.31909,47.6958],[-101.33028,47.69574],[-101.33038,47.703]]],[[[-101.36769,47.73198],[-101.35705,47.73204],[-101.35713,47.71767],[-101.36795,47.71761],[-101.36769,47.73198]]],[[[-101.38929,47.8119],[-101.37877,47.81196],[-101.37875,47.80489],[-101.3892,47.80479],[-101.38929,47.8119]]],[[[-102.14685,48.4087],[-102.12506,48.40872],[-102.12516,48.40174],[-102.14684,48.40172],[-102.14685,48.4087]]],[[[-102.14966,48.29884],[-102.13838,48.2989],[-102.13836,48.2916],[-102.1496,48.29156],[-102.14966,48.29884]]],[[[-102.15076,45.38258],[-102.11956,45.38261],[-102.11955,45.37835],[-102.14041,45.37833],[-102.14041,45.37473],[-102.15074,45.37472],[-102.15076,45.38258]]],[[[-102.1585,48.42392],[-102.14676,48.42384],[-102.14688,48.41601],[-102.1586,48.41609],[-102.1585,48.42392]]],[[[-102.19241,48.31269],[-102.18107,48.3128],[-102.18126,48.2985],[-102.19207,48.29834],[-102.19241,48.31269]]],[[[-102.32047,48.41586],[-102.30994,48.41586],[-102.30986,48.40875],[-102.32057,48.40869],[-102.32047,48.41586]]],[[[-102.73408,48.68439],[-102.71238,48.68438],[-102.71244,48.67686],[-102.73435,48.67687],[-102.73408,48.68439]]],[[[-102.80514,45.15089],[-102.79476,45.15093],[-102.79476,45.14367],[-102.80503,45.14363],[-102.80514,45.15089]]],[[[-103.4422,48.17627],[-103.43138,48.1763],[-103.43132,48.16894],[-103.44214,48.1689],[-103.4422,48.17627]]],[[[-103.84807,48.8438],[-103.83776,48.84379],[-103.83778,48.8368],[-103.84802,48.83693],[-103.84807,48.8438]]],[[[-103.85215,48.1403],[-103.84154,48.14029],[-103.84171,48.13289],[-103.85215,48.13289],[-103.85215,48.1403]]],[[[-103.863,48.05608],[-103.85866,48.05727],[-103.85707,48.05365],[-103.8521,48.05367],[-103.85218,48.04979],[-103.86302,48.04981],[-103.863,48.05608]]],[[[-103.91691,48.11841],[-103.90646,48.11841],[-103.90646,48.11122],[-103.91688,48.11115],[-103.91691,48.11841]]],[[[-103.93785,48.0608],[-103.92685,48.06092],[-103.92685,48.05355],[-103.93785,48.05354],[-103.93785,48.0608]]],[[[-103.93917,48.48887],[-103.92821,48.48886],[-103.92825,48.48158],[-103.93918,48.48161],[-103.93917,48.48887]]],[[[-103.93927,48.11853],[-103.92791,48.11853],[-103.92791,48.11117],[-103.9392,48.1108],[-103.93927,48.11853]]],[[[-103.94735,47.99674],[-103.9368,47.99667],[-103.93684,47.98913],[-103.94733,47.98908],[-103.94735,47.99674]]],[[[-103.95795,48.75697],[-103.9471,48.75697],[-103.94708,48.7497],[-103.95833,48.74957],[-103.95795,48.75697]]],[[[-103.97092,48.11159],[-103.97102,48.11503],[-103.94932,48.11503],[-103.94919,48.10838],[-103.97092,48.11159]]],[[[-103.97173,48.60513],[-103.96048,48.60507],[-103.96052,48.59745],[-103.97179,48.59747],[-103.97173,48.60513]]],[[[-103.97168,48.539],[-103.96043,48.53903],[-103.96047,48.53237],[-103.97188,48.53219],[-103.97168,48.539]]],[[[-103.97998,48.73504],[-103.96837,48.73502],[-103.96846,48.72802],[-103.97999,48.72802],[-103.97998,48.73504]]],[[[-103.98262,48.53207],[-103.97188,48.53219],[-103.97183,48.52494],[-103.98244,48.52573],[-103.98262,48.53207]]],[[[-103.99382,48.40211],[-103.98306,48.40209],[-103.98294,48.39491],[-103.99388,48.39493],[-103.99382,48.40211]]],[[[-104.00441,48.53961],[-103.99357,48.53965],[-103.9937,48.53212],[-104.00443,48.53214],[-104.00441,48.53961]]],[[[-104.00449,48.56854],[-103.99372,48.56862],[-103.99353,48.56132],[-104.00449,48.56133],[-104.00449,48.56854]]],[[[-104.01561,48.40213],[-104.00417,48.40213],[-104.00407,48.39477],[-104.01565,48.39473],[-104.01561,48.40213]]],[[[-104.02553,48.23033],[-104.01438,48.23038],[-104.01426,48.22676],[-104.02549,48.2267],[-104.02553,48.23033]]],[[[-104.02561,48.20508],[-104.01402,48.20514],[-104.01394,48.19817],[-104.02553,48.19817],[-104.02561,48.20508]]],[[[-104.02625,48.53208],[-104.00756,48.53192],[-104.00792,48.52518],[-104.00583,48.52516],[-104.0261,48.52501],[-104.02625,48.53208]]],[[[-104.03646,48.14765],[-104.02528,48.14765],[-104.02532,48.14023],[-104.03647,48.14022],[-104.03646,48.14765]]],[[[-104.03711,48.35839],[-104.01537,48.35851],[-104.01416,48.34277],[-104.03692,48.34285],[-104.03711,48.35839]]],[[[-104.03719,48.52485],[-104.0261,48.52501],[-104.02611,48.51785],[-104.03718,48.51793],[-104.03719,48.52485]]],[[[-104.03774,48.43142],[-104.0155,48.43141],[-104.01553,48.42396],[-104.03777,48.42392],[-104.03774,48.43142]]],[[[-104.04522,48.14029],[-104.03647,48.14022],[-104.03648,48.13304],[-104.04516,48.13304],[-104.04522,48.14029]]],[[[-104.04606,48.26307],[-104.03622,48.26312],[-104.03629,48.27037],[-104.01432,48.27348],[-104.0143,48.2555],[-104.02581,48.25545],[-104.02557,48.23407],[-104.0359,48.23414],[-104.03614,48.25564],[-104.04595,48.25591],[-104.04606,48.26307]]],[[[-104.04618,48.29935],[-104.0259,48.29937],[-104.02585,48.29194],[-104.03616,48.29186],[-104.03599,48.28485],[-104.04614,48.28486],[-104.04618,48.29935]]],[[[-104.04626,48.32106],[-104.03644,48.32107],[-104.03602,48.31427],[-104.04623,48.31385],[-104.04626,48.32106]]],[[[-104.04779,48.54709],[-104.01542,48.54688],[-104.0153,48.53892],[-104.02658,48.53906],[-104.02625,48.53208],[-104.03719,48.53246],[-104.0372,48.53966],[-104.04778,48.53961],[-104.04779,48.54709]]],[[[-104.04795,48.67714],[-104.03726,48.67716],[-104.03723,48.67031],[-104.04792,48.67013],[-104.04795,48.67714]]],[[[-104.04817,48.59761],[-104.03814,48.5976],[-104.03821,48.58306],[-104.04793,48.5831],[-104.04817,48.59761]]],[[[-104.0523,48.07777],[-104.04679,48.07777],[-104.04679,48.06324],[-104.05239,48.06324],[-104.0523,48.07777]]],[[[-104.06436,48.38929],[-104.03722,48.38768],[-104.03723,48.3806],[-104.05351,48.38215],[-104.05355,48.38572],[-104.05552,48.38186],[-104.06436,48.38185],[-104.06436,48.38929]]],[[[-104.06977,48.51945],[-104.06432,48.51948],[-104.06432,48.51594],[-104.0698,48.51595],[-104.06977,48.51945]]],[[[-104.07374,48.10488],[-104.06302,48.10666],[-104.06309,48.09936],[-104.07386,48.09936],[-104.07374,48.10488]]],[[[-104.08614,48.3387],[-104.0755,48.33867],[-104.07581,48.33139],[-104.08616,48.33137],[-104.08614,48.3387]]],[[[-104.09697,48.36037],[-104.07511,48.36037],[-104.07511,48.35317],[-104.09698,48.35305],[-104.09697,48.36037]]],[[[-104.10238,48.3785],[-104.0969,48.3785],[-104.0969,48.37486],[-104.10238,48.37486],[-104.10238,48.3785]]],[[[-104.1078,48.47612],[-104.09684,48.47612],[-104.09684,48.46895],[-104.10773,48.46894],[-104.1078,48.47612]]],[[[-104.10781,48.52672],[-104.09691,48.52673],[-104.09689,48.51951],[-104.08612,48.51952],[-104.08611,48.51234],[-104.10805,48.51234],[-104.10781,48.52672]]],[[[-104.13358,48.57766],[-104.12252,48.57762],[-104.12213,48.58484],[-104.11175,48.58484],[-104.11199,48.56315],[-104.12316,48.56322],[-104.12299,48.57029],[-104.13356,48.57032],[-104.13358,48.57766]]],[[[-104.13363,48.59202],[-104.12225,48.59203],[-104.12213,48.58484],[-104.13374,48.58494],[-104.13363,48.59202]]],[[[-104.14041,48.43587],[-104.13481,48.43641],[-104.13481,48.43272],[-104.14041,48.43272],[-104.14041,48.43587]]],[[[-104.14432,48.5703],[-104.13356,48.57032],[-104.13346,48.5629],[-104.14432,48.5629],[-104.14432,48.5703]]],[[[-104.15139,48.47617],[-104.14032,48.47616],[-104.14041,48.46888],[-104.15139,48.46888],[-104.15139,48.47617]]],[[[-104.16222,48.34588],[-104.15132,48.34586],[-104.15132,48.33849],[-104.16222,48.33849],[-104.16222,48.34588]]],[[[-104.17296,48.40407],[-104.16207,48.40407],[-104.16207,48.39659],[-104.17296,48.39659],[-104.17296,48.40407]]],[[[-104.17306,48.44372],[-104.16777,48.44371],[-104.16765,48.43641],[-104.16215,48.4364],[-104.16208,48.43281],[-104.17307,48.43302],[-104.17306,48.44372]]],[[[-104.17313,48.48355],[-104.16218,48.48353],[-104.16213,48.47637],[-104.17311,48.47625],[-104.17313,48.48355]]],[[[-104.17308,48.37531],[-104.16225,48.37526],[-104.16226,48.38212],[-104.17309,48.38204],[-104.17308,48.38937],[-104.15135,48.38936],[-104.15135,48.38199],[-104.1295,48.38202],[-104.1295,48.3751],[-104.15135,48.37521],[-104.1514,48.36761],[-104.17314,48.36752],[-104.17308,48.37531]]],[[[-104.18421,48.54864],[-104.17332,48.54861],[-104.17341,48.54141],[-104.18424,48.54144],[-104.18421,48.54864]]],[[[-104.19485,48.46901],[-104.18389,48.46903],[-104.18391,48.46205],[-104.19482,48.46175],[-104.19485,48.46901]]],[[[-104.19478,48.56304],[-104.17329,48.56305],[-104.17333,48.55583],[-104.19491,48.55582],[-104.19478,48.56304]]],[[[-104.20551,48.38196],[-104.19467,48.38196],[-104.19471,48.38938],[-104.18382,48.38938],[-104.18429,48.37531],[-104.20551,48.37503],[-104.20551,48.38196]]],[[[-104.2056,48.41107],[-104.19495,48.41107],[-104.19501,48.40386],[-104.2056,48.40386],[-104.2056,48.41107]]],[[[-104.2057,48.36759],[-104.18397,48.36762],[-104.18395,48.36038],[-104.20575,48.36044],[-104.2057,48.36759]]],[[[-104.21685,48.53422],[-104.195,48.53418],[-104.19494,48.52693],[-104.20605,48.52686],[-104.20598,48.51965],[-104.21679,48.51971],[-104.21685,48.53422]]],[[[-104.21694,48.54861],[-104.20586,48.54862],[-104.20586,48.54142],[-104.21685,48.54141],[-104.21694,48.54861]]],[[[-104.22731,48.34591],[-104.21645,48.34593],[-104.21646,48.33856],[-104.2273,48.33855],[-104.22731,48.34591]]],[[[-104.2275,48.46912],[-104.2275,48.4762],[-104.20564,48.47623],[-104.2056,48.46912],[-104.2275,48.46912]]],[[[-104.22752,48.43273],[-104.21656,48.43258],[-104.21655,48.42553],[-104.22746,48.42552],[-104.22752,48.43273]]],[[[-104.22765,48.56298],[-104.21657,48.56301],[-104.21658,48.55589],[-104.22766,48.55588],[-104.22765,48.56298]]],[[[-104.22778,48.4038],[-104.21656,48.40379],[-104.21655,48.39659],[-104.22791,48.39659],[-104.22778,48.4038]]],[[[-104.23054,48.20105],[-104.21971,48.20105],[-104.21971,48.19383],[-104.21417,48.19383],[-104.21417,48.19014],[-104.22512,48.19014],[-104.22512,48.18653],[-104.23054,48.18653],[-104.23054,48.20105]]],[[[-104.23707,48.54141],[-104.22714,48.54141],[-104.22714,48.53404],[-104.23703,48.53406],[-104.23707,48.54141]]],[[[-104.23766,48.46912],[-104.2275,48.46912],[-104.2275,48.44732],[-104.23766,48.44732],[-104.23766,48.46912]]],[[[-104.23779,48.36031],[-104.2273,48.36029],[-104.22731,48.34591],[-104.2377,48.3459],[-104.23779,48.36031]]],[[[-104.25957,48.36766],[-104.24905,48.36766],[-104.24903,48.36034],[-104.25951,48.36036],[-104.25957,48.36766]]],[[[-104.26329,48.08522],[-104.25745,48.08522],[-104.25745,48.08146],[-104.26329,48.08146],[-104.26329,48.08522]]],[[[-104.27034,48.47624],[-104.25934,48.47624],[-104.25933,48.46894],[-104.27034,48.46893],[-104.27034,48.47624]]],[[[-104.27034,48.52695],[-104.25949,48.52695],[-104.25949,48.51958],[-104.27034,48.51958],[-104.27034,48.52695]]],[[[-104.27929,48.09981],[-104.27378,48.09981],[-104.27377,48.08522],[-104.27929,48.08524],[-104.27929,48.09981]]],[[[-104.3082,48.72244],[-104.29711,48.72243],[-104.29708,48.71509],[-104.30809,48.71513],[-104.3082,48.72244]]],[[[-104.31084,48.20112],[-104.28947,48.20112],[-104.28947,48.18643],[-104.30015,48.18643],[-104.30015,48.19382],[-104.31084,48.19382],[-104.31084,48.20112]]],[[[-104.31109,48.18643],[-104.30015,48.18643],[-104.30015,48.17952],[-104.31109,48.1793],[-104.31109,48.18643]]],[[[-104.31387,48.48321],[-104.31387,48.49068],[-104.30309,48.49066],[-104.30309,48.48321],[-104.31387,48.48321]]],[[[-104.32941,48.73703],[-104.31856,48.73704],[-104.3186,48.72958],[-104.32939,48.72958],[-104.32941,48.73703]]],[[[-104.3316,48.17896],[-104.32101,48.17896],[-104.32101,48.18652],[-104.31599,48.18652],[-104.31599,48.16856],[-104.32629,48.16856],[-104.32629,48.16469],[-104.33115,48.16474],[-104.3316,48.17896]]],[[[-104.34647,48.30249],[-104.33549,48.30249],[-104.33548,48.29505],[-104.34643,48.29506],[-104.34647,48.30249]]],[[[-104.34732,48.1646],[-104.33639,48.1646],[-104.33633,48.15715],[-104.34727,48.15716],[-104.34732,48.1646]]],[[[-104.35156,48.85987],[-104.3406,48.8599],[-104.3406,48.85284],[-104.35157,48.85283],[-104.35156,48.85987]]],[[[-104.36745,48.50517],[-104.35751,48.50523],[-104.35752,48.5124],[-104.3467,48.51239],[-104.34652,48.50145],[-104.32483,48.50529],[-104.32485,48.49787],[-104.31426,48.49774],[-104.31392,48.49417],[-104.32485,48.49416],[-104.32463,48.48321],[-104.31387,48.48321],[-104.31387,48.4759],[-104.33551,48.47591],[-104.33553,48.48324],[-104.34653,48.48326],[-104.34652,48.49067],[-104.33015,48.4907],[-104.33016,48.49729],[-104.36745,48.49789],[-104.36745,48.50517]]],[[[-104.36754,48.47252],[-104.35736,48.47602],[-104.35736,48.46884],[-104.36741,48.46526],[-104.36754,48.47252]]],[[[-104.37387,48.10676],[-104.35222,48.10676],[-104.35222,48.09938],[-104.37387,48.09938],[-104.37387,48.10676]]],[[[-104.37416,48.17189],[-104.36855,48.17181],[-104.36851,48.15715],[-104.37401,48.15716],[-104.37416,48.17189]]],[[[-104.37816,48.52678],[-104.36755,48.52694],[-104.36755,48.51959],[-104.37816,48.51959],[-104.37816,48.52678]]],[[[-104.38835,48.51959],[-104.37816,48.51959],[-104.37816,48.5123],[-104.3884,48.51233],[-104.38835,48.51959]]],[[[-104.38875,48.49767],[-104.37801,48.49767],[-104.37801,48.49423],[-104.35698,48.49424],[-104.35695,48.49141],[-104.38875,48.49052],[-104.38875,48.49767]]],[[[-104.39524,48.72966],[-104.38439,48.72966],[-104.38437,48.7224],[-104.39524,48.72245],[-104.39524,48.72966]]],[[[-104.39944,48.49052],[-104.38875,48.49052],[-104.38875,48.48455],[-104.39893,48.47957],[-104.39944,48.49052]]],[[[-104.39934,48.4775],[-104.39358,48.47638],[-104.39352,48.47487],[-104.40004,48.47499],[-104.39934,48.4775]]],[[[-104.41062,48.51988],[-104.39943,48.51969],[-104.39942,48.50518],[-104.41065,48.50519],[-104.41062,48.51988]]],[[[-104.41664,48.12108],[-104.40659,48.12111],[-104.40663,48.11397],[-104.4166,48.11401],[-104.41664,48.12108]]],[[[-104.42137,48.49781],[-104.41037,48.49781],[-104.41037,48.49056],[-104.42137,48.49056],[-104.42137,48.49781]]],[[[-104.42817,48.68615],[-104.42263,48.68615],[-104.4227,48.67894],[-104.42814,48.67896],[-104.42817,48.68615]]],[[[-104.43306,48.33153],[-104.4216,48.33153],[-104.42173,48.32425],[-104.43307,48.32424],[-104.43306,48.33153]]],[[[-104.44414,48.48365],[-104.43343,48.48359],[-104.43343,48.4774],[-104.43662,48.47765],[-104.44414,48.48365]]],[[[-104.48234,48.79482],[-104.47138,48.79479],[-104.47136,48.78863],[-104.48237,48.78761],[-104.48234,48.79482]]],[[[-104.48888,48.47883],[-104.48191,48.47867],[-104.47816,48.47674],[-104.4849,48.47502],[-104.48888,48.47883]]],[[[-104.49878,48.70774],[-104.48803,48.70783],[-104.48793,48.70416],[-104.49319,48.70416],[-104.49318,48.69688],[-104.49877,48.69688],[-104.49878,48.70774]]],[[[-104.52988,45.51324],[-104.51948,45.51324],[-104.51957,45.50602],[-104.52953,45.50608],[-104.52988,45.51324]]],[[[-104.53045,48.46885],[-104.51955,48.46885],[-104.51954,48.46158],[-104.53046,48.46159],[-104.53045,48.46885]]],[[[-104.53522,45.47731],[-104.53522,45.48073],[-104.52997,45.48073],[-104.52997,45.477],[-104.53522,45.47731]]],[[[-104.54841,45.57272],[-104.53801,45.57288],[-104.538,45.56547],[-104.54837,45.56529],[-104.54841,45.57272]]],[[[-104.55219,48.41097],[-104.54122,48.41097],[-104.54123,48.40372],[-104.55222,48.40371],[-104.55219,48.41097]]],[[[-104.56903,48.97583],[-104.5635,48.97583],[-104.5635,48.97228],[-104.56903,48.97228],[-104.56903,48.97583]]],[[[-104.57884,48.38887],[-104.56228,48.38938],[-104.56233,48.38666],[-104.5804,48.38597],[-104.57884,48.38887]]],[[[-104.58152,45.51333],[-104.57107,45.51333],[-104.57098,45.50611],[-104.5814,45.50611],[-104.58152,45.51333]]],[[[-104.58161,45.48428],[-104.57121,45.48428],[-104.57133,45.477],[-104.58161,45.477],[-104.58161,45.48428]]],[[[-104.58393,48.12137],[-104.57335,48.12137],[-104.57348,48.12495],[-104.56758,48.12491],[-104.56755,48.11949],[-104.57144,48.11769],[-104.58393,48.11769],[-104.58393,48.12137]]],[[[-104.58952,45.58038],[-104.5791,45.58038],[-104.5791,45.57308],[-104.58949,45.57308],[-104.58952,45.58038]]],[[[-104.61316,48.6789],[-104.60215,48.6789],[-104.60215,48.67166],[-104.61316,48.67166],[-104.61316,48.6789]]],[[[-104.62638,48.70069],[-104.6131,48.70066],[-104.6131,48.68627],[-104.62638,48.6863],[-104.62638,48.70069]]],[[[-104.63503,48.78399],[-104.61311,48.78399],[-104.61307,48.78038],[-104.63485,48.78028],[-104.63503,48.78399]]],[[[-104.63514,48.67176],[-104.62387,48.67178],[-104.62386,48.6644],[-104.6351,48.66439],[-104.63514,48.67176]]],[[[-104.64086,48.71192],[-104.64086,48.71525],[-104.63523,48.71525],[-104.63523,48.71162],[-104.64086,48.71192]]],[[[-104.64591,48.70086],[-104.63517,48.70089],[-104.63517,48.69337],[-104.64589,48.69338],[-104.64591,48.70086]]],[[[-104.64636,48.72608],[-104.62414,48.72608],[-104.62414,48.72221],[-104.64628,48.72182],[-104.64636,48.72608]]],[[[-104.66226,48.78053],[-104.64045,48.78052],[-104.64053,48.77322],[-104.65622,48.77321],[-104.65697,48.77674],[-104.6623,48.77674],[-104.66226,48.78053]]],[[[-104.66783,48.88908],[-104.65686,48.88908],[-104.65686,48.88172],[-104.66794,48.88172],[-104.66783,48.88908]]],[[[-104.67879,48.7046],[-104.66793,48.7046],[-104.66793,48.70093],[-104.67879,48.70093],[-104.67879,48.7046]]],[[[-104.68432,48.71537],[-104.67889,48.71537],[-104.67892,48.72232],[-104.66809,48.72214],[-104.66793,48.71163],[-104.67835,48.71164],[-104.67894,48.70828],[-104.68432,48.70828],[-104.68432,48.71537]]],[[[-104.70061,48.67184],[-104.68959,48.67184],[-104.68959,48.66454],[-104.70061,48.66454],[-104.70061,48.67184]]],[[[-104.71741,48.9758],[-104.70637,48.97597],[-104.70634,48.96863],[-104.71737,48.96866],[-104.71741,48.9758]]],[[[-104.97257,48.86739],[-104.96364,48.8637],[-104.9624,48.87456],[-104.95115,48.87457],[-104.95123,48.86001],[-104.97243,48.86004],[-104.97257,48.86739]]],[[[-105.29462,48.85292],[-105.28934,48.85298],[-105.28934,48.84582],[-105.27843,48.84582],[-105.27841,48.83855],[-105.29505,48.83857],[-105.29462,48.85292]]],[[[-105.4095,48.65747],[-105.4094,48.66483],[-105.40363,48.66483],[-105.40364,48.66117],[-105.39303,48.66117],[-105.39304,48.65726],[-105.4095,48.65747]]],[[[-105.42033,48.65725],[-105.40951,48.65725],[-105.40939,48.65023],[-105.42031,48.65023],[-105.42033,48.65725]]],[[[-105.43118,48.67192],[-105.42022,48.67213],[-105.42022,48.66483],[-105.43118,48.66486],[-105.43118,48.67192]]],[[[-105.43151,48.759],[-105.42061,48.759],[-105.42061,48.75183],[-105.43157,48.75177],[-105.43151,48.759]]],[[[-105.44239,48.74456],[-105.43139,48.74456],[-105.43137,48.73691],[-105.44244,48.73723],[-105.44239,48.74456]]],[[[-105.45858,48.7083],[-105.45304,48.70831],[-105.45304,48.69383],[-105.45856,48.69382],[-105.45858,48.7083]]],[[[-105.4642,48.73645],[-105.45321,48.73734],[-105.45321,48.73002],[-105.4642,48.73002],[-105.4642,48.73645]]],[[[-105.46463,48.79517],[-105.4535,48.79528],[-105.4535,48.78798],[-105.46457,48.78798],[-105.46463,48.79517]]],[[[-105.47506,48.74098],[-105.46419,48.74092],[-105.4642,48.73732],[-105.47507,48.73732],[-105.47506,48.74098]]],[[[-105.93859,47.89744],[-105.92783,47.89747],[-105.9279,47.88292],[-105.93867,47.88289],[-105.93859,47.89744]]],[[[-105.94939,47.91186],[-105.93855,47.91186],[-105.93732,47.90618],[-105.94809,47.90155],[-105.94939,47.91186]]],[[[-105.96019,47.88303],[-105.94943,47.88303],[-105.94943,47.87565],[-105.96019,47.87565],[-105.96019,47.88303]]],[[[-105.97083,47.8974],[-105.96019,47.8974],[-105.96019,47.89026],[-105.97083,47.89026],[-105.97083,47.8974]]],[[[-106.00314,47.8757],[-105.99198,47.87565],[-105.99225,47.86853],[-106.00335,47.86844],[-106.00314,47.8757]]],[[[-106.03563,47.90467],[-106.02492,47.90466],[-106.02484,47.89768],[-106.03568,47.89767],[-106.03563,47.90467]]],[[[-106.04614,47.88222],[-106.03545,47.88311],[-106.03548,47.87578],[-106.04625,47.8758],[-106.04614,47.88222]]],[[[-107.2008,48.7274],[-107.19531,48.73108],[-107.19531,48.7274],[-107.2008,48.7274]]],[[[-107.27169,48.76362],[-107.26089,48.76362],[-107.26089,48.75641],[-107.27169,48.75641],[-107.27169,48.76362]]],[[[-107.35945,48.699],[-107.34873,48.699],[-107.3487,48.68459],[-107.35944,48.68457],[-107.35945,48.699]]],[[[-107.38123,48.66996],[-107.35941,48.66996],[-107.35941,48.6627],[-107.3813,48.6627],[-107.38123,48.66996]]],[[[-107.55296,47.75565],[-107.54221,47.75565],[-107.54221,47.752],[-107.55294,47.752],[-107.55296,47.75565]]],[[[-107.57237,48.63344],[-107.5614,48.63344],[-107.56283,48.6226],[-107.56692,48.62267],[-107.56692,48.62987],[-107.57237,48.62987],[-107.57237,48.63344]]],[[[-107.57243,48.64437],[-107.5614,48.64793],[-107.5614,48.64069],[-107.57243,48.63704],[-107.57243,48.64437]]],[[[-107.58345,48.69512],[-107.56151,48.69512],[-107.56152,48.69161],[-107.58345,48.69148],[-107.58345,48.69512]]],[[[-107.58347,48.72033],[-107.57794,48.72033],[-107.57794,48.71303],[-107.58347,48.71303],[-107.58347,48.72033]]],[[[-107.59414,48.67691],[-107.58326,48.6769],[-107.58326,48.66956],[-107.57757,48.66955],[-107.57756,48.66237],[-107.58841,48.66238],[-107.58851,48.66961],[-107.59415,48.66958],[-107.59414,48.67691]]],[[[-107.61113,48.69521],[-107.60579,48.69525],[-107.60591,48.68798],[-107.6002,48.68782],[-107.60008,48.68416],[-107.6109,48.68413],[-107.61113,48.69521]]],[[[-107.6218,48.67081],[-107.6218,48.67697],[-107.61093,48.67697],[-107.61093,48.66972],[-107.6218,48.67081]]],[[[-107.62179,48.8215],[-107.61086,48.82177],[-107.61086,48.81444],[-107.62186,48.81442],[-107.62179,48.8215]]],[[[-107.62208,48.79998],[-107.61092,48.79992],[-107.61086,48.79265],[-107.62203,48.79266],[-107.62208,48.79998]]],[[[-107.62708,48.60459],[-107.6237,48.60387],[-107.62318,48.60025],[-107.62709,48.60008],[-107.62708,48.60459]]],[[[-107.62737,48.77177],[-107.62738,48.7746],[-107.62217,48.77462],[-107.62201,48.771],[-107.62737,48.77177]]],[[[-107.63278,48.82886],[-107.62172,48.82886],[-107.62179,48.82176],[-107.63279,48.8217],[-107.63278,48.82886]]],[[[-107.63803,48.61537],[-107.62717,48.61543],[-107.62712,48.60814],[-107.63803,48.60814],[-107.63803,48.61537]]],[[[-107.63803,48.6044],[-107.63176,48.60436],[-107.62708,48.59716],[-107.63803,48.59716],[-107.63803,48.6044]]],[[[-107.63822,48.66606],[-107.63267,48.66606],[-107.63269,48.66963],[-107.6218,48.66972],[-107.6218,48.66606],[-107.62722,48.66606],[-107.62723,48.66237],[-107.6218,48.66237],[-107.62169,48.65526],[-107.63269,48.65526],[-107.63265,48.66237],[-107.63822,48.66237],[-107.63822,48.66606]]],[[[-107.64338,48.60725],[-107.63803,48.60599],[-107.63803,48.6044],[-107.64331,48.6044],[-107.64338,48.60725]]],[[[-107.64405,48.81441],[-107.63302,48.81441],[-107.633,48.80722],[-107.64405,48.80722],[-107.64405,48.81441]]],[[[-107.64409,48.71314],[-107.62191,48.71312],[-107.62191,48.70585],[-107.64409,48.70585],[-107.64409,48.71314]]],[[[-107.6495,48.79995],[-107.6385,48.79995],[-107.6385,48.78912],[-107.64407,48.78912],[-107.64459,48.79642],[-107.6495,48.79642],[-107.6495,48.79995]]],[[[-107.65468,48.69861],[-107.62185,48.69861],[-107.62185,48.69122],[-107.65466,48.69122],[-107.65468,48.69861]]],[[[-107.66593,48.79288],[-107.65466,48.79286],[-107.65467,48.78549],[-107.66593,48.7855],[-107.66593,48.79288]]],[[[-107.68147,48.61174],[-107.66504,48.61174],[-107.66504,48.60456],[-107.67048,48.60456],[-107.67048,48.60818],[-107.68147,48.60819],[-107.68147,48.61174]]],[[[-107.6924,48.81454],[-107.68241,48.81095],[-107.6824,48.80722],[-107.66049,48.80721],[-107.66049,48.80366],[-107.68784,48.80366],[-107.68784,48.80727],[-107.69337,48.80727],[-107.6924,48.81454]]],[[[-107.70821,47.74853],[-107.69749,47.74496],[-107.69752,47.73773],[-107.7082,47.74122],[-107.70821,47.74853]]],[[[-107.70954,48.71315],[-107.68749,48.71315],[-107.68749,48.69864],[-107.69862,48.69864],[-107.69862,48.70596],[-107.70954,48.70596],[-107.70954,48.71315]]],[[[-107.74136,48.62617],[-107.7305,48.62626],[-107.73045,48.61172],[-107.74136,48.61174],[-107.74136,48.62617]]],[[[-107.74156,48.65515],[-107.73063,48.65503],[-107.73054,48.63707],[-107.73583,48.63707],[-107.73591,48.64794],[-107.74151,48.64794],[-107.74156,48.65515]]],[[[-107.74181,48.68416],[-107.73073,48.68416],[-107.73073,48.67689],[-107.74181,48.67689],[-107.74181,48.68416]]],[[[-107.75261,48.71315],[-107.74177,48.71315],[-107.74177,48.7058],[-107.75261,48.7058],[-107.75261,48.71315]]],[[[-107.76369,48.74212],[-107.7526,48.74209],[-107.75259,48.72754],[-107.76359,48.72754],[-107.76369,48.74212]]],[[[-107.76888,48.69135],[-107.75813,48.6914],[-107.75813,48.6878],[-107.75267,48.68779],[-107.7527,48.68415],[-107.76888,48.68411],[-107.76888,48.69135]]],[[[-107.77981,48.48154],[-107.76258,48.48146],[-107.77342,48.47715],[-107.77332,48.47419],[-107.77978,48.47532],[-107.77981,48.48154]]],[[[-107.78542,48.66966],[-107.77462,48.66966],[-107.77462,48.67686],[-107.75235,48.67685],[-107.75234,48.64435],[-107.74693,48.64438],[-107.74693,48.64071],[-107.76325,48.64063],[-107.76325,48.6442],[-107.76888,48.64427],[-107.76888,48.64783],[-107.77462,48.64783],[-107.77462,48.66231],[-107.78542,48.66231],[-107.78542,48.66966]]],[[[-107.79618,48.63336],[-107.78523,48.63335],[-107.78523,48.62615],[-107.79618,48.62615],[-107.79618,48.63336]]],[[[-107.7963,48.68414],[-107.77462,48.68412],[-107.77462,48.67686],[-107.79627,48.67692],[-107.7963,48.68414]]],[[[-107.7965,48.74213],[-107.77461,48.74212],[-107.77461,48.72745],[-107.78546,48.72743],[-107.78546,48.73482],[-107.7965,48.73481],[-107.7965,48.74213]]],[[[-107.79667,48.77117],[-107.78568,48.77117],[-107.78568,48.76388],[-107.79667,48.7639],[-107.79667,48.77117]]],[[[-107.80715,48.66241],[-107.79625,48.66242],[-107.79625,48.65517],[-107.80703,48.65518],[-107.80715,48.66241]]],[[[-107.80719,48.67691],[-107.79627,48.67692],[-107.79634,48.6697],[-107.80715,48.66968],[-107.80719,48.67691]]],[[[-107.80747,48.72056],[-107.79646,48.72052],[-107.79646,48.71321],[-107.80747,48.71326],[-107.80747,48.72056]]],[[[-107.81839,48.69876],[-107.80746,48.69876],[-107.80746,48.69146],[-107.8184,48.69146],[-107.81839,48.69876]]],[[[-107.82326,48.47782],[-107.82326,48.48505],[-107.8178,48.48505],[-107.8178,48.48143],[-107.81238,48.48143],[-107.81234,48.47782],[-107.82326,48.47782]]],[[[-107.82902,48.66972],[-107.81807,48.66966],[-107.81801,48.66237],[-107.82893,48.66237],[-107.82902,48.66972]]],[[[-107.82908,48.70602],[-107.81837,48.70602],[-107.81839,48.69876],[-107.82906,48.69876],[-107.82908,48.70602]]],[[[-107.82934,48.69146],[-107.8184,48.69146],[-107.81842,48.6841],[-107.82929,48.68415],[-107.82934,48.69146]]],[[[-107.84065,48.77128],[-107.82956,48.7713],[-107.82956,48.76402],[-107.84065,48.76402],[-107.84065,48.77128]]],[[[-107.85081,48.66972],[-107.83991,48.66972],[-107.83984,48.66237],[-107.8508,48.66243],[-107.85081,48.66972]]],[[[-107.86127,48.66233],[-107.8508,48.66243],[-107.8508,48.6551],[-107.86122,48.6551],[-107.86127,48.66233]]],[[[-107.86143,48.68407],[-107.85013,48.68416],[-107.85014,48.67676],[-107.86138,48.67706],[-107.86143,48.68407]]],[[[-107.86164,48.7204],[-107.85108,48.7204],[-107.85116,48.70608],[-107.86141,48.7058],[-107.86164,48.7204]]],[[[-107.86729,48.27698],[-107.86716,48.28424],[-107.83454,48.28435],[-107.83471,48.27672],[-107.86729,48.27698]]],[[[-107.87237,48.67683],[-107.86138,48.67706],[-107.8613,48.66967],[-107.87232,48.6697],[-107.87237,48.67683]]],[[[-107.8726,48.72763],[-107.87258,48.73476],[-107.86172,48.73517],[-107.86183,48.74222],[-107.85145,48.74215],[-107.85146,48.72764],[-107.8726,48.72763]]],[[[-107.87287,48.8654],[-107.8619,48.8654],[-107.86191,48.85091],[-107.87287,48.85091],[-107.87287,48.8654]]],[[[-107.87781,48.2989],[-107.86683,48.29874],[-107.8668,48.29151],[-107.87781,48.29163],[-107.87781,48.2989]]],[[[-107.88361,48.74219],[-107.87258,48.74219],[-107.87258,48.73476],[-107.88358,48.73466],[-107.88361,48.74219]]],[[[-107.88997,48.94938],[-107.88443,48.94938],[-107.88443,48.94222],[-107.88997,48.94222],[-107.88997,48.94938]]],[[[-107.89466,48.72765],[-107.88369,48.72765],[-107.88348,48.72039],[-107.87261,48.72039],[-107.87253,48.70577],[-107.86141,48.7058],[-107.86142,48.69859],[-107.87248,48.69859],[-107.8724,48.69127],[-107.86141,48.69131],[-107.86143,48.68407],[-107.88343,48.68413],[-107.8824,48.71317],[-107.89467,48.71317],[-107.89466,48.72765]]],[[[-107.89541,48.99975],[-107.88433,48.99976],[-107.88438,48.99276],[-107.89541,48.99276],[-107.89541,48.99975]]],[[[-107.90768,48.93506],[-107.89542,48.935],[-107.89542,48.92773],[-107.90764,48.92805],[-107.90768,48.93506]]],[[[-107.91739,48.94938],[-107.9071,48.94938],[-107.90714,48.94217],[-107.91739,48.94217],[-107.91739,48.94938]]],[[[-107.91741,48.99974],[-107.90638,48.99974],[-107.90638,48.9856],[-107.91741,48.9856],[-107.91741,48.99974]]],[[[-107.91756,48.92773],[-107.90689,48.92773],[-107.90697,48.92051],[-107.91756,48.92052],[-107.91756,48.92773]]],[[[-107.9497,48.85818],[-107.92758,48.85818],[-107.92794,48.84363],[-107.93329,48.84363],[-107.93329,48.85079],[-107.9497,48.85079],[-107.9497,48.85818]]],[[[-107.97089,48.72016],[-107.94924,48.72015],[-107.94912,48.71288],[-107.96002,48.71288],[-107.96004,48.70563],[-107.97074,48.70565],[-107.97089,48.72016]]],[[[-107.97164,48.91337],[-107.96056,48.91333],[-107.96049,48.90875],[-107.97164,48.90875],[-107.97164,48.91337]]],[[[-107.97178,48.89385],[-107.96073,48.89413],[-107.9607,48.88694],[-107.97178,48.88694],[-107.97178,48.89385]]],[[[-107.99213,48.69114],[-107.98157,48.69114],[-107.98157,48.68389],[-107.99213,48.68389],[-107.99213,48.69114]]],[[[-108.04934,48.95681],[-108.0438,48.95681],[-108.04387,48.94234],[-108.04926,48.9423],[-108.04934,48.95681]]],[[[-108.22925,48.08162],[-108.21842,48.08162],[-108.21842,48.07445],[-108.22925,48.0743],[-108.22925,48.08162]]],[[[-108.27026,48.90866],[-108.25935,48.90868],[-108.25935,48.90142],[-108.27026,48.90139],[-108.27026,48.90866]]],[[[-108.55893,48.66271],[-108.5535,48.66262],[-108.55349,48.65526],[-108.55893,48.65523],[-108.55893,48.66271]]],[[[-108.60864,47.8488],[-108.59787,47.8488],[-108.59787,47.84152],[-108.60864,47.84152],[-108.60864,47.8488]]],[[[-108.6419,47.87785],[-108.6309,47.87786],[-108.63093,47.87048],[-108.64195,47.87044],[-108.6419,47.87785]]],[[[-108.64316,48.95739],[-108.63207,48.9574],[-108.632,48.95016],[-108.64317,48.95016],[-108.64316,48.95739]]],[[[-108.66323,47.90668],[-108.65236,47.90668],[-108.65226,47.89223],[-108.66303,47.89223],[-108.66323,47.90668]]],[[[-108.66521,48.97921],[-108.66499,48.98645],[-108.65377,48.9864],[-108.65354,48.97912],[-108.66521,48.97921]]],[[[-108.68712,48.97194],[-108.67616,48.97198],[-108.67611,48.97916],[-108.66521,48.97908],[-108.66522,48.97218],[-108.65412,48.97208],[-108.65417,48.96477],[-108.68709,48.96461],[-108.68712,48.97194]]],[[[-108.68961,47.9179],[-108.68891,47.92136],[-108.68339,47.92193],[-108.68426,47.9179],[-108.68961,47.9179]]],[[[-108.6981,48.9356],[-108.67611,48.93564],[-108.67611,48.93204],[-108.69813,48.93207],[-108.6981,48.9356]]],[[[-108.73122,48.97907],[-108.72016,48.97907],[-108.72015,48.97183],[-108.73122,48.97181],[-108.73122,48.97907]]],[[[-108.73651,48.96463],[-108.7311,48.96463],[-108.7311,48.96101],[-108.73651,48.96104],[-108.73651,48.96463]]],[[[-108.74204,48.9502],[-108.73127,48.9502],[-108.73127,48.9429],[-108.74202,48.94284],[-108.74204,48.9502]]],[[[-108.75013,48.7931],[-108.73906,48.79312],[-108.73907,48.78583],[-108.73356,48.78568],[-108.73356,48.78217],[-108.74444,48.78215],[-108.74444,48.78946],[-108.75015,48.78946],[-108.75013,48.7931]]],[[[-108.75327,48.97916],[-108.75327,48.98639],[-108.74212,48.98639],[-108.74212,48.97901],[-108.75327,48.97916]]],[[[-108.76391,48.97901],[-108.75327,48.97901],[-108.75327,48.97186],[-108.76391,48.97186],[-108.76391,48.97901]]],[[[-108.76417,48.94304],[-108.74754,48.94306],[-108.74754,48.93935],[-108.75852,48.93935],[-108.75852,48.93575],[-108.76417,48.93575],[-108.76417,48.94304]]],[[[-108.78613,48.99366],[-108.77498,48.99366],[-108.77498,48.98634],[-108.78613,48.98629],[-108.78613,48.99366]]],[[[-108.78615,48.9575],[-108.78615,48.96474],[-108.76404,48.96474],[-108.76404,48.95753],[-108.7751,48.96109],[-108.7751,48.95753],[-108.78615,48.9575]]],[[[-108.79363,48.88701],[-108.79363,48.89419],[-108.78271,48.89415],[-108.78271,48.88689],[-108.79363,48.88701]]],[[[-108.79706,48.92843],[-108.78649,48.92843],[-108.78606,48.91394],[-108.79706,48.91397],[-108.79706,48.92843]]],[[[-108.79711,48.95744],[-108.78615,48.9575],[-108.78615,48.95028],[-108.79711,48.95026],[-108.79711,48.95744]]],[[[-108.81548,48.81471],[-108.80444,48.81461],[-108.80433,48.80737],[-108.79338,48.8074],[-108.79339,48.80023],[-108.81546,48.80024],[-108.81548,48.81471]]],[[[-108.81911,48.95026],[-108.79711,48.95026],[-108.79711,48.94299],[-108.81898,48.94299],[-108.81911,48.95026]]],[[[-108.8261,48.76038],[-108.82073,48.76036],[-108.82071,48.75682],[-108.82609,48.75688],[-108.8261,48.76038]]],[[[-108.83015,48.98641],[-108.79711,48.98653],[-108.79712,48.97934],[-108.81886,48.97929],[-108.81886,48.97208],[-108.79711,48.97203],[-108.79711,48.95744],[-108.81886,48.95744],[-108.81886,48.96471],[-108.83018,48.96472],[-108.83015,48.98641]]],[[[-108.83698,48.7423],[-108.82606,48.74232],[-108.82605,48.73873],[-108.83151,48.73873],[-108.83151,48.73144],[-108.83694,48.73144],[-108.83698,48.7423]]],[[[-108.8427,48.79294],[-108.83724,48.79294],[-108.83724,48.78932],[-108.84269,48.78932],[-108.8427,48.79294]]],[[[-108.84807,48.78554],[-108.83713,48.78554],[-108.83709,48.77107],[-108.84803,48.77106],[-108.84807,48.78554]]],[[[-108.84829,48.8435],[-108.83732,48.8435],[-108.83732,48.8292],[-108.84821,48.82916],[-108.84829,48.8435]]],[[[-108.84858,48.90125],[-108.8428,48.90138],[-108.84286,48.90865],[-108.82669,48.90865],[-108.82652,48.91228],[-108.82079,48.91228],[-108.84105,48.91409],[-108.84105,48.92852],[-108.81899,48.92852],[-108.81889,48.91407],[-108.81008,48.91388],[-108.81008,48.90849],[-108.8156,48.90856],[-108.81559,48.90138],[-108.83723,48.90138],[-108.83723,48.89426],[-108.82661,48.89429],[-108.82655,48.88666],[-108.84858,48.89046],[-108.84858,48.90125]]],[[[-108.85206,48.99724],[-108.83018,48.99724],[-108.83018,48.99352],[-108.85206,48.99352],[-108.85206,48.99724]]],[[[-108.85378,48.82912],[-108.84821,48.82916],[-108.8482,48.82549],[-108.85378,48.82549],[-108.85378,48.82912]]],[[[-108.85889,48.73523],[-108.85342,48.73522],[-108.8534,48.74238],[-108.8427,48.74229],[-108.84274,48.73518],[-108.84789,48.73518],[-108.84794,48.72792],[-108.85895,48.72811],[-108.85889,48.73523]]]]},"properties":{"AIANNHCE":"4345","NAMELSAD":"Turtle Mountain Reservation and Off-Reservation Trust Land","FEMA":"Turtle Mountain Indian Reservation","POP":7447,"AIAN":6938,"POP_OK":1,"DECL":3,"TRIBE_N":0,"STATE_N":3,"LIST":"2011: Flood | 2013: Severe Storm | 2017: Flood","STATE":"North Dakota, Montana, South Dakota"}},{"type":"Feature","geometry":{"type":"MultiPolygon","coordinates":[[[[-111.09852,39.58604],[-111.09846,39.60049],[-111.07953,39.60048],[-111.0794,39.58604],[-111.09852,39.58604]]],[[[-111.31203,40.28835],[-111.30863,40.2981],[-111.29693,40.30988],[-111.27997,40.2973],[-111.26872,40.29951],[-111.25114,40.29779],[-111.25064,40.30402],[-111.2472,40.3038],[-111.24587,40.30839],[-111.24971,40.31055],[-111.2537,40.32213],[-111.24346,40.337],[-111.24625,40.34501],[-111.24124,40.35261],[-111.24393,40.36453],[-111.24141,40.38527],[-111.23509,40.39912],[-111.2385,40.40675],[-111.22975,40.41537],[-111.22592,40.41757],[-111.20554,40.40951],[-111.18344,40.40741],[-111.17674,40.4162],[-111.17898,40.42872],[-111.18592,40.43931],[-111.15108,40.45934],[-111.10815,40.46811],[-111.0914,40.46329],[-111.08483,40.46623],[-111.06799,40.46551],[-111.06262,40.4705],[-111.02964,40.47706],[-111.03167,40.48176],[-111.02798,40.4907],[-111.01672,40.49171],[-111.01043,40.49684],[-110.99674,40.4967],[-110.9939,40.49996],[-110.99406,40.51481],[-110.97863,40.51305],[-110.97867,40.51538],[-110.97164,40.51721],[-110.95628,40.50577],[-110.94572,40.50397],[-110.93133,40.51108],[-110.9318,40.5185],[-110.91995,40.52071],[-110.91817,40.52313],[-110.92565,40.52352],[-110.92589,40.53736],[-110.9501,40.55066],[-110.95573,40.5509],[-110.95507,40.55741],[-110.96848,40.56194],[-110.97901,40.57172],[-110.97651,40.57511],[-110.955,40.56763],[-110.94914,40.57565],[-110.935,40.58439],[-110.93179,40.59996],[-110.93671,40.62331],[-110.94149,40.62494],[-110.9414,40.62912],[-110.93345,40.63144],[-110.9276,40.6385],[-110.91555,40.64039],[-110.90928,40.6571],[-110.91118,40.66312],[-110.90805,40.67699],[-110.90197,40.67816],[-110.90066,40.68354],[-110.90495,40.69321],[-110.903,40.70636],[-110.89582,40.71322],[-110.88515,40.71633],[-110.89445,40.72357],[-110.89239,40.72696],[-110.87526,40.72832],[-110.86255,40.72162],[-110.84748,40.72527],[-110.83181,40.71802],[-110.82341,40.71048],[-110.80671,40.71157],[-110.79374,40.71902],[-110.78322,40.73096],[-110.77461,40.73136],[-110.76522,40.73703],[-110.76635,40.74139],[-110.75801,40.74227],[-110.75056,40.74756],[-110.743,40.74473],[-110.72166,40.74547],[-110.71296,40.75283],[-110.69053,40.74152],[-110.65648,40.74027],[-110.63374,40.76543],[-110.62383,40.76963],[-110.60702,40.75726],[-110.59462,40.75787],[-110.58318,40.76272],[-110.57589,40.75648],[-110.56202,40.7579],[-110.55249,40.76418],[-110.54703,40.77373],[-110.53352,40.77108],[-110.52351,40.7615],[-110.49781,40.76865],[-110.48711,40.78029],[-110.47262,40.77184],[-110.46161,40.77609],[-110.45719,40.78321],[-110.43231,40.77851],[-110.42397,40.7919],[-110.411,40.7843],[-110.40026,40.7853],[-110.39597,40.7887],[-110.37385,40.78816],[-110.35225,40.80328],[-110.34885,40.80905],[-110.35112,40.81575],[-110.34248,40.82345],[-110.33113,40.81991],[-110.32032,40.82051],[-110.30142,40.82639],[-110.29269,40.83334],[-110.2891,40.82839],[-110.28253,40.82812],[-110.26097,40.83482],[-110.2382,40.82819],[-110.22939,40.83081],[-110.22578,40.82646],[-110.21417,40.82739],[-110.20266,40.8218],[-110.18781,40.82614],[-110.18475,40.8215],[-110.1759,40.8177],[-110.15879,40.82102],[-110.1395,40.81099],[-110.12651,40.81493],[-110.12183,40.81135],[-110.11044,40.81133],[-110.10262,40.8079],[-110.08834,40.81106],[-110.07557,40.81004],[-110.06441,40.81421],[-110.05203,40.81229],[-110.0427,40.82067],[-110.03685,40.81831],[-110.02516,40.8205],[-110.01298,40.81368],[-109.99353,40.81513],[-109.98786,40.80762],[-109.9696,40.81053],[-109.96292,40.8034],[-109.95038,40.79816],[-109.93928,40.79464],[-109.93218,40.79669],[-109.92285,40.78964],[-109.91835,40.79075],[-109.91391,40.78245],[-109.92169,40.77299],[-109.93782,40.76525],[-109.9371,40.75627],[-109.95516,40.74157],[-109.9471,40.73495],[-109.95391,40.72502],[-109.95454,40.71281],[-109.96266,40.70923],[-109.94843,40.69564],[-109.92777,40.68789],[-109.91848,40.68958],[-109.90996,40.67903],[-109.90908,40.65653],[-109.90339,40.65174],[-109.90533,40.64892],[-109.89079,40.62416],[-109.91139,40.60686],[-109.88206,40.5938],[-109.8766,40.58474],[-109.88515,40.57756],[-109.88232,40.56732],[-109.88989,40.5509],[-109.78031,40.52783],[-109.77283,40.52363],[-109.78088,40.50339],[-109.72861,40.49873],[-109.74033,40.47579],[-109.75558,40.46259],[-109.75369,40.4551],[-109.7681,40.42069],[-109.76637,40.41334],[-109.80581,40.37534],[-109.81503,40.36048],[-109.75245,40.24712],[-109.26578,40.25144],[-109.26642,40.17263],[-109.05094,40.17305],[-109.0512,39.46195],[-109.60774,39.46228],[-109.60745,39.43744],[-109.62644,39.4411],[-109.62602,39.40877],[-109.63586,39.40861],[-109.63613,39.40151],[-109.64549,39.4014],[-109.64467,39.3643],[-109.65347,39.36445],[-109.6535,39.34343],[-109.67101,39.34361],[-109.67096,39.33621],[-109.68035,39.33628],[-109.68054,39.32142],[-109.68993,39.32149],[-109.69002,39.30713],[-109.70754,39.30729],[-109.70776,39.28668],[-109.71398,39.27404],[-109.72656,39.26162],[-109.72656,39.25702],[-109.73702,39.24995],[-109.73658,39.24272],[-109.72655,39.24264],[-109.72667,39.2357],[-109.72061,39.23574],[-109.72663,39.22079],[-109.73031,39.21967],[-109.73307,39.20797],[-109.72668,39.207],[-109.71794,39.20031],[-109.71785,39.1933],[-109.71336,39.19272],[-109.71325,39.16442],[-109.70723,39.16447],[-109.70706,39.14964],[-109.75996,39.14677],[-109.76363,39.1899],[-109.78426,39.1922],[-109.78312,39.20054],[-109.78737,39.20454],[-109.7994,39.2065],[-109.80361,39.2029],[-109.80865,39.20376],[-109.80384,39.20741],[-109.80427,39.21635],[-109.81551,39.22333],[-109.80967,39.22802],[-109.80896,39.23964],[-109.82394,39.24007],[-109.826,39.25273],[-109.83201,39.25114],[-109.83201,39.24694],[-109.84045,39.2468],[-109.84979,39.25127],[-109.83775,39.25667],[-109.8386,39.26526],[-109.84611,39.27084],[-109.88724,39.27103],[-109.90041,39.26676],[-109.90515,39.26173],[-109.92225,39.2589],[-109.93301,39.2532],[-109.9564,39.25402],[-109.96604,39.25956],[-109.99235,39.25759],[-110.00056,39.25428],[-110.00578,39.25938],[-110.0195,39.24734],[-110.02363,39.24855],[-110.02081,39.24463],[-110.02538,39.24173],[-110.02994,39.2463],[-110.04562,39.24542],[-110.05502,39.24903],[-110.05455,39.25418],[-110.0627,39.2522],[-110.06051,39.26428],[-110.0744,39.27146],[-110.07722,39.27911],[-110.06962,39.29237],[-110.04906,39.30141],[-110.05021,39.30571],[-110.06196,39.30989],[-110.06292,39.3174],[-110.05568,39.31871],[-110.05867,39.32973],[-110.04765,39.32639],[-110.03683,39.33781],[-110.03181,39.35106],[-110.02158,39.35312],[-110.02382,39.35819],[-110.01865,39.36271],[-110.02569,39.3767],[-110.01882,39.37889],[-110.01709,39.38507],[-110.021,39.39094],[-110.01829,39.40004],[-110.00992,39.4109],[-110.01248,39.41887],[-110.02354,39.42318],[-110.02083,39.42795],[-110.02357,39.44542],[-110.01567,39.45469],[-110.02433,39.46348],[-110.02397,39.46927],[-110.06614,39.46926],[-110.06324,39.89303],[-110.05824,39.89306],[-110.05812,40.11253],[-110.10335,40.1127],[-110.19485,40.09325],[-110.22526,40.02532],[-110.23082,39.94573],[-110.23971,39.9394],[-110.27893,39.93476],[-110.29524,39.92985],[-110.3214,39.90113],[-110.31919,39.89228],[-110.33053,39.87584],[-110.34781,39.87127],[-110.39817,39.86956],[-110.41884,39.88105],[-110.43985,39.88407],[-110.44156,39.88954],[-110.46563,39.90176],[-110.50761,39.88834],[-110.52206,39.893],[-110.56614,39.89216],[-110.59494,39.89966],[-110.63236,39.90128],[-110.63769,39.90308],[-110.64581,39.91317],[-110.66188,39.89902],[-110.67934,39.89966],[-110.69313,39.89157],[-110.71288,39.88896],[-110.72565,39.88279],[-110.74569,39.88567],[-110.75242,39.88129],[-110.77729,39.87735],[-110.78377,39.88069],[-110.80453,39.87781],[-110.81582,39.87246],[-110.82513,39.87496],[-110.84096,39.8703],[-110.84932,39.87317],[-110.86051,39.87074],[-110.87628,39.87488],[-110.88391,39.87298],[-110.8905,39.87555],[-110.89319,39.88043],[-110.90728,39.8793],[-110.91077,39.88795],[-110.92509,39.88807],[-110.9424,39.89558],[-110.95779,39.89442],[-110.96568,39.91686],[-110.96783,39.93272],[-110.96503,39.93621],[-110.97466,39.94377],[-110.98261,39.97183],[-110.98132,39.98229],[-110.98566,39.98481],[-110.9933,39.99871],[-110.99017,40.02172],[-111.00397,40.03413],[-111.01102,40.03468],[-111.0209,40.04557],[-111.03951,40.0448],[-111.05479,40.03135],[-111.05395,40.02606],[-111.05763,40.02628],[-111.05859,40.02261],[-111.07661,40.02252],[-111.08547,40.01448],[-111.09758,40.01062],[-111.10558,40.0023],[-111.1522,39.98506],[-111.15956,39.99179],[-111.16788,39.99094],[-111.16826,40.00355],[-111.17167,40.01066],[-111.18663,40.02011],[-111.19125,40.02954],[-111.19771,40.03118],[-111.20392,40.04927],[-111.22346,40.0401],[-111.2267,40.03569],[-111.23823,40.03873],[-111.24923,40.05559],[-111.23603,40.07],[-111.24056,40.07328],[-111.23801,40.08055],[-111.24191,40.09015],[-111.22146,40.12492],[-111.22486,40.14251],[-111.23133,40.14763],[-111.22673,40.15581],[-111.22923,40.15859],[-111.22543,40.16702],[-111.24781,40.19364],[-111.25829,40.19827],[-111.25641,40.20073],[-111.26478,40.20949],[-111.26185,40.21073],[-111.267,40.21294],[-111.27338,40.22191],[-111.27362,40.23622],[-111.26774,40.23707],[-111.26484,40.24227],[-111.27611,40.25211],[-111.27902,40.2589],[-111.2899,40.2662],[-111.29374,40.26555],[-111.29421,40.27053],[-111.30797,40.2746],[-111.30708,40.28265],[-111.31203,40.28835]]]]},"properties":{"AIANNHCE":"4390","NAMELSAD":"Uintah and Ouray Reservation and Off-Reservation Trust Land","FEMA":"Uintah and Ouray Indian Reservation","POP":25737,"AIAN":1596,"POP_OK":1,"DECL":1,"TRIBE_N":0,"STATE_N":1,"LIST":"2011: Flood","STATE":"Utah"}},{"type":"Feature","geometry":{"type":"MultiPolygon","coordinates":[[[[-117.22372,45.33606],[-117.22238,45.33682],[-117.22089,45.33618],[-117.22372,45.33606]]],[[[-117.98716,46.11291],[-117.97132,46.11296],[-117.971,46.12018],[-117.98156,46.12023],[-117.98132,46.139],[-117.98592,46.13897],[-117.98625,46.16387],[-117.98095,46.16792],[-117.98104,46.18467],[-117.97299,46.1881],[-117.96994,46.19286],[-117.94967,46.1931],[-117.94972,46.20033],[-117.95604,46.2019],[-117.95312,46.21075],[-117.94993,46.21076],[-117.94995,46.21864],[-117.93999,46.22212],[-117.94001,46.22555],[-117.9293,46.22563],[-117.93165,46.22026],[-117.92931,46.21575],[-117.93437,46.21867],[-117.9411,46.21094],[-117.93952,46.2074],[-117.94482,46.20742],[-117.94475,46.20395],[-117.93449,46.20392],[-117.93441,46.19678],[-117.9293,46.19677],[-117.92927,46.19317],[-117.94469,46.19304],[-117.94466,46.17856],[-117.94985,46.17852],[-117.95003,46.164],[-117.92912,46.16397],[-117.92902,46.15309],[-117.93428,46.15304],[-117.93427,46.14579],[-117.92383,46.14208],[-117.92372,46.12079],[-117.92958,46.12063],[-117.93018,46.09184],[-117.96635,46.09155],[-117.96638,46.09508],[-117.97148,46.0951],[-117.97148,46.09875],[-117.97685,46.09871],[-117.97683,46.10563],[-117.98709,46.10926],[-117.98716,46.11291]],[[-117.97586,46.14952],[-117.97058,46.14964],[-117.97057,46.15672],[-117.97581,46.15669],[-117.97586,46.14952]],[[-117.96574,46.13486],[-117.96572,46.12437],[-117.95516,46.12435],[-117.95522,46.12762],[-117.95006,46.12766],[-117.95004,46.1313],[-117.96044,46.13116],[-117.96051,46.13491],[-117.96574,46.13486]]],[[[-118.4093,45.55137],[-118.40597,45.55136],[-118.40935,45.54422],[-118.4093,45.55137]]],[[[-118.41459,45.56584],[-118.40418,45.56584],[-118.39888,45.56587],[-118.40245,45.5588],[-118.41448,45.55867],[-118.41459,45.56584]]],[[[-118.41459,45.54033],[-118.41128,45.54043],[-118.41468,45.53376],[-118.41459,45.54033]]],[[[-118.42496,45.55862],[-118.41972,45.55866],[-118.41973,45.55501],[-118.42496,45.55501],[-118.42496,45.55862]]],[[[-118.42476,45.52962],[-118.4168,45.5296],[-118.42056,45.52238],[-118.42503,45.52239],[-118.42476,45.52962]]],[[[-118.44031,45.49718],[-118.43521,45.49715],[-118.43527,45.49356],[-118.44039,45.49367],[-118.44031,45.49718]]],[[[-118.45077,45.4864],[-118.44052,45.48645],[-118.44046,45.49001],[-118.43735,45.49],[-118.44598,45.4732],[-118.44584,45.47914],[-118.45096,45.47917],[-118.45077,45.4864]]],[[[-118.45566,45.50093],[-118.45053,45.50087],[-118.45064,45.49726],[-118.4558,45.49729],[-118.45566,45.50093]]],[[[-118.45566,45.55506],[-118.4457,45.55142],[-118.4457,45.54781],[-118.45599,45.54783],[-118.45566,45.55506]]],[[[-118.46127,45.45736],[-118.4563,45.45732],[-118.45627,45.46455],[-118.45054,45.46456],[-118.45619,45.45371],[-118.46133,45.4537],[-118.46127,45.45736]]],[[[-118.46636,45.5224],[-118.4612,45.5224],[-118.46121,45.51877],[-118.46637,45.51876],[-118.46636,45.5224]]],[[[-118.47159,45.45369],[-118.46133,45.4537],[-118.46135,45.45012],[-118.47158,45.45011],[-118.47159,45.45369]]],[[[-118.47672,45.46095],[-118.47161,45.46095],[-118.47159,45.45369],[-118.47669,45.45371],[-118.47672,45.46095]]],[[[-118.487,45.52602],[-118.48185,45.52602],[-118.48184,45.5224],[-118.487,45.52241],[-118.487,45.52602]]],[[[-118.48899,45.46352],[-118.48183,45.46463],[-118.48178,45.46099],[-118.48901,45.46107],[-118.48899,45.46352]]],[[[-118.4918,45.5696],[-118.4867,45.56962],[-118.48706,45.55868],[-118.49224,45.55868],[-118.4918,45.5696]]],[[[-118.49712,45.54782],[-118.49208,45.54785],[-118.49208,45.54429],[-118.49705,45.54428],[-118.49712,45.54782]]],[[[-118.49727,45.52242],[-118.49216,45.52242],[-118.49215,45.51881],[-118.49729,45.51882],[-118.49727,45.52242]]],[[[-118.51181,46.04791],[-118.50686,46.04738],[-118.50687,46.04469],[-118.51177,46.04466],[-118.51181,46.04791]]],[[[-118.52528,45.44186],[-118.52016,45.44187],[-118.52024,45.43825],[-118.52536,45.43827],[-118.52528,45.44186]]],[[[-118.54137,45.35089],[-118.53624,45.3509],[-118.53619,45.35452],[-118.5063,45.35463],[-118.51108,45.34542],[-118.54137,45.34551],[-118.54137,45.35089]]],[[[-118.55166,45.42015],[-118.54135,45.42031],[-118.54139,45.4273],[-118.48709,45.42733],[-118.48912,45.45026],[-118.48175,45.45016],[-118.48175,45.4466],[-118.47665,45.4465],[-118.47662,45.44291],[-118.46167,45.4429],[-118.49869,45.36934],[-118.52079,45.36918],[-118.52069,45.3582],[-118.5311,45.36183],[-118.53099,45.36912],[-118.53615,45.36915],[-118.53619,45.37279],[-118.54137,45.37284],[-118.54136,45.37647],[-118.54652,45.3765],[-118.54648,45.38374],[-118.54132,45.38371],[-118.54132,45.38734],[-118.55165,45.39103],[-118.55166,45.42015]],[[-118.53099,45.36912],[-118.52589,45.36915],[-118.52587,45.37641],[-118.531,45.37639],[-118.53099,45.36912]],[[-118.531,45.37639],[-118.53098,45.38364],[-118.53615,45.38367],[-118.53618,45.37643],[-118.531,45.37639]]],[[[-118.56192,45.39471],[-118.55679,45.39469],[-118.55678,45.39105],[-118.5619,45.39107],[-118.56192,45.39471]]],[[[-118.57218,45.38386],[-118.56705,45.38386],[-118.56706,45.38023],[-118.5722,45.38025],[-118.57218,45.38386]]],[[[-118.5772,45.39113],[-118.5722,45.39112],[-118.57218,45.38388],[-118.57728,45.38393],[-118.5772,45.39113]]],[[[-118.60292,45.39119],[-118.59265,45.39116],[-118.59267,45.38755],[-118.60293,45.38756],[-118.60292,45.39119]]],[[[-118.60721,45.43053],[-118.60205,45.43055],[-118.60209,45.42691],[-118.60722,45.42692],[-118.60721,45.43053]]],[[[-118.60807,45.36951],[-118.60297,45.36949],[-118.60299,45.36586],[-118.60802,45.36591],[-118.60807,45.36951]]],[[[-118.60807,45.39482],[-118.60294,45.3948],[-118.60292,45.39119],[-118.60806,45.39119],[-118.60807,45.39482]]],[[[-118.61302,45.37312],[-118.6081,45.37309],[-118.60809,45.36957],[-118.6131,45.36948],[-118.61302,45.37312]]],[[[-118.61325,45.34579],[-118.61315,45.35876],[-118.60818,45.3587],[-118.60814,45.36228],[-118.58755,45.36578],[-118.58745,45.36934],[-118.59277,45.36948],[-118.59271,45.37301],[-118.58758,45.37302],[-118.58756,45.37663],[-118.5671,45.37658],[-118.56702,45.37295],[-118.562,45.37293],[-118.56196,45.37657],[-118.55682,45.37656],[-118.55685,45.37291],[-118.54137,45.37284],[-118.54139,45.36922],[-118.54655,45.36924],[-118.54656,45.36557],[-118.55171,45.36377],[-118.57224,45.36568],[-118.57223,45.35841],[-118.57734,45.35842],[-118.57735,45.35477],[-118.57227,45.35477],[-118.57223,45.34765],[-118.56714,45.34561],[-118.61325,45.34579]],[[-118.58244,45.36574],[-118.57735,45.36571],[-118.57735,45.36936],[-118.58241,45.36939],[-118.58244,45.36574]]],[[[-118.61812,45.39403],[-118.61296,45.3941],[-118.61304,45.3876],[-118.61815,45.39062],[-118.61812,45.39403]]],[[[-118.62328,45.39784],[-118.61811,45.39778],[-118.61814,45.39412],[-118.6233,45.39417],[-118.62328,45.39784]]],[[[-118.75061,45.51506],[-118.74579,45.51507],[-118.74535,45.68239],[-118.7257,45.68236],[-118.72549,45.68887],[-118.64245,45.68868],[-118.64214,45.70336],[-118.62165,45.70323],[-118.62171,45.71782],[-118.59179,45.71752],[-118.59172,45.7248],[-118.58133,45.72482],[-118.58135,45.74666],[-118.54989,45.74656],[-118.54958,45.76105],[-118.53925,45.76101],[-118.53912,45.77558],[-118.51846,45.77547],[-118.51846,45.79001],[-118.46468,45.78979],[-118.45927,45.78],[-118.44129,45.76341],[-118.41871,45.76239],[-118.39645,45.74663],[-118.38217,45.74726],[-118.36889,45.73911],[-118.34738,45.74359],[-118.34413,45.75039],[-118.33291,45.75556],[-118.30531,45.74501],[-118.3953,45.57315],[-118.4039,45.5732],[-118.40428,45.56941],[-118.41462,45.56948],[-118.41466,45.57311],[-118.43533,45.57327],[-118.43543,45.55859],[-118.44569,45.55864],[-118.44566,45.56594],[-118.45081,45.56595],[-118.45081,45.56958],[-118.44565,45.56955],[-118.44563,45.57316],[-118.45598,45.57324],[-118.45844,45.56843],[-118.46613,45.56962],[-118.46619,45.5587],[-118.47145,45.55869],[-118.47134,45.56597],[-118.47646,45.56595],[-118.47637,45.57322],[-118.48147,45.57325],[-118.48158,45.56961],[-118.4867,45.56962],[-118.48658,45.57328],[-118.52751,45.57299],[-118.52834,45.55855],[-118.54861,45.55845],[-118.54855,45.57288],[-118.6217,45.57292],[-118.62207,45.51517],[-118.61274,45.51517],[-118.61275,45.49945],[-118.75074,45.49924],[-118.75061,45.51506]]],[[[-118.78671,45.58022],[-118.78339,45.58022],[-118.78184,45.57661],[-118.78673,45.57661],[-118.78671,45.58022]]],[[[-118.78786,45.63816],[-118.76598,45.63822],[-118.76598,45.63091],[-118.78672,45.6309],[-118.78509,45.6366],[-118.78786,45.63816]]],[[[-119.24494,45.92971],[-119.22386,45.92441],[-119.22389,45.92233],[-119.24486,45.92247],[-119.24494,45.92971]]],[[[-119.28639,45.90807],[-119.26572,45.90815],[-119.26553,45.91918],[-119.2239,45.91869],[-119.22394,45.90779],[-119.22016,45.90775],[-119.22017,45.9177],[-119.21351,45.91949],[-119.21359,45.92245],[-119.1927,45.91996],[-119.19273,45.90152],[-119.2241,45.90618],[-119.22394,45.90062],[-119.24448,45.90051],[-119.25036,45.89726],[-119.25516,45.90069],[-119.24999,45.90062],[-119.24999,45.90426],[-119.28642,45.90083],[-119.28639,45.90807]]]]},"properties":{"AIANNHCE":"4405","NAMELSAD":"Umatilla Reservation and Off-Reservation Trust Land","FEMA":"Umatilla Indian Reservation","POP":2840,"AIAN":1162,"POP_OK":1,"DECL":1,"TRIBE_N":0,"STATE_N":1,"LIST":"2020: Flood","STATE":"Oregon, Washington"}},{"type":"Feature","geometry":{"type":"Polygon","coordinates":[[[-95.54926,44.76984],[-95.54739,44.77214],[-95.53905,44.77133],[-95.5362,44.76704],[-95.52883,44.76561],[-95.52877,44.77063],[-95.51626,44.77174],[-95.51562,44.76662],[-95.51163,44.76532],[-95.50807,44.76664],[-95.50684,44.77242],[-95.49692,44.77116],[-95.48965,44.76419],[-95.49144,44.75277],[-95.48686,44.75074],[-95.48264,44.75345],[-95.48334,44.74543],[-95.49839,44.74558],[-95.49825,44.7504],[-95.49508,44.75008],[-95.50316,44.75333],[-95.50316,44.75828],[-95.50824,44.75835],[-95.50836,44.75364],[-95.51125,44.75328],[-95.52894,44.76365],[-95.53396,44.76215],[-95.53906,44.76409],[-95.53906,44.76771],[-95.54926,44.76984]],[[-95.52164,44.76791],[-95.52072,44.76383],[-95.52074,44.76791],[-95.52164,44.76791]],[[-95.49249,44.74908],[-95.49055,44.74748],[-95.48999,44.74813],[-95.49249,44.74908]]]},"properties":{"AIANNHCE":"4445","NAMELSAD":"Upper Sioux Community and Off-Reservation Trust Land","FEMA":"Upper Sioux Community (Indian Reservation)","POP":139,"AIAN":92,"POP_OK":1,"DECL":1,"TRIBE_N":0,"STATE_N":1,"LIST":"2019: Flood","STATE":"Minnesota"}},{"type":"Feature","geometry":{"type":"MultiPolygon","coordinates":[[[[-122.17812,48.54001],[-122.1728,48.54107],[-122.17277,48.53619],[-122.17814,48.53609],[-122.17812,48.54001]]],[[[-122.19439,48.5431],[-122.18309,48.54327],[-122.18066,48.53959],[-122.1944,48.53948],[-122.19439,48.5431]]],[[[-122.34876,48.55897],[-122.34771,48.5675],[-122.33289,48.56392],[-122.33954,48.56391],[-122.33715,48.55858],[-122.34384,48.5565],[-122.34876,48.55897]]],[[[-122.36188,48.57961],[-122.34652,48.58062],[-122.3511,48.55788],[-122.34989,48.55035],[-122.35658,48.5518],[-122.35632,48.57372],[-122.36174,48.57377],[-122.36188,48.57961]]]]},"properties":{"AIANNHCE":"4455","NAMELSAD":"Upper Skagit Reservation and Off-Reservation Trust Land","FEMA":"Upper Skagit Indian Reservation","POP":142,"AIAN":98,"POP_OK":1,"DECL":1,"TRIBE_N":0,"STATE_N":1,"LIST":"2022: Flood","STATE":"Washington"}},{"type":"Feature","geometry":{"type":"MultiPolygon","coordinates":[[[[-119.4633,38.90064],[-119.45975,38.90307],[-119.45976,38.89986],[-119.4633,38.90064]]],[[[-119.46801,39.01339],[-119.46323,39.01339],[-119.46323,39.00949],[-119.46801,39.00949],[-119.46801,39.01339]]],[[[-119.46399,38.90308],[-119.46847,38.9066],[-119.46399,38.9066],[-119.46399,38.90308]]],[[[-119.47304,39.00195],[-119.46822,39.00196],[-119.46822,38.99794],[-119.47304,38.99794],[-119.47304,39.00195]]],[[[-119.47309,38.89515],[-119.45533,38.89649],[-119.45533,38.88201],[-119.46438,38.87842],[-119.46438,38.8748],[-119.45578,38.8748],[-119.45578,38.86752],[-119.47309,38.86753],[-119.47309,38.89515]]],[[[-119.47732,39.01339],[-119.47252,39.01339],[-119.47252,39.00952],[-119.47732,39.00951],[-119.47732,39.01339]]],[[[-119.47988,38.83841],[-119.46579,38.83841],[-119.46577,38.83471],[-119.47988,38.83469],[-119.47988,38.83841]]],[[[-119.48044,38.87114],[-119.47799,38.8766],[-119.47799,38.87114],[-119.48044,38.87114]]],[[[-119.48694,39.00164],[-119.48219,39.00194],[-119.48219,38.99794],[-119.48694,38.99794],[-119.48694,39.00164]]],[[[-119.48739,38.68289],[-119.48295,38.68289],[-119.48308,38.69384],[-119.46919,38.69386],[-119.46911,38.70112],[-119.4645,38.70121],[-119.4645,38.69392],[-119.45983,38.69392],[-119.45977,38.67929],[-119.48739,38.67921],[-119.48739,38.68289]]],[[[-119.49099,39.07865],[-119.48164,39.07862],[-119.48174,39.06737],[-119.48656,39.06741],[-119.48655,39.07491],[-119.491,39.07495],[-119.49099,39.07865]]],[[[-119.50518,39.08591],[-119.49576,39.08234],[-119.49576,39.07864],[-119.50519,39.07516],[-119.50518,39.08591]]],[[[-119.50519,39.07162],[-119.49556,39.07162],[-119.49556,39.06784],[-119.50032,39.06784],[-119.50032,39.06043],[-119.50519,39.06051],[-119.50519,39.07162]]],[[[-119.50736,38.77125],[-119.50331,38.77302],[-119.50331,38.77127],[-119.50736,38.77125]]],[[[-119.51454,39.10023],[-119.50505,39.10024],[-119.50507,39.0965],[-119.51451,39.0965],[-119.51454,39.10023]]],[[[-119.51709,38.79104],[-119.50793,38.79467],[-119.50329,38.78753],[-119.51709,38.78738],[-119.51709,38.79104]]],[[[-119.51713,38.80913],[-119.51261,38.80913],[-119.51261,38.80551],[-119.51713,38.80551],[-119.51713,38.80913]]],[[[-119.51918,39.07598],[-119.51919,39.07872],[-119.51434,39.07871],[-119.51435,39.07516],[-119.51918,39.07598]]],[[[-119.54771,39.08638],[-119.52884,39.08595],[-119.52888,39.08227],[-119.52383,39.08226],[-119.52383,39.07864],[-119.5282,39.07864],[-119.52821,39.07162],[-119.51878,39.07161],[-119.51879,39.06444],[-119.53764,39.06445],[-119.53763,39.06075],[-119.5425,39.06074],[-119.54249,39.06436],[-119.54706,39.06438],[-119.5471,39.07172],[-119.53786,39.07169],[-119.53784,39.07879],[-119.54768,39.0788],[-119.54771,39.08638]]],[[[-119.55682,38.69755],[-119.55228,38.69755],[-119.55225,38.70114],[-119.55686,38.70117],[-119.55682,38.7041],[-119.54764,38.70369],[-119.54764,38.70106],[-119.54313,38.70121],[-119.54308,38.69746],[-119.54024,38.69738],[-119.53987,38.7011],[-119.50607,38.69755],[-119.50603,38.69367],[-119.50117,38.69373],[-119.50121,38.69013],[-119.5197,38.68661],[-119.51923,38.67913],[-119.52833,38.67904],[-119.52903,38.6901],[-119.53365,38.6901],[-119.53382,38.69383],[-119.53837,38.69391],[-119.53814,38.68252],[-119.54089,38.68228],[-119.54771,38.68979],[-119.55258,38.6904],[-119.55228,38.69392],[-119.55689,38.69441],[-119.55682,38.69755]]],[[[-119.56894,38.72843],[-119.56367,38.72432],[-119.56414,38.7187],[-119.56893,38.71869],[-119.56894,38.72843]]],[[[-119.5902,38.89956],[-119.5809,38.89956],[-119.5809,38.89232],[-119.58527,38.89233],[-119.5902,38.89956]]],[[[-119.59515,38.9069],[-119.58994,38.90689],[-119.58995,38.90333],[-119.59521,38.90315],[-119.59515,38.9069]]],[[[-119.59616,38.87455],[-119.58682,38.87815],[-119.58219,38.87082],[-119.59616,38.87082],[-119.59616,38.87455]]],[[[-119.60079,38.88176],[-119.59616,38.88176],[-119.59616,38.87815],[-119.60079,38.87815],[-119.60079,38.88176]]],[[[-119.61,38.85998],[-119.59139,38.86365],[-119.59599,38.85623],[-119.59129,38.85625],[-119.59129,38.85254],[-119.61,38.85628],[-119.61,38.85998]]],[[[-119.61382,38.83157],[-119.61163,38.83217],[-119.61023,38.82916],[-119.61244,38.82855],[-119.61382,38.83157]]],[[[-119.62288,38.90917],[-119.61803,38.91068],[-119.61803,38.9033],[-119.62302,38.9033],[-119.62288,38.90917]]],[[[-119.63079,38.74736],[-119.63076,38.74447],[-119.63493,38.74736],[-119.63079,38.74736]]],[[[-119.65974,38.93341],[-119.65491,38.94002],[-119.63179,38.94004],[-119.63179,38.9328],[-119.6381,38.93281],[-119.63801,38.92905],[-119.6253,38.92728],[-119.62519,38.92373],[-119.61945,38.92371],[-119.61936,38.91936],[-119.60408,38.91938],[-119.60409,38.91422],[-119.59931,38.91421],[-119.59935,38.91791],[-119.58506,38.91788],[-119.58506,38.91043],[-119.59469,38.91046],[-119.59515,38.9069],[-119.59946,38.9069],[-119.59952,38.91051],[-119.60881,38.91051],[-119.60881,38.91421],[-119.6275,38.91523],[-119.62748,38.92203],[-119.6326,38.92203],[-119.63269,38.92581],[-119.6415,38.9259],[-119.64145,38.92956],[-119.65516,38.92946],[-119.65974,38.93341]]],[[[-119.67721,39.00126],[-119.67264,39.00126],[-119.67264,38.99761],[-119.67724,38.9976],[-119.67721,39.00126]]],[[[-119.67716,39.01206],[-119.67715,39.02736],[-119.63091,39.0274],[-119.63091,39.01205],[-119.64039,39.01204],[-119.64039,39.00491],[-119.64975,39.00491],[-119.64976,39.01202],[-119.67716,39.01206]]],[[[-119.67728,38.8705],[-119.67284,38.8705],[-119.67284,38.86688],[-119.67728,38.86688],[-119.67728,38.8705]]],[[[-119.69103,38.80197],[-119.67725,38.80196],[-119.67727,38.85242],[-119.65876,38.85229],[-119.65877,38.86702],[-119.65115,38.86702],[-119.65113,38.87458],[-119.64292,38.87483],[-119.64282,38.88183],[-119.60973,38.8818],[-119.60973,38.88893],[-119.60446,38.88893],[-119.60446,38.89604],[-119.59525,38.89604],[-119.59524,38.88888],[-119.60546,38.88531],[-119.60547,38.87112],[-119.62374,38.87088],[-119.62375,38.8522],[-119.64136,38.85204],[-119.64136,38.8453],[-119.63251,38.84192],[-119.63251,38.83846],[-119.64149,38.83847],[-119.64149,38.82389],[-119.62797,38.82389],[-119.62797,38.83115],[-119.62332,38.83115],[-119.62333,38.82744],[-119.61416,38.82744],[-119.61872,38.82014],[-119.60948,38.82014],[-119.60948,38.81656],[-119.60492,38.81656],[-119.60492,38.82014],[-119.60028,38.82015],[-119.60028,38.83112],[-119.6097,38.83112],[-119.60971,38.84199],[-119.61912,38.84199],[-119.61912,38.85256],[-119.5864,38.84909],[-119.58639,38.83108],[-119.56807,38.83108],[-119.56807,38.83855],[-119.55877,38.83855],[-119.55877,38.84209],[-119.56817,38.84209],[-119.56817,38.84912],[-119.57753,38.84912],[-119.57752,38.85267],[-119.56828,38.85267],[-119.56829,38.85859],[-119.57285,38.85989],[-119.57285,38.85629],[-119.57727,38.85629],[-119.57725,38.88815],[-119.58089,38.88884],[-119.5809,38.89232],[-119.57214,38.8923],[-119.57201,38.88862],[-119.56654,38.88888],[-119.56656,38.91458],[-119.55696,38.91456],[-119.55694,38.92174],[-119.56632,38.92176],[-119.56633,38.93271],[-119.56191,38.93271],[-119.56191,38.93988],[-119.56639,38.93988],[-119.56639,38.95089],[-119.57045,38.95089],[-119.57045,38.95456],[-119.56621,38.95456],[-119.56621,38.96181],[-119.58378,38.96181],[-119.5838,38.96895],[-119.62206,38.96895],[-119.62206,38.98307],[-119.61204,38.98307],[-119.61207,39.02029],[-119.60244,39.02029],[-119.60246,39.01315],[-119.59292,39.01315],[-119.59292,39.00564],[-119.60274,39.00564],[-119.60275,38.99839],[-119.59354,38.99839],[-119.59354,38.98402],[-119.56493,38.98686],[-119.5649,39.00576],[-119.54711,39.00581],[-119.54706,39.01356],[-119.55611,39.01369],[-119.55615,39.02809],[-119.54744,39.02809],[-119.54744,39.05707],[-119.5287,39.05709],[-119.5287,39.0498],[-119.50994,39.05347],[-119.50994,39.04616],[-119.5052,39.04617],[-119.5052,39.03892],[-119.50992,39.03894],[-119.50988,39.02805],[-119.49109,39.02806],[-119.49111,39.0134],[-119.50988,39.0134],[-119.50963,39.00946],[-119.50059,39.00561],[-119.50059,38.99795],[-119.49152,38.99794],[-119.49152,38.9903],[-119.53736,38.99033],[-119.53735,38.99755],[-119.54664,38.99755],[-119.54669,38.97953],[-119.54214,38.97952],[-119.54216,38.98333],[-119.5328,38.98346],[-119.53279,38.97609],[-119.52835,38.97609],[-119.52822,38.98346],[-119.48686,38.98348],[-119.48686,38.98724],[-119.47255,38.98723],[-119.4725,38.94685],[-119.48189,38.9469],[-119.4819,38.95461],[-119.49089,38.95462],[-119.49092,38.94734],[-119.48641,38.94734],[-119.48641,38.9286],[-119.49106,38.92862],[-119.49113,38.91788],[-119.48204,38.91416],[-119.48205,38.89986],[-119.47309,38.90342],[-119.47309,38.8965],[-119.48203,38.8965],[-119.48203,38.89291],[-119.4867,38.89292],[-119.48669,38.89632],[-119.51948,38.89632],[-119.51947,38.90368],[-119.50998,38.90368],[-119.50998,38.91445],[-119.51464,38.91445],[-119.51464,38.90718],[-119.5194,38.90718],[-119.5194,38.91072],[-119.52876,38.91072],[-119.52876,38.90712],[-119.52399,38.90712],[-119.52398,38.9034],[-119.53853,38.9034],[-119.53853,38.89981],[-119.53354,38.89967],[-119.53354,38.89616],[-119.52412,38.89975],[-119.52412,38.88175],[-119.51498,38.88175],[-119.51497,38.86751],[-119.50216,38.86751],[-119.50216,38.8528],[-119.51249,38.8528],[-119.51249,38.83829],[-119.53587,38.83829],[-119.53587,38.83477],[-119.54034,38.83474],[-119.54034,38.83092],[-119.5308,38.83092],[-119.53079,38.81632],[-119.54887,38.81632],[-119.54914,38.81271],[-119.55852,38.81627],[-119.55852,38.80911],[-119.53067,38.80911],[-119.53067,38.80185],[-119.53536,38.80185],[-119.53537,38.78735],[-119.53074,38.78735],[-119.53074,38.78001],[-119.54925,38.78001],[-119.55209,38.7407],[-119.53852,38.7407],[-119.5385,38.75846],[-119.54742,38.76213],[-119.54466,38.76938],[-119.53678,38.76938],[-119.53586,38.76573],[-119.51244,38.76567],[-119.51247,38.77123],[-119.50736,38.77125],[-119.50609,38.75838],[-119.51529,38.75838],[-119.51529,38.75136],[-119.49701,38.75135],[-119.49701,38.74437],[-119.47857,38.74443],[-119.47857,38.75165],[-119.4832,38.75169],[-119.4832,38.75519],[-119.47853,38.75519],[-119.4739,38.76222],[-119.46464,38.76226],[-119.46464,38.76568],[-119.46001,38.76568],[-119.46003,38.70818],[-119.51541,38.70816],[-119.51542,38.71545],[-119.53396,38.71548],[-119.53445,38.72277],[-119.55223,38.72277],[-119.55223,38.71913],[-119.56117,38.71916],[-119.56118,38.73004],[-119.55705,38.73004],[-119.55762,38.73362],[-119.56117,38.73364],[-119.56129,38.74376],[-119.57019,38.74424],[-119.57003,38.73659],[-119.61933,38.73659],[-119.62586,38.74109],[-119.62585,38.75113],[-119.63505,38.75115],[-119.63505,38.74743],[-119.66135,38.76559],[-119.67723,38.7656],[-119.67708,38.78016],[-119.69101,38.78016],[-119.69103,38.80197]],[[-119.66475,38.82431],[-119.65996,38.82433],[-119.65994,38.82786],[-119.66478,38.82789],[-119.66475,38.82431]],[[-119.66438,38.80203],[-119.65991,38.80203],[-119.65991,38.80951],[-119.66438,38.80951],[-119.66438,38.80203]],[[-119.62318,38.77292],[-119.61394,38.77292],[-119.61394,38.78033],[-119.62318,38.78033],[-119.62318,38.77292]],[[-119.61407,38.79509],[-119.60948,38.79509],[-119.60948,38.7914],[-119.60478,38.7914],[-119.60503,38.7987],[-119.61417,38.79871],[-119.61407,38.79509]],[[-119.58634,38.81995],[-119.5816,38.81995],[-119.5816,38.82365],[-119.58634,38.82365],[-119.58634,38.81995]],[[-119.57939,38.74769],[-119.57463,38.74769],[-119.57463,38.75143],[-119.57939,38.75143],[-119.57939,38.74769]],[[-119.57297,38.87808],[-119.56826,38.87807],[-119.56826,38.88178],[-119.57297,38.88178],[-119.57297,38.87808]],[[-119.57241,38.78376],[-119.56775,38.78376],[-119.56775,38.79109],[-119.57241,38.79109],[-119.57241,38.78376]],[[-119.56558,38.75492],[-119.56107,38.75492],[-119.56107,38.75854],[-119.56558,38.75854],[-119.56558,38.75492]],[[-119.56555,38.74772],[-119.56107,38.7477],[-119.56108,38.75149],[-119.56555,38.75149],[-119.56555,38.74772]],[[-119.55383,38.87435],[-119.54416,38.87435],[-119.54416,38.88173],[-119.55402,38.88173],[-119.55383,38.87435]],[[-119.55225,38.73358],[-119.54303,38.73358],[-119.54303,38.73726],[-119.55225,38.73726],[-119.55225,38.73358]],[[-119.5443,38.87085],[-119.54429,38.86358],[-119.53927,38.86358],[-119.53926,38.86722],[-119.53438,38.86721],[-119.53438,38.87085],[-119.5443,38.87085]],[[-119.53925,38.87809],[-119.53421,38.87809],[-119.53421,38.88173],[-119.53924,38.88173],[-119.53925,38.87809]],[[-119.53804,39.03533],[-119.52858,39.03533],[-119.52858,39.04263],[-119.53804,39.04263],[-119.53804,39.03533]],[[-119.53781,39.00557],[-119.52365,39.00557],[-119.51913,39.01359],[-119.5378,39.0136],[-119.53781,39.00557]],[[-119.53537,38.8494],[-119.53041,38.84922],[-119.53042,38.85286],[-119.53536,38.85286],[-119.53537,38.8494]],[[-119.52439,38.94744],[-119.51954,38.94701],[-119.51954,38.95066],[-119.52437,38.95066],[-119.52439,38.94744]],[[-119.52371,38.96876],[-119.51442,38.96878],[-119.51441,38.97601],[-119.52371,38.97599],[-119.52371,38.96876]],[[-119.50991,38.96878],[-119.50522,38.96878],[-119.50522,38.97608],[-119.50991,38.97611],[-119.50991,38.96878]],[[-119.49114,38.89999],[-119.48657,38.90003],[-119.48657,38.9036],[-119.49114,38.90358],[-119.49114,38.89999]],[[-119.48315,38.97971],[-119.47875,38.97955],[-119.47862,38.98254],[-119.48297,38.98267],[-119.48315,38.97971]],[[-119.4821,38.9653],[-119.47734,38.9653],[-119.47734,38.96897],[-119.48212,38.96897],[-119.4821,38.9653]],[[-119.60478,38.7914],[-119.60478,38.78764],[-119.60013,38.78764],[-119.60013,38.7914],[-119.60478,38.7914]]],[[[-119.6959,39.11376],[-119.62075,39.11456],[-119.62165,39.10047],[-119.60273,39.10046],[-119.60268,39.09707],[-119.59999,39.09696],[-119.59799,39.10046],[-119.56998,39.10045],[-119.56998,39.0966],[-119.59333,39.09343],[-119.59327,39.08651],[-119.62164,39.08648],[-119.62168,39.07907],[-119.63108,39.07907],[-119.63061,39.10725],[-119.63998,39.10726],[-119.64003,39.09998],[-119.67742,39.09929],[-119.67743,39.1064],[-119.69592,39.10641],[-119.6959,39.11376]]],[[[-119.71438,38.82355],[-119.70489,38.82355],[-119.70489,38.80896],[-119.71437,38.80896],[-119.71438,38.82355]]],[[[-119.71462,39.12487],[-119.6959,39.1249],[-119.6959,39.11376],[-119.70524,39.11378],[-119.70573,39.1211],[-119.71462,39.1211],[-119.71462,39.12487]]]]},"properties":{"AIANNHCE":"4560","NAMELSAD":"Washoe Ranches Trust Land","FEMA":"Washoe Indian Reservation","POP":3344,"AIAN":22,"POP_OK":1,"DECL":1,"TRIBE_N":0,"STATE_N":1,"LIST":"2017: Severe Storm","STATE":"Nevada, California"}},{"type":"Feature","geometry":{"type":"MultiPolygon","coordinates":[[[[-95.30233,47.16578],[-95.29719,47.16578],[-95.29721,47.16162],[-95.30233,47.16162],[-95.30233,47.16578]]],[[[-95.31303,47.18417],[-95.30798,47.18417],[-95.30798,47.17715],[-95.31303,47.17715],[-95.31303,47.18417]]],[[[-95.31726,47.24547],[-95.31193,47.24547],[-95.31193,47.24267],[-95.29691,47.24542],[-95.29724,47.23839],[-95.30774,47.23488],[-95.30773,47.23844],[-95.31726,47.23849],[-95.31726,47.24547]]],[[[-95.32357,47.18409],[-95.3183,47.18409],[-95.3183,47.18072],[-95.32357,47.18072],[-95.32357,47.18409]]],[[[-95.32918,47.2669],[-95.3238,47.2669],[-95.3238,47.26349],[-95.32918,47.26349],[-95.32918,47.2669]]],[[[-95.33422,47.18424],[-95.32884,47.18424],[-95.32884,47.18072],[-95.33422,47.18073],[-95.33422,47.18424]]],[[[-95.33997,47.29601],[-95.32758,47.29602],[-95.32758,47.29238],[-95.33998,47.29242],[-95.33997,47.29601]]],[[[-95.34458,47.2135],[-95.33858,47.2135],[-95.33861,47.20937],[-95.34448,47.20934],[-95.34458,47.2135]]],[[[-95.34937,47.28528],[-95.344,47.28528],[-95.344,47.28175],[-95.34937,47.28175],[-95.34937,47.28528]]],[[[-95.3505,47.22044],[-95.34461,47.22044],[-95.34459,47.21648],[-95.35051,47.21648],[-95.3505,47.22044]]],[[[-95.35431,47.17734],[-95.3499,47.17735],[-95.34973,47.17355],[-95.35426,47.17355],[-95.35431,47.17734]]],[[[-95.35487,47.23864],[-95.35026,47.23863],[-95.35026,47.23525],[-95.35487,47.23525],[-95.35487,47.23864]]],[[[-95.35872,47.18075],[-95.35436,47.18077],[-95.35431,47.17734],[-95.35872,47.17734],[-95.35872,47.18075]]],[[[-95.3606,47.29248],[-95.35578,47.29248],[-95.35576,47.28888],[-95.3606,47.28885],[-95.3606,47.29248]]],[[[-95.361,47.3405],[-95.35564,47.3405],[-95.35564,47.33704],[-95.36099,47.33704],[-95.361,47.3405]]],[[[-95.3643,47.20638],[-95.35875,47.20638],[-95.35871,47.20251],[-95.33871,47.20243],[-95.33883,47.19511],[-95.34977,47.19871],[-95.34977,47.19515],[-95.35438,47.19515],[-95.35438,47.19869],[-95.3643,47.19515],[-95.3643,47.20638]]],[[[-95.37619,47.22802],[-95.37101,47.22802],[-95.37101,47.22418],[-95.37618,47.22417],[-95.37619,47.22802]]],[[[-95.37695,47.26004],[-95.37232,47.26008],[-95.37233,47.25652],[-95.37694,47.25651],[-95.37695,47.26004]]],[[[-95.37757,47.27452],[-95.37256,47.27452],[-95.37258,47.27076],[-95.37749,47.27071],[-95.37757,47.27452]]],[[[-95.38212,47.23232],[-95.37619,47.23238],[-95.37619,47.22802],[-95.38214,47.22803],[-95.38212,47.23232]]],[[[-95.38226,47.24559],[-95.37755,47.24558],[-95.37794,47.24293],[-95.38224,47.24314],[-95.38226,47.24559]]],[[[-95.38247,47.25203],[-95.37275,47.25246],[-95.37274,47.24903],[-95.38256,47.24905],[-95.38247,47.25203]]],[[[-95.38781,47.26432],[-95.38245,47.26436],[-95.38233,47.25649],[-95.38779,47.25649],[-95.38781,47.26432]]],[[[-95.39325,47.22802],[-95.38781,47.22802],[-95.38782,47.22424],[-95.39325,47.22424],[-95.39325,47.22802]]],[[[-95.39394,47.16571],[-95.38783,47.16571],[-95.38783,47.16191],[-95.39393,47.16191],[-95.39394,47.16571]]],[[[-95.39987,47.16191],[-95.39393,47.16191],[-95.39393,47.15811],[-95.39987,47.15812],[-95.39987,47.16191]]],[[[-95.40366,47.23845],[-95.39832,47.23852],[-95.39832,47.23475],[-95.40366,47.23474],[-95.40366,47.23845]]],[[[-95.40891,47.25653],[-95.39832,47.25649],[-95.39833,47.25293],[-95.40893,47.25282],[-95.40891,47.25653]]],[[[-95.41981,47.30359],[-95.41453,47.30355],[-95.41453,47.30012],[-95.41981,47.30012],[-95.41981,47.30359]]],[[[-95.41989,47.28128],[-95.41545,47.28127],[-95.41541,47.27828],[-95.41979,47.27838],[-95.41989,47.28128]]],[[[-96.06762,47.49914],[-95.42373,47.5003],[-95.42482,47.2928],[-95.41989,47.29286],[-95.41989,47.28944],[-95.42482,47.28944],[-95.42478,47.26435],[-95.41966,47.26435],[-95.41966,47.25649],[-95.42475,47.25649],[-95.42469,47.24929],[-95.41406,47.25274],[-95.41407,47.24547],[-95.4244,47.2455],[-95.42451,47.24197],[-95.41967,47.24197],[-95.41969,47.23855],[-95.42445,47.23842],[-95.42441,47.15131],[-95.39987,47.15112],[-95.39987,47.15503],[-95.38783,47.15503],[-95.38783,47.15123],[-95.31878,47.15155],[-95.31872,47.15841],[-95.30275,47.15837],[-95.30275,47.15476],[-95.30782,47.15475],[-95.30782,47.15167],[-95.29725,47.15178],[-95.29686,46.97756],[-96.06602,46.97731],[-96.06762,47.49914]]]]},"properties":{"AIANNHCE":"4595","NAMELSAD":"White Earth Reservation and Off-Reservation Trust Land","FEMA":"White Earth Indian Reservation","POP":9456,"AIAN":3201,"POP_OK":1,"DECL":3,"TRIBE_N":0,"STATE_N":3,"LIST":"2018: Flood | 2019: Flood | 2022: Flood","STATE":"Minnesota"}},{"type":"Feature","geometry":{"type":"MultiPolygon","coordinates":[[[[-108.23547,43.59338],[-108.22049,43.59338],[-108.22047,43.58611],[-108.23544,43.58611],[-108.23547,43.59338]]],[[[-109.4743,43.49132],[-109.46918,43.50075],[-109.47044,43.50531],[-109.46415,43.51165],[-109.46757,43.51669],[-109.46219,43.53486],[-109.46413,43.54042],[-109.45626,43.55173],[-109.45714,43.56795],[-109.45514,43.57629],[-109.44962,43.58235],[-109.45059,43.586],[-109.4253,43.59894],[-109.40315,43.60467],[-109.38331,43.62067],[-109.38517,43.63332],[-109.36353,43.65064],[-109.3681,43.66488],[-109.37296,43.66618],[-109.37345,43.66917],[-109.36861,43.67378],[-109.36901,43.67809],[-109.35895,43.68645],[-109.30403,43.72072],[-109.25069,43.75874],[-109.23582,43.76226],[-109.20935,43.73294],[-109.20677,43.7236],[-109.19796,43.71373],[-109.18222,43.70334],[-109.15274,43.69051],[-109.13725,43.69064],[-109.11041,43.68442],[-109.10584,43.6754],[-109.0673,43.65623],[-109.04951,43.63657],[-108.98731,43.62383],[-108.96974,43.62282],[-108.96396,43.62562],[-108.93792,43.62695],[-108.88248,43.65895],[-108.85798,43.66694],[-108.8379,43.66275],[-108.78744,43.66633],[-108.78269,43.66883],[-108.7826,43.6721],[-108.76791,43.67405],[-108.76791,43.67761],[-108.76288,43.67759],[-108.76288,43.68128],[-108.75293,43.68309],[-108.75293,43.68043],[-108.748,43.68274],[-108.74801,43.68653],[-108.72073,43.69443],[-108.71495,43.70216],[-108.71503,43.70927],[-108.70229,43.71509],[-108.6544,43.71107],[-108.64307,43.7153],[-108.63954,43.71303],[-108.61454,43.71588],[-108.5847,43.73028],[-108.59374,43.73041],[-108.59316,43.74483],[-108.583,43.7448],[-108.58283,43.75239],[-108.58844,43.75241],[-108.58827,43.74835],[-108.59836,43.74835],[-108.59817,43.75992],[-108.5918,43.7599],[-108.59174,43.76301],[-108.57188,43.76297],[-108.57366,43.72966],[-108.56254,43.72731],[-108.55863,43.73069],[-108.55873,43.73766],[-108.544,43.7378],[-108.54381,43.73412],[-108.52403,43.73418],[-108.52389,43.73059],[-108.51424,43.7308],[-108.51419,43.72725],[-108.50339,43.72717],[-108.50359,43.72345],[-108.49865,43.72353],[-108.49868,43.72028],[-108.4789,43.72022],[-108.47887,43.72389],[-108.46336,43.72379],[-108.46339,43.71288],[-108.48879,43.71296],[-108.48695,43.70822],[-108.4895,43.70508],[-108.47414,43.70283],[-108.47254,43.69836],[-108.46325,43.69764],[-108.46138,43.69412],[-108.45654,43.69727],[-108.4475,43.69323],[-108.43701,43.69494],[-108.43604,43.69146],[-108.42417,43.69024],[-108.42017,43.68616],[-108.41997,43.6885],[-108.40847,43.69093],[-108.40321,43.68678],[-108.39557,43.6919],[-108.39392,43.68879],[-108.39225,43.6914],[-108.38209,43.6872],[-108.37204,43.69005],[-108.37241,43.68526],[-108.36736,43.68679],[-108.36553,43.68329],[-108.35879,43.68628],[-108.35634,43.68407],[-108.35421,43.68763],[-108.35484,43.59334],[-108.3397,43.59334],[-108.33977,43.60066],[-108.33465,43.60066],[-108.33465,43.58232],[-108.33965,43.58232],[-108.33965,43.57917],[-108.15623,43.57924],[-108.15427,42.90509],[-108.54152,42.90605],[-108.58943,42.90586],[-108.59217,42.90347],[-108.59718,42.90579],[-108.60883,42.89801],[-108.61114,42.89186],[-108.61406,42.89232],[-108.61431,42.88443],[-108.61836,42.88345],[-108.61741,42.88128],[-108.62103,42.88221],[-108.62165,42.87888],[-108.6312,42.88083],[-108.62844,42.87668],[-108.63978,42.87431],[-108.64341,42.87017],[-108.64784,42.87359],[-108.65911,42.87128],[-108.66319,42.87443],[-108.66796,42.87362],[-108.66727,42.86965],[-108.68382,42.8708],[-108.69497,42.85421],[-108.69945,42.85389],[-108.71801,42.86098],[-108.72161,42.87624],[-108.73161,42.88373],[-108.73233,42.88846],[-108.75545,42.88826],[-108.76527,42.89135],[-108.77516,42.88052],[-108.78224,42.87935],[-108.80219,42.88836],[-108.82993,42.89239],[-108.85909,42.88689],[-108.86566,42.87413],[-108.88411,42.87133],[-108.88616,42.8687],[-109.10821,42.86653],[-109.32577,42.86878],[-109.33046,42.87495],[-109.33191,42.89542],[-109.33853,42.89751],[-109.34536,42.9189],[-109.35641,42.92475],[-109.35959,42.93345],[-109.37066,42.94573],[-109.38411,42.93929],[-109.39776,42.9392],[-109.40015,42.94574],[-109.41121,42.95546],[-109.42876,42.96066],[-109.43236,42.96815],[-109.45423,42.97027],[-109.45817,42.9768],[-109.45991,43.44199],[-109.46177,43.44794],[-109.46746,43.4512],[-109.46413,43.45997],[-109.46731,43.46354],[-109.46812,43.48006],[-109.47356,43.48366],[-109.4743,43.49132]]]]},"properties":{"AIANNHCE":"4610","NAMELSAD":"Wind River Reservation and Off-Reservation Trust Land","FEMA":"Wind River Indian Reservation","POP":25958,"AIAN":6469,"POP_OK":1,"DECL":1,"TRIBE_N":0,"STATE_N":1,"LIST":"2011: Severe Storm","STATE":"Wyoming"}},{"type":"Feature","geometry":{"type":"MultiPolygon","coordinates":[[[[-96.37692,41.6904],[-96.36701,41.69035],[-96.36705,41.68332],[-96.37175,41.68334],[-96.37175,41.68711],[-96.37692,41.68711],[-96.37692,41.6904]]],[[[-96.82311,42.16081],[-96.82229,42.27813],[-96.35641,42.27649],[-96.34145,42.26911],[-96.33133,42.25943],[-96.32771,42.24999],[-96.33,42.24022],[-96.32555,42.23611],[-96.30932,42.2361],[-96.3096,42.2186],[-96.3272,42.21848],[-96.32697,42.22665],[-96.33632,42.21892],[-96.35814,42.21409],[-96.35909,42.2078],[-96.34917,42.19725],[-96.34772,42.19133],[-96.55418,42.19136],[-96.55388,42.161],[-96.82311,42.16081]]]]},"properties":{"AIANNHCE":"4625","NAMELSAD":"Winnebago Reservation and Off-Reservation Trust Land","FEMA":"Winnebago Indian Reservation","POP":2834,"AIAN":1923,"POP_OK":1,"DECL":1,"TRIBE_N":0,"STATE_N":1,"LIST":"2019: Flood","STATE":"Nebraska, Iowa"}},{"type":"Feature","geometry":{"type":"MultiPolygon","coordinates":[[[[-119.91929,45.87298],[-119.90918,45.87295],[-119.90923,45.86565],[-119.91936,45.86565],[-119.91929,45.87298]]],[[[-119.93058,45.85211],[-119.90939,45.85188],[-119.90914,45.8448],[-119.93051,45.8449],[-119.93058,45.85211]]],[[[-119.95102,45.85892],[-119.94097,45.85893],[-119.94093,45.86616],[-119.93047,45.86616],[-119.93058,45.85211],[-119.95125,45.85203],[-119.95102,45.85892]]],[[[-119.982,45.85199],[-119.95125,45.85203],[-119.95131,45.83781],[-119.97183,45.8378],[-119.97179,45.84502],[-119.9819,45.84493],[-119.982,45.85199]]],[[[-120.11633,45.8082],[-120.09561,45.80869],[-120.09578,45.80156],[-120.10571,45.80136],[-120.10599,45.79417],[-120.1165,45.79415],[-120.11633,45.8082]]],[[[-120.12663,45.81204],[-120.11642,45.81205],[-120.11633,45.80869],[-120.12678,45.80871],[-120.12663,45.81204]]],[[[-120.14766,45.83075],[-120.13689,45.83064],[-120.13691,45.83776],[-120.11664,45.83754],[-120.11644,45.83318],[-120.10907,45.83002],[-120.09581,45.83005],[-120.09563,45.82287],[-120.12671,45.82293],[-120.1268,45.81605],[-120.13735,45.81662],[-120.13739,45.82373],[-120.14776,45.82354],[-120.14766,45.83075]]],[[[-120.17869,45.81571],[-120.17848,45.82966],[-120.15819,45.82963],[-120.15801,45.81599],[-120.17869,45.81571]]],[[[-120.40894,45.90342],[-120.39358,45.90323],[-120.39387,45.89259],[-120.40857,45.89272],[-120.40894,45.90342]]],[[[-120.40924,45.77828],[-120.39869,45.7783],[-120.39856,45.77094],[-120.3878,45.77097],[-120.38788,45.76391],[-120.4089,45.76409],[-120.40924,45.77828]]],[[[-120.41876,45.87411],[-120.41855,45.88137],[-120.40836,45.88136],[-120.40855,45.87427],[-120.41876,45.87411]]],[[[-120.4295,45.91076],[-120.419,45.91079],[-120.41894,45.91722],[-120.40871,45.91718],[-120.40894,45.90342],[-120.41897,45.90335],[-120.41901,45.8964],[-120.42911,45.89652],[-120.4295,45.91076]]],[[[-120.42936,45.92452],[-120.41887,45.92461],[-120.41894,45.91722],[-120.42952,45.91726],[-120.42936,45.92452]]],[[[-120.45055,45.77847],[-120.42986,45.77853],[-120.42998,45.7712],[-120.41409,45.77112],[-120.41394,45.76406],[-120.4089,45.76409],[-120.4089,45.75687],[-120.4192,45.75695],[-120.41899,45.74228],[-120.42423,45.74221],[-120.42432,45.72772],[-120.43478,45.72766],[-120.43473,45.73179],[-120.43975,45.73173],[-120.43982,45.73507],[-120.44525,45.7351],[-120.44515,45.72797],[-120.4501,45.728],[-120.45016,45.75309],[-120.44476,45.75348],[-120.44493,45.76395],[-120.43992,45.764],[-120.43972,45.77135],[-120.4507,45.77128],[-120.45055,45.77847]]],[[[-120.47049,45.93752],[-120.44995,45.93778],[-120.44991,45.92439],[-120.47047,45.92428],[-120.47049,45.93752]]],[[[-120.47061,45.91056],[-120.44923,45.91053],[-120.44944,45.89583],[-120.47027,45.89588],[-120.47061,45.91056]]],[[[-120.47088,45.72758],[-120.45012,45.72761],[-120.45019,45.72428],[-120.47099,45.72008],[-120.47088,45.72758]]],[[[-120.48045,45.91779],[-120.4702,45.91745],[-120.47061,45.91056],[-120.48046,45.91057],[-120.48045,45.91779]]],[[[-120.50142,45.8527],[-120.46019,45.85294],[-120.46017,45.84575],[-120.50134,45.84572],[-120.50142,45.8527]]],[[[-120.53171,45.83825],[-120.52127,45.8383],[-120.52252,45.83129],[-120.53167,45.83131],[-120.53171,45.83825]]],[[[-120.53268,45.9101],[-120.49133,45.9106],[-120.49125,45.9034],[-120.48065,45.90324],[-120.48047,45.88909],[-120.47026,45.88888],[-120.47042,45.88164],[-120.44979,45.88166],[-120.44983,45.86708],[-120.49078,45.86666],[-120.49125,45.89623],[-120.53271,45.89599],[-120.53268,45.9101]]],[[[-120.53281,45.92426],[-120.52207,45.92419],[-120.5223,45.91683],[-120.53321,45.917],[-120.53281,45.92426]]],[[[-120.74958,45.88265],[-120.73561,45.88759],[-120.73554,45.88391],[-120.7394,45.88227],[-120.74958,45.88265]]],[[[-120.8022,45.86502],[-120.79124,45.86504],[-120.79122,45.86133],[-120.80222,45.8614],[-120.8022,45.86502]]],[[[-120.89574,45.6938],[-120.88546,45.69387],[-120.88561,45.68681],[-120.89586,45.68697],[-120.89574,45.6938]]],[[[-120.89595,45.67247],[-120.88567,45.67249],[-120.88564,45.66539],[-120.89602,45.66533],[-120.89595,45.67247]]],[[[-120.92707,45.67994],[-120.90628,45.67975],[-120.90638,45.67261],[-120.92709,45.67277],[-120.92707,45.67994]]],[[[-120.94259,45.67285],[-120.93181,45.67287],[-120.93177,45.66565],[-120.94249,45.66676],[-120.94259,45.67285]]],[[[-120.94755,45.6871],[-120.93716,45.68717],[-120.93709,45.68012],[-120.94769,45.68008],[-120.94755,45.6871]]],[[[-120.9576,45.68004],[-120.94769,45.68008],[-120.94776,45.67662],[-120.95758,45.67656],[-120.9576,45.68004]]],[[[-120.96813,45.6731],[-120.95753,45.67308],[-120.95758,45.6658],[-120.95248,45.66581],[-120.95255,45.67296],[-120.94753,45.67297],[-120.94758,45.66156],[-120.96809,45.66333],[-120.96813,45.6731]]],[[[-120.99868,45.66226],[-120.98866,45.6624],[-120.98871,45.65875],[-120.99872,45.65864],[-120.99868,45.66226]]],[[[-120.99878,45.66957],[-120.98856,45.66961],[-120.98862,45.66599],[-120.9987,45.66592],[-120.99878,45.66957]]],[[[-121.01966,45.69466],[-121.00926,45.69467],[-121.00928,45.68764],[-121.01941,45.68769],[-121.01966,45.69466]]],[[[-121.02474,45.66573],[-121.00913,45.66612],[-121.00928,45.65861],[-121.02464,45.6616],[-121.02474,45.66573]]],[[[-121.04504,45.67283],[-121.04002,45.67284],[-121.04006,45.67672],[-121.03492,45.67669],[-121.03495,45.68008],[-121.01925,45.68012],[-121.01923,45.67303],[-121.02972,45.67319],[-121.02977,45.66626],[-121.04498,45.66595],[-121.04504,45.67283]]],[[[-121.06028,45.85522],[-121.05012,45.8552],[-121.05005,45.84799],[-121.06021,45.84804],[-121.06028,45.85522]]],[[[-121.08709,45.81921],[-121.08189,45.81924],[-121.08199,45.81183],[-121.08687,45.81188],[-121.08709,45.81921]]],[[[-121.10258,45.82959],[-121.09747,45.82963],[-121.09745,45.82586],[-121.10266,45.82594],[-121.10258,45.82959]]],[[[-121.11077,45.65097],[-121.10558,45.65101],[-121.10553,45.64851],[-121.11073,45.6488],[-121.11077,45.65097]]],[[[-121.11111,45.65691],[-121.1058,45.65784],[-121.10559,45.65426],[-121.11099,45.65422],[-121.11111,45.65691]]],[[[-121.11796,45.81505],[-121.10784,45.81514],[-121.10796,45.81886],[-121.10255,45.81889],[-121.10266,45.81173],[-121.09233,45.81178],[-121.09268,45.80477],[-121.11327,45.80844],[-121.11796,45.81505]]],[[[-121.11863,45.84404],[-121.10783,45.84391],[-121.1078,45.84041],[-121.11919,45.84046],[-121.11863,45.84404]]],[[[-121.12634,45.6616],[-121.11654,45.6652],[-121.11635,45.65795],[-121.12648,45.65787],[-121.12634,45.6616]]],[[[-121.13171,45.65094],[-121.12158,45.65093],[-121.12148,45.64732],[-121.11397,45.64735],[-121.11406,45.64108],[-121.11034,45.64102],[-121.1104,45.63631],[-121.12214,45.63302],[-121.12223,45.63651],[-121.11648,45.63646],[-121.11644,45.64364],[-121.1316,45.64375],[-121.13171,45.65094]]],[[[-121.15432,45.78325],[-121.14416,45.78318],[-121.14401,45.77599],[-121.15422,45.77591],[-121.15432,45.78325]]],[[[-121.19539,45.8117],[-121.1903,45.81167],[-121.19149,45.79763],[-121.1953,45.79748],[-121.19539,45.8117]]],[[[-121.19559,45.78295],[-121.1853,45.78675],[-121.18513,45.79247],[-121.16957,45.79252],[-121.16972,45.7866],[-121.16464,45.78648],[-121.16444,45.7936],[-121.15438,45.79372],[-121.15429,45.80131],[-121.14916,45.80132],[-121.14914,45.80811],[-121.14413,45.8082],[-121.14394,45.79382],[-121.13389,45.7939],[-121.13395,45.79021],[-121.15434,45.79009],[-121.15432,45.78325],[-121.19092,45.77955],[-121.19076,45.76851],[-121.19557,45.76848],[-121.19559,45.78295]]],[[[-121.27478,45.73952],[-121.25427,45.73886],[-121.25458,45.72523],[-121.25928,45.72521],[-121.25946,45.73598],[-121.26873,45.73594],[-121.26939,45.73223],[-121.27459,45.73222],[-121.27478,45.73952]]],[[[-121.27497,45.72512],[-121.25928,45.72521],[-121.26018,45.71805],[-121.27026,45.71793],[-121.27016,45.71401],[-121.275,45.71396],[-121.27497,45.72512]]],[[[-121.35887,45.7315],[-121.3434,45.73169],[-121.34323,45.71719],[-121.35869,45.71709],[-121.35887,45.7315]]],[[[-121.51939,46.34959],[-121.50389,46.36847],[-121.49537,46.38497],[-121.48689,46.3867],[-121.4766,46.39408],[-121.466,46.39579],[-121.4588,46.38993],[-121.39386,46.39077],[-121.38857,46.40194],[-121.39087,46.40499],[-121.38656,46.4106],[-121.4073,46.4299],[-121.40805,46.43878],[-121.41464,46.45142],[-121.41238,46.45981],[-121.42537,46.46408],[-121.43657,46.47821],[-121.4318,46.48666],[-121.42324,46.49274],[-121.40685,46.48821],[-121.40604,46.48293],[-121.38044,46.46812],[-121.36268,46.46798],[-121.35013,46.46129],[-121.33398,46.46159],[-121.31897,46.45472],[-121.3034,46.45539],[-121.26529,46.47014],[-121.27246,46.4771],[-121.25421,46.49583],[-121.20931,46.51256],[-121.19521,46.50714],[-121.19461,46.50269],[-121.18695,46.49878],[-121.17843,46.49984],[-121.15355,46.49155],[-121.13788,46.47116],[-121.12619,46.47103],[-121.12577,46.45865],[-121.12013,46.44489],[-121.11755,46.44735],[-121.11947,46.45366],[-121.10495,46.45698],[-121.09629,46.46409],[-121.06984,46.46739],[-121.04212,46.46528],[-121.02377,46.46731],[-120.98483,46.48543],[-120.94881,46.4928],[-120.90572,46.51631],[-120.87353,46.5266],[-120.8552,46.52291],[-120.80832,46.52873],[-120.78481,46.52694],[-120.77597,46.52986],[-120.72011,46.52901],[-120.71512,46.5267],[-120.70747,46.53064],[-120.68151,46.52954],[-120.67637,46.53233],[-120.64446,46.53349],[-120.63096,46.53901],[-120.61315,46.54004],[-120.60321,46.54566],[-120.5757,46.55263],[-120.56674,46.55375],[-120.56358,46.55033],[-120.52297,46.55252],[-120.4952,46.54753],[-120.49183,46.54242],[-120.47149,46.53492],[-120.47801,46.52282],[-120.47692,46.51738],[-120.45911,46.51807],[-120.44922,46.49915],[-120.43199,46.49113],[-120.4292,46.48488],[-120.41198,46.4789],[-120.40352,46.46687],[-120.38335,46.46415],[-120.36189,46.447],[-120.3491,46.44399],[-120.34764,46.44074],[-120.35243,46.42836],[-120.34298,46.42861],[-120.34106,46.42215],[-120.33309,46.41642],[-120.32609,46.4134],[-120.32173,46.41518],[-120.31208,46.40929],[-120.30779,46.40438],[-120.30986,46.40385],[-120.29912,46.40339],[-120.29353,46.40693],[-120.26744,46.39335],[-120.26305,46.39751],[-120.25212,46.39472],[-120.24056,46.38154],[-120.23168,46.38429],[-120.22435,46.3784],[-120.22222,46.37051],[-120.2246,46.36267],[-120.22143,46.35849],[-120.22727,46.35511],[-120.20245,46.34456],[-120.18955,46.32747],[-120.18177,46.33192],[-120.17739,46.33093],[-120.15968,46.31817],[-120.15193,46.31524],[-120.14715,46.31915],[-120.14254,46.31209],[-120.13713,46.31565],[-120.12616,46.30459],[-120.12568,46.31021],[-120.12355,46.29801],[-120.11376,46.29575],[-120.11145,46.29671],[-120.11335,46.30164],[-120.10575,46.29754],[-120.10473,46.29243],[-120.09862,46.29708],[-120.095,46.29536],[-120.09808,46.29126],[-120.09221,46.28904],[-120.09288,46.28148],[-120.08812,46.27764],[-120.09193,46.27684],[-120.09378,46.27174],[-120.09112,46.26636],[-120.10199,46.2653],[-120.09675,46.26037],[-120.09902,46.25642],[-120.10203,46.25745],[-120.10423,46.26479],[-120.11149,46.26389],[-120.10252,46.25506],[-120.10538,46.25062],[-120.1031,46.2486],[-120.09573,46.25283],[-120.08905,46.25247],[-120.08417,46.2502],[-120.08177,46.24269],[-120.07929,46.24985],[-120.0852,46.25397],[-120.08236,46.25601],[-120.07584,46.25231],[-120.07525,46.24355],[-120.06063,46.24698],[-120.06102,46.23925],[-120.05179,46.23769],[-120.04776,46.2337],[-120.01824,46.23931],[-120.00677,46.23162],[-119.99951,46.23093],[-119.99968,46.2149],[-120.12132,46.10715],[-120.14124,46.10084],[-120.15317,46.10218],[-120.16846,46.0862],[-120.17851,46.08633],[-120.20181,46.07697],[-120.21345,46.08404],[-120.2379,46.07498],[-120.28704,46.04825],[-120.29977,46.04999],[-120.33107,46.04149],[-120.33833,46.04233],[-120.3606,46.03272],[-120.40699,46.02267],[-120.44053,46.01716],[-120.45586,46.01902],[-120.46454,46.01017],[-120.46197,45.99383],[-120.51617,45.98631],[-120.61081,45.99504],[-120.62148,45.98761],[-120.63926,45.98278],[-120.6525,45.98459],[-120.67471,45.99497],[-120.70391,45.99985],[-120.73911,46.00456],[-120.765,46.00168],[-120.81058,46.01094],[-120.81814,46.00876],[-120.82336,45.99414],[-120.84033,45.99762],[-120.85437,46.01411],[-120.88053,46.01899],[-120.88729,46.01183],[-120.89974,46.00906],[-120.90308,46.00432],[-120.91547,46.008],[-120.93054,46.00337],[-120.97903,46.00333],[-121.00525,45.99459],[-121.02487,45.99222],[-121.03214,45.99712],[-121.03932,45.99684],[-121.07073,45.98985],[-121.15716,45.98398],[-121.1652,45.98722],[-121.1946,45.98757],[-121.24456,45.96291],[-121.26944,45.94465],[-121.28195,45.94976],[-121.28732,45.94685],[-121.2997,45.93047],[-121.31238,45.92286],[-121.3271,45.92525],[-121.3475,45.91045],[-121.39257,45.88702],[-121.40095,45.88616],[-121.45205,45.91033],[-121.45296,45.92354],[-121.4485,45.92856],[-121.45126,45.93334],[-121.44925,45.93544],[-121.45576,45.9437],[-121.45141,45.94527],[-121.45247,45.95214],[-121.44637,45.95926],[-121.44203,45.98262],[-121.41647,46.01279],[-121.41651,46.0187],[-121.42342,46.03066],[-121.42553,46.0444],[-121.42325,46.05387],[-121.42731,46.05811],[-121.42525,46.06318],[-121.4303,46.07029],[-121.43607,46.07142],[-121.43672,46.07621],[-121.43141,46.07824],[-121.43459,46.08255],[-121.42805,46.09155],[-121.43211,46.09541],[-121.43421,46.10322],[-121.43154,46.10343],[-121.43531,46.10696],[-121.43371,46.11108],[-121.46874,46.15756],[-121.46922,46.166],[-121.4762,46.17062],[-121.48839,46.19338],[-121.48613,46.19687],[-121.49083,46.20206],[-121.48835,46.2097],[-121.46319,46.22518],[-121.46561,46.22936],[-121.46246,46.23965],[-121.47855,46.26252],[-121.47371,46.28052],[-121.4746,46.28865],[-121.50038,46.31992],[-121.50768,46.33328],[-121.50732,46.34073],[-121.51939,46.34959]],[[-120.41738,46.43457],[-120.41211,46.43359],[-120.41213,46.43459],[-120.41738,46.43457]]]]},"properties":{"AIANNHCE":"4690","NAMELSAD":"Yakama Nation Reservation and Off-Reservation Trust Land","FEMA":"Yakama Reservation","POP":29781,"AIAN":5254,"POP_OK":1,"DECL":2,"TRIBE_N":1,"STATE_N":1,"LIST":"2021: Fire | 2024: Fire","STATE":"Washington"}},{"type":"Feature","geometry":{"type":"Polygon","coordinates":[[[-98.68069,43.37316],[-98.06904,43.18489],[-98.07711,43.16833],[-98.08982,43.15254],[-98.09282,43.11907],[-98.103,43.11268],[-98.10524,43.10925],[-98.1033,43.10546],[-98.10776,43.10198],[-98.10654,43.09413],[-98.10953,43.08748],[-98.10641,43.08338],[-98.10934,43.08128],[-98.10575,43.07737],[-98.11033,43.07343],[-98.10671,43.05928],[-98.10327,43.05653],[-98.10279,43.03712],[-98.09487,43.02985],[-98.11011,43.02298],[-98.10804,43.01385],[-98.11172,43.01312],[-98.11109,43.00676],[-98.11418,43.00653],[-98.11077,42.99724],[-98.10713,42.99853],[-98.10653,42.99235],[-98.1036,42.99238],[-98.10525,42.99009],[-98.10168,42.98869],[-98.10089,42.98227],[-98.09394,42.97866],[-98.09661,42.97532],[-98.09278,42.97392],[-98.09885,42.9685],[-98.09471,42.96496],[-98.0986,42.96335],[-98.09798,42.95887],[-98.10128,42.95832],[-98.10158,42.95253],[-98.10765,42.94764],[-98.10868,42.94286],[-98.10372,42.93792],[-98.11399,42.93698],[-98.10873,42.93337],[-98.11268,42.93274],[-98.11327,42.92879],[-98.10664,42.92625],[-98.1068,42.92282],[-98.10969,42.92321],[-98.11429,42.91715],[-98.11105,42.91349],[-98.12322,42.91083],[-98.11188,42.89448],[-98.11591,42.88185],[-98.11361,42.8792],[-98.11885,42.87444],[-98.11705,42.86939],[-98.12296,42.87151],[-98.1237,42.86861],[-98.13085,42.8697],[-98.1298,42.86607],[-98.13947,42.86474],[-98.13895,42.85628],[-98.1425,42.85626],[-98.14772,42.84952],[-98.15092,42.85338],[-98.15416,42.8519],[-98.15487,42.85496],[-98.16075,42.85197],[-98.16295,42.84982],[-98.15345,42.84582],[-98.15308,42.83907],[-98.17111,42.83711],[-98.21983,42.85316],[-98.25181,42.87282],[-98.28001,42.875],[-98.32586,42.8865],[-98.34623,42.90275],[-98.42074,42.93192],[-98.44415,42.92924],[-98.44831,42.93643],[-98.46736,42.94756],[-98.49048,42.97795],[-98.49575,42.98803],[-98.49906,43.00594],[-98.51125,43.02532],[-98.52487,43.03935],[-98.54319,43.05136],[-98.55748,43.05897],[-98.61577,43.07399],[-98.653,43.07128],[-98.67802,43.07401],[-98.68069,43.37316]]]},"properties":{"AIANNHCE":"4700","NAMELSAD":"Yankton Reservation","FEMA":"Yankton Indian Reservation","POP":6584,"AIAN":2603,"POP_OK":1,"DECL":1,"TRIBE_N":0,"STATE_N":1,"LIST":"2020: Severe Storm","STATE":"South Dakota"}},{"type":"Feature","geometry":{"type":"Polygon","coordinates":[[[-97.99638,34.56773],[-97.99918,35.36248],[-97.98141,35.35634],[-97.97386,35.3571],[-97.96955,35.35148],[-97.95517,35.34605],[-97.94684,35.35641],[-97.94721,35.37485],[-97.94026,35.3769],[-97.93225,35.37338],[-97.9305,35.36411],[-97.92083,35.35352],[-97.90313,35.35557],[-97.9012,35.34432],[-97.8841,35.34901],[-97.88496,35.35582],[-97.87392,35.35598],[-97.8699,35.36252],[-97.85965,35.35952],[-97.85685,35.34495],[-97.84133,35.33453],[-97.81213,35.33379],[-97.81211,35.33825],[-97.80719,35.34085],[-97.79672,35.33911],[-97.79043,35.33292],[-97.78832,35.33664],[-97.77757,35.33709],[-97.77241,35.34558],[-97.76927,35.34565],[-97.73731,35.32376],[-97.72003,35.32852],[-97.70629,35.32497],[-97.68505,35.3343],[-97.66296,35.33662],[-97.65254,35.33338],[-97.6178,35.30521],[-97.58136,35.30246],[-97.5607,35.29207],[-97.55699,35.28844],[-97.55478,35.26198],[-97.56427,35.25177],[-97.55886,35.24811],[-97.56648,35.24744],[-97.55669,35.2402],[-97.56222,35.23463],[-97.55479,35.22433],[-97.54146,35.21417],[-97.52944,35.21266],[-97.45781,35.17032],[-97.45342,35.16374],[-97.44265,35.16044],[-97.4396,35.14932],[-97.43307,35.14379],[-97.40708,35.13814],[-97.40132,35.12487],[-97.40517,35.10894],[-97.40018,35.09324],[-97.40208,35.08637],[-97.38868,35.0821],[-97.36413,35.08456],[-97.35419,35.07666],[-97.35439,35.06528],[-97.34963,35.05553],[-97.35801,35.03372],[-97.34584,35.0046],[-97.34651,34.99846],[-97.34149,34.99371],[-97.34816,34.98544],[-97.34785,34.97922],[-97.34326,34.97441],[-97.34151,34.964],[-97.32592,34.95509],[-97.30771,34.95398],[-97.29963,34.96461],[-97.28144,34.96079],[-97.27385,34.96299],[-97.26159,34.94544],[-97.2536,34.94543],[-97.25043,34.94888],[-97.23985,34.94711],[-97.23269,34.9419],[-97.23037,34.93191],[-97.2179,34.94428],[-97.19841,34.93984],[-97.19617,34.92825],[-97.15456,34.93138],[-97.13581,34.9244],[-97.13243,34.92617],[-97.13493,34.93259],[-97.13287,34.93464],[-97.114,34.9351],[-97.10035,34.92961],[-97.08554,34.93136],[-97.07179,34.91986],[-97.05248,34.92125],[-97.04321,34.91521],[-97.02595,34.91233],[-97.01593,34.90735],[-96.98331,34.92148],[-96.97793,34.92563],[-96.97494,34.93427],[-96.96735,34.93467],[-96.95704,34.95098],[-96.94646,34.95854],[-96.92827,34.96521],[-96.91061,34.95866],[-96.8854,34.92625],[-96.84944,34.92969],[-96.82149,34.94611],[-96.81345,34.94465],[-96.79821,34.92999],[-96.79858,34.90594],[-96.78507,34.89914],[-96.75552,34.89981],[-96.74879,34.89028],[-96.74039,34.86688],[-96.73369,34.85968],[-96.72289,34.85678],[-96.69418,34.8685],[-96.68729,34.88098],[-96.68699,34.89128],[-96.69345,34.90126],[-96.71209,34.91388],[-96.7046,34.92628],[-96.69197,34.93331],[-96.66539,34.92838],[-96.64599,34.90138],[-96.63679,34.89878],[-96.61319,34.90048],[-96.59579,34.90598],[-96.57709,34.91658],[-96.56409,34.91728],[-96.55539,34.91128],[-96.55589,34.89808],[-96.54598,34.88227],[-96.52859,34.86959],[-96.51459,34.87339],[-96.50029,34.89346],[-96.49689,34.90458],[-96.48648,34.91299],[-96.47809,34.91635],[-96.46037,34.9165],[-96.4521,34.91212],[-96.45444,33.96874],[-96.45268,33.95259],[-96.4482,33.94539],[-96.44853,33.93132],[-96.44325,33.91898],[-96.4358,33.91366],[-96.43653,33.90516],[-96.4303,33.89191],[-96.42774,33.89281],[-96.41678,33.88242],[-96.4129,33.88524],[-96.41397,33.88263],[-96.40903,33.88271],[-96.40756,33.87979],[-96.4025,33.88105],[-96.3805,33.86179],[-96.36962,33.8582],[-96.36338,33.84942],[-96.36246,33.85163],[-96.34929,33.85044],[-96.34705,33.85442],[-96.33315,33.84967],[-96.33524,33.84689],[-96.33257,33.84278],[-96.30668,33.83942],[-96.30448,33.84335],[-96.29871,33.84457],[-96.29949,33.8413],[-96.29382,33.83982],[-96.28749,33.84255],[-96.27863,33.83846],[-96.27624,33.84179],[-96.26417,33.83481],[-96.26292,33.83675],[-96.24807,33.83193],[-96.22777,33.84043],[-96.22574,33.84736],[-96.21846,33.84958],[-96.21418,33.85921],[-96.20439,33.85512],[-96.2014,33.85942],[-96.1981,33.85654],[-96.18983,33.85997],[-96.18708,33.85713],[-96.18554,33.85983],[-96.18354,33.85579],[-96.17798,33.85681],[-96.17501,33.85247],[-96.15665,33.85381],[-96.15952,33.85185],[-96.1566,33.84808],[-96.14164,33.85374],[-96.1288,33.84524],[-96.11754,33.84882],[-96.11086,33.84305],[-96.0978,33.85018],[-96.09512,33.84755],[-96.10147,33.84671],[-96.09745,33.83273],[-96.09936,33.83047],[-96.10999,33.8324],[-96.12295,33.83996],[-96.14807,33.8378],[-96.15163,33.83195],[-96.14879,33.8192],[-96.15077,33.81699],[-96.16481,33.8178],[-96.17589,33.81463],[-96.17896,33.81055],[-96.17734,33.80512],[-96.17037,33.79938],[-96.16699,33.8111],[-96.15636,33.81335],[-96.16111,33.80577],[-96.16276,33.78877],[-96.16945,33.77013],[-96.17806,33.76052],[-96.18655,33.75637],[-96.22052,33.74739],[-96.22902,33.74802],[-96.26359,33.76747],[-96.28825,33.77122],[-96.29371,33.76941],[-96.30301,33.75088],[-96.30739,33.73501],[-96.30703,33.71999],[-96.31692,33.699],[-96.3211,33.6951],[-96.34831,33.68638],[-96.35595,33.68715],[-96.3622,33.69182],[-96.36959,33.71681],[-96.40847,33.75119],[-96.42264,33.77604],[-96.44804,33.78103],[-96.45915,33.77523],[-96.50027,33.77258],[-96.51591,33.7878],[-96.51658,33.80317],[-96.52666,33.82089],[-96.53287,33.82301],[-96.55122,33.81913],[-96.57294,33.8191],[-96.59293,33.83092],[-96.62929,33.84549],[-96.62897,33.85241],[-96.61197,33.86902],[-96.59011,33.88067],[-96.58536,33.88895],[-96.58793,33.89478],[-96.62829,33.89448],[-96.6599,33.91667],[-96.66719,33.91694],[-96.67345,33.91228],[-96.68095,33.8962],[-96.68473,33.8629],[-96.69957,33.83905],[-96.71242,33.83163],[-96.76159,33.82441],[-96.77068,33.82962],[-96.78057,33.8601],[-96.79428,33.86889],[-96.83216,33.87483],[-96.83978,33.8684],[-96.84159,33.85289],[-96.85059,33.84721],[-96.85609,33.84749],[-96.87528,33.86051],[-96.88301,33.86802],[-96.89573,33.89641],[-96.90243,33.94202],[-96.91134,33.95396],[-96.92211,33.95958],[-96.97254,33.93579],[-96.97982,33.94159],[-96.97942,33.95618],[-96.98789,33.95467],[-96.99429,33.94921],[-96.99502,33.93203],[-96.98494,33.90487],[-96.98383,33.89095],[-96.99709,33.87102],[-97.02144,33.84638],[-97.04125,33.83776],[-97.04613,33.83956],[-97.05983,33.8584],[-97.06807,33.86046],[-97.08725,33.85345],[-97.09048,33.84484],[-97.08773,33.84196],[-97.05302,33.83388],[-97.04932,33.82979],[-97.04815,33.81746],[-97.07859,33.81276],[-97.09211,33.8041],[-97.09524,33.79414],[-97.08522,33.76551],[-97.0862,33.74393],[-97.09715,33.72781],[-97.10894,33.72029],[-97.1211,33.71717],[-97.14939,33.72197],[-97.16315,33.72932],[-97.17219,33.73754],[-97.18184,33.75587],[-97.19282,33.76117],[-97.18772,33.76983],[-97.19081,33.78177],[-97.2057,33.80291],[-97.20351,33.82182],[-97.19369,33.83131],[-97.18137,33.83138],[-97.17163,33.83534],[-97.16682,33.8404],[-97.16663,33.84731],[-97.18085,33.8952],[-97.21092,33.91606],[-97.22652,33.91464],[-97.24495,33.90309],[-97.24921,33.8751],[-97.25662,33.86329],[-97.27561,33.85817],[-97.27535,33.86322],[-97.31014,33.88853],[-97.30995,33.87445],[-97.31441,33.86699],[-97.32873,33.85543],[-97.33462,33.85723],[-97.33338,33.86415],[-97.32345,33.87846],[-97.32581,33.88389],[-97.33246,33.88425],[-97.34834,33.84388],[-97.36551,33.82376],[-97.37294,33.81945],[-97.42649,33.8194],[-97.45306,33.82854],[-97.46286,33.84177],[-97.45147,33.87093],[-97.45095,33.8914],[-97.46038,33.90395],[-97.4865,33.91699],[-97.50096,33.91964],[-97.52528,33.91175],[-97.55154,33.89795],[-97.55827,33.8971],[-97.56696,33.90158],[-97.58108,33.89968],[-97.58925,33.90392],[-97.59712,33.91787],[-97.59151,33.9282],[-97.59542,33.94144],[-97.58883,33.95188],[-97.59042,33.9541],[-97.59947,33.95632],[-97.60909,33.96809],[-97.63378,33.98126],[-97.65621,33.98949],[-97.67177,33.99137],[-97.69311,33.9837],[-97.70968,33.955],[-97.72529,33.94105],[-97.73372,33.93639],[-97.76277,33.9344],[-97.7594,33.91882],[-97.76377,33.91424],[-97.77267,33.91438],[-97.7797,33.91972],[-97.7851,33.91681],[-97.77968,33.89924],[-97.78234,33.89231],[-97.78802,33.89182],[-97.79078,33.89831],[-97.79776,33.89929],[-97.80198,33.89425],[-97.80263,33.87997],[-97.8075,33.8764],[-97.81643,33.88208],[-97.81924,33.87909],[-97.81902,33.86991],[-97.83433,33.85767],[-97.87145,33.849],[-97.89674,33.85798],[-97.93674,33.8792],[-97.95844,33.87918],[-97.97418,33.88664],[-97.98457,33.89908],[-97.97998,33.9114],[-97.97696,33.91255],[-97.96987,33.906],[-97.96446,33.9074],[-97.95716,33.91445],[-97.95268,33.92948],[-97.95447,33.93777],[-97.97118,33.93713],[-97.97417,33.94283],[-97.96035,33.95193],[-97.94573,33.98984],[-97.95833,33.99085],[-97.97417,34.00672],[-97.9997,33.99722],[-97.99963,34.45501],[-97.99638,34.56773]]]},"properties":{"AIANNHCE":"5580","NAMELSAD":"Chickasaw OTSA","FEMA":"Chickasaw (OTSA)","POP":315106,"AIAN":23684,"POP_OK":1,"DECL":1,"TRIBE_N":1,"STATE_N":0,"LIST":"2024: Severe Storm","STATE":"Oklahoma"}},{"type":"Feature","geometry":{"type":"Polygon","coordinates":[[[-96.62429,35.40467],[-96.62005,35.70096],[-96.61965,35.94157],[-96.62286,36.05842],[-96.62092,36.16344],[-96.00122,36.16244],[-95.9671,36.15924],[-95.61983,36.16269],[-95.61003,36.16485],[-95.60499,36.16243],[-95.50272,36.16109],[-95.34186,36.16254],[-95.34214,36.14596],[-95.35444,36.13183],[-95.36275,36.09786],[-95.36852,35.98338],[-95.3644,35.97885],[-95.34995,35.97404],[-95.34513,35.97622],[-95.33789,35.97423],[-95.32201,35.98186],[-95.31593,35.97948],[-95.31342,35.97474],[-95.3037,35.97163],[-95.30894,35.96657],[-95.30506,35.96728],[-95.30683,35.96483],[-95.32921,35.95043],[-95.33087,35.94347],[-95.33827,35.94404],[-95.33027,35.93706],[-95.3574,35.9379],[-95.36663,35.94437],[-95.34437,35.9197],[-95.33451,35.89362],[-95.33357,35.88588],[-95.34055,35.88589],[-95.34056,35.85946],[-95.33613,35.85701],[-95.34271,35.85517],[-95.33903,35.84848],[-95.32632,35.84602],[-95.32354,35.83526],[-95.32609,35.82616],[-95.324,35.81339],[-95.30525,35.79966],[-95.3107,35.79544],[-95.30946,35.79292],[-95.30359,35.79406],[-95.30251,35.79101],[-95.30876,35.78855],[-95.31062,35.78408],[-95.31053,35.76434],[-95.32286,35.76736],[-95.32278,35.75061],[-95.33102,35.75102],[-95.32817,35.74839],[-95.33239,35.74845],[-95.33001,35.74733],[-95.33184,35.73765],[-95.34035,35.72449],[-95.34033,35.69707],[-95.35809,35.69696],[-95.35803,35.66795],[-95.37121,35.65699],[-95.3757,35.65692],[-95.37574,35.60981],[-95.39351,35.60981],[-95.39359,35.59166],[-95.40452,35.58133],[-95.40197,35.57758],[-95.4057,35.56222],[-95.40223,35.56083],[-95.40498,35.5576],[-95.40279,35.55469],[-95.40761,35.55547],[-95.40534,35.55175],[-95.4252,35.55173],[-95.43635,35.53542],[-95.43125,35.53052],[-95.42778,35.53677],[-95.41564,35.53667],[-95.41578,35.50771],[-95.43356,35.50787],[-95.43357,35.47882],[-95.45136,35.47887],[-95.45138,35.44988],[-95.46919,35.44981],[-95.46916,35.43527],[-95.48695,35.43521],[-95.4865,35.38069],[-95.46919,35.37722],[-95.46677,35.36289],[-95.47744,35.36266],[-95.48681,35.35515],[-95.48685,35.33361],[-95.50412,35.33535],[-95.50473,35.31906],[-95.52202,35.31899],[-95.52285,35.30863],[-95.54437,35.29497],[-95.51765,35.27538],[-95.51296,35.2672],[-95.51496,35.2632],[-95.54326,35.2519],[-95.57037,35.2455],[-95.60234,35.22074],[-95.61946,35.2222],[-95.62296,35.2276],[-95.60456,35.237],[-95.60606,35.2471],[-95.61566,35.2497],[-95.62806,35.2468],[-95.67687,35.2248],[-95.68277,35.2164],[-95.67419,35.20891],[-95.67911,35.20387],[-95.70715,35.2023],[-95.71616,35.18935],[-95.74389,35.19188],[-95.75797,35.1767],[-95.76847,35.179],[-95.78477,35.1953],[-95.79757,35.1971],[-95.83887,35.1843],[-95.84777,35.1884],[-95.86917,35.1869],[-95.88837,35.1557],[-95.90587,35.14399],[-95.92558,35.1429],[-95.94658,35.15],[-95.96555,35.1525],[-96.00913,35.14722],[-96.01364,35.14179],[-96.00888,35.1222],[-96.01036,35.11744],[-96.02997,35.12034],[-96.04186,35.10435],[-96.05657,35.0961],[-96.06271,35.08807],[-96.0643,35.07113],[-96.0701,35.05551],[-96.10131,35.04532],[-96.106,35.03442],[-96.13219,35.01429],[-96.13687,35.00152],[-96.14295,35.00009],[-96.14534,34.98566],[-96.15159,34.98449],[-96.15911,34.97793],[-96.16007,34.9733],[-96.17875,34.96063],[-96.18689,34.9587],[-96.19816,34.96104],[-96.23859,34.97562],[-96.25885,34.97335],[-96.27212,34.96757],[-96.28475,34.96913],[-96.29335,34.97405],[-96.3042,34.98851],[-96.31748,34.99627],[-96.32246,35.0039],[-96.3402,35.00818],[-96.3559,35.00678],[-96.36383,34.99687],[-96.36625,34.98662],[-96.36444,34.9811],[-96.37188,34.97011],[-96.37125,34.96115],[-96.38268,34.94846],[-96.40613,34.93823],[-96.40928,34.92508],[-96.41841,34.90785],[-96.4247,34.90369],[-96.43559,34.90228],[-96.46037,34.9165],[-96.47809,34.91635],[-96.49079,34.91058],[-96.49043,35.11586],[-96.4413,35.11577],[-96.44129,35.46771],[-96.4462,35.45844],[-96.45905,35.46151],[-96.46559,35.45811],[-96.47575,35.46342],[-96.47673,35.45887],[-96.48828,35.44823],[-96.48306,35.44249],[-96.4844,35.43655],[-96.49659,35.4289],[-96.51863,35.4312],[-96.52155,35.43849],[-96.53649,35.44716],[-96.54321,35.45732],[-96.54618,35.45747],[-96.5439,35.45317],[-96.55364,35.45431],[-96.55409,35.44783],[-96.56029,35.44875],[-96.5696,35.43956],[-96.55587,35.4347],[-96.5601,35.42156],[-96.55684,35.41882],[-96.55259,35.42297],[-96.54778,35.41855],[-96.55,35.41494],[-96.53716,35.41094],[-96.53741,35.40353],[-96.53172,35.40051],[-96.53672,35.39077],[-96.55673,35.39497],[-96.55557,35.40244],[-96.56542,35.39937],[-96.57667,35.40193],[-96.57868,35.40718],[-96.58565,35.41147],[-96.5891,35.41157],[-96.59972,35.39695],[-96.60671,35.39937],[-96.60676,35.39588],[-96.61139,35.39423],[-96.6213,35.39809],[-96.62429,35.40467]]]},"properties":{"AIANNHCE":"5620","NAMELSAD":"Creek OTSA","FEMA":"Creek (OTSA)","POP":831269,"AIAN":59983,"POP_OK":1,"DECL":3,"TRIBE_N":3,"STATE_N":0,"LIST":"2019: Severe Storm | 2022: Severe Storm | 2023: Severe Storm","STATE":"Oklahoma"}},{"type":"Feature","geometry":{"type":"Polygon","coordinates":[[[-96.92555,36.46269],[-96.88756,36.47278],[-96.87532,36.47091],[-96.85185,36.49105],[-96.83791,36.51174],[-96.83771,36.52076],[-96.82636,36.5295],[-96.82061,36.53931],[-96.79814,36.55355],[-96.76947,36.5654],[-96.75355,36.5626],[-96.73266,36.54323],[-96.72348,36.52017],[-96.72485,36.5032],[-96.70626,36.48621],[-96.70619,36.47756],[-96.71807,36.45398],[-96.71712,36.44534],[-96.71076,36.43765],[-96.69016,36.4241],[-96.67845,36.42085],[-96.63572,36.4259],[-96.62739,36.42222],[-96.62023,36.40995],[-96.60644,36.40326],[-96.60054,36.38062],[-96.58646,36.37386],[-96.57212,36.37598],[-96.54072,36.4004],[-96.52659,36.39422],[-96.5187,36.37757],[-96.52314,36.36521],[-96.53417,36.35595],[-96.55902,36.34854],[-96.57245,36.33263],[-96.57348,36.3157],[-96.5639,36.30609],[-96.55245,36.29992],[-96.53641,36.29641],[-96.51522,36.29833],[-96.50274,36.30589],[-96.48677,36.32985],[-96.46125,36.33371],[-96.44576,36.32126],[-96.43853,36.30505],[-96.4363,36.28975],[-96.4278,36.28018],[-96.38679,36.26713],[-96.36256,36.25007],[-96.34768,36.2344],[-96.3366,36.22884],[-96.32216,36.22621],[-96.30633,36.22831],[-96.25662,36.22567],[-96.2446,36.2108],[-96.24396,36.19696],[-96.26918,36.17368],[-96.26828,36.16198],[-96.62091,36.16343],[-96.62212,36.1599],[-96.819,36.15888],[-96.81896,36.24647],[-96.92506,36.24647],[-96.92555,36.46269]]]},"properties":{"AIANNHCE":"5780","NAMELSAD":"Pawnee OTSA","FEMA":"Pawnee (OTSA)","POP":15579,"AIAN":1431,"POP_OK":1,"DECL":2,"TRIBE_N":0,"STATE_N":2,"LIST":"2017: Severe Storm | 2019: Severe Storm","STATE":"Oklahoma"}},{"type":"Feature","geometry":{"type":"Polygon","coordinates":[[[-158.31769,61.82541],[-158.1961,61.91672],[-158.17865,61.91144],[-158.18402,61.90984],[-158.17647,61.90295],[-158.17565,61.90541],[-158.14559,61.91339],[-158.1479,61.91541],[-158.14208,61.91758],[-158.14368,61.92004],[-158.12611,61.93015],[-158.09635,61.93335],[-158.0977,61.93546],[-158.08504,61.93729],[-158.08096,61.94302],[-158.06652,61.94313],[-158.05738,61.94726],[-158.04824,61.9468],[-158.0221,61.93028],[-157.98566,61.91686],[-157.98396,61.90904],[-157.97225,61.90193],[-157.95446,61.89981],[-157.9465,61.89126],[-157.92673,61.88419],[-157.91822,61.87776],[-157.93478,61.8689],[-157.93296,61.86501],[-157.94855,61.86093],[-157.96259,61.85049],[-157.96239,61.7965],[-157.98321,61.79464],[-158.1013,61.74603],[-158.19036,61.74568],[-158.18895,61.7575],[-158.19136,61.76535],[-158.22587,61.78197],[-158.21885,61.79322],[-158.31769,61.82541]]]},"properties":{"AIANNHCE":"6390","NAMELSAD":"Crooked Creek ANVSA","FEMA":"Crooked Creek (ANV/ANVSA)","POP":17,"AIAN":16,"POP_OK":1,"DECL":1,"TRIBE_N":0,"STATE_N":1,"LIST":"2011: Flood","STATE":"Alaska"}},{"type":"Feature","geometry":{"type":"Polygon","coordinates":[[[-157.43503,61.80912],[-157.41778,61.81053],[-157.39545,61.80627],[-157.38826,61.81447],[-157.36814,61.81777],[-157.36181,61.82705],[-157.34034,61.83881],[-157.31398,61.8205],[-157.30815,61.80807],[-157.29466,61.79569],[-157.29265,61.79147],[-157.30602,61.78572],[-157.30833,61.77924],[-157.31283,61.78054],[-157.31044,61.77785],[-157.30326,61.77905],[-157.24217,61.76109],[-157.23522,61.7531],[-157.23649,61.745],[-157.2556,61.74465],[-157.27553,61.73719],[-157.3927,61.72855],[-157.40259,61.73623],[-157.43489,61.74739],[-157.43084,61.74931],[-157.43045,61.75316],[-157.42283,61.75484],[-157.42511,61.76825],[-157.41454,61.77146],[-157.41631,61.7733],[-157.41134,61.78204],[-157.40436,61.7855],[-157.40538,61.79031],[-157.3974,61.79308],[-157.41895,61.79674],[-157.43611,61.80656],[-157.43503,61.80912]]]},"properties":{"AIANNHCE":"7305","NAMELSAD":"Red Devil ANVSA","FEMA":"Red Devil (ANV/ANVSA)","POP":3,"AIAN":3,"POP_OK":0,"DECL":1,"TRIBE_N":0,"STATE_N":1,"LIST":"2011: Flood","STATE":"Alaska"}},{"type":"Feature","geometry":{"type":"Polygon","coordinates":[[[-132.39167,56.47915],[-132.38884,56.47925],[-132.39128,56.48313],[-132.38428,56.48472],[-132.37337,56.48094],[-132.37342,56.47565],[-132.37067,56.47527],[-132.37279,56.47268],[-132.36696,56.46638],[-132.377,56.45551],[-132.38148,56.45494],[-132.378,56.45937],[-132.37827,56.46682],[-132.38154,56.4662],[-132.38047,56.46985],[-132.3897,56.47447],[-132.39167,56.47915]]]},"properties":{"AIANNHCE":"7755","NAMELSAD":"Wrangell ANVSA","FEMA":"Wrangell (ANV/ANVSA)","POP":1439,"AIAN":286,"POP_OK":1,"DECL":1,"TRIBE_N":1,"STATE_N":0,"LIST":"2024: Mud/Landslide","STATE":"Alaska"}},{"type":"Feature","geometry":{"type":"Polygon","coordinates":[[[-71.94563,41.44554],[-71.94309,41.4493],[-71.93306,41.45086],[-71.93202,41.44196],[-71.94241,41.44003],[-71.94563,41.44554]]]},"properties":{"AIANNHCE":"9280","NAMELSAD":"Paucatuck Eastern Pequot (state) Reservation","FEMA":"Paucatuck Eastern Pequot Indian Reservation","POP":28,"AIAN":7,"POP_OK":1,"DECL":1,"TRIBE_N":0,"STATE_N":1,"LIST":"2011: Snowstorm","STATE":"Connecticut"}}]}